ISO-10303-21;
HEADER;
FILE_DESCRIPTION (( 'STEP AP214' ),
    '1' );
FILE_NAME ('DR73-R.STEP',
    '2020-09-03T14:42:49',
    ( '' ),
    ( '' ),
    'SwSTEP 2.0',
    'SolidWorks 2016',
    '' );
FILE_SCHEMA (( 'AUTOMOTIVE_DESIGN' ));
ENDSEC;

DATA;
#1 = STYLED_ITEM ( 'NONE', ( #676 ), #4202 ) ;
#2 = EDGE_CURVE ( 'NONE', #2154, #4549, #1932, .T. ) ;
#3 = ORIENTED_EDGE ( 'NONE', *, *, #2126, .F. ) ;
#4 = STYLED_ITEM ( 'NONE', ( #3144 ), #3323 ) ;
#5 = VECTOR ( 'NONE', #4629, 1000.000000000000000 ) ;
#6 = ORIENTED_EDGE ( 'NONE', *, *, #4071, .T. ) ;
#7 = CYLINDRICAL_SURFACE ( 'NONE', #289, 0.1199999999999998800 ) ;
#8 = DIRECTION ( 'NONE',  ( 0.0000000000000000000, -1.000000000000000000, 0.0000000000000000000 ) ) ;
#9 =( NAMED_UNIT ( * ) SI_UNIT ( $, .STERADIAN. ) SOLID_ANGLE_UNIT ( ) );
#10 = CIRCLE ( 'NONE', #1685, 3.250000000000000400 ) ;
#11 = CARTESIAN_POINT ( 'NONE',  ( -3.800000000000000300, 0.5300000000000000300, 1.419999999999999900 ) ) ;
#12 = AXIS2_PLACEMENT_3D ( 'NONE', #1419, #2244, #2734 ) ;
#13 = DIRECTION ( 'NONE',  ( -1.145283985019899200E-016, 1.000000000000000000, 0.0000000000000000000 ) ) ;
#14 = EDGE_CURVE ( 'NONE', #4123, #608, #5136, .T. ) ;
#15 = ORIENTED_EDGE ( 'NONE', *, *, #698, .F. ) ;
#16 = CARTESIAN_POINT ( 'NONE',  ( 2.600000000000000500, 0.1500000000000013300, -1.000000000000000000 ) ) ;
#17 = CARTESIAN_POINT ( 'NONE',  ( -4.481271619497872300E-016, 3.450000000000001500, 0.0000000000000000000 ) ) ;
#18 = ORIENTED_EDGE ( 'NONE', *, *, #846, .T. ) ;
#19 = COLOUR_RGB ( '',0.5019607843137254800, 0.5019607843137254800, 0.5019607843137254800 ) ;
#20 = CARTESIAN_POINT ( 'NONE',  ( -3.750000000000000000, 0.1200000000000000100, -1.000000000000000000 ) ) ;
#21 = DIRECTION ( 'NONE',  ( -0.0000000000000000000, 1.000000000000000000, -0.0000000000000000000 ) ) ;
#22 = LINE ( 'NONE', #2731, #4570 ) ;
#23 = DIRECTION ( 'NONE',  ( 0.0000000000000000000, -1.000000000000000000, 0.0000000000000000000 ) ) ;
#24 = FILL_AREA_STYLE_COLOUR ( '', #2946 ) ;
#25 = PRESENTATION_LAYER_ASSIGNMENT (  '', '', ( #4455 ) ) ;
#26 = LINE ( 'NONE', #3723, #2621 ) ;
#27 = DIRECTION ( 'NONE',  ( 1.000000000000000000, 0.0000000000000000000, 0.0000000000000000000 ) ) ;
#28 = FILL_AREA_STYLE_COLOUR ( '', #113 ) ;
#29 = DIRECTION ( 'NONE',  ( 0.0000000000000000000, 1.000000000000000000, 0.0000000000000000000 ) ) ;
#30 = EDGE_CURVE ( 'NONE', #2216, #1173, #1801, .T. ) ;
#31 = FACE_OUTER_BOUND ( 'NONE', #3092, .T. ) ;
#32 = STYLED_ITEM ( 'NONE', ( #1745 ), #3001 ) ;
#33 = UNCERTAINTY_MEASURE_WITH_UNIT (LENGTH_MEASURE( 1.000000000000000100E-005 ), #2192, 'distance_accuracy_value', 'NONE');
#34 = PRODUCT_DEFINITION_SHAPE ( 'NONE', 'NONE',  #3833 ) ;
#35 = CIRCLE ( 'NONE', #3913, 1.000000000000000400 ) ;
#36 =( NAMED_UNIT ( * ) PLANE_ANGLE_UNIT ( ) SI_UNIT ( $, .RADIAN. ) );
#37 = LINE ( 'NONE', #5085, #5013 ) ;
#38 = PRESENTATION_LAYER_ASSIGNMENT (  '', '', ( #3314 ) ) ;
#39 = AXIS2_PLACEMENT_3D ( 'NONE', #4414, #4811, #1598 ) ;
#40 = ORIENTED_EDGE ( 'NONE', *, *, #3397, .T. ) ;
#41 =( GEOMETRIC_REPRESENTATION_CONTEXT ( 3 ) GLOBAL_UNCERTAINTY_ASSIGNED_CONTEXT ( ( #957 ) ) GLOBAL_UNIT_ASSIGNED_CONTEXT ( ( #5143, #3939, #3959 ) ) REPRESENTATION_CONTEXT ( 'NONE', 'WORKASPACE' ) );
#42 = EDGE_CURVE ( 'NONE', #722, #602, #713, .T. ) ;
#43 = PRESENTATION_STYLE_ASSIGNMENT (( #539 ) ) ;
#44 = DIRECTION ( 'NONE',  ( 0.0000000000000000000, 0.0000000000000000000, 1.000000000000000000 ) ) ;
#45 = FACE_OUTER_BOUND ( 'NONE', #3340, .T. ) ;
#46 = EDGE_CURVE ( 'NONE', #1633, #4421, #35, .T. ) ;
#47 = DIRECTION ( 'NONE',  ( -0.0000000000000000000, -1.000000000000000000, -0.0000000000000000000 ) ) ;
#48 = ORIENTED_EDGE ( 'NONE', *, *, #4529, .T. ) ;
#49 = DIRECTION ( 'NONE',  ( 0.0000000000000000000, -1.000000000000000000, 0.0000000000000000000 ) ) ;
#50 = DIRECTION ( 'NONE',  ( -0.0000000000000000000, -1.145283985019899500E-016, 1.000000000000000000 ) ) ;
#51 = PRESENTATION_STYLE_ASSIGNMENT (( #2926 ) ) ;
#52 = PRESENTATION_STYLE_ASSIGNMENT (( #275 ) ) ;
#53 = VERTEX_POINT ( 'NONE', #2993 ) ;
#54 = FACE_BOUND ( 'NONE', #1524, .T. ) ;
#55 = CIRCLE ( 'NONE', #3071, 0.4000000000000032400 ) ;
#56 = CARTESIAN_POINT ( 'NONE',  ( 3.090023258555953500, 3.350000000000005000, 1.687480250230081200 ) ) ;
#57 = DIRECTION ( 'NONE',  ( 0.0000000000000000000, 1.000000000000000000, -0.0000000000000000000 ) ) ;
#58 = COLOUR_RGB ( '',0.5019607843137254800, 0.5019607843137254800, 0.5019607843137254800 ) ;
#59 = ORIENTED_EDGE ( 'NONE', *, *, #3947, .T. ) ;
#60 = SURFACE_SIDE_STYLE ('',( #3262 ) ) ;
#61 =( GEOMETRIC_REPRESENTATION_CONTEXT ( 3 ) GLOBAL_UNCERTAINTY_ASSIGNED_CONTEXT ( ( #2944 ) ) GLOBAL_UNIT_ASSIGNED_CONTEXT ( ( #204, #219, #1887 ) ) REPRESENTATION_CONTEXT ( 'NONE', 'WORKASPACE' ) );
#62 = VERTEX_POINT ( 'NONE', #958 ) ;
#63 = ORIENTED_EDGE ( 'NONE', *, *, #4107, .F. ) ;
#64 = MECHANICAL_DESIGN_GEOMETRIC_PRESENTATION_REPRESENTATION (  '', ( #1042 ), #1678 ) ;
#65 =( LENGTH_UNIT ( ) NAMED_UNIT ( * ) SI_UNIT ( .MILLI., .METRE. ) );
#66 = ORIENTED_EDGE ( 'NONE', *, *, #1802, .F. ) ;
#67 = COLOUR_RGB ( '',0.5019607843137254800, 0.5019607843137254800, 0.5019607843137254800 ) ;
#68 = ORIENTED_EDGE ( 'NONE', *, *, #46, .F. ) ;
#69 = ADVANCED_FACE ( 'NONE', ( #2815 ), #2871, .F. ) ;
#70 = AXIS2_PLACEMENT_3D ( 'NONE', #1937, #4759, #2021 ) ;
#71 = CARTESIAN_POINT ( 'NONE',  ( -3.650000000000000400, 0.9299999999999999400, -1.000000000000000000 ) ) ;
#72 = ORIENTED_EDGE ( 'NONE', *, *, #2653, .F. ) ;
#73 = PRESENTATION_LAYER_ASSIGNMENT (  '', '', ( #938 ) ) ;
#74 = PLANE ( 'NONE',  #3883 ) ;
#75 = ORIENTED_EDGE ( 'NONE', *, *, #3636, .T. ) ;
#76 = DIRECTION ( 'NONE',  ( 0.0000000000000000000, 0.0000000000000000000, -1.000000000000000000 ) ) ;
#77 = SURFACE_STYLE_FILL_AREA ( #4492 ) ;
#78 = CARTESIAN_POINT ( 'NONE',  ( -3.650000000000000400, 0.9299999999999999400, 1.000000000000000000 ) ) ;
#79 = EDGE_CURVE ( 'NONE', #3164, #4073, #1037, .T. ) ;
#80 = CARTESIAN_POINT ( 'NONE',  ( -1.000000000000000400, 0.2700000000000008500, -2.291287847477920400 ) ) ;
#81 = DIRECTION ( 'NONE',  ( -0.0000000000000000000, 1.000000000000000000, -0.0000000000000000000 ) ) ;
#82 = EDGE_LOOP ( 'NONE', ( #5178, #2786, #4320, #252 ) ) ;
#83 = VECTOR ( 'NONE', #270, 1000.000000000000000 ) ;
#84 = LINE ( 'NONE', #544, #5062 ) ;
#85 = LINE ( 'NONE', #5073, #457 ) ;
#86 =( NAMED_UNIT ( * ) PLANE_ANGLE_UNIT ( ) SI_UNIT ( $, .RADIAN. ) );
#87 = COLOUR_RGB ( '',1.000000000000000000, 1.000000000000000000, 1.000000000000000000 ) ;
#88 = CIRCLE ( 'NONE', #902, 0.4000000000000034100 ) ;
#89 = ADVANCED_FACE ( 'NONE', ( #342 ), #1796, .T. ) ;
#90 = CARTESIAN_POINT ( 'NONE',  ( -3.630000000000000300, 6.776263578034402700E-017, -1.000000000000000000 ) ) ;
#91 =( NAMED_UNIT ( * ) SI_UNIT ( $, .STERADIAN. ) SOLID_ANGLE_UNIT ( ) );
#92 = MECHANICAL_DESIGN_GEOMETRIC_PRESENTATION_REPRESENTATION (  '', ( #1706 ), #1443 ) ;
#93 = CARTESIAN_POINT ( 'NONE',  ( 1.000000000000000400, 0.1700000000000011200, 1.000000000000000000 ) ) ;
#94 = PRESENTATION_STYLE_ASSIGNMENT (( #3577 ) ) ;
#95 = CIRCLE ( 'NONE', #1652, 0.02000000000000005200 ) ;
#96 = FILL_AREA_STYLE_COLOUR ( '', #3731 ) ;
#97 = UNCERTAINTY_MEASURE_WITH_UNIT (LENGTH_MEASURE( 1.000000000000000100E-005 ), #3790, 'distance_accuracy_value', 'NONE');
#98 = SURFACE_SIDE_STYLE ('',( #460 ) ) ;
#99 = CARTESIAN_POINT ( 'NONE',  ( -3.485986368405798800, 0.9299999999999993800, 1.382171855916967300 ) ) ;
#100 = EDGE_CURVE ( 'NONE', #4728, #821, #4946, .T. ) ;
#101 = ORIENTED_EDGE ( 'NONE', *, *, #1760, .F. ) ;
#102 = STYLED_ITEM ( 'NONE', ( #2964 ), #3461 ) ;
#103 = DIRECTION ( 'NONE',  ( -1.000000000000000000, 0.0000000000000000000, 0.0000000000000000000 ) ) ;
#104 = ORIENTED_EDGE ( 'NONE', *, *, #4671, .T. ) ;
#105 = EDGE_CURVE ( 'NONE', #3733, #1510, #4338, .T. ) ;
#106 = CARTESIAN_POINT ( 'NONE',  ( -2.298097038856283400, 1.029999999999999400, 3.298097038856274900 ) ) ;
#107 = STYLED_ITEM ( 'NONE', ( #962 ), #952 ) ;
#108 = EDGE_CURVE ( 'NONE', #635, #1570, #2619, .T. ) ;
#109 = VERTEX_POINT ( 'NONE', #4274 ) ;
#110 = CARTESIAN_POINT ( 'NONE',  ( -2.298097038856283400, 3.350000000000005000, 3.298097038856274900 ) ) ;
#111 = EDGE_CURVE ( 'NONE', #821, #3657, #1727, .T. ) ;
#112 = PRESENTATION_STYLE_ASSIGNMENT (( #5042 ) ) ;
#113 = COLOUR_RGB ( '',1.000000000000000000, 1.000000000000000000, 1.000000000000000000 ) ;
#114 = DIRECTION ( 'NONE',  ( 0.0000000000000000000, 0.0000000000000000000, 1.000000000000000000 ) ) ;
#115 = SURFACE_STYLE_FILL_AREA ( #5195 ) ;
#116 = CARTESIAN_POINT ( 'NONE',  ( -3.800000000000000300, 0.5300000000000000300, 1.419999999999999900 ) ) ;
#117 = CARTESIAN_POINT ( 'NONE',  ( -3.800000000000000300, 14.29802307403552100, -3.799999999999999400 ) ) ;
#118 = DIRECTION ( 'NONE',  ( 0.0000000000000000000, 1.000000000000000000, 0.0000000000000000000 ) ) ;
#119 = ORIENTED_EDGE ( 'NONE', *, *, #835, .F. ) ;
#120 = FACE_OUTER_BOUND ( 'NONE', #3519, .T. ) ;
#121 = ORIENTED_EDGE ( 'NONE', *, *, #3279, .T. ) ;
#122 =( NAMED_UNIT ( * ) SI_UNIT ( $, .STERADIAN. ) SOLID_ANGLE_UNIT ( ) );
#123 = VERTEX_POINT ( 'NONE', #2684 ) ;
#124 = LINE ( 'NONE', #4441, #4238 ) ;
#125 = AXIS2_PLACEMENT_3D ( 'NONE', #4856, #47, #3737 ) ;
#126 = CARTESIAN_POINT ( 'NONE',  ( 0.0000000000000000000, 0.2700000000000000200, 0.0000000000000000000 ) ) ;
#127 = VERTEX_POINT ( 'NONE', #3067 ) ;
#128 = LINE ( 'NONE', #4224, #931 ) ;
#129 = ORIENTED_EDGE ( 'NONE', *, *, #4750, .T. ) ;
#130 = DIRECTION ( 'NONE',  ( 0.0000000000000000000, -0.0000000000000000000, -1.000000000000000000 ) ) ;
#131 = FILL_AREA_STYLE_COLOUR ( '', #3117 ) ;
#132 = EDGE_CURVE ( 'NONE', #4118, #1061, #4829, .T. ) ;
#133 = PLANE ( 'NONE',  #516 ) ;
#134 = ORIENTED_EDGE ( 'NONE', *, *, #4107, .T. ) ;
#135 = FILL_AREA_STYLE_COLOUR ( '', #2705 ) ;
#136 =( GEOMETRIC_REPRESENTATION_CONTEXT ( 3 ) GLOBAL_UNCERTAINTY_ASSIGNED_CONTEXT ( ( #3475 ) ) GLOBAL_UNIT_ASSIGNED_CONTEXT ( ( #927, #2164, #4979 ) ) REPRESENTATION_CONTEXT ( 'NONE', 'WORKASPACE' ) );
#137 = DIRECTION ( 'NONE',  ( 0.0000000000000000000, 0.0000000000000000000, 1.000000000000000000 ) ) ;
#138 = DIRECTION ( 'NONE',  ( -1.000000000000000000, -1.445602896647338900E-016, 0.0000000000000000000 ) ) ;
#139 = ORIENTED_EDGE ( 'NONE', *, *, #1352, .F. ) ;
#140 = MECHANICAL_DESIGN_GEOMETRIC_PRESENTATION_REPRESENTATION (  '', ( #2477 ), #2032 ) ;
#141 = LINE ( 'NONE', #2445, #2669 ) ;
#142 = CARTESIAN_POINT ( 'NONE',  ( 2.740000000000000200, 0.1000000000000000700, 1.000000000000000000 ) ) ;
#143 = PRESENTATION_LAYER_ASSIGNMENT (  '', '', ( #5096 ) ) ;
#144 = ORIENTED_EDGE ( 'NONE', *, *, #14, .T. ) ;
#145 = CYLINDRICAL_SURFACE ( 'NONE', #3975, 0.02000000000000005200 ) ;
#146 = FILL_AREA_STYLE ('',( #1278 ) ) ;
#147 = ADVANCED_FACE ( 'NONE', ( #2246 ), #4294, .F. ) ;
#148 = CARTESIAN_POINT ( 'NONE',  ( 2.740000000000000200, 0.1200000000000000100, -1.000000000000000000 ) ) ;
#149 =( NAMED_UNIT ( * ) SI_UNIT ( $, .STERADIAN. ) SOLID_ANGLE_UNIT ( ) );
#150 = CARTESIAN_POINT ( 'NONE',  ( -2.800000000000000300, 3.449999999999999700, 3.799999999999999800 ) ) ;
#151 = ORIENTED_EDGE ( 'NONE', *, *, #2009, .T. ) ;
#152 =( NAMED_UNIT ( * ) PLANE_ANGLE_UNIT ( ) SI_UNIT ( $, .RADIAN. ) );
#153 = DIRECTION ( 'NONE',  ( 0.0000000000000000000, 0.0000000000000000000, 1.000000000000000000 ) ) ;
#154 = PRESENTATION_STYLE_ASSIGNMENT (( #1482 ) ) ;
#155 = SURFACE_STYLE_FILL_AREA ( #337 ) ;
#156 = CARTESIAN_POINT ( 'NONE',  ( 2.720000000000000200, 0.1200000000000000100, 1.000000000000000000 ) ) ;
#157 = SURFACE_STYLE_FILL_AREA ( #3193 ) ;
#158 = VECTOR ( 'NONE', #4233, 1000.000000000000000 ) ;
#159 = DIRECTION ( 'NONE',  ( 0.0000000000000000000, 0.0000000000000000000, -1.000000000000000000 ) ) ;
#160 =( LENGTH_UNIT ( ) NAMED_UNIT ( * ) SI_UNIT ( .MILLI., .METRE. ) );
#161 = SURFACE_SIDE_STYLE ('',( #2065 ) ) ;
#162 =( GEOMETRIC_REPRESENTATION_CONTEXT ( 3 ) GLOBAL_UNCERTAINTY_ASSIGNED_CONTEXT ( ( #1029 ) ) GLOBAL_UNIT_ASSIGNED_CONTEXT ( ( #1147, #2548, #2163 ) ) REPRESENTATION_CONTEXT ( 'NONE', 'WORKASPACE' ) );
#163 = CARTESIAN_POINT ( 'NONE',  ( -2.620000000000000100, 0.1500000000000000200, -1.000000000000000000 ) ) ;
#164 = UNCERTAINTY_MEASURE_WITH_UNIT (LENGTH_MEASURE( 1.000000000000000100E-005 ), #574, 'distance_accuracy_value', 'NONE');
#165 = SURFACE_SIDE_STYLE ('',( #804 ) ) ;
#166 = ORIENTED_EDGE ( 'NONE', *, *, #1394, .F. ) ;
#167 = CARTESIAN_POINT ( 'NONE',  ( 0.0000000000000000000, 3.549999999999999800, 0.0000000000000000000 ) ) ;
#168 = COLOUR_RGB ( '',1.000000000000000000, 1.000000000000000000, 1.000000000000000000 ) ;
#169 = PRESENTATION_LAYER_ASSIGNMENT (  '', '', ( #1079 ) ) ;
#170 = EDGE_CURVE ( 'NONE', #109, #683, #2178, .T. ) ;
#171 = PRESENTATION_STYLE_ASSIGNMENT (( #3709 ) ) ;
#172 = VECTOR ( 'NONE', #3754, 1000.000000000000000 ) ;
#173 = ORIENTED_EDGE ( 'NONE', *, *, #1991, .T. ) ;
#174 = ADVANCED_FACE ( 'NONE', ( #3131 ), #1013, .T. ) ;
#175 = VECTOR ( 'NONE', #1087, 1000.000000000000200 ) ;
#176 = VECTOR ( 'NONE', #5203, 1000.000000000000000 ) ;
#177 = CARTESIAN_POINT ( 'NONE',  ( -2.600000000000000100, 0.2700000000000006300, 1.000000000000000000 ) ) ;
#178 = VERTEX_POINT ( 'NONE', #3053 ) ;
#179 =( GEOMETRIC_REPRESENTATION_CONTEXT ( 3 ) GLOBAL_UNCERTAINTY_ASSIGNED_CONTEXT ( ( #2305 ) ) GLOBAL_UNIT_ASSIGNED_CONTEXT ( ( #3896, #4699, #206 ) ) REPRESENTATION_CONTEXT ( 'NONE', 'WORKASPACE' ) );
#180 = DIRECTION ( 'NONE',  ( -1.000000000000000000, -1.445602896647338900E-016, 0.0000000000000000000 ) ) ;
#181 = CIRCLE ( 'NONE', #2465, 1.000000000000000000 ) ;
#182 = EDGE_CURVE ( 'NONE', #578, #1909, #1411, .T. ) ;
#183 = CIRCLE ( 'NONE', #4157, 1.000000000000000000 ) ;
#184 =( NAMED_UNIT ( * ) SI_UNIT ( $, .STERADIAN. ) SOLID_ANGLE_UNIT ( ) );
#185 = ORIENTED_EDGE ( 'NONE', *, *, #1908, .F. ) ;
#186 = DIRECTION ( 'NONE',  ( 0.0000000000000000000, -1.000000000000000000, 0.0000000000000000000 ) ) ;
#187 = DIRECTION ( 'NONE',  ( 0.0000000000000000000, 0.0000000000000000000, 1.000000000000000000 ) ) ;
#188 =( LENGTH_UNIT ( ) NAMED_UNIT ( * ) SI_UNIT ( .MILLI., .METRE. ) );
#189 = ORIENTED_EDGE ( 'NONE', *, *, #1303, .F. ) ;
#190 = VECTOR ( 'NONE', #3069, 1000.000000000000000 ) ;
#191 = ORIENTED_EDGE ( 'NONE', *, *, #942, .F. ) ;
#192 = DIRECTION ( 'NONE',  ( 0.0000000000000000000, 0.0000000000000000000, 1.000000000000000000 ) ) ;
#193 = CARTESIAN_POINT ( 'NONE',  ( -3.630000000000000300, 0.1000000000000000100, -1.000000000000000000 ) ) ;
#194 = ORIENTED_EDGE ( 'NONE', *, *, #4613, .T. ) ;
#195 = ORIENTED_EDGE ( 'NONE', *, *, #4650, .T. ) ;
#196 = PRESENTATION_LAYER_ASSIGNMENT (  '', '', ( #550 ) ) ;
#197 = CARTESIAN_POINT ( 'NONE',  ( -3.630000000000000300, 0.1000000000000000100, -1.000000000000000000 ) ) ;
#198 = ORIENTED_EDGE ( 'NONE', *, *, #2107, .T. ) ;
#199 = ADVANCED_FACE ( 'NONE', ( #4081 ), #652, .T. ) ;
#200 = SURFACE_STYLE_FILL_AREA ( #3057 ) ;
#201 = EDGE_CURVE ( 'NONE', #2474, #62, #2687, .T. ) ;
#202 = CARTESIAN_POINT ( 'NONE',  ( 3.485986368405798300, 0.5300000000000001400, -1.382171855916968200 ) ) ;
#203 = DIRECTION ( 'NONE',  ( 0.0000000000000000000, 0.0000000000000000000, 1.000000000000000000 ) ) ;
#204 =( LENGTH_UNIT ( ) NAMED_UNIT ( * ) SI_UNIT ( .MILLI., .METRE. ) );
#205 = ORIENTED_EDGE ( 'NONE', *, *, #4348, .T. ) ;
#206 =( NAMED_UNIT ( * ) SI_UNIT ( $, .STERADIAN. ) SOLID_ANGLE_UNIT ( ) );
#207 = ORIENTED_EDGE ( 'NONE', *, *, #1281, .F. ) ;
#208 = COLOUR_RGB ( '',0.5019607843137254800, 0.5019607843137254800, 0.5019607843137254800 ) ;
#209 = COLOUR_RGB ( '',0.5019607843137254800, 0.5019607843137254800, 0.5019607843137254800 ) ;
#210 = AXIS2_PLACEMENT_3D ( 'NONE', #686, #3512, #3103 ) ;
#211 = EDGE_CURVE ( 'NONE', #1980, #3420, #1159, .T. ) ;
#212 = EDGE_CURVE ( 'NONE', #2550, #1992, #3313, .T. ) ;
#213 = CIRCLE ( 'NONE', #1988, 0.5000000000000000000 ) ;
#214 = DIRECTION ( 'NONE',  ( 0.0000000000000000000, -1.000000000000000000, 0.0000000000000000000 ) ) ;
#215 = CIRCLE ( 'NONE', #2125, 0.5000000000000000000 ) ;
#216 =( LENGTH_UNIT ( ) NAMED_UNIT ( * ) SI_UNIT ( .MILLI., .METRE. ) );
#217 = LINE ( 'NONE', #582, #4944 ) ;
#218 =( NAMED_UNIT ( * ) PLANE_ANGLE_UNIT ( ) SI_UNIT ( $, .RADIAN. ) );
#219 =( NAMED_UNIT ( * ) PLANE_ANGLE_UNIT ( ) SI_UNIT ( $, .RADIAN. ) );
#220 =( NAMED_UNIT ( * ) PLANE_ANGLE_UNIT ( ) SI_UNIT ( $, .RADIAN. ) );
#221 = CIRCLE ( 'NONE', #1212, 0.5000000000000000000 ) ;
#222 = ADVANCED_FACE ( 'NONE', ( #3515, #1345 ), #2350, .F. ) ;
#223 = DIRECTION ( 'NONE',  ( 1.000000000000000000, 0.0000000000000000000, 0.0000000000000000000 ) ) ;
#224 = ORIENTED_EDGE ( 'NONE', *, *, #3493, .T. ) ;
#225 = AXIS2_PLACEMENT_3D ( 'NONE', #4682, #598, #1009 ) ;
#226 = DIRECTION ( 'NONE',  ( -1.145283985019899200E-016, 1.000000000000000000, 0.0000000000000000000 ) ) ;
#227 = EDGE_CURVE ( 'NONE', #886, #387, #4964, .T. ) ;
#228 = ORIENTED_EDGE ( 'NONE', *, *, #5069, .F. ) ;
#229 =( LENGTH_UNIT ( ) NAMED_UNIT ( * ) SI_UNIT ( .MILLI., .METRE. ) );
#230 = MECHANICAL_DESIGN_GEOMETRIC_PRESENTATION_REPRESENTATION (  '', ( #4197 ), #2028 ) ;
#231 = PRESENTATION_STYLE_ASSIGNMENT (( #2628 ) ) ;
#232 = CIRCLE ( 'NONE', #1549, 0.5000000000000000000 ) ;
#233 = DIRECTION ( 'NONE',  ( -1.000000000000000000, 0.0000000000000000000, 0.0000000000000000000 ) ) ;
#234 = SURFACE_STYLE_USAGE ( .BOTH. , #489 ) ;
#235 = CARTESIAN_POINT ( 'NONE',  ( 1.382171855916979800, 0.9299999999999999400, -2.985986368405793500 ) ) ;
#236 = DIRECTION ( 'NONE',  ( 0.0000000000000000000, -1.000000000000000000, 0.0000000000000000000 ) ) ;
#237 = VERTEX_POINT ( 'NONE', #1542 ) ;
#238 = STYLED_ITEM ( 'NONE', ( #4273 ), #4540 ) ;
#239 = CARTESIAN_POINT ( 'NONE',  ( -1.382171855916980000, 3.350000000000005000, 3.485986368405793500 ) ) ;
#240 = COLOUR_RGB ( '',0.5019607843137254800, 0.5019607843137254800, 0.5019607843137254800 ) ;
#241 = SURFACE_STYLE_FILL_AREA ( #3996 ) ;
#242 = PRESENTATION_LAYER_ASSIGNMENT (  '', '', ( #4408 ) ) ;
#243 = ORIENTED_EDGE ( 'NONE', *, *, #1978, .T. ) ;
#244 = FILL_AREA_STYLE ('',( #655 ) ) ;
#245 = ORIENTED_EDGE ( 'NONE', *, *, #5083, .F. ) ;
#246 = VECTOR ( 'NONE', #2560, 1000.000000000000000 ) ;
#247 = CARTESIAN_POINT ( 'NONE',  ( 3.485986368405798300, 3.449999999999999700, -1.382171855916968200 ) ) ;
#248 = ORIENTED_EDGE ( 'NONE', *, *, #1104, .F. ) ;
#249 = ADVANCED_FACE ( 'NONE', ( #2392, #4413 ), #3534, .F. ) ;
#250 = CARTESIAN_POINT ( 'NONE',  ( -4.612123605832326000E-016, 3.549999999999999400, 0.0000000000000000000 ) ) ;
#251 = DIRECTION ( 'NONE',  ( -0.0000000000000000000, -0.0000000000000000000, -1.000000000000000000 ) ) ;
#252 = ORIENTED_EDGE ( 'NONE', *, *, #3472, .F. ) ;
#253 = SURFACE_STYLE_FILL_AREA ( #4947 ) ;
#254 = ORIENTED_EDGE ( 'NONE', *, *, #3163, .F. ) ;
#255 = DIRECTION ( 'NONE',  ( 0.0000000000000000000, -1.000000000000000000, 0.0000000000000000000 ) ) ;
#256 = VECTOR ( 'NONE', #4780, 1000.000000000000000 ) ;
#257 = SURFACE_STYLE_USAGE ( .BOTH. , #2680 ) ;
#258 = ORIENTED_EDGE ( 'NONE', *, *, #111, .T. ) ;
#259 = FILL_AREA_STYLE_COLOUR ( '', #3834 ) ;
#260 = UNCERTAINTY_MEASURE_WITH_UNIT (LENGTH_MEASURE( 1.000000000000000100E-005 ), #5150, 'distance_accuracy_value', 'NONE');
#261 = DIRECTION ( 'NONE',  ( -0.0000000000000000000, 1.000000000000000000, -0.0000000000000000000 ) ) ;
#262 = EDGE_LOOP ( 'NONE', ( #2657, #3995 ) ) ;
#263 =( GEOMETRIC_REPRESENTATION_CONTEXT ( 3 ) GLOBAL_UNCERTAINTY_ASSIGNED_CONTEXT ( ( #3873 ) ) GLOBAL_UNIT_ASSIGNED_CONTEXT ( ( #1619, #385, #367 ) ) REPRESENTATION_CONTEXT ( 'NONE', 'WORKASPACE' ) );
#264 = DIRECTION ( 'NONE',  ( 0.0000000000000000000, -1.000000000000000000, 0.0000000000000000000 ) ) ;
#265 = SURFACE_SIDE_STYLE ('',( #4340 ) ) ;
#266 = VERTEX_POINT ( 'NONE', #4762 ) ;
#267 =( GEOMETRIC_REPRESENTATION_CONTEXT ( 3 ) GLOBAL_UNCERTAINTY_ASSIGNED_CONTEXT ( ( #5037 ) ) GLOBAL_UNIT_ASSIGNED_CONTEXT ( ( #1640, #828, #2508 ) ) REPRESENTATION_CONTEXT ( 'NONE', 'WORKASPACE' ) );
#268 = EDGE_CURVE ( 'NONE', #1251, #5082, #2262, .T. ) ;
#269 = STYLED_ITEM ( 'NONE', ( #3850 ), #3436 ) ;
#270 = DIRECTION ( 'NONE',  ( -0.0000000000000000000, -0.0000000000000000000, -1.000000000000000000 ) ) ;
#271 = ORIENTED_EDGE ( 'NONE', *, *, #3526, .T. ) ;
#272 = CARTESIAN_POINT ( 'NONE',  ( -3.114147822442510500, 3.449999999999999700, 1.234740191285822700 ) ) ;
#273 = VECTOR ( 'NONE', #4339, 1000.000000000000000 ) ;
#274 = ADVANCED_FACE ( 'NONE', ( #1558 ), #4530, .F. ) ;
#275 = SURFACE_STYLE_USAGE ( .BOTH. , #3946 ) ;
#276 = CYLINDRICAL_SURFACE ( 'NONE', #4854, 3.250000000000000400 ) ;
#277 = EDGE_CURVE ( 'NONE', #2474, #578, #3977, .T. ) ;
#278 =( NAMED_UNIT ( * ) PLANE_ANGLE_UNIT ( ) SI_UNIT ( $, .RADIAN. ) );
#279 = SURFACE_STYLE_FILL_AREA ( #3429 ) ;
#280 = SURFACE_STYLE_FILL_AREA ( #4146 ) ;
#281 = ORIENTED_EDGE ( 'NONE', *, *, #2559, .F. ) ;
#282 = UNCERTAINTY_MEASURE_WITH_UNIT (LENGTH_MEASURE( 1.000000000000000100E-005 ), #1987, 'distance_accuracy_value', 'NONE');
#283 = DIRECTION ( 'NONE',  ( 0.0000000000000000000, -1.000000000000000000, 0.0000000000000000000 ) ) ;
#284 = CONICAL_SURFACE ( 'NONE', #5092, 0.4000000000000034100, 0.7853981633974566100 ) ;
#285 = DIRECTION ( 'NONE',  ( 0.0000000000000000000, 0.0000000000000000000, -1.000000000000000000 ) ) ;
#286 = ORIENTED_EDGE ( 'NONE', *, *, #1763, .F. ) ;
#287 = PLANE ( 'NONE',  #3391 ) ;
#288 = SURFACE_SIDE_STYLE ('',( #2454 ) ) ;
#289 = AXIS2_PLACEMENT_3D ( 'NONE', #3072, #657, #5104 ) ;
#290 = COLOUR_RGB ( '',0.5019607843137254800, 0.5019607843137254800, 0.5019607843137254800 ) ;
#291 = ORIENTED_EDGE ( 'NONE', *, *, #211, .F. ) ;
#292 = CYLINDRICAL_SURFACE ( 'NONE', #3043, 0.5000000000000000000 ) ;
#293 = EDGE_CURVE ( 'NONE', #4226, #4116, #4288, .T. ) ;
#294 = VECTOR ( 'NONE', #2128, 1000.000000000000000 ) ;
#295 = SURFACE_SIDE_STYLE ('',( #1669 ) ) ;
#296 = STYLED_ITEM ( 'NONE', ( #3596 ), #3357 ) ;
#297 = ORIENTED_EDGE ( 'NONE', *, *, #3647, .F. ) ;
#298 = SURFACE_SIDE_STYLE ('',( #3675 ) ) ;
#299 = CARTESIAN_POINT ( 'NONE',  ( 0.0000000000000000000, 0.5300000000000000300, 0.0000000000000000000 ) ) ;
#300 = CARTESIAN_POINT ( 'NONE',  ( 2.298097038856273600, 3.449999999999999700, 2.298097038856282000 ) ) ;
#301 = AXIS2_PLACEMENT_3D ( 'NONE', #3544, #4801, #5140 ) ;
#302 = MECHANICAL_DESIGN_GEOMETRIC_PRESENTATION_REPRESENTATION (  '', ( #2478 ), #4379 ) ;
#303 = ORIENTED_EDGE ( 'NONE', *, *, #212, .F. ) ;
#304 = PRESENTATION_LAYER_ASSIGNMENT (  '', '', ( #2383 ) ) ;
#305 =( LENGTH_UNIT ( ) NAMED_UNIT ( * ) SI_UNIT ( .MILLI., .METRE. ) );
#306 = EDGE_CURVE ( 'NONE', #2898, #1061, #2133, .T. ) ;
#307 = EDGE_CURVE ( 'NONE', #3224, #1251, #3467, .T. ) ;
#308 = PRESENTATION_STYLE_ASSIGNMENT (( #2662 ) ) ;
#309 = ORIENTED_EDGE ( 'NONE', *, *, #3683, .F. ) ;
#310 = CYLINDRICAL_SURFACE ( 'NONE', #3998, 0.5000000000000000000 ) ;
#311 = CARTESIAN_POINT ( 'NONE',  ( 1.419999999999999900, 0.5300000000000003600, -3.799999999999999800 ) ) ;
#312 = VERTEX_POINT ( 'NONE', #780 ) ;
#313 = CARTESIAN_POINT ( 'NONE',  ( -3.800000000000000300, 0.5300000000000000300, 2.799999999999999800 ) ) ;
#314 = ORIENTED_EDGE ( 'NONE', *, *, #46, .T. ) ;
#315 = SURFACE_STYLE_USAGE ( .BOTH. , #4022 ) ;
#316 = SURFACE_STYLE_USAGE ( .BOTH. , #1934 ) ;
#317 = CARTESIAN_POINT ( 'NONE',  ( 0.0000000000000000000, 0.0000000000000000000, 0.0000000000000000000 ) ) ;
#318 = EDGE_LOOP ( 'NONE', ( #383, #18, #1581, #4069, #4782, #4545, #1290, #2612, #291, #5160, #1456, #258, #977, #1003, #800, #1105 ) ) ;
#319 = UNCERTAINTY_MEASURE_WITH_UNIT (LENGTH_MEASURE( 1.000000000000000100E-005 ), #4976, 'distance_accuracy_value', 'NONE');
#320 = LINE ( 'NONE', #3831, #3430 ) ;
#321 = CARTESIAN_POINT ( 'NONE',  ( -1.687480250230081400, 0.5300000000000001400, 3.090023258555953900 ) ) ;
#322 = ORIENTED_EDGE ( 'NONE', *, *, #3328, .T. ) ;
#323 = FILL_AREA_STYLE_COLOUR ( '', #1883 ) ;
#324 = DIRECTION ( 'NONE',  ( 0.0000000000000000000, 0.0000000000000000000, 1.000000000000000000 ) ) ;
#325 = AXIS2_PLACEMENT_3D ( 'NONE', #4185, #153, #2166 ) ;
#326 = VERTEX_POINT ( 'NONE', #391 ) ;
#327 = DIRECTION ( 'NONE',  ( -1.000000000000000000, 0.0000000000000000000, -8.673617379884035500E-016 ) ) ;
#328 = SURFACE_STYLE_FILL_AREA ( #1853 ) ;
#329 = CIRCLE ( 'NONE', #5067, 1.000000000000000000 ) ;
#330 = AXIS2_PLACEMENT_3D ( 'NONE', #3502, #1957, #1133 ) ;
#331 = DIRECTION ( 'NONE',  ( -0.0000000000000000000, 0.0000000000000000000, 1.000000000000000000 ) ) ;
#332 = FACE_OUTER_BOUND ( 'NONE', #2360, .T. ) ;
#333 = DIRECTION ( 'NONE',  ( -0.0000000000000000000, -1.000000000000000000, -0.0000000000000000000 ) ) ;
#334 = DIRECTION ( 'NONE',  ( -0.0000000000000000000, -0.0000000000000000000, 1.000000000000000000 ) ) ;
#335 = AXIS2_PLACEMENT_3D ( 'NONE', #126, #2105, #3798 ) ;
#336 = DIRECTION ( 'NONE',  ( -0.0000000000000000000, -0.0000000000000000000, 1.000000000000000000 ) ) ;
#337 = FILL_AREA_STYLE ('',( #4792 ) ) ;
#338 = FILL_AREA_STYLE ('',( #1530 ) ) ;
#339 = COLOUR_RGB ( '',0.5019607843137254800, 0.5019607843137254800, 0.5019607843137254800 ) ;
#340 = DIRECTION ( 'NONE',  ( -0.0000000000000000000, 1.000000000000000000, -0.0000000000000000000 ) ) ;
#341 = CARTESIAN_POINT ( 'NONE',  ( 1.000000000000000400, 0.2700000000000010700, 1.000000000000000000 ) ) ;
#342 = FACE_OUTER_BOUND ( 'NONE', #2865, .T. ) ;
#343 = EDGE_CURVE ( 'NONE', #123, #870, #354, .T. ) ;
#344 =( LENGTH_UNIT ( ) NAMED_UNIT ( * ) SI_UNIT ( .MILLI., .METRE. ) );
#345 = CIRCLE ( 'NONE', #3574, 0.5000000000000000000 ) ;
#346 = ORIENTED_EDGE ( 'NONE', *, *, #2742, .T. ) ;
#347 = DIRECTION ( 'NONE',  ( -0.0000000000000000000, 1.000000000000000000, -0.0000000000000000000 ) ) ;
#348 = UNCERTAINTY_MEASURE_WITH_UNIT (LENGTH_MEASURE( 1.000000000000000100E-005 ), #5012, 'distance_accuracy_value', 'NONE');
#349 = CARTESIAN_POINT ( 'NONE',  ( 3.650000000000000400, 0.1200000000000000100, 1.000000000000000000 ) ) ;
#350 = DIRECTION ( 'NONE',  ( 1.145283985019899200E-016, -1.000000000000000000, -0.0000000000000000000 ) ) ;
#351 = ORIENTED_EDGE ( 'NONE', *, *, #4478, .T. ) ;
#352 =( NAMED_UNIT ( * ) PLANE_ANGLE_UNIT ( ) SI_UNIT ( $, .RADIAN. ) );
#353 = DIRECTION ( 'NONE',  ( 0.0000000000000000000, 1.000000000000000000, 0.0000000000000000000 ) ) ;
#354 = LINE ( 'NONE', #3646, #5023 ) ;
#355 = CARTESIAN_POINT ( 'NONE',  ( 0.0000000000000000000, 0.1700000000000000100, 0.0000000000000000000 ) ) ;
#356 = EDGE_LOOP ( 'NONE', ( #3549, #825, #1025, #1388 ) ) ;
#357 = FILL_AREA_STYLE ('',( #2453 ) ) ;
#358 = STYLED_ITEM ( 'NONE', ( #5194 ), #2552 ) ;
#359 = FACE_OUTER_BOUND ( 'NONE', #3828, .T. ) ;
#360 = VERTEX_POINT ( 'NONE', #3614 ) ;
#361 = EDGE_CURVE ( 'NONE', #4549, #1570, #3792, .T. ) ;
#362 = FACE_BOUND ( 'NONE', #1131, .T. ) ;
#363 = ORIENTED_EDGE ( 'NONE', *, *, #3352, .T. ) ;
#364 = DIRECTION ( 'NONE',  ( 0.0000000000000000000, 1.000000000000000000, 0.0000000000000000000 ) ) ;
#365 = MECHANICAL_DESIGN_GEOMETRIC_PRESENTATION_REPRESENTATION (  '', ( #3183 ), #633 ) ;
#366 = PRESENTATION_STYLE_ASSIGNMENT (( #2620 ) ) ;
#367 =( NAMED_UNIT ( * ) SI_UNIT ( $, .STERADIAN. ) SOLID_ANGLE_UNIT ( ) );
#368 = DIRECTION ( 'NONE',  ( 0.0000000000000000000, 0.0000000000000000000, -1.000000000000000000 ) ) ;
#369 = ORIENTED_EDGE ( 'NONE', *, *, #4077, .F. ) ;
#370 =( NAMED_UNIT ( * ) PLANE_ANGLE_UNIT ( ) SI_UNIT ( $, .RADIAN. ) );
#371 = DIRECTION ( 'NONE',  ( -1.000000000000000000, 0.0000000000000000000, 0.0000000000000000000 ) ) ;
#372 = MECHANICAL_DESIGN_GEOMETRIC_PRESENTATION_REPRESENTATION (  '', ( #1349 ), #439 ) ;
#373 = ORIENTED_EDGE ( 'NONE', *, *, #3851, .T. ) ;
#374 = PRESENTATION_LAYER_ASSIGNMENT (  '', '', ( #1389 ) ) ;
#375 = CARTESIAN_POINT ( 'NONE',  ( -2.620000000000000100, 0.1200000000000000100, -1.000000000000000000 ) ) ;
#376 = EDGE_CURVE ( 'NONE', #981, #4889, #793, .T. ) ;
#377 = CIRCLE ( 'NONE', #2912, 0.5000000000000004400 ) ;
#378 = ORIENTED_EDGE ( 'NONE', *, *, #486, .F. ) ;
#379 = DIRECTION ( 'NONE',  ( -0.0000000000000000000, -1.000000000000000000, -0.0000000000000000000 ) ) ;
#380 = EDGE_CURVE ( 'NONE', #2442, #4349, #1817, .T. ) ;
#381 = ORIENTED_EDGE ( 'NONE', *, *, #2547, .T. ) ;
#382 = DIRECTION ( 'NONE',  ( 0.0000000000000000000, 0.0000000000000000000, 1.000000000000000000 ) ) ;
#383 = ORIENTED_EDGE ( 'NONE', *, *, #2985, .T. ) ;
#384 = LINE ( 'NONE', #2157, #2799 ) ;
#385 =( NAMED_UNIT ( * ) PLANE_ANGLE_UNIT ( ) SI_UNIT ( $, .RADIAN. ) );
#386 = CARTESIAN_POINT ( 'NONE',  ( 3.630000000000000300, 0.1000000000000000100, -1.000000000000000000 ) ) ;
#387 = VERTEX_POINT ( 'NONE', #2787 ) ;
#388 = CARTESIAN_POINT ( 'NONE',  ( -0.9999999999999993300, 0.2700000000000000200, -2.291287847477920400 ) ) ;
#389 = CARTESIAN_POINT ( 'NONE',  ( -3.630000000000000300, 0.1000000000000000100, 1.000000000000000000 ) ) ;
#390 = AXIS2_PLACEMENT_3D ( 'NONE', #4510, #3702, #1675 ) ;
#391 = CARTESIAN_POINT ( 'NONE',  ( 2.600000000000000500, 0.1700000000000013400, 1.000000000000000000 ) ) ;
#392 = SURFACE_SIDE_STYLE ('',( #2072 ) ) ;
#393 = CARTESIAN_POINT ( 'NONE',  ( 2.298097038856282500, 3.350000000000005000, -2.298097038856274900 ) ) ;
#394 = LINE ( 'NONE', #665, #704 ) ;
#395 = EDGE_CURVE ( 'NONE', #4502, #178, #5148, .T. ) ;
#396 = SURFACE_STYLE_FILL_AREA ( #2746 ) ;
#397 = AXIS2_PLACEMENT_3D ( 'NONE', #1101, #5184, #2736 ) ;
#398 = PLANE ( 'NONE',  #4965 ) ;
#399 = MECHANICAL_DESIGN_GEOMETRIC_PRESENTATION_REPRESENTATION (  '', ( #3216 ), #2850 ) ;
#400 = DIRECTION ( 'NONE',  ( 0.0000000000000000000, 0.0000000000000000000, 1.000000000000000000 ) ) ;
#401 = AXIS2_PLACEMENT_3D ( 'NONE', #4212, #538, #2160 ) ;
#402 = CARTESIAN_POINT ( 'NONE',  ( -1.419999999999999900, 0.5300000000000000300, -3.799999999999999800 ) ) ;
#403 = SURFACE_SIDE_STYLE ('',( #2233 ) ) ;
#404 = MECHANICAL_DESIGN_GEOMETRIC_PRESENTATION_REPRESENTATION (  '', ( #3052 ), #672 ) ;
#405 = CARTESIAN_POINT ( 'NONE',  ( 3.090023258555960200, 3.350000000000005000, -1.687480250230070300 ) ) ;
#406 = FILL_AREA_STYLE ('',( #3611 ) ) ;
#407 = ORIENTED_EDGE ( 'NONE', *, *, #4605, .F. ) ;
#408 = DIRECTION ( 'NONE',  ( 0.0000000000000000000, 0.0000000000000000000, 1.000000000000000000 ) ) ;
#409 =( NAMED_UNIT ( * ) SI_UNIT ( $, .STERADIAN. ) SOLID_ANGLE_UNIT ( ) );
#410 = VECTOR ( 'NONE', #554, 1000.000000000000000 ) ;
#411 = EDGE_LOOP ( 'NONE', ( #3229, #552, #2452, #5121, #3556, #189 ) ) ;
#412 = UNCERTAINTY_MEASURE_WITH_UNIT (LENGTH_MEASURE( 1.000000000000000100E-005 ), #3954, 'distance_accuracy_value', 'NONE');
#413 = SURFACE_STYLE_FILL_AREA ( #4450 ) ;
#414 = CARTESIAN_POINT ( 'NONE',  ( 0.0000000000000000000, 0.9299999999999998300, 3.250000000000000400 ) ) ;
#415 = VERTEX_POINT ( 'NONE', #1579 ) ;
#416 = CYLINDRICAL_SURFACE ( 'NONE', #2846, 3.000000000000000400 ) ;
#417 =( NAMED_UNIT ( * ) SI_UNIT ( $, .STERADIAN. ) SOLID_ANGLE_UNIT ( ) );
#418 = ORIENTED_EDGE ( 'NONE', *, *, #4071, .F. ) ;
#419 =( NAMED_UNIT ( * ) PLANE_ANGLE_UNIT ( ) SI_UNIT ( $, .RADIAN. ) );
#420 = PRESENTATION_LAYER_ASSIGNMENT (  '', '', ( #3864 ) ) ;
#421 = COLOUR_RGB ( '',1.000000000000000000, 1.000000000000000000, 1.000000000000000000 ) ;
#422 = FACE_OUTER_BOUND ( 'NONE', #3438, .T. ) ;
#423 = DIRECTION ( 'NONE',  ( 0.0000000000000000000, -1.000000000000000000, 0.0000000000000000000 ) ) ;
#424 = MECHANICAL_DESIGN_GEOMETRIC_PRESENTATION_REPRESENTATION (  '', ( #3735 ), #162 ) ;
#425 = SURFACE_STYLE_FILL_AREA ( #2348 ) ;
#426 = ORIENTED_EDGE ( 'NONE', *, *, #2985, .F. ) ;
#427 = ADVANCED_FACE ( 'NONE', ( #2766 ), #287, .F. ) ;
#428 = AXIS2_PLACEMENT_3D ( 'NONE', #2644, #5061, #5074 ) ;
#429 = EDGE_CURVE ( 'NONE', #4118, #3157, #4900, .T. ) ;
#430 = ORIENTED_EDGE ( 'NONE', *, *, #4892, .T. ) ;
#431 = CARTESIAN_POINT ( 'NONE',  ( -2.800000000000000300, 3.449999999999999700, 2.799999999999999800 ) ) ;
#432 = VERTEX_POINT ( 'NONE', #3767 ) ;
#433 = FILL_AREA_STYLE_COLOUR ( '', #3015 ) ;
#434 = ORIENTED_EDGE ( 'NONE', *, *, #4015, .F. ) ;
#435 = ORIENTED_EDGE ( 'NONE', *, *, #2169, .F. ) ;
#436 = CARTESIAN_POINT ( 'NONE',  ( 0.0000000000000000000, 0.5300000000000001400, 0.0000000000000000000 ) ) ;
#437 = SURFACE_STYLE_FILL_AREA ( #5154 ) ;
#438 = CARTESIAN_POINT ( 'NONE',  ( -3.021188185951692700, 0.5300000000000001400, 1.197882275128038200 ) ) ;
#439 =( GEOMETRIC_REPRESENTATION_CONTEXT ( 3 ) GLOBAL_UNCERTAINTY_ASSIGNED_CONTEXT ( ( #4940 ) ) GLOBAL_UNIT_ASSIGNED_CONTEXT ( ( #1070, #3859, #1474 ) ) REPRESENTATION_CONTEXT ( 'NONE', 'WORKASPACE' ) );
#440 = SURFACE_STYLE_USAGE ( .BOTH. , #3257 ) ;
#441 = EDGE_CURVE ( 'NONE', #1909, #1956, #3081, .T. ) ;
#442 = ORIENTED_EDGE ( 'NONE', *, *, #2480, .T. ) ;
#443 = CARTESIAN_POINT ( 'NONE',  ( 2.600000000000000500, 0.1700000000000013200, -1.000000000000000000 ) ) ;
#444 = CIRCLE ( 'NONE', #2884, 0.1199999999999998800 ) ;
#445 = ORIENTED_EDGE ( 'NONE', *, *, #4418, .T. ) ;
#446 = PRESENTATION_STYLE_ASSIGNMENT (( #4884 ) ) ;
#447 = CARTESIAN_POINT ( 'NONE',  ( 3.750000000000000400, 0.1200000000000000100, 1.000000000000000000 ) ) ;
#448 = DIRECTION ( 'NONE',  ( 0.5599764001490774600, 0.7071067811865414700, -0.4317712719439413800 ) ) ;
#449 = ORIENTED_EDGE ( 'NONE', *, *, #5126, .T. ) ;
#450 = PRESENTATION_STYLE_ASSIGNMENT (( #316 ) ) ;
#451 = SURFACE_SIDE_STYLE ('',( #77 ) ) ;
#452 = ADVANCED_FACE ( 'NONE', ( #3202 ), #1811, .T. ) ;
#453 = CARTESIAN_POINT ( 'NONE',  ( -1.000000000000000400, 0.2700000000000000200, 1.000000000000000000 ) ) ;
#454 =( NAMED_UNIT ( * ) PLANE_ANGLE_UNIT ( ) SI_UNIT ( $, .RADIAN. ) );
#455 =( GEOMETRIC_REPRESENTATION_CONTEXT ( 3 ) GLOBAL_UNCERTAINTY_ASSIGNED_CONTEXT ( ( #5010 ) ) GLOBAL_UNIT_ASSIGNED_CONTEXT ( ( #2781, #753, #734 ) ) REPRESENTATION_CONTEXT ( 'NONE', 'WORKASPACE' ) );
#456 = DIRECTION ( 'NONE',  ( 1.000000000000000000, -0.0000000000000000000, -0.0000000000000000000 ) ) ;
#457 = VECTOR ( 'NONE', #3588, 1000.000000000000000 ) ;
#458 = CARTESIAN_POINT ( 'NONE',  ( 1.419999999999998600, 0.5300000000000000300, -3.799999999999999400 ) ) ;
#459 = EDGE_CURVE ( 'NONE', #683, #617, #2951, .T. ) ;
#460 = SURFACE_STYLE_FILL_AREA ( #4198 ) ;
#461 = AXIS2_PLACEMENT_3D ( 'NONE', #3016, #586, #991 ) ;
#462 = CARTESIAN_POINT ( 'NONE',  ( 0.0000000000000000000, 0.2700000000000000200, 0.0000000000000000000 ) ) ;
#463 = LINE ( 'NONE', #3450, #527 ) ;
#464 = PRESENTATION_LAYER_ASSIGNMENT (  '', '', ( #2478 ) ) ;
#465 = FILL_AREA_STYLE_COLOUR ( '', #1207 ) ;
#466 = EDGE_LOOP ( 'NONE', ( #479, #4402, #4691, #3226 ) ) ;
#467 = AXIS2_PLACEMENT_3D ( 'NONE', #3608, #3641, #2378 ) ;
#468 = EDGE_CURVE ( 'NONE', #884, #3204, #4347, .T. ) ;
#469 = DIRECTION ( 'NONE',  ( -0.0000000000000000000, 1.000000000000000000, -0.0000000000000000000 ) ) ;
#470 =( LENGTH_UNIT ( ) NAMED_UNIT ( * ) SI_UNIT ( .MILLI., .METRE. ) );
#471 = COLOUR_RGB ( '',0.5019607843137254800, 0.5019607843137254800, 0.5019607843137254800 ) ;
#472 = ORIENTED_EDGE ( 'NONE', *, *, #1090, .F. ) ;
#473 = CARTESIAN_POINT ( 'NONE',  ( 1.197882275128049100, 3.350000000000005000, -3.021188185951687800 ) ) ;
#474 = UNCERTAINTY_MEASURE_WITH_UNIT (LENGTH_MEASURE( 1.000000000000000100E-005 ), #2361, 'distance_accuracy_value', 'NONE');
#475 = CIRCLE ( 'NONE', #397, 0.5000000000000000000 ) ;
#476 = VERTEX_POINT ( 'NONE', #2872 ) ;
#477 = ADVANCED_FACE ( 'NONE', ( #2449 ), #721, .F. ) ;
#478 = ORIENTED_EDGE ( 'NONE', *, *, #3328, .F. ) ;
#479 = ORIENTED_EDGE ( 'NONE', *, *, #1659, .F. ) ;
#480 = FACE_OUTER_BOUND ( 'NONE', #3256, .T. ) ;
#481 = CYLINDRICAL_SURFACE ( 'NONE', #2602, 0.1199999999999998800 ) ;
#482 = CARTESIAN_POINT ( 'NONE',  ( 3.630000000000000300, 0.1000000000000000100, -1.000000000000000000 ) ) ;
#483 = SURFACE_SIDE_STYLE ('',( #2841 ) ) ;
#484 = DIRECTION ( 'NONE',  ( 0.0000000000000000000, 0.0000000000000000000, 1.000000000000000000 ) ) ;
#485 = STYLED_ITEM ( 'NONE', ( #3439 ), #5055 ) ;
#486 = EDGE_CURVE ( 'NONE', #4846, #2316, #1172, .T. ) ;
#487 = CARTESIAN_POINT ( 'NONE',  ( -3.800000000000000300, 0.5300000000000000300, 1.419999999999999900 ) ) ;
#488 = ORIENTED_EDGE ( 'NONE', *, *, #3720, .T. ) ;
#489 = SURFACE_SIDE_STYLE ('',( #720 ) ) ;
#490 = STYLED_ITEM ( 'NONE', ( #3730 ), #2979 ) ;
#491 = FILL_AREA_STYLE_COLOUR ( '', #1348 ) ;
#492 =( NAMED_UNIT ( * ) PLANE_ANGLE_UNIT ( ) SI_UNIT ( $, .RADIAN. ) );
#493 = ORIENTED_EDGE ( 'NONE', *, *, #658, .T. ) ;
#494 = VECTOR ( 'NONE', #2980, 1000.000000000000000 ) ;
#495 = ORIENTED_EDGE ( 'NONE', *, *, #3526, .F. ) ;
#496 = SURFACE_STYLE_FILL_AREA ( #2740 ) ;
#497 =( GEOMETRIC_REPRESENTATION_CONTEXT ( 3 ) GLOBAL_UNCERTAINTY_ASSIGNED_CONTEXT ( ( #4211 ) ) GLOBAL_UNIT_ASSIGNED_CONTEXT ( ( #790, #1660, #3890 ) ) REPRESENTATION_CONTEXT ( 'NONE', 'WORKASPACE' ) );
#498 = VERTEX_POINT ( 'NONE', #90 ) ;
#499 = AXIS2_PLACEMENT_3D ( 'NONE', #2037, #4619, #2530 ) ;
#500 = DIRECTION ( 'NONE',  ( 0.0000000000000000000, -1.000000000000000000, 0.0000000000000000000 ) ) ;
#501 = UNCERTAINTY_MEASURE_WITH_UNIT (LENGTH_MEASURE( 1.000000000000000100E-005 ), #2558, 'distance_accuracy_value', 'NONE');
#502 = ORIENTED_EDGE ( 'NONE', *, *, #2169, .T. ) ;
#503 = ADVANCED_FACE ( 'NONE', ( #2323 ), #3529, .T. ) ;
#504 = DIRECTION ( 'NONE',  ( 0.0000000000000000000, 0.0000000000000000000, 1.000000000000000000 ) ) ;
#505 = SURFACE_STYLE_USAGE ( .BOTH. , #161 ) ;
#506 = DIRECTION ( 'NONE',  ( 1.145283985019899200E-016, -1.000000000000000000, -0.0000000000000000000 ) ) ;
#507 = FACE_OUTER_BOUND ( 'NONE', #3427, .T. ) ;
#508 = CARTESIAN_POINT ( 'NONE',  ( -3.630000000000000300, 0.0000000000000000000, 1.000000000000000000 ) ) ;
#509 = SURFACE_SIDE_STYLE ('',( #1431 ) ) ;
#510 =( NAMED_UNIT ( * ) PLANE_ANGLE_UNIT ( ) SI_UNIT ( $, .RADIAN. ) );
#511 = DIRECTION ( 'NONE',  ( -1.000000000000000000, -2.168404344971008900E-016, 0.0000000000000000000 ) ) ;
#512 = VERTEX_POINT ( 'NONE', #905 ) ;
#513 = ORIENTED_EDGE ( 'NONE', *, *, #1209, .F. ) ;
#514 = CIRCLE ( 'NONE', #3039, 0.02000000000000005200 ) ;
#515 = DIRECTION ( 'NONE',  ( 1.000000000000000000, 0.0000000000000000000, -0.0000000000000000000 ) ) ;
#516 = AXIS2_PLACEMENT_3D ( 'NONE', #3044, #5022, #2253 ) ;
#517 = PRESENTATION_STYLE_ASSIGNMENT (( #989 ) ) ;
#518 = DIRECTION ( 'NONE',  ( 0.0000000000000000000, 1.000000000000000000, 0.0000000000000000000 ) ) ;
#519 = FACE_OUTER_BOUND ( 'NONE', #3729, .T. ) ;
#520 = FILL_AREA_STYLE ('',( #5024 ) ) ;
#521 =( LENGTH_UNIT ( ) NAMED_UNIT ( * ) SI_UNIT ( .MILLI., .METRE. ) );
#522 = CARTESIAN_POINT ( 'NONE',  ( 3.114147822442510100, 3.449999999999999700, -1.234740191285823400 ) ) ;
#523 = AXIS2_PLACEMENT_3D ( 'NONE', #1455, #5028, #3032 ) ;
#524 = VECTOR ( 'NONE', #595, 1000.000000000000000 ) ;
#525 = EDGE_CURVE ( 'NONE', #1045, #2011, #4662, .T. ) ;
#526 = EDGE_LOOP ( 'NONE', ( #1442, #4308 ) ) ;
#527 = VECTOR ( 'NONE', #5056, 1000.000000000000000 ) ;
#528 = ADVANCED_FACE ( 'NONE', ( #1362 ), #4140, .F. ) ;
#529 = COLOUR_RGB ( '',0.5019607843137254800, 0.5019607843137254800, 0.5019607843137254800 ) ;
#530 = DIRECTION ( 'NONE',  ( 0.0000000000000000000, -0.7071067811865416900, -0.7071067811865532300 ) ) ;
#531 = VERTEX_POINT ( 'NONE', #4872 ) ;
#532 = LINE ( 'NONE', #2429, #3726 ) ;
#533 = AXIS2_PLACEMENT_3D ( 'NONE', #1983, #2421, #3541 ) ;
#534 = DIRECTION ( 'NONE',  ( 0.0000000000000000000, -0.0000000000000000000, 1.000000000000000000 ) ) ;
#535 = FACE_OUTER_BOUND ( 'NONE', #1515, .T. ) ;
#536 = EDGE_CURVE ( 'NONE', #1327, #3291, #4720, .T. ) ;
#537 = ORIENTED_EDGE ( 'NONE', *, *, #2388, .F. ) ;
#538 = DIRECTION ( 'NONE',  ( 0.0000000000000000000, 1.000000000000000000, 0.0000000000000000000 ) ) ;
#539 = SURFACE_STYLE_USAGE ( .BOTH. , #1767 ) ;
#540 = DIRECTION ( 'NONE',  ( 0.0000000000000000000, 0.7071067811865414700, 0.7071067811865536800 ) ) ;
#541 = COLOUR_RGB ( '',0.5019607843137254800, 0.5019607843137254800, 0.5019607843137254800 ) ;
#542 = FILL_AREA_STYLE ('',( #2603 ) ) ;
#543 = FILL_AREA_STYLE_COLOUR ( '', #2249 ) ;
#544 = CARTESIAN_POINT ( 'NONE',  ( 2.600000000000000500, 0.2700000000000012900, 1.000000000000000000 ) ) ;
#545 = ORIENTED_EDGE ( 'NONE', *, *, #1118, .T. ) ;
#546 = LINE ( 'NONE', #2888, #4678 ) ;
#547 = CARTESIAN_POINT ( 'NONE',  ( -2.600000000000000100, 0.1500000000000000200, 1.000000000000000000 ) ) ;
#548 = VERTEX_POINT ( 'NONE', #4191 ) ;
#549 = LINE ( 'NONE', #78, #3158 ) ;
#550 = STYLED_ITEM ( 'NONE', ( #3099 ), #1846 ) ;
#551 = ORIENTED_EDGE ( 'NONE', *, *, #1661, .F. ) ;
#552 = ORIENTED_EDGE ( 'NONE', *, *, #767, .T. ) ;
#553 = ADVANCED_FACE ( 'NONE', ( #535 ), #3724, .F. ) ;
#554 = DIRECTION ( 'NONE',  ( 0.0000000000000000000, -1.000000000000000000, 0.0000000000000000000 ) ) ;
#555 = COLOUR_RGB ( '',0.5019607843137254800, 0.5019607843137254800, 0.5019607843137254800 ) ;
#556 = CARTESIAN_POINT ( 'NONE',  ( -3.630000000000000300, 0.1000000000000000100, 1.000000000000000000 ) ) ;
#557 = EDGE_CURVE ( 'NONE', #3164, #783, #4150, .T. ) ;
#558 = DIRECTION ( 'NONE',  ( 0.0000000000000000000, 0.0000000000000000000, 1.000000000000000000 ) ) ;
#559 = ORIENTED_EDGE ( 'NONE', *, *, #3126, .F. ) ;
#560 = DIRECTION ( 'NONE',  ( 0.0000000000000000000, 0.0000000000000000000, 1.000000000000000000 ) ) ;
#561 = AXIS2_PLACEMENT_3D ( 'NONE', #462, #4166, #2155 ) ;
#562 = ORIENTED_EDGE ( 'NONE', *, *, #1303, .T. ) ;
#563 = CARTESIAN_POINT ( 'NONE',  ( 3.750000000000000400, 0.9300000000000001600, 1.000000000000000400 ) ) ;
#564 = CARTESIAN_POINT ( 'NONE',  ( -3.485986368405793900, 0.9299999999999993800, -1.382171855916979300 ) ) ;
#565 = ORIENTED_EDGE ( 'NONE', *, *, #4994, .F. ) ;
#566 = PRESENTATION_LAYER_ASSIGNMENT (  '', '', ( #1871 ) ) ;
#567 = VECTOR ( 'NONE', #1393, 1000.000000000000000 ) ;
#568 = MECHANICAL_DESIGN_GEOMETRIC_PRESENTATION_REPRESENTATION (  '', ( #3017 ), #2682 ) ;
#569 = AXIS2_PLACEMENT_3D ( 'NONE', #3923, #333, #1500 ) ;
#570 = EDGE_CURVE ( 'NONE', #1327, #4506, #1938, .T. ) ;
#571 = UNCERTAINTY_MEASURE_WITH_UNIT (LENGTH_MEASURE( 1.000000000000000100E-005 ), #4589, 'distance_accuracy_value', 'NONE');
#572 = ORIENTED_EDGE ( 'NONE', *, *, #3021, .F. ) ;
#573 = DIRECTION ( 'NONE',  ( -1.145283985019899200E-016, 1.000000000000000000, 0.0000000000000000000 ) ) ;
#574 =( LENGTH_UNIT ( ) NAMED_UNIT ( * ) SI_UNIT ( .MILLI., .METRE. ) );
#575 = EDGE_CURVE ( 'NONE', #860, #2324, #2063, .T. ) ;
#576 = DIRECTION ( 'NONE',  ( 0.0000000000000000000, 0.0000000000000000000, 1.000000000000000000 ) ) ;
#577 = DIRECTION ( 'NONE',  ( -1.000000000000000000, 0.0000000000000000000, -2.602085213965210600E-015 ) ) ;
#578 = VERTEX_POINT ( 'NONE', #2579 ) ;
#579 = SURFACE_STYLE_FILL_AREA ( #2307 ) ;
#580 = DIRECTION ( 'NONE',  ( -1.000000000000000000, 0.0000000000000000000, 0.0000000000000000000 ) ) ;
#581 = CARTESIAN_POINT ( 'NONE',  ( -3.090023258555960600, 0.5300000000000001400, 1.687480250230069900 ) ) ;
#582 = CARTESIAN_POINT ( 'NONE',  ( -3.800000000000000300, 0.5300000000000003600, -1.419999999999999900 ) ) ;
#583 = PLANE ( 'NONE',  #5017 ) ;
#584 = ADVANCED_FACE ( 'NONE', ( #4215 ), #1996, .T. ) ;
#585 = SURFACE_STYLE_USAGE ( .BOTH. , #4710 ) ;
#586 = DIRECTION ( 'NONE',  ( 0.0000000000000000000, -0.0000000000000000000, 1.000000000000000000 ) ) ;
#587 = LINE ( 'NONE', #3350, #4888 ) ;
#588 = AXIS2_PLACEMENT_3D ( 'NONE', #2877, #1272, #3278 ) ;
#589 = CARTESIAN_POINT ( 'NONE',  ( -2.600000000000000100, 0.1500000000000000200, -1.000000000000000000 ) ) ;
#590 = ORIENTED_EDGE ( 'NONE', *, *, #4559, .T. ) ;
#591 = VECTOR ( 'NONE', #964, 1000.000000000000000 ) ;
#592 = DIRECTION ( 'NONE',  ( 0.0000000000000000000, 0.0000000000000000000, 1.000000000000000000 ) ) ;
#593 = CARTESIAN_POINT ( 'NONE',  ( 1.382171855916967600, 0.5300000000000000300, 3.485986368405798800 ) ) ;
#594 = AXIS2_PLACEMENT_3D ( 'NONE', #3664, #3205, #4827 ) ;
#595 = DIRECTION ( 'NONE',  ( 0.0000000000000000000, 1.000000000000000000, 0.0000000000000000000 ) ) ;
#596 = DIRECTION ( 'NONE',  ( 1.000000000000000000, 0.0000000000000000000, 0.0000000000000000000 ) ) ;
#597 = ORIENTED_EDGE ( 'NONE', *, *, #895, .F. ) ;
#598 = DIRECTION ( 'NONE',  ( -1.145283985019899200E-016, 1.000000000000000000, 0.0000000000000000000 ) ) ;
#599 = LINE ( 'NONE', #438, #1168 ) ;
#600 = PRESENTATION_LAYER_ASSIGNMENT (  '', '', ( #801 ) ) ;
#601 = FILL_AREA_STYLE ('',( #3827 ) ) ;
#602 = VERTEX_POINT ( 'NONE', #4409 ) ;
#603 = AXIS2_PLACEMENT_3D ( 'NONE', #858, #8, #4452 ) ;
#604 = DIRECTION ( 'NONE',  ( -0.0000000000000000000, -1.000000000000000000, -0.0000000000000000000 ) ) ;
#605 = CARTESIAN_POINT ( 'NONE',  ( 1.687480250230069400, 3.350000000000005000, 3.090023258555960200 ) ) ;
#606 = CIRCLE ( 'NONE', #5190, 0.1199999999999998800 ) ;
#607 = VECTOR ( 'NONE', #4907, 1000.000000000000000 ) ;
#608 = VERTEX_POINT ( 'NONE', #405 ) ;
#609 = DIRECTION ( 'NONE',  ( 0.0000000000000000000, 1.000000000000000000, 0.0000000000000000000 ) ) ;
#610 = VECTOR ( 'NONE', #3421, 1000.000000000000000 ) ;
#611 = EDGE_CURVE ( 'NONE', #1276, #4981, #3140, .T. ) ;
#612 = ADVANCED_FACE ( 'NONE', ( #1356 ), #1182, .T. ) ;
#613 = CARTESIAN_POINT ( 'NONE',  ( 0.0000000000000000000, 3.449999999999999700, 0.0000000000000000000 ) ) ;
#614 = VERTEX_POINT ( 'NONE', #1575 ) ;
#615 = CARTESIAN_POINT ( 'NONE',  ( 1.000000000000000400, 0.1700000000000011200, 1.000000000000000000 ) ) ;
#616 = VECTOR ( 'NONE', #4743, 1000.000000000000000 ) ;
#617 = VERTEX_POINT ( 'NONE', #3186 ) ;
#618 =( LENGTH_UNIT ( ) NAMED_UNIT ( * ) SI_UNIT ( .MILLI., .METRE. ) );
#619 = CARTESIAN_POINT ( 'NONE',  ( -3.750000000000000400, 0.9299999999999999400, 1.000000000000000000 ) ) ;
#620 =( NAMED_UNIT ( * ) SI_UNIT ( $, .STERADIAN. ) SOLID_ANGLE_UNIT ( ) );
#621 = ORIENTED_EDGE ( 'NONE', *, *, #2794, .T. ) ;
#622 = FILL_AREA_STYLE ('',( #259 ) ) ;
#623 = DIRECTION ( 'NONE',  ( 0.0000000000000000000, 0.0000000000000000000, 1.000000000000000000 ) ) ;
#624 = DIRECTION ( 'NONE',  ( -1.000000000000000000, -0.0000000000000000000, -0.0000000000000000000 ) ) ;
#625 = ORIENTED_EDGE ( 'NONE', *, *, #850, .T. ) ;
#626 = VECTOR ( 'NONE', #2629, 1000.000000000000000 ) ;
#627 = ORIENTED_EDGE ( 'NONE', *, *, #726, .F. ) ;
#628 = AXIS2_PLACEMENT_3D ( 'NONE', #4307, #2292, #596 ) ;
#629 = SURFACE_SIDE_STYLE ('',( #200 ) ) ;
#630 = VERTEX_POINT ( 'NONE', #1607 ) ;
#631 = EDGE_CURVE ( 'NONE', #5045, #1435, #4835, .T. ) ;
#632 = SURFACE_SIDE_STYLE ('',( #3482 ) ) ;
#633 =( GEOMETRIC_REPRESENTATION_CONTEXT ( 3 ) GLOBAL_UNCERTAINTY_ASSIGNED_CONTEXT ( ( #3962 ) ) GLOBAL_UNIT_ASSIGNED_CONTEXT ( ( #3487, #4689, #2685 ) ) REPRESENTATION_CONTEXT ( 'NONE', 'WORKASPACE' ) );
#634 = FILL_AREA_STYLE_COLOUR ( '', #5187 ) ;
#635 = VERTEX_POINT ( 'NONE', #4721 ) ;
#636 = ADVANCED_FACE ( 'NONE', ( #3073 ), #1289, .F. ) ;
#637 = UNCERTAINTY_MEASURE_WITH_UNIT (LENGTH_MEASURE( 1.000000000000000100E-005 ), #4877, 'distance_accuracy_value', 'NONE');
#638 = ORIENTED_EDGE ( 'NONE', *, *, #4747, .F. ) ;
#639 = CARTESIAN_POINT ( 'NONE',  ( 2.620000000000000600, 0.1200000000000000100, 1.000000000000000000 ) ) ;
#640 = CIRCLE ( 'NONE', #2650, 0.5000000000000000000 ) ;
#641 = SURFACE_STYLE_USAGE ( .BOTH. , #1440 ) ;
#642 = STYLED_ITEM ( 'NONE', ( #4512 ), #199 ) ;
#643 = AXIS2_PLACEMENT_3D ( 'NONE', #2714, #3550, #4757 ) ;
#644 = EDGE_CURVE ( 'NONE', #2907, #953, #1734, .T. ) ;
#645 = ORIENTED_EDGE ( 'NONE', *, *, #4302, .F. ) ;
#646 =( NAMED_UNIT ( * ) PLANE_ANGLE_UNIT ( ) SI_UNIT ( $, .RADIAN. ) );
#647 = SURFACE_STYLE_FILL_AREA ( #3031 ) ;
#648 = CIRCLE ( 'NONE', #2206, 2.500000000000000000 ) ;
#649 = PRESENTATION_STYLE_ASSIGNMENT (( #3893 ) ) ;
#650 = SURFACE_SIDE_STYLE ('',( #4509 ) ) ;
#651 = CARTESIAN_POINT ( 'NONE',  ( -2.800000000000000300, 14.29802307403552100, -3.799999999999999400 ) ) ;
#652 = CONICAL_SURFACE ( 'NONE', #12, 0.4000000000000032400, 0.7853981633974567200 ) ;
#653 = DIRECTION ( 'NONE',  ( 0.0000000000000000000, 1.000000000000000000, 0.0000000000000000000 ) ) ;
#654 = MECHANICAL_DESIGN_GEOMETRIC_PRESENTATION_REPRESENTATION (  '', ( #2932 ), #917 ) ;
#655 = FILL_AREA_STYLE_COLOUR ( '', #3483 ) ;
#656 = ORIENTED_EDGE ( 'NONE', *, *, #3435, .T. ) ;
#657 = DIRECTION ( 'NONE',  ( -0.0000000000000000000, -0.0000000000000000000, -1.000000000000000000 ) ) ;
#658 = EDGE_CURVE ( 'NONE', #3291, #794, #4335, .T. ) ;
#659 = VERTEX_POINT ( 'NONE', #1984 ) ;
#660 = ADVANCED_FACE ( 'NONE', ( #1043 ), #827, .F. ) ;
#661 = DIRECTION ( 'NONE',  ( 0.0000000000000000000, 1.000000000000000000, 0.0000000000000000000 ) ) ;
#662 = AXIS2_PLACEMENT_3D ( 'NONE', #675, #1945, #4763 ) ;
#663 = SURFACE_STYLE_FILL_AREA ( #357 ) ;
#664 = CARTESIAN_POINT ( 'NONE',  ( 3.090023258555960200, 3.350000000000005000, -1.687480250230070300 ) ) ;
#665 = CARTESIAN_POINT ( 'NONE',  ( -3.750000000000000400, 0.9299999999999999400, 1.000000000000000000 ) ) ;
#666 = ORIENTED_EDGE ( 'NONE', *, *, #4445, .T. ) ;
#667 = AXIS2_PLACEMENT_3D ( 'NONE', #712, #2760, #3935 ) ;
#668 = CARTESIAN_POINT ( 'NONE',  ( -2.719999999999999800, 0.1200000000000000100, 1.000000000000000000 ) ) ;
#669 = CIRCLE ( 'NONE', #2876, 3.349999999999997000 ) ;
#670 = VECTOR ( 'NONE', #4793, 1000.000000000000000 ) ;
#671 = PRESENTATION_LAYER_ASSIGNMENT (  '', '', ( #1591 ) ) ;
#672 =( GEOMETRIC_REPRESENTATION_CONTEXT ( 3 ) GLOBAL_UNCERTAINTY_ASSIGNED_CONTEXT ( ( #2757 ) ) GLOBAL_UNIT_ASSIGNED_CONTEXT ( ( #2177, #4214, #3810 ) ) REPRESENTATION_CONTEXT ( 'NONE', 'WORKASPACE' ) );
#673 = DIRECTION ( 'NONE',  ( -1.145283985019899200E-016, 1.000000000000000000, 0.0000000000000000000 ) ) ;
#674 = ORIENTED_EDGE ( 'NONE', *, *, #2081, .T. ) ;
#675 = CARTESIAN_POINT ( 'NONE',  ( 3.630000000000000300, 0.1200000000000000100, -1.000000000000000000 ) ) ;
#676 = PRESENTATION_STYLE_ASSIGNMENT (( #4542 ) ) ;
#677 = DIRECTION ( 'NONE',  ( 0.0000000000000000000, 0.0000000000000000000, -1.000000000000000000 ) ) ;
#678 = VECTOR ( 'NONE', #1098, 1000.000000000000000 ) ;
#679 = ORIENTED_EDGE ( 'NONE', *, *, #4778, .T. ) ;
#680 = VECTOR ( 'NONE', #27, 1000.000000000000000 ) ;
#681 = CARTESIAN_POINT ( 'NONE',  ( 0.0000000000000000000, 3.350000000000005000, 0.0000000000000000000 ) ) ;
#682 = FILL_AREA_STYLE_COLOUR ( '', #4967 ) ;
#683 = VERTEX_POINT ( 'NONE', #2618 ) ;
#684 = VECTOR ( 'NONE', #4264, 1000.000000000000100 ) ;
#685 = VERTEX_POINT ( 'NONE', #1805 ) ;
#686 = CARTESIAN_POINT ( 'NONE',  ( -1.382171855916980000, 3.449999999999999700, 3.485986368405793500 ) ) ;
#687 = CARTESIAN_POINT ( 'NONE',  ( -2.600000000000000100, 0.1700000000000000400, -1.000000000000000000 ) ) ;
#688 = ORIENTED_EDGE ( 'NONE', *, *, #802, .F. ) ;
#689 = FILL_AREA_STYLE ('',( #1527 ) ) ;
#690 = ORIENTED_EDGE ( 'NONE', *, *, #2113, .T. ) ;
#691 = DIRECTION ( 'NONE',  ( -4.336808689942018500E-015, 1.000000000000000000, 0.0000000000000000000 ) ) ;
#692 = VERTEX_POINT ( 'NONE', #4654 ) ;
#693 =( GEOMETRIC_REPRESENTATION_CONTEXT ( 3 ) GLOBAL_UNCERTAINTY_ASSIGNED_CONTEXT ( ( #3304 ) ) GLOBAL_UNIT_ASSIGNED_CONTEXT ( ( #3419, #3080, #5088 ) ) REPRESENTATION_CONTEXT ( 'NONE', 'WORKASPACE' ) );
#694 = VECTOR ( 'NONE', #3362, 1000.000000000000000 ) ;
#695 = CARTESIAN_POINT ( 'NONE',  ( 0.0000000000000000000, 3.350000000000005000, 0.0000000000000000000 ) ) ;
#696 = ORIENTED_EDGE ( 'NONE', *, *, #4003, .T. ) ;
#697 = AXIS2_PLACEMENT_3D ( 'NONE', #716, #4709, #285 ) ;
#698 = EDGE_CURVE ( 'NONE', #4851, #2520, #3320, .T. ) ;
#699 = PLANE ( 'NONE',  #2061 ) ;
#700 = DIRECTION ( 'NONE',  ( -0.0000000000000000000, -1.000000000000000000, -0.0000000000000000000 ) ) ;
#701 = UNCERTAINTY_MEASURE_WITH_UNIT (LENGTH_MEASURE( 1.000000000000000100E-005 ), #1809, 'distance_accuracy_value', 'NONE');
#702 = ORIENTED_EDGE ( 'NONE', *, *, #3576, .T. ) ;
#703 = CARTESIAN_POINT ( 'NONE',  ( -2.739999999999999800, 0.1000000000000000700, 1.000000000000000000 ) ) ;
#704 = VECTOR ( 'NONE', #2715, 1000.000000000000000 ) ;
#705 = LINE ( 'NONE', #2783, #4880 ) ;
#706 = DIRECTION ( 'NONE',  ( -0.0000000000000000000, 1.000000000000000000, -0.0000000000000000000 ) ) ;
#707 = CARTESIAN_POINT ( 'NONE',  ( -1.382171855916968000, 0.9299999999999996000, -2.985986368405798300 ) ) ;
#708 =( GEOMETRIC_REPRESENTATION_CONTEXT ( 3 ) GLOBAL_UNCERTAINTY_ASSIGNED_CONTEXT ( ( #3076 ) ) GLOBAL_UNIT_ASSIGNED_CONTEXT ( ( #1492, #3159, #3173 ) ) REPRESENTATION_CONTEXT ( 'NONE', 'WORKASPACE' ) );
#709 = EDGE_CURVE ( 'NONE', #2100, #4349, #2380, .T. ) ;
#710 = FILL_AREA_STYLE_COLOUR ( '', #940 ) ;
#711 = FACE_OUTER_BOUND ( 'NONE', #3101, .T. ) ;
#712 = CARTESIAN_POINT ( 'NONE',  ( -3.485986368405798800, 0.5300000000000001400, 1.382171855916967300 ) ) ;
#713 = LINE ( 'NONE', #2905, #4770 ) ;
#714 =( LENGTH_UNIT ( ) NAMED_UNIT ( * ) SI_UNIT ( .MILLI., .METRE. ) );
#715 = VECTOR ( 'NONE', #1478, 1000.000000000000000 ) ;
#716 = CARTESIAN_POINT ( 'NONE',  ( 0.0000000000000000000, 0.2700000000000000200, 0.0000000000000000000 ) ) ;
#717 = PRESENTATION_STYLE_ASSIGNMENT (( #4026 ) ) ;
#718 = ORIENTED_EDGE ( 'NONE', *, *, #1462, .T. ) ;
#719 = CARTESIAN_POINT ( 'NONE',  ( -2.600000000000000100, 0.1500000000000000200, -1.000000000000000000 ) ) ;
#720 = SURFACE_STYLE_FILL_AREA ( #3897 ) ;
#721 = CYLINDRICAL_SURFACE ( 'NONE', #5004, 3.250000000000000400 ) ;
#722 = VERTEX_POINT ( 'NONE', #5020 ) ;
#723 =( GEOMETRIC_REPRESENTATION_CONTEXT ( 3 ) GLOBAL_UNCERTAINTY_ASSIGNED_CONTEXT ( ( #4591 ) ) GLOBAL_UNIT_ASSIGNED_CONTEXT ( ( #1553, #3924, #4326 ) ) REPRESENTATION_CONTEXT ( 'NONE', 'WORKASPACE' ) );
#724 =( NAMED_UNIT ( * ) SI_UNIT ( $, .STERADIAN. ) SOLID_ANGLE_UNIT ( ) );
#725 = VECTOR ( 'NONE', #744, 1000.000000000000000 ) ;
#726 = EDGE_CURVE ( 'NONE', #2156, #312, #1422, .T. ) ;
#727 = LINE ( 'NONE', #1631, #176 ) ;
#728 = VECTOR ( 'NONE', #1610, 1000.000000000000000 ) ;
#729 = DIRECTION ( 'NONE',  ( 0.0000000000000000000, 0.0000000000000000000, 1.000000000000000000 ) ) ;
#730 = STYLED_ITEM ( 'NONE', ( #3548 ), #3821 ) ;
#731 = UNCERTAINTY_MEASURE_WITH_UNIT (LENGTH_MEASURE( 1.000000000000000100E-005 ), #4109, 'distance_accuracy_value', 'NONE');
#732 = ORIENTED_EDGE ( 'NONE', *, *, #3819, .T. ) ;
#733 = CARTESIAN_POINT ( 'NONE',  ( -2.298097038856283400, 1.029999999999999400, 2.298097038856274900 ) ) ;
#734 =( NAMED_UNIT ( * ) SI_UNIT ( $, .STERADIAN. ) SOLID_ANGLE_UNIT ( ) );
#735 = PLANE ( 'NONE',  #3292 ) ;
#736 =( NAMED_UNIT ( * ) SI_UNIT ( $, .STERADIAN. ) SOLID_ANGLE_UNIT ( ) );
#737 = ORIENTED_EDGE ( 'NONE', *, *, #3493, .F. ) ;
#738 = FILL_AREA_STYLE_COLOUR ( '', #3922 ) ;
#739 = PRESENTATION_LAYER_ASSIGNMENT (  '', '', ( #3017 ) ) ;
#740 = ORIENTED_EDGE ( 'NONE', *, *, #1722, .T. ) ;
#741 = AXIS2_PLACEMENT_3D ( 'NONE', #754, #2434, #4453 ) ;
#742 = SURFACE_SIDE_STYLE ('',( #155 ) ) ;
#743 = EDGE_CURVE ( 'NONE', #2356, #4370, #3651, .T. ) ;
#744 = DIRECTION ( 'NONE',  ( -0.0000000000000000000, -0.0000000000000000000, -1.000000000000000000 ) ) ;
#745 = DIRECTION ( 'NONE',  ( 0.0000000000000000000, -0.7071067811865416900, -0.7071067811865532300 ) ) ;
#746 =( NAMED_UNIT ( * ) SI_UNIT ( $, .STERADIAN. ) SOLID_ANGLE_UNIT ( ) );
#747 = EDGE_CURVE ( 'NONE', #4797, #4315, #3591, .T. ) ;
#748 = EDGE_LOOP ( 'NONE', ( #4282, #4537, #4040, #4923 ) ) ;
#749 = LINE ( 'NONE', #1997, #1314 ) ;
#750 = EDGE_LOOP ( 'NONE', ( #2319, #1262, #1906, #5107 ) ) ;
#751 = DIRECTION ( 'NONE',  ( 0.0000000000000000000, 1.000000000000000000, 0.0000000000000000000 ) ) ;
#752 = ORIENTED_EDGE ( 'NONE', *, *, #802, .T. ) ;
#753 =( NAMED_UNIT ( * ) PLANE_ANGLE_UNIT ( ) SI_UNIT ( $, .RADIAN. ) );
#754 = CARTESIAN_POINT ( 'NONE',  ( 0.0000000000000000000, 3.350000000000005000, 0.0000000000000000000 ) ) ;
#755 = ORIENTED_EDGE ( 'NONE', *, *, #2385, .F. ) ;
#756 = DIRECTION ( 'NONE',  ( 1.000000000000000000, -0.0000000000000000000, -0.0000000000000000000 ) ) ;
#757 = COLOUR_RGB ( '',0.5019607843137254800, 0.5019607843137254800, 0.5019607843137254800 ) ;
#758 = CARTESIAN_POINT ( 'NONE',  ( 1.419999999999999900, 0.9299999999999999400, 3.799999999999999800 ) ) ;
#759 = AXIS2_PLACEMENT_3D ( 'NONE', #3600, #4002, #327 ) ;
#760 = CARTESIAN_POINT ( 'NONE',  ( 3.485986368405798300, 3.350000000000005000, -1.382171855916968200 ) ) ;
#761 = DIRECTION ( 'NONE',  ( 0.0000000000000000000, 1.000000000000000000, 0.0000000000000000000 ) ) ;
#762 = EDGE_LOOP ( 'NONE', ( #4461, #625, #565, #3535 ) ) ;
#763 = SURFACE_STYLE_USAGE ( .BOTH. , #781 ) ;
#764 = FILL_AREA_STYLE_COLOUR ( '', #4024 ) ;
#765 = VECTOR ( 'NONE', #1231, 1000.000000000000000 ) ;
#766 = MECHANICAL_DESIGN_GEOMETRIC_PRESENTATION_REPRESENTATION (  '', ( #485 ), #959 ) ;
#767 = EDGE_CURVE ( 'NONE', #4118, #3689, #898, .T. ) ;
#768 = AXIS2_PLACEMENT_3D ( 'NONE', #3928, #5117, #4384 ) ;
#769 = ORIENTED_EDGE ( 'NONE', *, *, #1157, .F. ) ;
#770 = SURFACE_STYLE_FILL_AREA ( #907 ) ;
#771 = AXIS2_PLACEMENT_3D ( 'NONE', #4385, #3980, #4815 ) ;
#772 = CARTESIAN_POINT ( 'NONE',  ( 0.0000000000000000000, 0.5300000000000000300, 0.0000000000000000000 ) ) ;
#773 =( LENGTH_UNIT ( ) NAMED_UNIT ( * ) SI_UNIT ( .MILLI., .METRE. ) );
#774 = CARTESIAN_POINT ( 'NONE',  ( 2.291287847477920400, 0.2700000000000012900, 1.000000000000000000 ) ) ;
#775 = STYLED_ITEM ( 'NONE', ( #2484 ), #1408 ) ;
#776 =( NAMED_UNIT ( * ) SI_UNIT ( $, .STERADIAN. ) SOLID_ANGLE_UNIT ( ) );
#777 = DIRECTION ( 'NONE',  ( 0.0000000000000000000, 1.000000000000000000, 0.0000000000000000000 ) ) ;
#778 = VECTOR ( 'NONE', #745, 1000.000000000000100 ) ;
#779 = CIRCLE ( 'NONE', #3751, 0.5000000000000000000 ) ;
#780 = CARTESIAN_POINT ( 'NONE',  ( -3.000000000000000900, 3.450000000000001100, 3.673940397442060400E-016 ) ) ;
#781 = SURFACE_SIDE_STYLE ('',( #5211 ) ) ;
#782 = DIRECTION ( 'NONE',  ( 0.0000000000000000000, 0.0000000000000000000, 1.000000000000000000 ) ) ;
#783 = VERTEX_POINT ( 'NONE', #2927 ) ;
#784 = PLANE ( 'NONE',  #1275 ) ;
#785 = CARTESIAN_POINT ( 'NONE',  ( 1.419999999999999900, 0.9299999999999999400, -2.987419390442717800 ) ) ;
#786 = DIRECTION ( 'NONE',  ( -0.0000000000000000000, -0.0000000000000000000, -1.000000000000000000 ) ) ;
#787 = CARTESIAN_POINT ( 'NONE',  ( 3.000000000000000400, 1.030000000000000000, 0.0000000000000000000 ) ) ;
#788 = ORIENTED_EDGE ( 'NONE', *, *, #459, .F. ) ;
#789 = CARTESIAN_POINT ( 'NONE',  ( 2.620000000000000600, 0.1200000000000000100, 1.000000000000000000 ) ) ;
#790 =( LENGTH_UNIT ( ) NAMED_UNIT ( * ) SI_UNIT ( .MILLI., .METRE. ) );
#791 = LINE ( 'NONE', #5134, #1566 ) ;
#792 = VECTOR ( 'NONE', #1617, 1000.000000000000000 ) ;
#793 = CIRCLE ( 'NONE', #5094, 2.500000000000000000 ) ;
#794 = VERTEX_POINT ( 'NONE', #1773 ) ;
#795 = PRESENTATION_LAYER_ASSIGNMENT (  '', '', ( #889 ) ) ;
#796 = FILL_AREA_STYLE ('',( #4432 ) ) ;
#797 = SURFACE_STYLE_FILL_AREA ( #520 ) ;
#798 = VECTOR ( 'NONE', #4769, 1000.000000000000000 ) ;
#799 = UNCERTAINTY_MEASURE_WITH_UNIT (LENGTH_MEASURE( 1.000000000000000100E-005 ), #1294, 'distance_accuracy_value', 'NONE');
#800 = ORIENTED_EDGE ( 'NONE', *, *, #2211, .T. ) ;
#801 = STYLED_ITEM ( 'NONE', ( #4167 ), #4124 ) ;
#802 = EDGE_CURVE ( 'NONE', #2606, #3291, #2119, .T. ) ;
#803 = FACE_OUTER_BOUND ( 'NONE', #3762, .T. ) ;
#804 = SURFACE_STYLE_FILL_AREA ( #2582 ) ;
#805 = AXIS2_PLACEMENT_3D ( 'NONE', #2457, #839, #2030 ) ;
#806 = CARTESIAN_POINT ( 'NONE',  ( -2.298097038856275400, 0.5300000000000001400, -2.298097038856282900 ) ) ;
#807 = CARTESIAN_POINT ( 'NONE',  ( -2.600000000000000100, 0.1500000000000000200, 1.000000000000000000 ) ) ;
#808 = CYLINDRICAL_SURFACE ( 'NONE', #2976, 0.02000000000000005200 ) ;
#809 = ORIENTED_EDGE ( 'NONE', *, *, #1285, .F. ) ;
#810 = DIRECTION ( 'NONE',  ( 1.000000000000000000, 0.0000000000000000000, 0.0000000000000000000 ) ) ;
#811 = SURFACE_STYLE_USAGE ( .BOTH. , #3239 ) ;
#812 = MECHANICAL_DESIGN_GEOMETRIC_PRESENTATION_REPRESENTATION (  '', ( #2172 ), #2720 ) ;
#813 = ORIENTED_EDGE ( 'NONE', *, *, #1157, .T. ) ;
#814 = DIRECTION ( 'NONE',  ( 0.0000000000000000000, 1.000000000000000000, 0.0000000000000000000 ) ) ;
#815 = EDGE_CURVE ( 'NONE', #3725, #2633, #345, .T. ) ;
#816 = PRESENTATION_STYLE_ASSIGNMENT (( #2667 ) ) ;
#817 = ORIENTED_EDGE ( 'NONE', *, *, #5058, .T. ) ;
#818 = FILL_AREA_STYLE ('',( #2863 ) ) ;
#819 = CARTESIAN_POINT ( 'NONE',  ( 2.298097038856273600, 3.449999999999999700, 3.398097038856279500 ) ) ;
#820 = ORIENTED_EDGE ( 'NONE', *, *, #879, .T. ) ;
#821 = VERTEX_POINT ( 'NONE', #4527 ) ;
#822 = ORIENTED_EDGE ( 'NONE', *, *, #2194, .T. ) ;
#823 = CYLINDRICAL_SURFACE ( 'NONE', #335, 2.500000000000000000 ) ;
#824 = SURFACE_STYLE_USAGE ( .BOTH. , #4507 ) ;
#825 = ORIENTED_EDGE ( 'NONE', *, *, #4382, .F. ) ;
#826 = ADVANCED_FACE ( 'NONE', ( #4583 ), #4547, .T. ) ;
#827 = PLANE ( 'NONE',  #3503 ) ;
#828 =( NAMED_UNIT ( * ) PLANE_ANGLE_UNIT ( ) SI_UNIT ( $, .RADIAN. ) );
#829 = MECHANICAL_DESIGN_GEOMETRIC_PRESENTATION_REPRESENTATION (  '', ( #4455 ), #1102 ) ;
#830 = COLOUR_RGB ( '',0.5019607843137254800, 0.5019607843137254800, 0.5019607843137254800 ) ;
#831 = CARTESIAN_POINT ( 'NONE',  ( 3.169215880525925400, 3.449999999999999700, -1.626418571367451700 ) ) ;
#832 = UNCERTAINTY_MEASURE_WITH_UNIT (LENGTH_MEASURE( 1.000000000000000100E-005 ), #229, 'distance_accuracy_value', 'NONE');
#833 = CARTESIAN_POINT ( 'NONE',  ( 3.750000000000000400, 0.1200000000000000100, -1.000000000000000000 ) ) ;
#834 = VERTEX_POINT ( 'NONE', #3825 ) ;
#835 = EDGE_CURVE ( 'NONE', #4550, #4525, #587, .T. ) ;
#836 = CYLINDRICAL_SURFACE ( 'NONE', #3245, 1.000000000000000000 ) ;
#837 =( GEOMETRIC_REPRESENTATION_CONTEXT ( 3 ) GLOBAL_UNCERTAINTY_ASSIGNED_CONTEXT ( ( #3334 ) ) GLOBAL_UNIT_ASSIGNED_CONTEXT ( ( #3303, #3317, #885 ) ) REPRESENTATION_CONTEXT ( 'NONE', 'WORKASPACE' ) );
#838 = CONICAL_SURFACE ( 'NONE', #2546, 3.250000000000000400, 0.7853981633974569400 ) ;
#839 = DIRECTION ( 'NONE',  ( -0.0000000000000000000, -0.0000000000000000000, -1.000000000000000000 ) ) ;
#840 = AXIS2_PLACEMENT_3D ( 'NONE', #4736, #347, #3602 ) ;
#841 = FILL_AREA_STYLE_COLOUR ( '', #4481 ) ;
#842 = VECTOR ( 'NONE', #2327, 1000.000000000000000 ) ;
#843 = STYLED_ITEM ( 'NONE', ( #2068 ), #553 ) ;
#844 =( LENGTH_UNIT ( ) NAMED_UNIT ( * ) SI_UNIT ( .MILLI., .METRE. ) );
#845 =( GEOMETRIC_REPRESENTATION_CONTEXT ( 3 ) GLOBAL_UNCERTAINTY_ASSIGNED_CONTEXT ( ( #4881 ) ) GLOBAL_UNIT_ASSIGNED_CONTEXT ( ( #3371, #2165, #929 ) ) REPRESENTATION_CONTEXT ( 'NONE', 'WORKASPACE' ) );
#846 = EDGE_CURVE ( 'NONE', #2606, #2847, #1416, .T. ) ;
#847 =( NAMED_UNIT ( * ) SI_UNIT ( $, .STERADIAN. ) SOLID_ANGLE_UNIT ( ) );
#848 = DIRECTION ( 'NONE',  ( 0.0000000000000000000, -1.000000000000000000, 0.0000000000000000000 ) ) ;
#849 = PRESENTATION_STYLE_ASSIGNMENT (( #1378 ) ) ;
#850 = EDGE_CURVE ( 'NONE', #4858, #2541, #2250, .T. ) ;
#851 = CARTESIAN_POINT ( 'NONE',  ( 1.382171855916967600, 3.350000000000005000, 2.985986368405798800 ) ) ;
#852 = DIRECTION ( 'NONE',  ( 0.0000000000000000000, -0.0000000000000000000, -1.000000000000000000 ) ) ;
#853 = VERTEX_POINT ( 'NONE', #563 ) ;
#854 = ADVANCED_FACE ( 'NONE', ( #4945 ), #1324, .F. ) ;
#855 = CARTESIAN_POINT ( 'NONE',  ( 3.650000000000000400, 0.9299999999999999400, 1.000000000000000000 ) ) ;
#856 = VERTEX_POINT ( 'NONE', #4926 ) ;
#857 = DIRECTION ( 'NONE',  ( 0.0000000000000000000, 1.000000000000000000, 0.0000000000000000000 ) ) ;
#858 = CARTESIAN_POINT ( 'NONE',  ( -3.485986368405793900, 0.5300000000000000300, -1.382171855916979300 ) ) ;
#859 = VECTOR ( 'NONE', #761, 1000.000000000000000 ) ;
#860 = VERTEX_POINT ( 'NONE', #4581 ) ;
#861 = SURFACE_STYLE_USAGE ( .BOTH. , #60 ) ;
#862 = CARTESIAN_POINT ( 'NONE',  ( -3.090023258555954400, 0.5300000000000001400, -1.687480250230081000 ) ) ;
#863 = AXIS2_PLACEMENT_3D ( 'NONE', #1835, #653, #5033 ) ;
#864 = UNCERTAINTY_MEASURE_WITH_UNIT (LENGTH_MEASURE( 1.000000000000000100E-005 ), #1298, 'distance_accuracy_value', 'NONE');
#865 = DIRECTION ( 'NONE',  ( 0.0000000000000000000, 0.0000000000000000000, 1.000000000000000000 ) ) ;
#866 = ORIENTED_EDGE ( 'NONE', *, *, #1532, .F. ) ;
#867 = ORIENTED_EDGE ( 'NONE', *, *, #182, .F. ) ;
#868 =( GEOMETRIC_REPRESENTATION_CONTEXT ( 3 ) GLOBAL_UNCERTAINTY_ASSIGNED_CONTEXT ( ( #1671 ) ) GLOBAL_UNIT_ASSIGNED_CONTEXT ( ( #4853, #2401, #2423 ) ) REPRESENTATION_CONTEXT ( 'NONE', 'WORKASPACE' ) );
#869 = PLANE ( 'NONE',  #2277 ) ;
#870 = VERTEX_POINT ( 'NONE', #2564 ) ;
#871 = MECHANICAL_DESIGN_GEOMETRIC_PRESENTATION_REPRESENTATION (  '', ( #4773 ), #1149 ) ;
#872 = ORIENTED_EDGE ( 'NONE', *, *, #2081, .F. ) ;
#873 = FACE_OUTER_BOUND ( 'NONE', #2342, .T. ) ;
#874 = ORIENTED_EDGE ( 'NONE', *, *, #1561, .T. ) ;
#875 = ADVANCED_FACE ( 'NONE', ( #3511 ), #1360, .F. ) ;
#876 = CARTESIAN_POINT ( 'NONE',  ( 2.720000000000000200, 0.1500000000000013300, 1.000000000000000000 ) ) ;
#877 = DIRECTION ( 'NONE',  ( -1.000000000000000000, -1.308519863344573800E-016, 0.0000000000000000000 ) ) ;
#878 = SURFACE_SIDE_STYLE ('',( #1310 ) ) ;
#879 = EDGE_CURVE ( 'NONE', #2881, #4878, #88, .T. ) ;
#880 = VERTEX_POINT ( 'NONE', #4623 ) ;
#881 = DIRECTION ( 'NONE',  ( 0.0000000000000000000, 0.0000000000000000000, -1.000000000000000000 ) ) ;
#882 = DIRECTION ( 'NONE',  ( 0.0000000000000000000, 0.0000000000000000000, 1.000000000000000000 ) ) ;
#883 = LINE ( 'NONE', #887, #1848 ) ;
#884 = VERTEX_POINT ( 'NONE', #4659 ) ;
#885 =( NAMED_UNIT ( * ) SI_UNIT ( $, .STERADIAN. ) SOLID_ANGLE_UNIT ( ) );
#886 = VERTEX_POINT ( 'NONE', #235 ) ;
#887 = CARTESIAN_POINT ( 'NONE',  ( 3.021188185951687800, 3.350000000000005000, 1.197882275128050200 ) ) ;
#888 = SURFACE_STYLE_USAGE ( .BOTH. , #483 ) ;
#889 = STYLED_ITEM ( 'NONE', ( #2334 ), #2295 ) ;
#890 = DIRECTION ( 'NONE',  ( 1.308519863344573800E-016, -1.000000000000000000, -0.0000000000000000000 ) ) ;
#891 = CIRCLE ( 'NONE', #3915, 2.500000000000000000 ) ;
#892 = DIRECTION ( 'NONE',  ( 0.0000000000000000000, -1.000000000000000000, 0.0000000000000000000 ) ) ;
#893 = CARTESIAN_POINT ( 'NONE',  ( 2.799999999999999400, 14.29802307403552100, -2.799999999999999400 ) ) ;
#894 = MECHANICAL_DESIGN_GEOMETRIC_PRESENTATION_REPRESENTATION (  '', ( #2710 ), #267 ) ;
#895 = EDGE_CURVE ( 'NONE', #2633, #1653, #1034, .T. ) ;
#896 = AXIS2_PLACEMENT_3D ( 'NONE', #1247, #2830, #1228 ) ;
#897 = ADVANCED_FACE ( 'NONE', ( #2811 ), #838, .F. ) ;
#898 = CIRCLE ( 'NONE', #2204, 0.5000000000000000000 ) ;
#899 = PRESENTATION_LAYER_ASSIGNMENT (  '', '', ( #642 ) ) ;
#900 =( NAMED_UNIT ( * ) SI_UNIT ( $, .STERADIAN. ) SOLID_ANGLE_UNIT ( ) );
#901 = ORIENTED_EDGE ( 'NONE', *, *, #3094, .T. ) ;
#902 = AXIS2_PLACEMENT_3D ( 'NONE', #3030, #3498, #203 ) ;
#903 = EDGE_CURVE ( 'NONE', #722, #1276, #217, .T. ) ;
#904 = CIRCLE ( 'NONE', #1936, 0.02000000000000005200 ) ;
#905 = CARTESIAN_POINT ( 'NONE',  ( -2.800000000000000300, 3.449999999999999700, -3.799999999999999400 ) ) ;
#906 = DIRECTION ( 'NONE',  ( 0.0000000000000000000, -1.000000000000000000, 0.0000000000000000000 ) ) ;
#907 = FILL_AREA_STYLE ('',( #4578 ) ) ;
#908 = EDGE_CURVE ( 'NONE', #2709, #4502, #779, .T. ) ;
#909 = CARTESIAN_POINT ( 'NONE',  ( 1.419999999999999900, 0.9299999999999999400, 3.799999999999999800 ) ) ;
#910 = ORIENTED_EDGE ( 'NONE', *, *, #1565, .F. ) ;
#911 = CARTESIAN_POINT ( 'NONE',  ( 1.419999999999999900, 0.9299999999999999400, 2.987419390442723100 ) ) ;
#912 = DIRECTION ( 'NONE',  ( 1.145283985019899200E-016, -1.000000000000000000, -0.0000000000000000000 ) ) ;
#913 = LINE ( 'NONE', #2245, #3463 ) ;
#914 = VECTOR ( 'NONE', #2902, 1000.000000000000000 ) ;
#915 = ORIENTED_EDGE ( 'NONE', *, *, #4003, .F. ) ;
#916 = ORIENTED_EDGE ( 'NONE', *, *, #2910, .T. ) ;
#917 =( GEOMETRIC_REPRESENTATION_CONTEXT ( 3 ) GLOBAL_UNCERTAINTY_ASSIGNED_CONTEXT ( ( #2592 ) ) GLOBAL_UNIT_ASSIGNED_CONTEXT ( ( #3688, #1237, #3662 ) ) REPRESENTATION_CONTEXT ( 'NONE', 'WORKASPACE' ) );
#918 = DIRECTION ( 'NONE',  ( -0.0000000000000000000, -0.0000000000000000000, -1.000000000000000000 ) ) ;
#919 = LINE ( 'NONE', #11, #4847 ) ;
#920 = LINE ( 'NONE', #3100, #4973 ) ;
#921 = CARTESIAN_POINT ( 'NONE',  ( 3.000000000000000000, 3.450000000000002000, 0.0000000000000000000 ) ) ;
#922 = CARTESIAN_POINT ( 'NONE',  ( -2.298097038856283400, 3.449999999999999700, 2.298097038856274900 ) ) ;
#923 = EDGE_CURVE ( 'NONE', #3406, #1786, #4201, .T. ) ;
#924 = DIRECTION ( 'NONE',  ( 0.0000000000000000000, -1.000000000000000000, 0.0000000000000000000 ) ) ;
#925 = VECTOR ( 'NONE', #5114, 1000.000000000000000 ) ;
#926 = VERTEX_POINT ( 'NONE', #3839 ) ;
#927 =( LENGTH_UNIT ( ) NAMED_UNIT ( * ) SI_UNIT ( .MILLI., .METRE. ) );
#928 = PRESENTATION_LAYER_ASSIGNMENT (  '', '', ( #32 ) ) ;
#929 =( NAMED_UNIT ( * ) SI_UNIT ( $, .STERADIAN. ) SOLID_ANGLE_UNIT ( ) );
#930 = ORIENTED_EDGE ( 'NONE', *, *, #30, .T. ) ;
#931 = VECTOR ( 'NONE', #1797, 1000.000000000000000 ) ;
#932 = ORIENTED_EDGE ( 'NONE', *, *, #2652, .F. ) ;
#933 = LINE ( 'NONE', #3112, #3997 ) ;
#934 = STYLED_ITEM ( 'NONE', ( #3318 ), #4495 ) ;
#935 = CARTESIAN_POINT ( 'NONE',  ( -3.021188185951688300, 1.029999999999999100, -1.197882275128048700 ) ) ;
#936 = AXIS2_PLACEMENT_3D ( 'NONE', #4075, #2422, #3627 ) ;
#937 = ORIENTED_EDGE ( 'NONE', *, *, #4830, .T. ) ;
#938 = STYLED_ITEM ( 'NONE', ( #1085 ), #1328 ) ;
#939 = ORIENTED_EDGE ( 'NONE', *, *, #227, .T. ) ;
#940 = COLOUR_RGB ( '',1.000000000000000000, 1.000000000000000000, 1.000000000000000000 ) ;
#941 = CARTESIAN_POINT ( 'NONE',  ( -4.612123605832327000E-016, 3.549999999999999800, 0.0000000000000000000 ) ) ;
#942 = EDGE_CURVE ( 'NONE', #1173, #2069, #891, .T. ) ;
#943 = ORIENTED_EDGE ( 'NONE', *, *, #1728, .T. ) ;
#944 = DIRECTION ( 'NONE',  ( 8.673617379884035500E-016, 0.0000000000000000000, 1.000000000000000000 ) ) ;
#945 = DIRECTION ( 'NONE',  ( 0.0000000000000000000, 0.0000000000000000000, 1.000000000000000000 ) ) ;
#946 = DIRECTION ( 'NONE',  ( -0.0000000000000000000, -0.0000000000000000000, -1.000000000000000000 ) ) ;
#947 = VECTOR ( 'NONE', #2615, 1000.000000000000100 ) ;
#948 =( NAMED_UNIT ( * ) PLANE_ANGLE_UNIT ( ) SI_UNIT ( $, .RADIAN. ) );
#949 = FILL_AREA_STYLE ('',( #135 ) ) ;
#950 = EDGE_LOOP ( 'NONE', ( #1967, #2425, #1547, #4053 ) ) ;
#951 = COLOUR_RGB ( '',0.5019607843137254800, 0.5019607843137254800, 0.5019607843137254800 ) ;
#952 = ADVANCED_FACE ( 'NONE', ( #3058 ), #1717, .F. ) ;
#953 = VERTEX_POINT ( 'NONE', #4695 ) ;
#954 = CYLINDRICAL_SURFACE ( 'NONE', #2056, 1.000000000000000000 ) ;
#955 = CIRCLE ( 'NONE', #467, 3.000000000000000400 ) ;
#956 = DIRECTION ( 'NONE',  ( -1.000000000000000000, 0.0000000000000000000, 0.0000000000000000000 ) ) ;
#957 = UNCERTAINTY_MEASURE_WITH_UNIT (LENGTH_MEASURE( 1.000000000000000100E-005 ), #5143, 'distance_accuracy_value', 'NONE');
#958 = CARTESIAN_POINT ( 'NONE',  ( 3.650000000000000400, 0.1200000000000000100, -1.000000000000000000 ) ) ;
#959 =( GEOMETRIC_REPRESENTATION_CONTEXT ( 3 ) GLOBAL_UNCERTAINTY_ASSIGNED_CONTEXT ( ( #348 ) ) GLOBAL_UNIT_ASSIGNED_CONTEXT ( ( #5012, #1470, #2605 ) ) REPRESENTATION_CONTEXT ( 'NONE', 'WORKASPACE' ) );
#960 = PLANE ( 'NONE',  #4317 ) ;
#961 = LINE ( 'NONE', #619, #4200 ) ;
#962 = PRESENTATION_STYLE_ASSIGNMENT (( #2641 ) ) ;
#963 =( NAMED_UNIT ( * ) PLANE_ANGLE_UNIT ( ) SI_UNIT ( $, .RADIAN. ) );
#964 = DIRECTION ( 'NONE',  ( 0.0000000000000000000, -1.000000000000000000, 0.0000000000000000000 ) ) ;
#965 = MECHANICAL_DESIGN_GEOMETRIC_PRESENTATION_REPRESENTATION (  '', ( #358 ), #2806 ) ;
#966 = COLOUR_RGB ( '',1.000000000000000000, 1.000000000000000000, 1.000000000000000000 ) ;
#967 =( NAMED_UNIT ( * ) PLANE_ANGLE_UNIT ( ) SI_UNIT ( $, .RADIAN. ) );
#968 = PRESENTATION_STYLE_ASSIGNMENT (( #1171 ) ) ;
#969 = FILL_AREA_STYLE ('',( #3404 ) ) ;
#970 = DIRECTION ( 'NONE',  ( 0.0000000000000000000, 0.0000000000000000000, -1.000000000000000000 ) ) ;
#971 =( GEOMETRIC_REPRESENTATION_CONTEXT ( 3 ) GLOBAL_UNCERTAINTY_ASSIGNED_CONTEXT ( ( #5192 ) ) GLOBAL_UNIT_ASSIGNED_CONTEXT ( ( #1054, #2608, #3426 ) ) REPRESENTATION_CONTEXT ( 'NONE', 'WORKASPACE' ) );
#972 = EDGE_CURVE ( 'NONE', #4878, #3742, #85, .T. ) ;
#973 = ORIENTED_EDGE ( 'NONE', *, *, #5058, .F. ) ;
#974 = FACE_OUTER_BOUND ( 'NONE', #3894, .T. ) ;
#975 = SURFACE_STYLE_FILL_AREA ( #4011 ) ;
#976 = DIRECTION ( 'NONE',  ( 0.0000000000000000000, 1.000000000000000000, 0.0000000000000000000 ) ) ;
#977 = ORIENTED_EDGE ( 'NONE', *, *, #1565, .T. ) ;
#978 = VECTOR ( 'NONE', #3768, 1000.000000000000000 ) ;
#979 = EDGE_CURVE ( 'NONE', #2847, #794, #648, .T. ) ;
#980 = EDGE_CURVE ( 'NONE', #1073, #4612, #3957, .T. ) ;
#981 = VERTEX_POINT ( 'NONE', #1869 ) ;
#982 = ADVANCED_FACE ( 'NONE', ( #332 ), #4571, .T. ) ;
#983 = FILL_AREA_STYLE_COLOUR ( '', #3457 ) ;
#984 = CARTESIAN_POINT ( 'NONE',  ( -3.169215880525925400, 3.449999999999999700, 1.626418571367451300 ) ) ;
#985 = LINE ( 'NONE', #116, #3601 ) ;
#986 = DIRECTION ( 'NONE',  ( 0.0000000000000000000, 1.000000000000000000, 0.0000000000000000000 ) ) ;
#987 =( NAMED_UNIT ( * ) PLANE_ANGLE_UNIT ( ) SI_UNIT ( $, .RADIAN. ) );
#988 = ORIENTED_EDGE ( 'NONE', *, *, #3916, .F. ) ;
#989 = SURFACE_STYLE_USAGE ( .BOTH. , #2258 ) ;
#990 = CARTESIAN_POINT ( 'NONE',  ( 2.799999999999997600, 0.5300000000000000300, 3.799999999999999800 ) ) ;
#991 = DIRECTION ( 'NONE',  ( 1.000000000000000000, 0.0000000000000000000, -0.0000000000000000000 ) ) ;
#992 = CYLINDRICAL_SURFACE ( 'NONE', #2168, 0.5000000000000000000 ) ;
#993 = ORIENTED_EDGE ( 'NONE', *, *, #3916, .T. ) ;
#994 = COLOUR_RGB ( '',0.5019607843137254800, 0.5019607843137254800, 0.5019607843137254800 ) ;
#995 = AXIS2_PLACEMENT_3D ( 'NONE', #3169, #1982, #1521 ) ;
#996 = DIRECTION ( 'NONE',  ( 0.0000000000000000000, 0.0000000000000000000, 1.000000000000000000 ) ) ;
#997 = ORIENTED_EDGE ( 'NONE', *, *, #536, .T. ) ;
#998 = LINE ( 'NONE', #2624, #1382 ) ;
#999 = ORIENTED_EDGE ( 'NONE', *, *, #2794, .F. ) ;
#1000 = CARTESIAN_POINT ( 'NONE',  ( 2.298097038856273600, 3.350000000000005000, 2.298097038856282000 ) ) ;
#1001 = CARTESIAN_POINT ( 'NONE',  ( 3.800000000000000300, 0.5300000000000003600, -1.419999999999999900 ) ) ;
#1002 = EDGE_CURVE ( 'NONE', #4073, #4740, #5189, .T. ) ;
#1003 = ORIENTED_EDGE ( 'NONE', *, *, #1865, .T. ) ;
#1004 = DIRECTION ( 'NONE',  ( 1.145283985019899200E-016, -1.000000000000000000, -0.0000000000000000000 ) ) ;
#1005 = PRESENTATION_LAYER_ASSIGNMENT (  '', '', ( #730 ) ) ;
#1006 = VECTOR ( 'NONE', #2301, 1000.000000000000000 ) ;
#1007 = ORIENTED_EDGE ( 'NONE', *, *, #575, .T. ) ;
#1008 =( NAMED_UNIT ( * ) PLANE_ANGLE_UNIT ( ) SI_UNIT ( $, .RADIAN. ) );
#1009 = DIRECTION ( 'NONE',  ( -1.000000000000000000, -1.145283985019899200E-016, 0.0000000000000000000 ) ) ;
#1010 =( NAMED_UNIT ( * ) PLANE_ANGLE_UNIT ( ) SI_UNIT ( $, .RADIAN. ) );
#1011 = ORIENTED_EDGE ( 'NONE', *, *, #268, .T. ) ;
#1012 = ADVANCED_FACE ( 'NONE', ( #3440 ), #735, .T. ) ;
#1013 = PLANE ( 'NONE',  #4714 ) ;
#1014 = CARTESIAN_POINT ( 'NONE',  ( -3.800000000000000300, 0.9299999999999999400, 1.419999999999999900 ) ) ;
#1015 = PRESENTATION_STYLE_ASSIGNMENT (( #3888 ) ) ;
#1016 = DIRECTION ( 'NONE',  ( -1.000000000000000000, -1.264902534566421700E-016, 0.0000000000000000000 ) ) ;
#1017 =( GEOMETRIC_REPRESENTATION_CONTEXT ( 3 ) GLOBAL_UNCERTAINTY_ASSIGNED_CONTEXT ( ( #4563 ) ) GLOBAL_UNIT_ASSIGNED_CONTEXT ( ( #2482, #3306, #847 ) ) REPRESENTATION_CONTEXT ( 'NONE', 'WORKASPACE' ) );
#1018 = AXIS2_PLACEMENT_3D ( 'NONE', #1201, #1574, #1592 ) ;
#1019 = EDGE_CURVE ( 'NONE', #853, #1635, #1215, .T. ) ;
#1020 = ORIENTED_EDGE ( 'NONE', *, *, #743, .T. ) ;
#1021 = CIRCLE ( 'NONE', #1974, 1.000000000000000000 ) ;
#1022 = CARTESIAN_POINT ( 'NONE',  ( 2.298097038856273600, 0.5300000000000001400, 3.298097038856282500 ) ) ;
#1023 = EDGE_CURVE ( 'NONE', #3546, #3508, #1536, .T. ) ;
#1024 = DIRECTION ( 'NONE',  ( 1.000000000000000000, 0.0000000000000000000, 0.0000000000000000000 ) ) ;
#1025 = ORIENTED_EDGE ( 'NONE', *, *, #5006, .T. ) ;
#1026 = CARTESIAN_POINT ( 'NONE',  ( -3.750000000000000000, 0.1200000000000000100, 1.000000000000000000 ) ) ;
#1027 =( NAMED_UNIT ( * ) SI_UNIT ( $, .STERADIAN. ) SOLID_ANGLE_UNIT ( ) );
#1028 = DIRECTION ( 'NONE',  ( 0.0000000000000000000, 0.0000000000000000000, -1.000000000000000000 ) ) ;
#1029 = UNCERTAINTY_MEASURE_WITH_UNIT (LENGTH_MEASURE( 1.000000000000000100E-005 ), #1147, 'distance_accuracy_value', 'NONE');
#1030 = CARTESIAN_POINT ( 'NONE',  ( -3.630000000000000300, 0.1000000000000000100, 1.000000000000000000 ) ) ;
#1031 = AXIS2_PLACEMENT_3D ( 'NONE', #1056, #1534, #5122 ) ;
#1032 = CARTESIAN_POINT ( 'NONE',  ( 3.630000000000000300, 6.776263578034402700E-017, -1.000000000000000000 ) ) ;
#1033 = FACE_OUTER_BOUND ( 'NONE', #4555, .T. ) ;
#1034 = LINE ( 'NONE', #4271, #3837 ) ;
#1035 = AXIS2_PLACEMENT_3D ( 'NONE', #300, #5164, #2747 ) ;
#1036 = CARTESIAN_POINT ( 'NONE',  ( -1.197882275128049300, 0.9299999999999997200, 3.021188185951687800 ) ) ;
#1037 = LINE ( 'NONE', #56, #3586 ) ;
#1038 = EDGE_CURVE ( 'NONE', #4893, #659, #3706, .T. ) ;
#1039 = CIRCLE ( 'NONE', #4134, 0.5000000000000000000 ) ;
#1040 = ADVANCED_FACE ( 'NONE', ( #3246 ), #3136, .F. ) ;
#1041 = CARTESIAN_POINT ( 'NONE',  ( -2.739999999999999800, 0.1200000000000000100, -1.000000000000000000 ) ) ;
#1042 = STYLED_ITEM ( 'NONE', ( #3085 ), #3086 ) ;
#1043 = FACE_OUTER_BOUND ( 'NONE', #1488, .T. ) ;
#1044 = CARTESIAN_POINT ( 'NONE',  ( -2.298097038856283400, 3.350000000000005000, 2.298097038856274900 ) ) ;
#1045 = VERTEX_POINT ( 'NONE', #4357 ) ;
#1046 =( NAMED_UNIT ( * ) SI_UNIT ( $, .STERADIAN. ) SOLID_ANGLE_UNIT ( ) );
#1047 = DIRECTION ( 'NONE',  ( 0.0000000000000000000, 1.000000000000000000, 0.0000000000000000000 ) ) ;
#1048 = SURFACE_STYLE_USAGE ( .BOTH. , #3424 ) ;
#1049 = AXIS2_PLACEMENT_3D ( 'NONE', #1968, #5124, #3075 ) ;
#1050 = STYLED_ITEM ( 'NONE', ( #4590 ), #503 ) ;
#1051 = ORIENTED_EDGE ( 'NONE', *, *, #3113, .T. ) ;
#1052 = DIRECTION ( 'NONE',  ( 0.0000000000000000000, 0.0000000000000000000, 1.000000000000000000 ) ) ;
#1053 = DIRECTION ( 'NONE',  ( -1.000000000000000000, 0.0000000000000000000, 0.0000000000000000000 ) ) ;
#1054 =( LENGTH_UNIT ( ) NAMED_UNIT ( * ) SI_UNIT ( .MILLI., .METRE. ) );
#1055 = ORIENTED_EDGE ( 'NONE', *, *, #1190, .F. ) ;
#1056 = CARTESIAN_POINT ( 'NONE',  ( -3.629999999999999900, 0.1200000000000000200, 1.000000000000000000 ) ) ;
#1057 = LINE ( 'NONE', #4814, #1178 ) ;
#1058 = EDGE_LOOP ( 'NONE', ( #2487, #2199, #1078, #4622 ) ) ;
#1059 = SURFACE_SIDE_STYLE ('',( #2332 ) ) ;
#1060 = COLOUR_RGB ( '',0.5019607843137254800, 0.5019607843137254800, 0.5019607843137254800 ) ;
#1061 = VERTEX_POINT ( 'NONE', #3235 ) ;
#1062 = UNCERTAINTY_MEASURE_WITH_UNIT (LENGTH_MEASURE( 1.000000000000000100E-005 ), #1064, 'distance_accuracy_value', 'NONE');
#1063 = SURFACE_SIDE_STYLE ('',( #1222 ) ) ;
#1064 =( LENGTH_UNIT ( ) NAMED_UNIT ( * ) SI_UNIT ( .MILLI., .METRE. ) );
#1065 = LINE ( 'NONE', #5071, #3215 ) ;
#1066 = LINE ( 'NONE', #3643, #4607 ) ;
#1067 = ORIENTED_EDGE ( 'NONE', *, *, #2441, .T. ) ;
#1068 = ADVANCED_FACE ( 'NONE', ( #1788 ), #5123, .T. ) ;
#1069 = LINE ( 'NONE', #3958, #4490 ) ;
#1070 =( LENGTH_UNIT ( ) NAMED_UNIT ( * ) SI_UNIT ( .MILLI., .METRE. ) );
#1071 = DIRECTION ( 'NONE',  ( 1.145283985019899200E-016, -1.000000000000000000, -0.0000000000000000000 ) ) ;
#1072 = CARTESIAN_POINT ( 'NONE',  ( -2.600000000000000100, 0.1500000000000000200, 1.000000000000000000 ) ) ;
#1073 = VERTEX_POINT ( 'NONE', #787 ) ;
#1074 = LINE ( 'NONE', #447, #3489 ) ;
#1075 = ORIENTED_EDGE ( 'NONE', *, *, #2004, .T. ) ;
#1076 =( GEOMETRIC_REPRESENTATION_CONTEXT ( 3 ) GLOBAL_UNCERTAINTY_ASSIGNED_CONTEXT ( ( #2917 ) ) GLOBAL_UNIT_ASSIGNED_CONTEXT ( ( #1590, #3217, #4074 ) ) REPRESENTATION_CONTEXT ( 'NONE', 'WORKASPACE' ) );
#1077 = DIRECTION ( 'NONE',  ( 0.0000000000000000000, 0.0000000000000000000, -1.000000000000000000 ) ) ;
#1078 = ORIENTED_EDGE ( 'NONE', *, *, #3126, .T. ) ;
#1079 = STYLED_ITEM ( 'NONE', ( #4031 ), #4261 ) ;
#1080 = EDGE_CURVE ( 'NONE', #1980, #3422, #2432, .T. ) ;
#1081 = CARTESIAN_POINT ( 'NONE',  ( 2.987419390442723100, 0.9300000000000002700, -1.419999999999999900 ) ) ;
#1082 = MECHANICAL_DESIGN_GEOMETRIC_PRESENTATION_REPRESENTATION (  '', ( #4 ), #2640 ) ;
#1083 = APPLICATION_CONTEXT ( 'automotive_design' ) ;
#1084 = ORIENTED_EDGE ( 'NONE', *, *, #1978, .F. ) ;
#1085 = PRESENTATION_STYLE_ASSIGNMENT (( #824 ) ) ;
#1086 = ORIENTED_EDGE ( 'NONE', *, *, #1648, .F. ) ;
#1087 = DIRECTION ( 'NONE',  ( 0.6573238933929663700, 0.7071067811865421300, -0.2606248245557578100 ) ) ;
#1088 = SURFACE_STYLE_FILL_AREA ( #3345 ) ;
#1089 = AXIS2_PLACEMENT_3D ( 'NONE', #5170, #673, #1976 ) ;
#1090 = EDGE_CURVE ( 'NONE', #3565, #415, #955, .T. ) ;
#1091 = CARTESIAN_POINT ( 'NONE',  ( 3.630000000000000300, 0.0000000000000000000, 1.000000000000000000 ) ) ;
#1092 = SURFACE_STYLE_FILL_AREA ( #1955 ) ;
#1093 = FILL_AREA_STYLE_COLOUR ( '', #4144 ) ;
#1094 = DIRECTION ( 'NONE',  ( 1.145283985019899200E-016, -1.000000000000000000, -0.0000000000000000000 ) ) ;
#1095 = PRESENTATION_STYLE_ASSIGNMENT (( #4080 ) ) ;
#1096 = CARTESIAN_POINT ( 'NONE',  ( 1.687480250230081000, 3.350000000000005000, -3.090023258555954400 ) ) ;
#1097 = UNCERTAINTY_MEASURE_WITH_UNIT (LENGTH_MEASURE( 1.000000000000000100E-005 ), #4579, 'distance_accuracy_value', 'NONE');
#1098 = DIRECTION ( 'NONE',  ( -0.0000000000000000000, -0.0000000000000000000, -1.000000000000000000 ) ) ;
#1099 = CYLINDRICAL_SURFACE ( 'NONE', #2679, 1.000000000000000000 ) ;
#1100 =( NAMED_UNIT ( * ) SI_UNIT ( $, .STERADIAN. ) SOLID_ANGLE_UNIT ( ) );
#1101 = CARTESIAN_POINT ( 'NONE',  ( -1.382171855916968000, 0.5300000000000000300, -3.485986368405798300 ) ) ;
#1102 =( GEOMETRIC_REPRESENTATION_CONTEXT ( 3 ) GLOBAL_UNCERTAINTY_ASSIGNED_CONTEXT ( ( #1097 ) ) GLOBAL_UNIT_ASSIGNED_CONTEXT ( ( #4579, #1769, #3757 ) ) REPRESENTATION_CONTEXT ( 'NONE', 'WORKASPACE' ) );
#1103 = ORIENTED_EDGE ( 'NONE', *, *, #1763, .T. ) ;
#1104 = EDGE_CURVE ( 'NONE', #2633, #5045, #329, .T. ) ;
#1105 = ORIENTED_EDGE ( 'NONE', *, *, #1659, .T. ) ;
#1106 = AXIS2_PLACEMENT_3D ( 'NONE', #2088, #2947, #2101 ) ;
#1107 = COLOUR_RGB ( '',1.000000000000000000, 1.000000000000000000, 1.000000000000000000 ) ;
#1108 =( NAMED_UNIT ( * ) SI_UNIT ( $, .STERADIAN. ) SOLID_ANGLE_UNIT ( ) );
#1109 =( LENGTH_UNIT ( ) NAMED_UNIT ( * ) SI_UNIT ( .MILLI., .METRE. ) );
#1110 = ORIENTED_EDGE ( 'NONE', *, *, #2576, .F. ) ;
#1111 = AXIS2_PLACEMENT_3D ( 'NONE', #2374, #2728, #2339 ) ;
#1112 = DIRECTION ( 'NONE',  ( 0.0000000000000000000, -1.000000000000000000, 0.0000000000000000000 ) ) ;
#1113 = VECTOR ( 'NONE', #5049, 1000.000000000000000 ) ;
#1114 = LINE ( 'NONE', #473, #4039 ) ;
#1115 = AXIS2_PLACEMENT_3D ( 'NONE', #789, #1639, #1999 ) ;
#1116 = PRESENTATION_LAYER_ASSIGNMENT (  '', '', ( #1559 ) ) ;
#1117 =( NAMED_UNIT ( * ) PLANE_ANGLE_UNIT ( ) SI_UNIT ( $, .RADIAN. ) );
#1118 = EDGE_CURVE ( 'NONE', #4889, #1584, #5002, .T. ) ;
#1119 = ORIENTED_EDGE ( 'NONE', *, *, #4207, .F. ) ;
#1120 = CARTESIAN_POINT ( 'NONE',  ( -3.650000000000000400, 0.9299999999999999400, 1.000000000000000000 ) ) ;
#1121 = EDGE_CURVE ( 'NONE', #1073, #3565, #705, .T. ) ;
#1122 = FACE_BOUND ( 'NONE', #1818, .T. ) ;
#1123 = CONICAL_SURFACE ( 'NONE', #4330, 1.000000000000000000, 0.7853981633974569400 ) ;
#1124 = DIRECTION ( 'NONE',  ( 0.0000000000000000000, -0.0000000000000000000, -1.000000000000000000 ) ) ;
#1125 = VERTEX_POINT ( 'NONE', #4807 ) ;
#1126 = FACE_OUTER_BOUND ( 'NONE', #4420, .T. ) ;
#1127 = CARTESIAN_POINT ( 'NONE',  ( -2.719999999999999800, 0.1500000000000000500, 1.000000000000000000 ) ) ;
#1128 = UNCERTAINTY_MEASURE_WITH_UNIT (LENGTH_MEASURE( 1.000000000000000100E-005 ), #2793, 'distance_accuracy_value', 'NONE');
#1129 = CARTESIAN_POINT ( 'NONE',  ( 3.799999999999999400, 3.449999999999999700, 3.799999999999999800 ) ) ;
#1130 = ORIENTED_EDGE ( 'NONE', *, *, #2925, .F. ) ;
#1131 = EDGE_LOOP ( 'NONE', ( #4181, #3671 ) ) ;
#1132 = SURFACE_STYLE_USAGE ( .BOTH. , #1917 ) ;
#1133 = DIRECTION ( 'NONE',  ( 0.0000000000000000000, 0.0000000000000000000, 1.000000000000000000 ) ) ;
#1134 = VERTEX_POINT ( 'NONE', #774 ) ;
#1135 = CIRCLE ( 'NONE', #3838, 0.02000000000000005200 ) ;
#1136 = ORIENTED_EDGE ( 'NONE', *, *, #2616, .T. ) ;
#1137 = CARTESIAN_POINT ( 'NONE',  ( -1.197882275128049600, 0.5300000000000001400, 3.021188185951688300 ) ) ;
#1138 = FACE_OUTER_BOUND ( 'NONE', #466, .T. ) ;
#1139 = MECHANICAL_DESIGN_GEOMETRIC_PRESENTATION_REPRESENTATION (  '', ( #3770 ), #2770 ) ;
#1140 =( GEOMETRIC_REPRESENTATION_CONTEXT ( 3 ) GLOBAL_UNCERTAINTY_ASSIGNED_CONTEXT ( ( #260 ) ) GLOBAL_UNIT_ASSIGNED_CONTEXT ( ( #5150, #1154, #3594 ) ) REPRESENTATION_CONTEXT ( 'NONE', 'WORKASPACE' ) );
#1141 = FACE_OUTER_BOUND ( 'NONE', #3135, .T. ) ;
#1142 =( NAMED_UNIT ( * ) PLANE_ANGLE_UNIT ( ) SI_UNIT ( $, .RADIAN. ) );
#1143 = ORIENTED_EDGE ( 'NONE', *, *, #4268, .F. ) ;
#1144 = AXIS2_PLACEMENT_3D ( 'NONE', #389, #777, #3187 ) ;
#1145 = COLOUR_RGB ( '',0.5019607843137254800, 0.5019607843137254800, 0.5019607843137254800 ) ;
#1146 = DIRECTION ( 'NONE',  ( 0.0000000000000000000, 1.000000000000000000, -0.0000000000000000000 ) ) ;
#1147 =( LENGTH_UNIT ( ) NAMED_UNIT ( * ) SI_UNIT ( .MILLI., .METRE. ) );
#1148 = FILL_AREA_STYLE ('',( #3589 ) ) ;
#1149 =( GEOMETRIC_REPRESENTATION_CONTEXT ( 3 ) GLOBAL_UNCERTAINTY_ASSIGNED_CONTEXT ( ( #4183 ) ) GLOBAL_UNIT_ASSIGNED_CONTEXT ( ( #4692, #2265, #4350 ) ) REPRESENTATION_CONTEXT ( 'NONE', 'WORKASPACE' ) );
#1150 = ORIENTED_EDGE ( 'NONE', *, *, #3019, .F. ) ;
#1151 = DIRECTION ( 'NONE',  ( -0.0000000000000000000, -1.000000000000000000, -0.0000000000000000000 ) ) ;
#1152 = FACE_OUTER_BOUND ( 'NONE', #82, .T. ) ;
#1153 = CARTESIAN_POINT ( 'NONE',  ( 3.650000000000000400, 0.1200000000000000100, 1.000000000000000000 ) ) ;
#1154 =( NAMED_UNIT ( * ) PLANE_ANGLE_UNIT ( ) SI_UNIT ( $, .RADIAN. ) );
#1155 = PLANE ( 'NONE',  #3207 ) ;
#1156 = ORIENTED_EDGE ( 'NONE', *, *, #2752, .F. ) ;
#1157 = EDGE_CURVE ( 'NONE', #1452, #3054, #3829, .T. ) ;
#1158 = PLANE ( 'NONE',  #5151 ) ;
#1159 = LINE ( 'NONE', #1560, #3779 ) ;
#1160 = CARTESIAN_POINT ( 'NONE',  ( 3.485986368405793500, 1.030000000000000000, 1.382171855916980900 ) ) ;
#1161 = CARTESIAN_POINT ( 'NONE',  ( 1.382171855916979800, 0.9299999999999999400, -3.485986368405793500 ) ) ;
#1162 = ORIENTED_EDGE ( 'NONE', *, *, #306, .T. ) ;
#1163 = SURFACE_STYLE_USAGE ( .BOTH. , #3547 ) ;
#1164 = CARTESIAN_POINT ( 'NONE',  ( -2.298097038856275400, 0.5300000000000001400, -2.298097038856282900 ) ) ;
#1165 =( LENGTH_UNIT ( ) NAMED_UNIT ( * ) SI_UNIT ( .MILLI., .METRE. ) );
#1166 = EDGE_LOOP ( 'NONE', ( #303, #1750, #572, #207, #418, #4790 ) ) ;
#1167 = DIRECTION ( 'NONE',  ( 0.0000000000000000000, 0.0000000000000000000, -1.000000000000000000 ) ) ;
#1168 = VECTOR ( 'NONE', #4520, 1000.000000000000000 ) ;
#1169 = CARTESIAN_POINT ( 'NONE',  ( -2.719999999999999800, 0.1500000000000000500, -1.000000000000000000 ) ) ;
#1170 = MECHANICAL_DESIGN_GEOMETRIC_PRESENTATION_REPRESENTATION (  '', ( #889 ), #1896 ) ;
#1171 = SURFACE_STYLE_USAGE ( .BOTH. , #3206 ) ;
#1172 = LINE ( 'NONE', #4155, #2189 ) ;
#1173 = VERTEX_POINT ( 'NONE', #2018 ) ;
#1174 =( GEOMETRIC_REPRESENTATION_CONTEXT ( 3 ) GLOBAL_UNCERTAINTY_ASSIGNED_CONTEXT ( ( #1453 ) ) GLOBAL_UNIT_ASSIGNED_CONTEXT ( ( #1203, #4392, #4454 ) ) REPRESENTATION_CONTEXT ( 'NONE', 'WORKASPACE' ) );
#1175 = EDGE_CURVE ( 'NONE', #3742, #4062, #4194, .T. ) ;
#1176 = ORIENTED_EDGE ( 'NONE', *, *, #1175, .T. ) ;
#1177 = PRESENTATION_STYLE_ASSIGNMENT (( #4639 ) ) ;
#1178 = VECTOR ( 'NONE', #4845, 1000.000000000000000 ) ;
#1179 = DIRECTION ( 'NONE',  ( 0.0000000000000000000, 0.0000000000000000000, -1.000000000000000000 ) ) ;
#1180 = PRODUCT_CONTEXT ( 'NONE', #1083, 'mechanical' ) ;
#1181 = VERTEX_POINT ( 'NONE', #1605 ) ;
#1182 = PLANE ( 'NONE',  #1115 ) ;
#1183 = CARTESIAN_POINT ( 'NONE',  ( 3.021188185951692700, 3.350000000000005000, -1.197882275128038900 ) ) ;
#1184 = PRESENTATION_LAYER_ASSIGNMENT (  '', '', ( #1254 ) ) ;
#1185 = PRESENTATION_STYLE_ASSIGNMENT (( #888 ) ) ;
#1186 = ORIENTED_EDGE ( 'NONE', *, *, #1629, .F. ) ;
#1187 = AXIS2_PLACEMENT_3D ( 'NONE', #167, #4564, #1709 ) ;
#1188 = COLOUR_RGB ( '',0.5019607843137254800, 0.5019607843137254800, 0.5019607843137254800 ) ;
#1189 = CARTESIAN_POINT ( 'NONE',  ( -3.800000000000000300, 14.29802307403552100, 2.799999999999999800 ) ) ;
#1190 = EDGE_CURVE ( 'NONE', #2668, #3157, #2743, .T. ) ;
#1191 = EDGE_CURVE ( 'NONE', #5206, #2898, #640, .T. ) ;
#1192 = CYLINDRICAL_SURFACE ( 'NONE', #2813, 1.000000000000000400 ) ;
#1193 = ORIENTED_EDGE ( 'NONE', *, *, #1002, .T. ) ;
#1194 = UNCERTAINTY_MEASURE_WITH_UNIT (LENGTH_MEASURE( 1.000000000000000100E-005 ), #773, 'distance_accuracy_value', 'NONE');
#1195 = ORIENTED_EDGE ( 'NONE', *, *, #3469, .T. ) ;
#1196 = SURFACE_STYLE_USAGE ( .BOTH. , #4464 ) ;
#1197 = SURFACE_STYLE_FILL_AREA ( #2261 ) ;
#1198 = ORIENTED_EDGE ( 'NONE', *, *, #3740, .T. ) ;
#1199 = FACE_OUTER_BOUND ( 'NONE', #1505, .T. ) ;
#1200 = SURFACE_STYLE_USAGE ( .BOTH. , #3677 ) ;
#1201 = CARTESIAN_POINT ( 'NONE',  ( -3.485986368405793900, 3.350000000000005000, -1.382171855916979300 ) ) ;
#1202 = CARTESIAN_POINT ( 'NONE',  ( -2.298097038856283400, 0.5300000000000001400, 3.298097038856274900 ) ) ;
#1203 =( LENGTH_UNIT ( ) NAMED_UNIT ( * ) SI_UNIT ( .MILLI., .METRE. ) );
#1204 =( GEOMETRIC_REPRESENTATION_CONTEXT ( 3 ) GLOBAL_UNCERTAINTY_ASSIGNED_CONTEXT ( ( #2463 ) ) GLOBAL_UNIT_ASSIGNED_CONTEXT ( ( #344, #1142, #724 ) ) REPRESENTATION_CONTEXT ( 'NONE', 'WORKASPACE' ) );
#1205 = VERTEX_POINT ( 'NONE', #1552 ) ;
#1206 =( LENGTH_UNIT ( ) NAMED_UNIT ( * ) SI_UNIT ( .MILLI., .METRE. ) );
#1207 = COLOUR_RGB ( '',1.000000000000000000, 1.000000000000000000, 1.000000000000000000 ) ;
#1208 = AXIS2_PLACEMENT_3D ( 'NONE', #317, #3251, #4822 ) ;
#1209 = EDGE_CURVE ( 'NONE', #4878, #123, #4133, .T. ) ;
#1210 = ORIENTED_EDGE ( 'NONE', *, *, #1661, .T. ) ;
#1211 = DIRECTION ( 'NONE',  ( 0.0000000000000000000, 1.000000000000000000, 0.0000000000000000000 ) ) ;
#1212 = AXIS2_PLACEMENT_3D ( 'NONE', #593, #3853, #1409 ) ;
#1213 =( LENGTH_UNIT ( ) NAMED_UNIT ( * ) SI_UNIT ( .MILLI., .METRE. ) );
#1214 = VECTOR ( 'NONE', #1501, 1000.000000000000100 ) ;
#1215 = LINE ( 'NONE', #2694, #83 ) ;
#1216 =( GEOMETRIC_REPRESENTATION_CONTEXT ( 3 ) GLOBAL_UNCERTAINTY_ASSIGNED_CONTEXT ( ( #4344 ) ) GLOBAL_UNIT_ASSIGNED_CONTEXT ( ( #2838, #352, #1234 ) ) REPRESENTATION_CONTEXT ( 'NONE', 'WORKASPACE' ) );
#1217 = STYLED_ITEM ( 'NONE', ( #2738 ), #1252 ) ;
#1218 =( NAMED_UNIT ( * ) SI_UNIT ( $, .STERADIAN. ) SOLID_ANGLE_UNIT ( ) );
#1219 = CARTESIAN_POINT ( 'NONE',  ( 3.799999999999999400, 0.5300000000000000300, 3.799999999999999800 ) ) ;
#1220 = COLOUR_RGB ( '',0.5019607843137254800, 0.5019607843137254800, 0.5019607843137254800 ) ;
#1221 = EDGE_CURVE ( 'NONE', #4262, #4113, #2866, .T. ) ;
#1222 = SURFACE_STYLE_FILL_AREA ( #3046 ) ;
#1223 = CARTESIAN_POINT ( 'NONE',  ( 1.626418571367451000, 3.449999999999999700, 3.169215880525925000 ) ) ;
#1224 =( NAMED_UNIT ( * ) SI_UNIT ( $, .STERADIAN. ) SOLID_ANGLE_UNIT ( ) );
#1225 = DIRECTION ( 'NONE',  ( -1.000000000000000000, -1.000802005371234800E-016, 0.0000000000000000000 ) ) ;
#1226 = ADVANCED_FACE ( 'NONE', ( #2676 ), #2982, .T. ) ;
#1227 = VECTOR ( 'NONE', #2296, 1000.000000000000000 ) ;
#1228 = DIRECTION ( 'NONE',  ( -1.000000000000000000, 0.0000000000000000000, -1.387778780781445700E-014 ) ) ;
#1229 = CIRCLE ( 'NONE', #3880, 3.250000000000000400 ) ;
#1230 = SURFACE_STYLE_USAGE ( .BOTH. , #5159 ) ;
#1231 = DIRECTION ( 'NONE',  ( -0.0000000000000000000, 1.000000000000000000, -0.0000000000000000000 ) ) ;
#1232 = ORIENTED_EDGE ( 'NONE', *, *, #4302, .T. ) ;
#1233 = VECTOR ( 'NONE', #2176, 1000.000000000000000 ) ;
#1234 =( NAMED_UNIT ( * ) SI_UNIT ( $, .STERADIAN. ) SOLID_ANGLE_UNIT ( ) );
#1235 = CARTESIAN_POINT ( 'NONE',  ( -3.201784540621267600E-017, 0.2700000000000009600, 0.0000000000000000000 ) ) ;
#1236 = STYLED_ITEM ( 'NONE', ( #1535 ), #5077 ) ;
#1237 =( NAMED_UNIT ( * ) PLANE_ANGLE_UNIT ( ) SI_UNIT ( $, .RADIAN. ) );
#1238 = ORIENTED_EDGE ( 'NONE', *, *, #1023, .F. ) ;
#1239 = CARTESIAN_POINT ( 'NONE',  ( -3.800000000000000300, 0.9299999999999999400, 1.419999999999999900 ) ) ;
#1240 = AXIS2_PLACEMENT_3D ( 'NONE', #3118, #1931, #3938 ) ;
#1241 = CIRCLE ( 'NONE', #3210, 0.5000000000000004400 ) ;
#1242 = CYLINDRICAL_SURFACE ( 'NONE', #1305, 0.1199999999999998800 ) ;
#1243 = ORIENTED_EDGE ( 'NONE', *, *, #132, .T. ) ;
#1244 = AXIS2_PLACEMENT_3D ( 'NONE', #239, #3065, #1503 ) ;
#1245 = EDGE_CURVE ( 'NONE', #1446, #1495, #2542, .T. ) ;
#1246 = FACE_OUTER_BOUND ( 'NONE', #3652, .T. ) ;
#1247 = CARTESIAN_POINT ( 'NONE',  ( 1.382171855916979800, 1.029999999999999800, -3.485986368405793500 ) ) ;
#1248 =( GEOMETRIC_REPRESENTATION_CONTEXT ( 3 ) GLOBAL_UNCERTAINTY_ASSIGNED_CONTEXT ( ( #33 ) ) GLOBAL_UNIT_ASSIGNED_CONTEXT ( ( #2192, #4141, #184 ) ) REPRESENTATION_CONTEXT ( 'NONE', 'WORKASPACE' ) );
#1249 = CARTESIAN_POINT ( 'NONE',  ( -0.9999999999999993300, 0.2700000000000008500, 2.291287847477920400 ) ) ;
#1250 = COLOUR_RGB ( '',1.000000000000000000, 1.000000000000000000, 1.000000000000000000 ) ;
#1251 = VERTEX_POINT ( 'NONE', #163 ) ;
#1252 = ADVANCED_FACE ( 'NONE', ( #3950 ), #145, .F. ) ;
#1253 = CARTESIAN_POINT ( 'NONE',  ( 1.382171855916979800, 3.350000000000005000, -3.485986368405793500 ) ) ;
#1254 = STYLED_ITEM ( 'NONE', ( #3316 ), #89 ) ;
#1255 = ORIENTED_EDGE ( 'NONE', *, *, #4559, .F. ) ;
#1256 = DIRECTION ( 'NONE',  ( -1.000000000000000000, -1.445602896647338900E-016, 0.0000000000000000000 ) ) ;
#1257 = EDGE_CURVE ( 'NONE', #1776, #3005, #4567, .T. ) ;
#1258 = VERTEX_POINT ( 'NONE', #4558 ) ;
#1259 = VECTOR ( 'NONE', #4266, 1000.000000000000000 ) ;
#1260 = UNCERTAINTY_MEASURE_WITH_UNIT (LENGTH_MEASURE( 1.000000000000000100E-005 ), #1785, 'distance_accuracy_value', 'NONE');
#1261 = ORIENTED_EDGE ( 'NONE', *, *, #4268, .T. ) ;
#1262 = ORIENTED_EDGE ( 'NONE', *, *, #2536, .F. ) ;
#1263 = DIRECTION ( 'NONE',  ( -1.000000000000000000, -2.168404344971008900E-016, 0.0000000000000000000 ) ) ;
#1264 = ORIENTED_EDGE ( 'NONE', *, *, #4386, .F. ) ;
#1265 = VECTOR ( 'NONE', #2544, 1000.000000000000000 ) ;
#1266 = DIRECTION ( 'NONE',  ( 0.0000000000000000000, 0.0000000000000000000, -1.000000000000000000 ) ) ;
#1267 = PLANE ( 'NONE',  #4246 ) ;
#1268 = ORIENTED_EDGE ( 'NONE', *, *, #4382, .T. ) ;
#1269 = DIRECTION ( 'NONE',  ( -1.308519863344573800E-016, 1.000000000000000000, 0.0000000000000000000 ) ) ;
#1270 = PRESENTATION_LAYER_ASSIGNMENT (  '', '', ( #1475 ) ) ;
#1271 = CARTESIAN_POINT ( 'NONE',  ( -2.298097038856283400, 1.029999999999999400, 2.298097038856274900 ) ) ;
#1272 = DIRECTION ( 'NONE',  ( 0.0000000000000000000, 1.000000000000000000, 0.0000000000000000000 ) ) ;
#1273 = VERTEX_POINT ( 'NONE', #150 ) ;
#1274 = EDGE_CURVE ( 'NONE', #884, #1205, #3241, .T. ) ;
#1275 = AXIS2_PLACEMENT_3D ( 'NONE', #1602, #4019, #2049 ) ;
#1276 = VERTEX_POINT ( 'NONE', #1726 ) ;
#1277 = DIRECTION ( 'NONE',  ( 0.0000000000000000000, -1.000000000000000000, 0.0000000000000000000 ) ) ;
#1278 = FILL_AREA_STYLE_COLOUR ( '', #4697 ) ;
#1279 = VECTOR ( 'NONE', #1664, 1000.000000000000000 ) ;
#1280 = AXIS2_PLACEMENT_3D ( 'NONE', #1164, #2924, #484 ) ;
#1281 = EDGE_CURVE ( 'NONE', #3406, #1614, #2103, .T. ) ;
#1282 = UNCERTAINTY_MEASURE_WITH_UNIT (LENGTH_MEASURE( 1.000000000000000100E-005 ), #65, 'distance_accuracy_value', 'NONE');
#1283 = PLANE ( 'NONE',  #2239 ) ;
#1284 = ORIENTED_EDGE ( 'NONE', *, *, #2910, .F. ) ;
#1285 = EDGE_CURVE ( 'NONE', #1495, #4262, #3765, .T. ) ;
#1286 = DIRECTION ( 'NONE',  ( 0.0000000000000000000, 0.0000000000000000000, 1.000000000000000000 ) ) ;
#1287 = CARTESIAN_POINT ( 'NONE',  ( 2.600000000000000500, 0.2700000000000013500, -1.000000000000000000 ) ) ;
#1288 = CARTESIAN_POINT ( 'NONE',  ( -3.021188185951692700, 1.029999999999999100, 1.197882275128038200 ) ) ;
#1289 = CYLINDRICAL_SURFACE ( 'NONE', #1387, 1.000000000000000200 ) ;
#1290 = ORIENTED_EDGE ( 'NONE', *, *, #3397, .F. ) ;
#1291 = VERTEX_POINT ( 'NONE', #556 ) ;
#1292 = CIRCLE ( 'NONE', #3774, 0.5000000000000004400 ) ;
#1293 = VECTOR ( 'NONE', #1599, 1000.000000000000000 ) ;
#1294 =( LENGTH_UNIT ( ) NAMED_UNIT ( * ) SI_UNIT ( .MILLI., .METRE. ) );
#1295 = PRESENTATION_STYLE_ASSIGNMENT (( #3555 ) ) ;
#1296 = EDGE_LOOP ( 'NONE', ( #822, #3484, #5057, #4439 ) ) ;
#1297 = ADVANCED_FACE ( 'NONE', ( #4874 ), #2539, .F. ) ;
#1298 =( LENGTH_UNIT ( ) NAMED_UNIT ( * ) SI_UNIT ( .MILLI., .METRE. ) );
#1299 = SURFACE_STYLE_USAGE ( .BOTH. , #4090 ) ;
#1300 =( NAMED_UNIT ( * ) PLANE_ANGLE_UNIT ( ) SI_UNIT ( $, .RADIAN. ) );
#1301 = PRESENTATION_LAYER_ASSIGNMENT (  '', '', ( #1236 ) ) ;
#1302 = PRESENTATION_STYLE_ASSIGNMENT (( #2774 ) ) ;
#1303 = EDGE_CURVE ( 'NONE', #3157, #602, #5118, .T. ) ;
#1304 = CARTESIAN_POINT ( 'NONE',  ( -3.629999999999999900, 0.1200000000000000200, 1.000000000000000000 ) ) ;
#1305 = AXIS2_PLACEMENT_3D ( 'NONE', #3244, #1644, #2405 ) ;
#1306 = SURFACE_STYLE_USAGE ( .BOTH. , #2565 ) ;
#1307 = ORIENTED_EDGE ( 'NONE', *, *, #307, .T. ) ;
#1308 = CIRCLE ( 'NONE', #3077, 0.5000000000000000000 ) ;
#1309 = ORIENTED_EDGE ( 'NONE', *, *, #2977, .F. ) ;
#1310 = SURFACE_STYLE_FILL_AREA ( #3309 ) ;
#1311 = AXIS2_PLACEMENT_3D ( 'NONE', #1544, #4447, #3228 ) ;
#1312 = PRESENTATION_LAYER_ASSIGNMENT (  '', '', ( #843 ) ) ;
#1313 = ORIENTED_EDGE ( 'NONE', *, *, #3772, .T. ) ;
#1314 = VECTOR ( 'NONE', #4389, 1000.000000000000000 ) ;
#1315 = DIRECTION ( 'NONE',  ( -1.000000000000000000, 0.0000000000000000000, -0.0000000000000000000 ) ) ;
#1316 = EDGE_LOOP ( 'NONE', ( #5105, #3758, #2591, #1110 ) ) ;
#1317 = CIRCLE ( 'NONE', #1930, 3.000000000000000400 ) ;
#1318 = ORIENTED_EDGE ( 'NONE', *, *, #2672, .F. ) ;
#1319 = FILL_AREA_STYLE ('',( #2092 ) ) ;
#1320 = COLOUR_RGB ( '',1.000000000000000000, 1.000000000000000000, 1.000000000000000000 ) ;
#1321 =( LENGTH_UNIT ( ) NAMED_UNIT ( * ) SI_UNIT ( .MILLI., .METRE. ) );
#1322 = DIRECTION ( 'NONE',  ( -0.0000000000000000000, -0.0000000000000000000, 1.000000000000000000 ) ) ;
#1323 = VERTEX_POINT ( 'NONE', #4059 ) ;
#1324 = PLANE ( 'NONE',  #1839 ) ;
#1325 = DIRECTION ( 'NONE',  ( 1.145283985019899200E-016, -1.000000000000000000, -0.0000000000000000000 ) ) ;
#1326 = PRESENTATION_STYLE_ASSIGNMENT (( #3492 ) ) ;
#1327 = VERTEX_POINT ( 'NONE', #1249 ) ;
#1328 = ADVANCED_FACE ( 'NONE', ( #1915 ), #1267, .F. ) ;
#1329 = VECTOR ( 'NONE', #2036, 1000.000000000000000 ) ;
#1330 = ORIENTED_EDGE ( 'NONE', *, *, #5039, .T. ) ;
#1331 = PRESENTATION_STYLE_ASSIGNMENT (( #1768 ) ) ;
#1332 = PRODUCT ( 'DR73-R', 'DR73-R', '', ( #1180 ) ) ;
#1333 = CARTESIAN_POINT ( 'NONE',  ( 3.799999999999999400, 3.449999999999999700, -2.799999999999999800 ) ) ;
#1334 = AXIS2_PLACEMENT_3D ( 'NONE', #772, #4020, #2780 ) ;
#1335 = CARTESIAN_POINT ( 'NONE',  ( -1.419999999999999900, 0.5300000000000000300, -3.799999999999999800 ) ) ;
#1336 = EDGE_LOOP ( 'NONE', ( #3074, #696, #4515, #2868, #4592, #4863, #621, #1330, #1898 ) ) ;
#1337 = PRESENTATION_STYLE_ASSIGNMENT (( #4838 ) ) ;
#1338 = SURFACE_STYLE_USAGE ( .BOTH. , #4195 ) ;
#1339 = FILL_AREA_STYLE_COLOUR ( '', #541 ) ;
#1340 = CARTESIAN_POINT ( 'NONE',  ( 0.0000000000000000000, 3.449999999999999700, 3.349999999999997000 ) ) ;
#1341 = PRESENTATION_LAYER_ASSIGNMENT (  '', '', ( #1615 ) ) ;
#1342 = EDGE_CURVE ( 'NONE', #3392, #630, #3633, .T. ) ;
#1343 = COLOUR_RGB ( '',0.5019607843137254800, 0.5019607843137254800, 0.5019607843137254800 ) ;
#1344 = PRESENTATION_LAYER_ASSIGNMENT (  '', '', ( #1827 ) ) ;
#1345 = FACE_OUTER_BOUND ( 'NONE', #3680, .T. ) ;
#1346 = DIRECTION ( 'NONE',  ( -1.000000000000000000, 0.0000000000000000000, 0.0000000000000000000 ) ) ;
#1347 = UNCERTAINTY_MEASURE_WITH_UNIT (LENGTH_MEASURE( 1.000000000000000100E-005 ), #3089, 'distance_accuracy_value', 'NONE');
#1348 = COLOUR_RGB ( '',0.5019607843137254800, 0.5019607843137254800, 0.5019607843137254800 ) ;
#1349 = STYLED_ITEM ( 'NONE', ( #2051 ), #174 ) ;
#1350 = DIRECTION ( 'NONE',  ( 0.0000000000000000000, 0.0000000000000000000, 1.000000000000000000 ) ) ;
#1351 = VERTEX_POINT ( 'NONE', #4087 ) ;
#1352 = EDGE_CURVE ( 'NONE', #692, #3329, #4321, .T. ) ;
#1353 = ADVANCED_FACE ( 'NONE', ( #1464 ), #2052, .T. ) ;
#1354 = DIRECTION ( 'NONE',  ( -0.0000000000000000000, -0.0000000000000000000, -1.000000000000000000 ) ) ;
#1355 = CARTESIAN_POINT ( 'NONE',  ( -2.739999999999999800, 0.1200000000000000100, 1.000000000000000000 ) ) ;
#1356 = FACE_OUTER_BOUND ( 'NONE', #4569, .T. ) ;
#1357 = ORIENTED_EDGE ( 'NONE', *, *, #4436, .F. ) ;
#1358 = SURFACE_STYLE_USAGE ( .BOTH. , #1747 ) ;
#1359 = SHAPE_DEFINITION_REPRESENTATION ( #34, #2790 ) ;
#1360 = PLANE ( 'NONE',  #2854 ) ;
#1361 = CARTESIAN_POINT ( 'NONE',  ( -2.600000000000000100, 0.1700000000000000100, 1.000000000000000000 ) ) ;
#1362 = FACE_OUTER_BOUND ( 'NONE', #2886, .T. ) ;
#1363 = ORIENTED_EDGE ( 'NONE', *, *, #2843, .F. ) ;
#1364 = LINE ( 'NONE', #2352, #725 ) ;
#1365 = ORIENTED_EDGE ( 'NONE', *, *, #1947, .F. ) ;
#1366 = PRESENTATION_LAYER_ASSIGNMENT (  '', '', ( #3764 ) ) ;
#1367 = CIRCLE ( 'NONE', #5120, 0.5000000000000000000 ) ;
#1368 = VECTOR ( 'NONE', #2341, 1000.000000000000000 ) ;
#1369 = CARTESIAN_POINT ( 'NONE',  ( 1.419999999999999900, 0.5300000000000003600, -3.799999999999999800 ) ) ;
#1370 = DIRECTION ( 'NONE',  ( 0.0000000000000000000, -1.000000000000000000, 0.0000000000000000000 ) ) ;
#1371 = DIRECTION ( 'NONE',  ( 0.0000000000000000000, 1.000000000000000000, 0.0000000000000000000 ) ) ;
#1372 = EDGE_CURVE ( 'NONE', #5045, #1992, #1021, .T. ) ;
#1373 =( NAMED_UNIT ( * ) SI_UNIT ( $, .STERADIAN. ) SOLID_ANGLE_UNIT ( ) );
#1374 = VECTOR ( 'NONE', #1112, 1000.000000000000000 ) ;
#1375 = EDGE_LOOP ( 'NONE', ( #3102, #139, #4327, #901 ) ) ;
#1376 = DIRECTION ( 'NONE',  ( 0.0000000000000000000, 0.0000000000000000000, -1.000000000000000000 ) ) ;
#1377 = AXIS2_PLACEMENT_3D ( 'NONE', #4136, #1735, #4533 ) ;
#1378 = SURFACE_STYLE_USAGE ( .BOTH. , #4159 ) ;
#1379 = DIRECTION ( 'NONE',  ( 0.0000000000000000000, 0.0000000000000000000, 1.000000000000000000 ) ) ;
#1380 = DIRECTION ( 'NONE',  ( -0.0000000000000000000, 1.000000000000000000, -0.0000000000000000000 ) ) ;
#1381 = ORIENTED_EDGE ( 'NONE', *, *, #2285, .F. ) ;
#1382 = VECTOR ( 'NONE', #1380, 1000.000000000000000 ) ;
#1383 = ORIENTED_EDGE ( 'NONE', *, *, #3720, .F. ) ;
#1384 = ADVANCED_FACE ( 'NONE', ( #4816 ), #74, .F. ) ;
#1385 =( GEOMETRIC_REPRESENTATION_CONTEXT ( 3 ) GLOBAL_UNCERTAINTY_ASSIGNED_CONTEXT ( ( #832 ) ) GLOBAL_UNIT_ASSIGNED_CONTEXT ( ( #229, #5106, #4305 ) ) REPRESENTATION_CONTEXT ( 'NONE', 'WORKASPACE' ) );
#1386 = CARTESIAN_POINT ( 'NONE',  ( -2.987419390442717800, 0.5300000000000003600, -1.419999999999999900 ) ) ;
#1387 = AXIS2_PLACEMENT_3D ( 'NONE', #4443, #2859, #3253 ) ;
#1388 = ORIENTED_EDGE ( 'NONE', *, *, #4079, .T. ) ;
#1389 = STYLED_ITEM ( 'NONE', ( #849 ), #854 ) ;
#1390 = EDGE_CURVE ( 'NONE', #981, #1134, #4931, .T. ) ;
#1391 = VERTEX_POINT ( 'NONE', #402 ) ;
#1392 = COLOUR_RGB ( '',1.000000000000000000, 1.000000000000000000, 1.000000000000000000 ) ;
#1393 = DIRECTION ( 'NONE',  ( -0.0000000000000000000, 1.000000000000000000, -0.0000000000000000000 ) ) ;
#1394 = EDGE_CURVE ( 'NONE', #3733, #178, #141, .T. ) ;
#1395 = DIRECTION ( 'NONE',  ( 0.0000000000000000000, 1.000000000000000000, 0.0000000000000000000 ) ) ;
#1396 =( NAMED_UNIT ( * ) PLANE_ANGLE_UNIT ( ) SI_UNIT ( $, .RADIAN. ) );
#1397 =( NAMED_UNIT ( * ) PLANE_ANGLE_UNIT ( ) SI_UNIT ( $, .RADIAN. ) );
#1398 = SURFACE_SIDE_STYLE ('',( #797 ) ) ;
#1399 = CARTESIAN_POINT ( 'NONE',  ( -1.419999999999999900, 0.9299999999999996000, -3.799999999999999800 ) ) ;
#1400 = ORIENTED_EDGE ( 'NONE', *, *, #4543, .F. ) ;
#1401 =( NAMED_UNIT ( * ) SI_UNIT ( $, .STERADIAN. ) SOLID_ANGLE_UNIT ( ) );
#1402 = ORIENTED_EDGE ( 'NONE', *, *, #2317, .F. ) ;
#1403 = DIRECTION ( 'NONE',  ( 1.308519863344573800E-016, -1.000000000000000000, -0.0000000000000000000 ) ) ;
#1404 = CARTESIAN_POINT ( 'NONE',  ( -2.987419390442724000, 0.5300000000000000300, 1.419999999999999900 ) ) ;
#1405 = AXIS2_PLACEMENT_3D ( 'NONE', #99, #2928, #3331 ) ;
#1406 = DIRECTION ( 'NONE',  ( 0.6573238933929658200, -0.7071067811865416900, 0.2606248245557606900 ) ) ;
#1407 = COLOUR_RGB ( '',0.5019607843137254800, 0.5019607843137254800, 0.5019607843137254800 ) ;
#1408 = ADVANCED_FACE ( 'NONE', ( #3233 ), #4007, .F. ) ;
#1409 = DIRECTION ( 'NONE',  ( 0.0000000000000000000, 0.0000000000000000000, -1.000000000000000000 ) ) ;
#1410 =( GEOMETRIC_REPRESENTATION_CONTEXT ( 3 ) GLOBAL_UNCERTAINTY_ASSIGNED_CONTEXT ( ( #637 ) ) GLOBAL_UNIT_ASSIGNED_CONTEXT ( ( #4877, #3227, #3192 ) ) REPRESENTATION_CONTEXT ( 'NONE', 'WORKASPACE' ) );
#1411 = LINE ( 'NONE', #1891, #4204 ) ;
#1412 = CARTESIAN_POINT ( 'NONE',  ( -2.739999999999999800, 0.0000000000000000000, 1.000000000000000000 ) ) ;
#1413 =( NAMED_UNIT ( * ) PLANE_ANGLE_UNIT ( ) SI_UNIT ( $, .RADIAN. ) );
#1414 = CARTESIAN_POINT ( 'NONE',  ( 2.600000000000000500, 0.1500000000000013300, 1.000000000000000000 ) ) ;
#1415 =( GEOMETRIC_REPRESENTATION_CONTEXT ( 3 ) GLOBAL_UNCERTAINTY_ASSIGNED_CONTEXT ( ( #731 ) ) GLOBAL_UNIT_ASSIGNED_CONTEXT ( ( #4109, #454, #3700 ) ) REPRESENTATION_CONTEXT ( 'NONE', 'WORKASPACE' ) );
#1416 = LINE ( 'NONE', #4959, #3315 ) ;
#1417 = CARTESIAN_POINT ( 'NONE',  ( 1.382171855916979800, 0.9299999999999999400, -3.485986368405793500 ) ) ;
#1418 = COLOUR_RGB ( '',0.5019607843137254800, 0.5019607843137254800, 0.5019607843137254800 ) ;
#1419 = CARTESIAN_POINT ( 'NONE',  ( -3.485986368405793900, 3.449999999999999700, -1.382171855916979300 ) ) ;
#1420 = UNCERTAINTY_MEASURE_WITH_UNIT (LENGTH_MEASURE( 1.000000000000000100E-005 ), #2639, 'distance_accuracy_value', 'NONE');
#1421 = DIRECTION ( 'NONE',  ( 1.308519863344573800E-016, -1.000000000000000000, -0.0000000000000000000 ) ) ;
#1422 = LINE ( 'NONE', #3437, #2819 ) ;
#1423 = CARTESIAN_POINT ( 'NONE',  ( 1.419999999999999900, 0.5300000000000003600, 3.799999999999999800 ) ) ;
#1424 = ORIENTED_EDGE ( 'NONE', *, *, #908, .F. ) ;
#1425 = CYLINDRICAL_SURFACE ( 'NONE', #5158, 0.5000000000000000000 ) ;
#1426 = DIRECTION ( 'NONE',  ( -0.0000000000000000000, -0.0000000000000000000, -1.000000000000000000 ) ) ;
#1427 = PRESENTATION_STYLE_ASSIGNMENT (( #4904 ) ) ;
#1428 = EDGE_CURVE ( 'NONE', #2031, #2856, #384, .T. ) ;
#1429 = ORIENTED_EDGE ( 'NONE', *, *, #2174, .F. ) ;
#1430 =( LENGTH_UNIT ( ) NAMED_UNIT ( * ) SI_UNIT ( .MILLI., .METRE. ) );
#1431 = SURFACE_STYLE_FILL_AREA ( #3722 ) ;
#1432 = SURFACE_STYLE_USAGE ( .BOTH. , #1059 ) ;
#1433 = CARTESIAN_POINT ( 'NONE',  ( 3.021188185951687800, 1.030000000000000000, 1.197882275128050200 ) ) ;
#1434 = DIRECTION ( 'NONE',  ( -0.0000000000000000000, 1.000000000000000000, -0.0000000000000000000 ) ) ;
#1435 = VERTEX_POINT ( 'NONE', #106 ) ;
#1436 = PRESENTATION_STYLE_ASSIGNMENT (( #1358 ) ) ;
#1437 = ADVANCED_FACE ( 'NONE', ( #507 ), #1761, .F. ) ;
#1438 = CARTESIAN_POINT ( 'NONE',  ( -2.298097038856275400, 1.029999999999999400, -2.298097038856282900 ) ) ;
#1439 = ORIENTED_EDGE ( 'NONE', *, *, #4716, .F. ) ;
#1440 = SURFACE_SIDE_STYLE ('',( #2590 ) ) ;
#1441 = SURFACE_STYLE_FILL_AREA ( #2093 ) ;
#1442 = ORIENTED_EDGE ( 'NONE', *, *, #1448, .T. ) ;
#1443 =( GEOMETRIC_REPRESENTATION_CONTEXT ( 3 ) GLOBAL_UNCERTAINTY_ASSIGNED_CONTEXT ( ( #2369 ) ) GLOBAL_UNIT_ASSIGNED_CONTEXT ( ( #2234, #2215, #4257 ) ) REPRESENTATION_CONTEXT ( 'NONE', 'WORKASPACE' ) );
#1444 = CARTESIAN_POINT ( 'NONE',  ( 1.687480250230069600, 3.350000000000005000, 3.090023258555960200 ) ) ;
#1445 = COLOUR_RGB ( '',1.000000000000000000, 1.000000000000000000, 1.000000000000000000 ) ;
#1446 = VERTEX_POINT ( 'NONE', #4935 ) ;
#1447 =( GEOMETRIC_REPRESENTATION_CONTEXT ( 3 ) GLOBAL_UNCERTAINTY_ASSIGNED_CONTEXT ( ( #3898 ) ) GLOBAL_UNIT_ASSIGNED_CONTEXT ( ( #188, #220, #620 ) ) REPRESENTATION_CONTEXT ( 'NONE', 'WORKASPACE' ) );
#1448 = EDGE_CURVE ( 'NONE', #4797, #2156, #1589, .T. ) ;
#1449 = DIRECTION ( 'NONE',  ( 0.0000000000000000000, 0.0000000000000000000, 1.000000000000000000 ) ) ;
#1450 = EDGE_LOOP ( 'NONE', ( #627, #1670, #4061, #4968 ) ) ;
#1451 =( GEOMETRIC_REPRESENTATION_CONTEXT ( 3 ) GLOBAL_UNCERTAINTY_ASSIGNED_CONTEXT ( ( #4501 ) ) GLOBAL_UNIT_ASSIGNED_CONTEXT ( ( #2540, #4896, #122 ) ) REPRESENTATION_CONTEXT ( 'NONE', 'WORKASPACE' ) );
#1452 = VERTEX_POINT ( 'NONE', #1702 ) ;
#1453 = UNCERTAINTY_MEASURE_WITH_UNIT (LENGTH_MEASURE( 1.000000000000000100E-005 ), #1203, 'distance_accuracy_value', 'NONE');
#1454 = SURFACE_STYLE_USAGE ( .BOTH. , #1063 ) ;
#1455 = CARTESIAN_POINT ( 'NONE',  ( 2.298097038856273600, 0.5300000000000001400, 2.298097038856282000 ) ) ;
#1456 = ORIENTED_EDGE ( 'NONE', *, *, #3835, .T. ) ;
#1457 = DIRECTION ( 'NONE',  ( -0.0000000000000000000, 0.0000000000000000000, 1.000000000000000000 ) ) ;
#1458 = CARTESIAN_POINT ( 'NONE',  ( -2.291287847477920400, 0.1700000000000000100, -1.000000000000000000 ) ) ;
#1459 = CARTESIAN_POINT ( 'NONE',  ( -1.382171855916968000, 0.5300000000000001400, -2.985986368405798300 ) ) ;
#1460 = PRESENTATION_LAYER_ASSIGNMENT (  '', '', ( #3466 ) ) ;
#1461 =( GEOMETRIC_REPRESENTATION_CONTEXT ( 3 ) GLOBAL_UNCERTAINTY_ASSIGNED_CONTEXT ( ( #4467 ) ) GLOBAL_UNIT_ASSIGNED_CONTEXT ( ( #714, #3972, #4376 ) ) REPRESENTATION_CONTEXT ( 'NONE', 'WORKASPACE' ) );
#1462 = EDGE_CURVE ( 'NONE', #2324, #2408, #4694, .T. ) ;
#1463 = ORIENTED_EDGE ( 'NONE', *, *, #4193, .T. ) ;
#1464 = FACE_OUTER_BOUND ( 'NONE', #3592, .T. ) ;
#1465 = DIRECTION ( 'NONE',  ( -0.0000000000000000000, -0.0000000000000000000, 1.000000000000000000 ) ) ;
#1466 = EDGE_CURVE ( 'NONE', #2442, #4751, #4993, .T. ) ;
#1467 = ADVANCED_FACE ( 'NONE', ( #3761 ), #3376, .F. ) ;
#1468 = EDGE_LOOP ( 'NONE', ( #3034, #2526, #545, #2121, #1573, #2978 ) ) ;
#1469 = DIRECTION ( 'NONE',  ( 0.0000000000000000000, -1.000000000000000000, 0.0000000000000000000 ) ) ;
#1470 =( NAMED_UNIT ( * ) PLANE_ANGLE_UNIT ( ) SI_UNIT ( $, .RADIAN. ) );
#1471 = EDGE_LOOP ( 'NONE', ( #445, #3, #2837, #2227 ) ) ;
#1472 = DIRECTION ( 'NONE',  ( 0.0000000000000000000, -1.000000000000000000, 0.0000000000000000000 ) ) ;
#1473 = LINE ( 'NONE', #3137, #273 ) ;
#1474 =( NAMED_UNIT ( * ) SI_UNIT ( $, .STERADIAN. ) SOLID_ANGLE_UNIT ( ) );
#1475 = STYLED_ITEM ( 'NONE', ( #4798 ), #1874 ) ;
#1476 = DIRECTION ( 'NONE',  ( 0.0000000000000000000, 0.0000000000000000000, 1.000000000000000000 ) ) ;
#1477 = EDGE_CURVE ( 'NONE', #783, #1733, #883, .T. ) ;
#1478 = DIRECTION ( 'NONE',  ( 0.0000000000000000000, -1.000000000000000000, 0.0000000000000000000 ) ) ;
#1479 = PRESENTATION_LAYER_ASSIGNMENT (  '', '', ( #4997 ) ) ;
#1480 = CARTESIAN_POINT ( 'NONE',  ( -3.629999999999999900, 0.1200000000000000200, 1.000000000000000000 ) ) ;
#1481 = ORIENTED_EDGE ( 'NONE', *, *, #5171, .F. ) ;
#1482 = SURFACE_STYLE_USAGE ( .BOTH. , #2344 ) ;
#1483 =( NAMED_UNIT ( * ) SI_UNIT ( $, .STERADIAN. ) SOLID_ANGLE_UNIT ( ) );
#1484 = PRESENTATION_LAYER_ASSIGNMENT (  '', '', ( #238 ) ) ;
#1485 = CARTESIAN_POINT ( 'NONE',  ( -3.021188185951688300, 3.350000000000005000, -1.197882275128048900 ) ) ;
#1486 = SURFACE_STYLE_FILL_AREA ( #1741 ) ;
#1487 =( GEOMETRIC_REPRESENTATION_CONTEXT ( 3 ) GLOBAL_UNCERTAINTY_ASSIGNED_CONTEXT ( ( #5098 ) ) GLOBAL_UNIT_ASSIGNED_CONTEXT ( ( #1165, #3658, #1218 ) ) REPRESENTATION_CONTEXT ( 'NONE', 'WORKASPACE' ) );
#1488 = EDGE_LOOP ( 'NONE', ( #2499, #4029, #495, #2759 ) ) ;
#1489 = ADVANCED_FACE ( 'NONE', ( #1141 ), #823, .T. ) ;
#1490 = AXIS2_PLACEMENT_3D ( 'NONE', #4955, #506, #2969 ) ;
#1491 = PRESENTATION_STYLE_ASSIGNMENT (( #3990 ) ) ;
#1492 =( LENGTH_UNIT ( ) NAMED_UNIT ( * ) SI_UNIT ( .MILLI., .METRE. ) );
#1493 = FACE_OUTER_BOUND ( 'NONE', #2158, .T. ) ;
#1494 = EDGE_CURVE ( 'NONE', #2856, #1258, #3628, .T. ) ;
#1495 = VERTEX_POINT ( 'NONE', #2120 ) ;
#1496 = SURFACE_SIDE_STYLE ('',( #4398 ) ) ;
#1497 = FILL_AREA_STYLE_COLOUR ( '', #1392 ) ;
#1498 = ORIENTED_EDGE ( 'NONE', *, *, #4111, .T. ) ;
#1499 = PLANE ( 'NONE',  #1334 ) ;
#1500 = DIRECTION ( 'NONE',  ( 0.0000000000000000000, 0.0000000000000000000, 1.000000000000000000 ) ) ;
#1501 = DIRECTION ( 'NONE',  ( -0.4317712719439445500, 0.7071067811865416900, -0.5599764001490745700 ) ) ;
#1502 = VECTOR ( 'NONE', #3567, 1000.000000000000100 ) ;
#1503 = DIRECTION ( 'NONE',  ( 0.0000000000000000000, 0.0000000000000000000, 1.000000000000000000 ) ) ;
#1504 = FACE_OUTER_BOUND ( 'NONE', #2283, .T. ) ;
#1505 = EDGE_LOOP ( 'NONE', ( #3151, #3110, #638, #1463 ) ) ;
#1506 = VECTOR ( 'NONE', #4499, 1000.000000000000000 ) ;
#1507 = SURFACE_STYLE_USAGE ( .BOTH. , #3087 ) ;
#1508 = PLANE ( 'NONE',  #4562 ) ;
#1509 = PRESENTATION_LAYER_ASSIGNMENT (  '', '', ( #2406 ) ) ;
#1510 = VERTEX_POINT ( 'NONE', #4171 ) ;
#1511 = LINE ( 'NONE', #1879, #190 ) ;
#1512 = ORIENTED_EDGE ( 'NONE', *, *, #4436, .T. ) ;
#1513 = STYLED_ITEM ( 'NONE', ( #4164 ), #2212 ) ;
#1514 =( NAMED_UNIT ( * ) PLANE_ANGLE_UNIT ( ) SI_UNIT ( $, .RADIAN. ) );
#1515 = EDGE_LOOP ( 'NONE', ( #4983, #3286, #3948, #2218 ) ) ;
#1516 = CARTESIAN_POINT ( 'NONE',  ( 2.740000000000000200, 0.1200000000000000100, -1.000000000000000000 ) ) ;
#1517 = ORIENTED_EDGE ( 'NONE', *, *, #4906, .T. ) ;
#1518 = UNCERTAINTY_MEASURE_WITH_UNIT (LENGTH_MEASURE( 1.000000000000000100E-005 ), #2802, 'distance_accuracy_value', 'NONE');
#1519 = PRESENTATION_LAYER_ASSIGNMENT (  '', '', ( #3811 ) ) ;
#1520 = CARTESIAN_POINT ( 'NONE',  ( 2.987419390442717300, 0.5300000000000000300, 1.419999999999999900 ) ) ;
#1521 = DIRECTION ( 'NONE',  ( 1.000000000000000000, 0.0000000000000000000, 0.0000000000000000000 ) ) ;
#1522 = DIRECTION ( 'NONE',  ( 0.0000000000000000000, 0.0000000000000000000, 1.000000000000000000 ) ) ;
#1523 = DIRECTION ( 'NONE',  ( 0.0000000000000000000, 0.0000000000000000000, -1.000000000000000000 ) ) ;
#1524 = EDGE_LOOP ( 'NONE', ( #688, #426, #1238, #173, #5015, #997 ) ) ;
#1525 = AXIS2_PLACEMENT_3D ( 'NONE', #4849, #1657, #1350 ) ;
#1526 = FILL_AREA_STYLE_COLOUR ( '', #3741 ) ;
#1527 = FILL_AREA_STYLE_COLOUR ( '', #2829 ) ;
#1528 = FILL_AREA_STYLE ('',( #3271 ) ) ;
#1529 = ORIENTED_EDGE ( 'NONE', *, *, #631, .T. ) ;
#1530 = FILL_AREA_STYLE_COLOUR ( '', #4351 ) ;
#1531 = EDGE_CURVE ( 'NONE', #4804, #498, #5050, .T. ) ;
#1532 = EDGE_CURVE ( 'NONE', #53, #860, #2097, .T. ) ;
#1533 = ORIENTED_EDGE ( 'NONE', *, *, #2485, .T. ) ;
#1534 = DIRECTION ( 'NONE',  ( 0.0000000000000000000, 0.0000000000000000000, 1.000000000000000000 ) ) ;
#1535 = PRESENTATION_STYLE_ASSIGNMENT (( #3120 ) ) ;
#1536 = LINE ( 'NONE', #5130, #2870 ) ;
#1537 = CARTESIAN_POINT ( 'NONE',  ( -1.687480250230070300, 0.5300000000000001400, -3.090023258555960200 ) ) ;
#1538 = FACE_OUTER_BOUND ( 'NONE', #2090, .T. ) ;
#1539 = SURFACE_SIDE_STYLE ('',( #1092 ) ) ;
#1540 = CARTESIAN_POINT ( 'NONE',  ( 1.419999999999999900, 0.5300000000000003600, -3.799999999999999800 ) ) ;
#1541 = CIRCLE ( 'NONE', #3518, 3.000000000000000400 ) ;
#1542 = CARTESIAN_POINT ( 'NONE',  ( -3.750000000000000400, 0.9299999999999993800, 1.000000000000000400 ) ) ;
#1543 = MECHANICAL_DESIGN_GEOMETRIC_PRESENTATION_REPRESENTATION (  '', ( #1475 ), #4297 ) ;
#1544 = CARTESIAN_POINT ( 'NONE',  ( 1.382171855916967600, 0.5300000000000001400, 3.485986368405798800 ) ) ;
#1545 = SURFACE_STYLE_FILL_AREA ( #1528 ) ;
#1546 = EDGE_CURVE ( 'NONE', #2029, #4903, #2864, .T. ) ;
#1547 = ORIENTED_EDGE ( 'NONE', *, *, #3582, .T. ) ;
#1548 = DIRECTION ( 'NONE',  ( -1.000000000000000000, -1.334402673828312800E-016, 0.0000000000000000000 ) ) ;
#1549 = AXIS2_PLACEMENT_3D ( 'NONE', #2532, #1730, #2513 ) ;
#1550 = SURFACE_STYLE_FILL_AREA ( #4496 ) ;
#1551 = FILL_AREA_STYLE ('',( #3988 ) ) ;
#1552 = CARTESIAN_POINT ( 'NONE',  ( 2.600000000000000500, 0.2700000000000012900, 1.000000000000000000 ) ) ;
#1553 =( LENGTH_UNIT ( ) NAMED_UNIT ( * ) SI_UNIT ( .MILLI., .METRE. ) );
#1554 = ORIENTED_EDGE ( 'NONE', *, *, #429, .T. ) ;
#1555 = SURFACE_STYLE_USAGE ( .BOTH. , #2000 ) ;
#1556 = FACE_OUTER_BOUND ( 'NONE', #4630, .T. ) ;
#1557 = MECHANICAL_DESIGN_GEOMETRIC_PRESENTATION_REPRESENTATION (  '', ( #1050 ), #1017 ) ;
#1558 = FACE_OUTER_BOUND ( 'NONE', #3198, .T. ) ;
#1559 = STYLED_ITEM ( 'NONE', ( #2373 ), #897 ) ;
#1560 = CARTESIAN_POINT ( 'NONE',  ( -3.750000000000000400, 0.9299999999999999400, -1.000000000000000000 ) ) ;
#1561 = EDGE_CURVE ( 'NONE', #1696, #2140, #3111, .T. ) ;
#1562 = ORIENTED_EDGE ( 'NONE', *, *, #1531, .T. ) ;
#1563 = SURFACE_SIDE_STYLE ('',( #241 ) ) ;
#1564 =( NAMED_UNIT ( * ) PLANE_ANGLE_UNIT ( ) SI_UNIT ( $, .RADIAN. ) );
#1565 = EDGE_CURVE ( 'NONE', #3657, #926, #1647, .T. ) ;
#1566 = VECTOR ( 'NONE', #3557, 1000.000000000000000 ) ;
#1567 = FACE_OUTER_BOUND ( 'NONE', #1336, .T. ) ;
#1568 = VERTEX_POINT ( 'NONE', #4914 ) ;
#1569 = SURFACE_STYLE_USAGE ( .BOTH. , #3165 ) ;
#1570 = VERTEX_POINT ( 'NONE', #4611 ) ;
#1571 = FILL_AREA_STYLE_COLOUR ( '', #2707 ) ;
#1572 =( NAMED_UNIT ( * ) SI_UNIT ( $, .STERADIAN. ) SOLID_ANGLE_UNIT ( ) );
#1573 = ORIENTED_EDGE ( 'NONE', *, *, #3248, .F. ) ;
#1574 = DIRECTION ( 'NONE',  ( 0.0000000000000000000, -1.000000000000000000, 0.0000000000000000000 ) ) ;
#1575 = CARTESIAN_POINT ( 'NONE',  ( 1.687480250230081000, 0.5300000000000001400, -3.090023258555954400 ) ) ;
#1576 = CARTESIAN_POINT ( 'NONE',  ( -3.090023258555954400, 1.029999999999999400, -1.687480250230081000 ) ) ;
#1577 = AXIS2_PLACEMENT_3D ( 'NONE', #2043, #3297, #1256 ) ;
#1578 = VERTEX_POINT ( 'NONE', #1022 ) ;
#1579 = CARTESIAN_POINT ( 'NONE',  ( -3.000000000000000400, 0.2700000000000005700, 3.673940397442060400E-016 ) ) ;
#1580 = LINE ( 'NONE', #2226, #684 ) ;
#1581 = ORIENTED_EDGE ( 'NONE', *, *, #1840, .F. ) ;
#1582 =( GEOMETRIC_REPRESENTATION_CONTEXT ( 3 ) GLOBAL_UNCERTAINTY_ASSIGNED_CONTEXT ( ( #3744 ) ) GLOBAL_UNIT_ASSIGNED_CONTEXT ( ( #3570, #2362, #736 ) ) REPRESENTATION_CONTEXT ( 'NONE', 'WORKASPACE' ) );
#1583 = EDGE_CURVE ( 'NONE', #4113, #1446, #5113, .T. ) ;
#1584 = VERTEX_POINT ( 'NONE', #1843 ) ;
#1585 = AXIS2_PLACEMENT_3D ( 'NONE', #202, #1771, #560 ) ;
#1586 = UNCERTAINTY_MEASURE_WITH_UNIT (LENGTH_MEASURE( 1.000000000000000100E-005 ), #2386, 'distance_accuracy_value', 'NONE');
#1587 = ORIENTED_EDGE ( 'NONE', *, *, #4637, .T. ) ;
#1588 = AXIS2_PLACEMENT_3D ( 'NONE', #4004, #3167, #729 ) ;
#1589 = CIRCLE ( 'NONE', #2138, 2.900000000000002600 ) ;
#1590 =( LENGTH_UNIT ( ) NAMED_UNIT ( * ) SI_UNIT ( .MILLI., .METRE. ) );
#1591 = STYLED_ITEM ( 'NONE', ( #4342 ), #584 ) ;
#1592 = DIRECTION ( 'NONE',  ( -3.469446951953614200E-015, 0.0000000000000000000, 1.000000000000000000 ) ) ;
#1593 = APPLICATION_CONTEXT ( 'automotive_design' ) ;
#1594 = AXIS2_PLACEMENT_3D ( 'NONE', #5038, #2188, #4209 ) ;
#1595 = EDGE_LOOP ( 'NONE', ( #346, #679, #3816, #2789, #4151, #502, #3739, #3691 ) ) ;
#1596 = SURFACE_SIDE_STYLE ('',( #1486 ) ) ;
#1597 = CARTESIAN_POINT ( 'NONE',  ( 1.687480250230069600, 1.030000000000000000, 3.090023258555960200 ) ) ;
#1598 = DIRECTION ( 'NONE',  ( -1.000000000000000000, 0.0000000000000000000, -1.734723475976807100E-015 ) ) ;
#1599 = DIRECTION ( 'NONE',  ( 1.000000000000000000, -0.0000000000000000000, -0.0000000000000000000 ) ) ;
#1600 = ORIENTED_EDGE ( 'NONE', *, *, #1546, .F. ) ;
#1601 = SURFACE_STYLE_FILL_AREA ( #4927 ) ;
#1602 = CARTESIAN_POINT ( 'NONE',  ( 3.799999999999999400, 14.29802307403552100, 3.799999999999999800 ) ) ;
#1603 = SURFACE_SIDE_STYLE ('',( #3095 ) ) ;
#1604 = PRESENTATION_STYLE_ASSIGNMENT (( #3961 ) ) ;
#1605 = CARTESIAN_POINT ( 'NONE',  ( 1.687480250230080700, 3.350000000000005000, -3.090023258555954400 ) ) ;
#1606 = FACE_OUTER_BOUND ( 'NONE', #2538, .T. ) ;
#1607 = CARTESIAN_POINT ( 'NONE',  ( 0.0000000000000000000, 1.029999999999999600, 3.250000000000000400 ) ) ;
#1608 = CARTESIAN_POINT ( 'NONE',  ( -3.090023258555960600, 3.350000000000005000, 1.687480250230069900 ) ) ;
#1609 = ORIENTED_EDGE ( 'NONE', *, *, #4778, .F. ) ;
#1610 = DIRECTION ( 'NONE',  ( 1.000000000000000000, -0.0000000000000000000, -0.0000000000000000000 ) ) ;
#1611 = UNCERTAINTY_MEASURE_WITH_UNIT (LENGTH_MEASURE( 1.000000000000000100E-005 ), #1109, 'distance_accuracy_value', 'NONE');
#1612 = FACE_OUTER_BOUND ( 'NONE', #4160, .T. ) ;
#1613 = FILL_AREA_STYLE_COLOUR ( '', #2834 ) ;
#1614 = VERTEX_POINT ( 'NONE', #1036 ) ;
#1615 = STYLED_ITEM ( 'NONE', ( #1185 ), #4176 ) ;
#1616 = EDGE_CURVE ( 'NONE', #2981, #1510, #2796, .T. ) ;
#1617 = DIRECTION ( 'NONE',  ( 1.000000000000000000, 0.0000000000000000000, 0.0000000000000000000 ) ) ;
#1618 = VERTEX_POINT ( 'NONE', #2599 ) ;
#1619 =( LENGTH_UNIT ( ) NAMED_UNIT ( * ) SI_UNIT ( .MILLI., .METRE. ) );
#1620 = CARTESIAN_POINT ( 'NONE',  ( -2.298097038856283400, 0.5300000000000001400, 2.298097038856274900 ) ) ;
#1621 = FILL_AREA_STYLE_COLOUR ( '', #951 ) ;
#1622 = VECTOR ( 'NONE', #4869, 1000.000000000000000 ) ;
#1623 = ORIENTED_EDGE ( 'NONE', *, *, #4207, .T. ) ;
#1624 = DIRECTION ( 'NONE',  ( -0.0000000000000000000, 1.000000000000000000, -0.0000000000000000000 ) ) ;
#1625 = DIRECTION ( 'NONE',  ( -0.0000000000000000000, -0.0000000000000000000, -1.000000000000000000 ) ) ;
#1626 = AXIS2_PLACEMENT_3D ( 'NONE', #2627, #604, #1052 ) ;
#1627 = CYLINDRICAL_SURFACE ( 'NONE', #2272, 0.02000000000000005200 ) ;
#1628 = CARTESIAN_POINT ( 'NONE',  ( 0.0000000000000000000, 3.350000000000005000, 0.0000000000000000000 ) ) ;
#1629 = EDGE_CURVE ( 'NONE', #4612, #1073, #3695, .T. ) ;
#1630 = LINE ( 'NONE', #664, #1502 ) ;
#1631 = CARTESIAN_POINT ( 'NONE',  ( -2.719999999999999800, 0.1500000000000000500, 1.000000000000000000 ) ) ;
#1632 = CIRCLE ( 'NONE', #330, 1.000000000000000200 ) ;
#1633 = VERTEX_POINT ( 'NONE', #1444 ) ;
#1634 = VERTEX_POINT ( 'NONE', #4669 ) ;
#1635 = VERTEX_POINT ( 'NONE', #2209 ) ;
#1636 = CARTESIAN_POINT ( 'NONE',  ( 0.0000000000000000000, 0.5300000000000001400, 3.250000000000000400 ) ) ;
#1637 = ORIENTED_EDGE ( 'NONE', *, *, #4536, .F. ) ;
#1638 = EDGE_LOOP ( 'NONE', ( #3554, #5076, #3747, #4000 ) ) ;
#1639 = DIRECTION ( 'NONE',  ( -1.000000000000000000, 0.0000000000000000000, 0.0000000000000000000 ) ) ;
#1640 =( LENGTH_UNIT ( ) NAMED_UNIT ( * ) SI_UNIT ( .MILLI., .METRE. ) );
#1641 = STYLED_ITEM ( 'NONE', ( #2353 ), #1753 ) ;
#1642 = FILL_AREA_STYLE ('',( #3243 ) ) ;
#1643 = ORIENTED_EDGE ( 'NONE', *, *, #726, .T. ) ;
#1644 = DIRECTION ( 'NONE',  ( -0.0000000000000000000, -0.0000000000000000000, -1.000000000000000000 ) ) ;
#1645 = MANIFOLD_SOLID_BREP ( 'Boss-Extrude6', #4016 ) ;
#1646 = CARTESIAN_POINT ( 'NONE',  ( -4.612123605832327000E-016, 3.549999999999999800, 0.0000000000000000000 ) ) ;
#1647 = LINE ( 'NONE', #197, #2033 ) ;
#1648 = EDGE_CURVE ( 'NONE', #2881, #4062, #320, .T. ) ;
#1649 = ORIENTED_EDGE ( 'NONE', *, *, #4279, .T. ) ;
#1650 = SURFACE_STYLE_FILL_AREA ( #3418 ) ;
#1651 = DIRECTION ( 'NONE',  ( 0.0000000000000000000, 0.0000000000000000000, 1.000000000000000000 ) ) ;
#1652 = AXIS2_PLACEMENT_3D ( 'NONE', #1516, #4371, #1929 ) ;
#1653 = VERTEX_POINT ( 'NONE', #3040 ) ;
#1654 = DIRECTION ( 'NONE',  ( -1.000000000000000000, -2.168404344971008900E-016, 8.673617379884035500E-016 ) ) ;
#1655 = VECTOR ( 'NONE', #4009, 1000.000000000000000 ) ;
#1656 = PRESENTATION_LAYER_ASSIGNMENT (  '', '', ( #4744 ) ) ;
#1657 = DIRECTION ( 'NONE',  ( -0.0000000000000000000, 1.000000000000000000, -0.0000000000000000000 ) ) ;
#1658 = MECHANICAL_DESIGN_GEOMETRIC_PRESENTATION_REPRESENTATION (  '', ( #2002 ), #3945 ) ;
#1659 = EDGE_CURVE ( 'NONE', #3098, #3508, #444, .T. ) ;
#1660 =( NAMED_UNIT ( * ) PLANE_ANGLE_UNIT ( ) SI_UNIT ( $, .RADIAN. ) );
#1661 = EDGE_CURVE ( 'NONE', #659, #1452, #2357, .T. ) ;
#1662 = CARTESIAN_POINT ( 'NONE',  ( 2.620000000000000600, 0.1200000000000000100, 1.000000000000000000 ) ) ;
#1663 = CARTESIAN_POINT ( 'NONE',  ( -3.800000000000000300, 0.5300000000000000300, -3.799999999999999400 ) ) ;
#1664 = DIRECTION ( 'NONE',  ( 0.0000000000000000000, -1.000000000000000000, 0.0000000000000000000 ) ) ;
#1665 = VECTOR ( 'NONE', #1457, 1000.000000000000000 ) ;
#1666 = VECTOR ( 'NONE', #4795, 1000.000000000000000 ) ;
#1667 = ORIENTED_EDGE ( 'NONE', *, *, #3752, .T. ) ;
#1668 = SURFACE_SIDE_STYLE ('',( #253 ) ) ;
#1669 = SURFACE_STYLE_FILL_AREA ( #4403 ) ;
#1670 = ORIENTED_EDGE ( 'NONE', *, *, #1448, .F. ) ;
#1671 = UNCERTAINTY_MEASURE_WITH_UNIT (LENGTH_MEASURE( 1.000000000000000100E-005 ), #4853, 'distance_accuracy_value', 'NONE');
#1672 = DIRECTION ( 'NONE',  ( 0.0000000000000000000, -1.000000000000000000, 0.0000000000000000000 ) ) ;
#1673 = CARTESIAN_POINT ( 'NONE',  ( 0.0000000000000000000, 3.350000000000005000, 3.250000000000000400 ) ) ;
#1674 = AXIS2_PLACEMENT_3D ( 'NONE', #893, #3760, #3481 ) ;
#1675 = DIRECTION ( 'NONE',  ( -1.000000000000000000, 0.0000000000000000000, 0.0000000000000000000 ) ) ;
#1676 = ORIENTED_EDGE ( 'NONE', *, *, #5069, .T. ) ;
#1677 = DIRECTION ( 'NONE',  ( 0.0000000000000000000, 0.0000000000000000000, 1.000000000000000000 ) ) ;
#1678 =( GEOMETRIC_REPRESENTATION_CONTEXT ( 3 ) GLOBAL_UNCERTAINTY_ASSIGNED_CONTEXT ( ( #3237 ) ) GLOBAL_UNIT_ASSIGNED_CONTEXT ( ( #1206, #4051, #1224 ) ) REPRESENTATION_CONTEXT ( 'NONE', 'WORKASPACE' ) );
#1679 = CARTESIAN_POINT ( 'NONE',  ( -2.739999999999999800, 0.0000000000000000000, -1.000000000000000000 ) ) ;
#1680 = VECTOR ( 'NONE', #2933, 1000.000000000000000 ) ;
#1681 = ORIENTED_EDGE ( 'NONE', *, *, #5068, .F. ) ;
#1682 = PRESENTATION_LAYER_ASSIGNMENT (  '', '', ( #2710 ) ) ;
#1683 = DIRECTION ( 'NONE',  ( 1.000000000000000000, 1.185846126156020700E-016, 0.0000000000000000000 ) ) ;
#1684 = PRESENTATION_STYLE_ASSIGNMENT (( #1230 ) ) ;
#1685 = AXIS2_PLACEMENT_3D ( 'NONE', #1925, #3561, #3096 ) ;
#1686 = ORIENTED_EDGE ( 'NONE', *, *, #1019, .F. ) ;
#1687 = CARTESIAN_POINT ( 'NONE',  ( -3.800000000000000300, 0.5300000000000003600, -1.419999999999999900 ) ) ;
#1688 = ORIENTED_EDGE ( 'NONE', *, *, #3279, .F. ) ;
#1689 = PRESENTATION_STYLE_ASSIGNMENT (( #3327 ) ) ;
#1690 = DIRECTION ( 'NONE',  ( 0.0000000000000000000, 1.000000000000000000, 0.0000000000000000000 ) ) ;
#1691 = CARTESIAN_POINT ( 'NONE',  ( 2.740000000000000200, 0.1000000000000000700, -1.000000000000000000 ) ) ;
#1692 = EDGE_CURVE ( 'NONE', #1351, #1125, #3300, .T. ) ;
#1693 = VECTOR ( 'NONE', #4221, 1000.000000000000000 ) ;
#1694 = ORIENTED_EDGE ( 'NONE', *, *, #1991, .F. ) ;
#1695 = DIRECTION ( 'NONE',  ( -1.145283985019899200E-016, 1.000000000000000000, 0.0000000000000000000 ) ) ;
#1696 = VERTEX_POINT ( 'NONE', #3865 ) ;
#1697 = CIRCLE ( 'NONE', #3007, 0.1199999999999998800 ) ;
#1698 = ORIENTED_EDGE ( 'NONE', *, *, #3982, .T. ) ;
#1699 = ADVANCED_FACE ( 'NONE', ( #4377 ), #960, .F. ) ;
#1700 =( NAMED_UNIT ( * ) SI_UNIT ( $, .STERADIAN. ) SOLID_ANGLE_UNIT ( ) );
#1701 = ORIENTED_EDGE ( 'NONE', *, *, #1428, .T. ) ;
#1702 = CARTESIAN_POINT ( 'NONE',  ( -1.197882275128049600, 3.350000000000005000, 3.021188185951688300 ) ) ;
#1703 = ORIENTED_EDGE ( 'NONE', *, *, #4747, .T. ) ;
#1704 = SURFACE_SIDE_STYLE ('',( #3597 ) ) ;
#1705 = SURFACE_SIDE_STYLE ('',( #3672 ) ) ;
#1706 = STYLED_ITEM ( 'NONE', ( #366 ), #2243 ) ;
#1707 = CARTESIAN_POINT ( 'NONE',  ( 3.630000000000000300, 0.1200000000000000100, 1.000000000000000000 ) ) ;
#1708 = DIRECTION ( 'NONE',  ( 0.2606248245557606900, 0.7071067811865416900, -0.6573238933929658200 ) ) ;
#1709 = DIRECTION ( 'NONE',  ( 0.0000000000000000000, -0.0000000000000000000, 1.000000000000000000 ) ) ;
#1710 = FILL_AREA_STYLE_COLOUR ( '', #2681 ) ;
#1711 = ORIENTED_EDGE ( 'NONE', *, *, #4650, .F. ) ;
#1712 = AXIS2_PLACEMENT_3D ( 'NONE', #3051, #1810, #4643 ) ;
#1713 = EDGE_CURVE ( 'NONE', #5206, #2849, #10, .T. ) ;
#1714 = FACE_OUTER_BOUND ( 'NONE', #1595, .T. ) ;
#1715 = AXIS2_PLACEMENT_3D ( 'NONE', #4924, #4114, #1677 ) ;
#1716 = VECTOR ( 'NONE', #3791, 1000.000000000000000 ) ;
#1717 = CYLINDRICAL_SURFACE ( 'NONE', #3124, 0.02000000000000005200 ) ;
#1718 = FILL_AREA_STYLE_COLOUR ( '', #1107 ) ;
#1719 = MECHANICAL_DESIGN_GEOMETRIC_PRESENTATION_REPRESENTATION (  '', ( #2001 ), #708 ) ;
#1720 = CARTESIAN_POINT ( 'NONE',  ( 2.740000000000000200, 0.0000000000000000000, 1.000000000000000000 ) ) ;
#1721 =( GEOMETRIC_REPRESENTATION_CONTEXT ( 3 ) GLOBAL_UNCERTAINTY_ASSIGNED_CONTEXT ( ( #1260 ) ) GLOBAL_UNIT_ASSIGNED_CONTEXT ( ( #1785, #1300, #2953 ) ) REPRESENTATION_CONTEXT ( 'NONE', 'WORKASPACE' ) );
#1722 = EDGE_CURVE ( 'NONE', #4525, #2520, #4120, .T. ) ;
#1723 = ADVANCED_FACE ( 'NONE', ( #5108 ), #3521, .T. ) ;
#1724 =( NAMED_UNIT ( * ) PLANE_ANGLE_UNIT ( ) SI_UNIT ( $, .RADIAN. ) );
#1725 = DIRECTION ( 'NONE',  ( 1.308519863344573800E-016, -1.000000000000000000, -0.0000000000000000000 ) ) ;
#1726 = CARTESIAN_POINT ( 'NONE',  ( -3.800000000000000300, 0.9300000000000002700, -1.419999999999999900 ) ) ;
#1727 = CIRCLE ( 'NONE', #3717, 0.02000000000000005200 ) ;
#1728 = EDGE_CURVE ( 'NONE', #3634, #4804, #4434, .T. ) ;
#1729 = DIRECTION ( 'NONE',  ( 0.6573238933929667100, -0.7071067811865425800, -0.2606248245557563600 ) ) ;
#1730 = DIRECTION ( 'NONE',  ( 0.0000000000000000000, -1.000000000000000000, 0.0000000000000000000 ) ) ;
#1731 = CARTESIAN_POINT ( 'NONE',  ( -2.291287847477919900, 0.2700000000000000200, 1.000000000000000000 ) ) ;
#1732 = DIRECTION ( 'NONE',  ( -1.000000000000000000, 0.0000000000000000000, -3.469446951953614200E-015 ) ) ;
#1733 = VERTEX_POINT ( 'NONE', #2726 ) ;
#1734 = LINE ( 'NONE', #4841, #2055 ) ;
#1735 = DIRECTION ( 'NONE',  ( 0.0000000000000000000, 1.000000000000000000, 0.0000000000000000000 ) ) ;
#1736 = VERTEX_POINT ( 'NONE', #4767 ) ;
#1737 = UNCERTAINTY_MEASURE_WITH_UNIT (LENGTH_MEASURE( 1.000000000000000100E-005 ), #1922, 'distance_accuracy_value', 'NONE');
#1738 = AXIS2_PLACEMENT_3D ( 'NONE', #1628, #4078, #4480 ) ;
#1739 = SURFACE_STYLE_FILL_AREA ( #689 ) ;
#1740 = ORIENTED_EDGE ( 'NONE', *, *, #3756, .T. ) ;
#1741 = FILL_AREA_STYLE ('',( #3786 ) ) ;
#1742 = CARTESIAN_POINT ( 'NONE',  ( -1.419999999999999900, 0.9299999999999996000, 3.799999999999999800 ) ) ;
#1743 = DIRECTION ( 'NONE',  ( 0.0000000000000000000, 0.0000000000000000000, 1.000000000000000000 ) ) ;
#1744 = EDGE_CURVE ( 'NONE', #856, #476, #3360, .T. ) ;
#1745 = PRESENTATION_STYLE_ASSIGNMENT (( #4729 ) ) ;
#1746 = CARTESIAN_POINT ( 'NONE',  ( -2.900000000000003000, 3.549999999999999800, 3.612708057484693600E-016 ) ) ;
#1747 = SURFACE_SIDE_STYLE ('',( #2771 ) ) ;
#1748 = AXIS2_PLACEMENT_3D ( 'NONE', #3160, #1960, #3648 ) ;
#1749 = DIRECTION ( 'NONE',  ( 1.145283985019899200E-016, -1.000000000000000000, -0.0000000000000000000 ) ) ;
#1750 = ORIENTED_EDGE ( 'NONE', *, *, #1802, .T. ) ;
#1751 = PRESENTATION_STYLE_ASSIGNMENT (( #2990 ) ) ;
#1752 = FACE_OUTER_BOUND ( 'NONE', #3909, .T. ) ;
#1753 = ADVANCED_FACE ( 'NONE', ( #1138 ), #7, .T. ) ;
#1754 = MECHANICAL_DESIGN_GEOMETRIC_PRESENTATION_REPRESENTATION (  '', ( #238 ), #3013 ) ;
#1755 = CARTESIAN_POINT ( 'NONE',  ( -2.600000000000000100, 0.2700000000000004100, -1.000000000000000000 ) ) ;
#1756 = AXIS2_PLACEMENT_3D ( 'NONE', #5202, #4030, #2822 ) ;
#1757 = VECTOR ( 'NONE', #4378, 1000.000000000000000 ) ;
#1758 = VERTEX_POINT ( 'NONE', #2704 ) ;
#1759 =( GEOMETRIC_REPRESENTATION_CONTEXT ( 3 ) GLOBAL_UNCERTAINTY_ASSIGNED_CONTEXT ( ( #4787 ) ) GLOBAL_UNIT_ASSIGNED_CONTEXT ( ( #844, #4899, #2433 ) ) REPRESENTATION_CONTEXT ( 'NONE', 'WORKASPACE' ) );
#1760 = EDGE_CURVE ( 'NONE', #4779, #3725, #933, .T. ) ;
#1761 = PLANE ( 'NONE',  #2038 ) ;
#1762 = EDGE_LOOP ( 'NONE', ( #2724, #1740, #1533, #121, #2027, #3038, #3452, #2064 ) ) ;
#1763 = EDGE_CURVE ( 'NONE', #266, #4106, #4178, .T. ) ;
#1764 = LINE ( 'NONE', #1386, #494 ) ;
#1765 = ORIENTED_EDGE ( 'NONE', *, *, #1900, .F. ) ;
#1766 = SURFACE_SIDE_STYLE ('',( #3146 ) ) ;
#1767 = SURFACE_SIDE_STYLE ('',( #2824 ) ) ;
#1768 = SURFACE_STYLE_USAGE ( .BOTH. , #4975 ) ;
#1769 =( NAMED_UNIT ( * ) PLANE_ANGLE_UNIT ( ) SI_UNIT ( $, .RADIAN. ) );
#1770 = ORIENTED_EDGE ( 'NONE', *, *, #277, .T. ) ;
#1771 = DIRECTION ( 'NONE',  ( -0.0000000000000000000, 1.000000000000000000, -0.0000000000000000000 ) ) ;
#1772 = ORIENTED_EDGE ( 'NONE', *, *, #3296, .F. ) ;
#1773 = CARTESIAN_POINT ( 'NONE',  ( -0.9999999999999993300, 0.1700000000000000100, -2.291287847477920400 ) ) ;
#1774 = SURFACE_SIDE_STYLE ('',( #4513 ) ) ;
#1775 = UNCERTAINTY_MEASURE_WITH_UNIT (LENGTH_MEASURE( 1.000000000000000100E-005 ), #4027, 'distance_accuracy_value', 'NONE');
#1776 = VERTEX_POINT ( 'NONE', #2686 ) ;
#1777 = VECTOR ( 'NONE', #918, 1000.000000000000000 ) ;
#1778 = ORIENTED_EDGE ( 'NONE', *, *, #441, .F. ) ;
#1779 = STYLED_ITEM ( 'NONE', ( #2116 ), #4882 ) ;
#1780 = CARTESIAN_POINT ( 'NONE',  ( -4.350419633163413700E-016, 3.350000000000000500, 0.0000000000000000000 ) ) ;
#1781 = ADVANCED_FACE ( 'NONE', ( #2288 ), #2414, .F. ) ;
#1782 = DIRECTION ( 'NONE',  ( 0.0000000000000000000, 0.0000000000000000000, -1.000000000000000000 ) ) ;
#1783 = CARTESIAN_POINT ( 'NONE',  ( -3.800000000000000300, 3.449999999999999700, 3.799999999999999800 ) ) ;
#1784 =( GEOMETRIC_REPRESENTATION_CONTEXT ( 3 ) GLOBAL_UNCERTAINTY_ASSIGNED_CONTEXT ( ( #1420 ) ) GLOBAL_UNIT_ASSIGNED_CONTEXT ( ( #2639, #1397, #1823 ) ) REPRESENTATION_CONTEXT ( 'NONE', 'WORKASPACE' ) );
#1785 =( LENGTH_UNIT ( ) NAMED_UNIT ( * ) SI_UNIT ( .MILLI., .METRE. ) );
#1786 = VERTEX_POINT ( 'NONE', #3583 ) ;
#1787 = LINE ( 'NONE', #4772, #2989 ) ;
#1788 = FACE_OUTER_BOUND ( 'NONE', #4092, .T. ) ;
#1789 = SURFACE_SIDE_STYLE ('',( #2901 ) ) ;
#1790 = DIRECTION ( 'NONE',  ( 1.308519863344573800E-016, -1.000000000000000000, -0.0000000000000000000 ) ) ;
#1791 =( NAMED_UNIT ( * ) SI_UNIT ( $, .STERADIAN. ) SOLID_ANGLE_UNIT ( ) );
#1792 = MECHANICAL_DESIGN_GEOMETRIC_PRESENTATION_REPRESENTATION (  '', ( #1079 ), #2066 ) ;
#1793 = CARTESIAN_POINT ( 'NONE',  ( -3.629999999999999900, 0.1200000000000000200, 1.000000000000000000 ) ) ;
#1795 = CARTESIAN_POINT ( 'NONE',  ( 0.0000000000000000000, 0.9299999999999998300, 0.0000000000000000000 ) ) ;
#1794 = STYLED_ITEM ( 'NONE', ( #3050 ), #1437 ) ;
#1796 = CONICAL_SURFACE ( 'NONE', #2543, 0.4000000000000032400, 0.7853981633974566100 ) ;
#1797 = DIRECTION ( 'NONE',  ( 0.0000000000000000000, -1.000000000000000000, 0.0000000000000000000 ) ) ;
#1798 = CIRCLE ( 'NONE', #2568, 1.000000000000000000 ) ;
#1799 = EDGE_CURVE ( 'NONE', #3904, #3005, #3623, .T. ) ;
#1800 = CARTESIAN_POINT ( 'NONE',  ( -1.234740191285834500, 3.449999999999999700, 3.114147822442505700 ) ) ;
#1801 = LINE ( 'NONE', #341, #2754 ) ;
#1802 = EDGE_CURVE ( 'NONE', #2550, #1990, #4741, .T. ) ;
#1803 = CONICAL_SURFACE ( 'NONE', #2309, 0.4000000000000032400, 0.7853981633974566100 ) ;
#1804 = DIRECTION ( 'NONE',  ( 1.000000000000000000, 5.354084802397553700E-016, -0.0000000000000000000 ) ) ;
#1805 = CARTESIAN_POINT ( 'NONE',  ( -1.419999999999999900, 0.9299999999999996000, -3.799999999999999800 ) ) ;
#1806 = SURFACE_SIDE_STYLE ('',( #2510 ) ) ;
#1807 = ORIENTED_EDGE ( 'NONE', *, *, #1190, .T. ) ;
#1808 = SURFACE_SIDE_STYLE ('',( #2509 ) ) ;
#1809 =( LENGTH_UNIT ( ) NAMED_UNIT ( * ) SI_UNIT ( .MILLI., .METRE. ) );
#1810 = DIRECTION ( 'NONE',  ( 0.0000000000000000000, 1.000000000000000000, 0.0000000000000000000 ) ) ;
#1811 = CYLINDRICAL_SURFACE ( 'NONE', #2381, 2.500000000000000000 ) ;
#1812 = ORIENTED_EDGE ( 'NONE', *, *, #1947, .T. ) ;
#1813 = ADVANCED_FACE ( 'NONE', ( #1199 ), #1158, .F. ) ;
#1814 = UNCERTAINTY_MEASURE_WITH_UNIT (LENGTH_MEASURE( 1.000000000000000100E-005 ), #3401, 'distance_accuracy_value', 'NONE');
#1815 = DIRECTION ( 'NONE',  ( 0.0000000000000000000, 0.0000000000000000000, 1.000000000000000000 ) ) ;
#1816 = DIRECTION ( 'NONE',  ( -0.0000000000000000000, -0.0000000000000000000, -1.000000000000000000 ) ) ;
#1817 = LINE ( 'NONE', #5216, #728 ) ;
#1818 = EDGE_LOOP ( 'NONE', ( #3168, #4910, #2820, #3365, #2952, #666, #5182, #1193, #4010, #590, #4676, #2600, #4987, #1940, #5103, #3413, #3106, #3609, #1812, #820, #2134 ) ) ;
#1819 =( GEOMETRIC_REPRESENTATION_CONTEXT ( 3 ) GLOBAL_UNCERTAINTY_ASSIGNED_CONTEXT ( ( #3149 ) ) GLOBAL_UNIT_ASSIGNED_CONTEXT ( ( #2358, #646, #3900 ) ) REPRESENTATION_CONTEXT ( 'NONE', 'WORKASPACE' ) );
#1820 = DIRECTION ( 'NONE',  ( -0.0000000000000000000, -1.000000000000000000, -0.0000000000000000000 ) ) ;
#1821 = ORIENTED_EDGE ( 'NONE', *, *, #5188, .T. ) ;
#1822 = EDGE_CURVE ( 'NONE', #685, #1391, #5165, .T. ) ;
#1823 =( NAMED_UNIT ( * ) SI_UNIT ( $, .STERADIAN. ) SOLID_ANGLE_UNIT ( ) );
#1824 = ORIENTED_EDGE ( 'NONE', *, *, #2921, .T. ) ;
#1825 = CARTESIAN_POINT ( 'NONE',  ( 2.600000000000000500, 0.2700000000000012900, 1.000000000000000000 ) ) ;
#1826 = PRESENTATION_STYLE_ASSIGNMENT (( #3346 ) ) ;
#1827 = STYLED_ITEM ( 'NONE', ( #171 ), #3407 ) ;
#1828 = DIRECTION ( 'NONE',  ( 1.145283985019899200E-016, -1.000000000000000000, -0.0000000000000000000 ) ) ;
#1829 = PLANE ( 'NONE',  #225 ) ;
#1830 = FILL_AREA_STYLE ('',( #2200 ) ) ;
#1831 = LINE ( 'NONE', #4698, #2654 ) ;
#1832 = ORIENTED_EDGE ( 'NONE', *, *, #908, .T. ) ;
#1833 = CIRCLE ( 'NONE', #995, 0.02000000000000005200 ) ;
#1834 = DIRECTION ( 'NONE',  ( -0.0000000000000000000, -0.0000000000000000000, -1.000000000000000000 ) ) ;
#1835 = CARTESIAN_POINT ( 'NONE',  ( -4.350419633163413700E-016, 3.350000000000000500, 0.0000000000000000000 ) ) ;
#1836 = DIRECTION ( 'NONE',  ( -0.4317712719439445500, -0.7071067811865416900, -0.5599764001490745700 ) ) ;
#1837 = AXIS2_PLACEMENT_3D ( 'NONE', #4918, #1672, #4476 ) ;
#1838 = ORIENTED_EDGE ( 'NONE', *, *, #227, .F. ) ;
#1839 = AXIS2_PLACEMENT_3D ( 'NONE', #117, #137, #2974 ) ;
#1840 = EDGE_CURVE ( 'NONE', #5082, #2847, #5097, .T. ) ;
#1841 = COLOUR_RGB ( '',1.000000000000000000, 1.000000000000000000, 1.000000000000000000 ) ;
#1842 = ORIENTED_EDGE ( 'NONE', *, *, #979, .T. ) ;
#1843 = CARTESIAN_POINT ( 'NONE',  ( 0.9999999999999995600, 0.1700000000000000100, -2.291287847477920400 ) ) ;
#1844 = EDGE_CURVE ( 'NONE', #880, #3986, #749, .T. ) ;
#1845 = EDGE_LOOP ( 'NONE', ( #488, #2040, #3172, #3603 ) ) ;
#1846 = ADVANCED_FACE ( 'NONE', ( #3991 ), #2801, .F. ) ;
#1847 = DIRECTION ( 'NONE',  ( 0.0000000000000000000, 0.0000000000000000000, 1.000000000000000000 ) ) ;
#1848 = VECTOR ( 'NONE', #4575, 1000.000000000000200 ) ;
#1849 = DIRECTION ( 'NONE',  ( 2.664535259100376100E-015, 0.0000000000000000000, 1.000000000000000000 ) ) ;
#1850 = CARTESIAN_POINT ( 'NONE',  ( -3.800000000000000300, 3.449999999999999700, -3.799999999999999400 ) ) ;
#1851 = UNCERTAINTY_MEASURE_WITH_UNIT (LENGTH_MEASURE( 1.000000000000000100E-005 ), #2908, 'distance_accuracy_value', 'NONE');
#1852 =( NAMED_UNIT ( * ) SI_UNIT ( $, .STERADIAN. ) SOLID_ANGLE_UNIT ( ) );
#1853 = FILL_AREA_STYLE ('',( #2642 ) ) ;
#1854 = ORIENTED_EDGE ( 'NONE', *, *, #3812, .F. ) ;
#1855 = FILL_AREA_STYLE ('',( #1093 ) ) ;
#1856 = CARTESIAN_POINT ( 'NONE',  ( -2.600000000000000100, 0.1500000000000000200, -1.000000000000000000 ) ) ;
#1857 = ORIENTED_EDGE ( 'NONE', *, *, #2823, .F. ) ;
#1858 =( NAMED_UNIT ( * ) SI_UNIT ( $, .STERADIAN. ) SOLID_ANGLE_UNIT ( ) );
#1859 = AXIS2_PLACEMENT_3D ( 'NONE', #3719, #2115, #2495 ) ;
#1860 = SURFACE_SIDE_STYLE ('',( #1197 ) ) ;
#1861 = ORIENTED_EDGE ( 'NONE', *, *, #1927, .T. ) ;
#1862 = PRESENTATION_LAYER_ASSIGNMENT (  '', '', ( #485 ) ) ;
#1863 = CARTESIAN_POINT ( 'NONE',  ( -1.314653550204000600E-016, 1.029999999999999600, 0.0000000000000000000 ) ) ;
#1864 = FACE_OUTER_BOUND ( 'NONE', #3882, .T. ) ;
#1865 = EDGE_CURVE ( 'NONE', #926, #3329, #1833, .T. ) ;
#1866 = AXIS2_PLACEMENT_3D ( 'NONE', #2622, #2562, #1376 ) ;
#1867 = FILL_AREA_STYLE ('',( #841 ) ) ;
#1868 = FACE_OUTER_BOUND ( 'NONE', #4584, .T. ) ;
#1869 = CARTESIAN_POINT ( 'NONE',  ( 2.291287847477920400, 0.1700000000000000100, 1.000000000000000000 ) ) ;
#1870 = DIRECTION ( 'NONE',  ( 1.000000000000000000, 0.0000000000000000000, 0.0000000000000000000 ) ) ;
#1871 = STYLED_ITEM ( 'NONE', ( #4948 ), #4687 ) ;
#1872 =( GEOMETRIC_REPRESENTATION_CONTEXT ( 3 ) GLOBAL_UNCERTAINTY_ASSIGNED_CONTEXT ( ( #4256 ) ) GLOBAL_UNIT_ASSIGNED_CONTEXT ( ( #2041, #4426, #9 ) ) REPRESENTATION_CONTEXT ( 'NONE', 'WORKASPACE' ) );
#1873 = VECTOR ( 'NONE', #3579, 1000.000000000000000 ) ;
#1874 = ADVANCED_FACE ( 'NONE', ( #2019 ), #5142, .T. ) ;
#1875 = AXIS2_PLACEMENT_3D ( 'NONE', #807, #2490, #3640 ) ;
#1876 = DIRECTION ( 'NONE',  ( -1.000000000000000000, -2.168404344971007900E-016, -1.734723475976806300E-015 ) ) ;
#1877 = DIRECTION ( 'NONE',  ( -1.145283985019899200E-016, 1.000000000000000000, 0.0000000000000000000 ) ) ;
#1878 = COLOUR_RGB ( '',1.000000000000000000, 1.000000000000000000, 1.000000000000000000 ) ;
#1879 = CARTESIAN_POINT ( 'NONE',  ( 1.419999999999999900, 0.5300000000000003600, -3.799999999999999800 ) ) ;
#1880 = ORIENTED_EDGE ( 'NONE', *, *, #3644, .F. ) ;
#1881 = VERTEX_POINT ( 'NONE', #3624 ) ;
#1882 = DIRECTION ( 'NONE',  ( 1.000000000000000000, 1.495451272393797600E-016, 0.0000000000000000000 ) ) ;
#1883 = COLOUR_RGB ( '',1.000000000000000000, 1.000000000000000000, 1.000000000000000000 ) ;
#1884 = CIRCLE ( 'NONE', #1994, 1.000000000000000000 ) ;
#1885 = FILL_AREA_STYLE_COLOUR ( '', #1890 ) ;
#1886 =( NAMED_UNIT ( * ) PLANE_ANGLE_UNIT ( ) SI_UNIT ( $, .RADIAN. ) );
#1887 =( NAMED_UNIT ( * ) SI_UNIT ( $, .STERADIAN. ) SOLID_ANGLE_UNIT ( ) );
#1888 = ORIENTED_EDGE ( 'NONE', *, *, #1257, .T. ) ;
#1889 = CYLINDRICAL_SURFACE ( 'NONE', #1866, 1.000000000000000000 ) ;
#1890 = COLOUR_RGB ( '',0.5019607843137254800, 0.5019607843137254800, 0.5019607843137254800 ) ;
#1891 = CARTESIAN_POINT ( 'NONE',  ( 3.630000000000000300, 0.1000000000000000100, 1.000000000000000000 ) ) ;
#1892 = ORIENTED_EDGE ( 'NONE', *, *, #3254, .F. ) ;
#1893 = FILL_AREA_STYLE_COLOUR ( '', #67 ) ;
#1894 = FACE_OUTER_BOUND ( 'NONE', #2232, .T. ) ;
#1895 = SURFACE_STYLE_USAGE ( .BOTH. , #1496 ) ;
#1896 =( GEOMETRIC_REPRESENTATION_CONTEXT ( 3 ) GLOBAL_UNCERTAINTY_ASSIGNED_CONTEXT ( ( #474 ) ) GLOBAL_UNIT_ASSIGNED_CONTEXT ( ( #2361, #1916, #3545 ) ) REPRESENTATION_CONTEXT ( 'NONE', 'WORKASPACE' ) );
#1897 = CARTESIAN_POINT ( 'NONE',  ( -1.382171855916980000, 3.449999999999999700, 3.485986368405793500 ) ) ;
#1898 = ORIENTED_EDGE ( 'NONE', *, *, #4143, .T. ) ;
#1899 = CARTESIAN_POINT ( 'NONE',  ( 2.298097038856273600, 1.030000000000000000, 3.298097038856282500 ) ) ;
#1900 = EDGE_CURVE ( 'NONE', #3904, #4549, #3416, .T. ) ;
#1901 = ORIENTED_EDGE ( 'NONE', *, *, #395, .T. ) ;
#1902 = ORIENTED_EDGE ( 'NONE', *, *, #4474, .F. ) ;
#1903 = SURFACE_SIDE_STYLE ('',( #3373 ) ) ;
#1904 = ORIENTED_EDGE ( 'NONE', *, *, #2925, .T. ) ;
#1905 = DIRECTION ( 'NONE',  ( 5.354084802397553700E-016, -1.000000000000000000, 0.0000000000000000000 ) ) ;
#1906 = ORIENTED_EDGE ( 'NONE', *, *, #1477, .F. ) ;
#1907 = CARTESIAN_POINT ( 'NONE',  ( 3.090023258555960200, 0.5300000000000001400, -1.687480250230070300 ) ) ;
#1908 = EDGE_CURVE ( 'NONE', #1634, #2069, #1069, .T. ) ;
#1909 = VERTEX_POINT ( 'NONE', #386 ) ;
#1910 = VECTOR ( 'NONE', #500, 1000.000000000000000 ) ;
#1911 = FILL_AREA_STYLE_COLOUR ( '', #555 ) ;
#1912 = CARTESIAN_POINT ( 'NONE',  ( 3.799999999999999400, 3.449999999999999700, 2.799999999999999800 ) ) ;
#1913 = UNCERTAINTY_MEASURE_WITH_UNIT (LENGTH_MEASURE( 1.000000000000000100E-005 ), #2818, 'distance_accuracy_value', 'NONE');
#1914 = ORIENTED_EDGE ( 'NONE', *, *, #3361, .T. ) ;
#1915 = FACE_OUTER_BOUND ( 'NONE', #5173, .T. ) ;
#1916 =( NAMED_UNIT ( * ) PLANE_ANGLE_UNIT ( ) SI_UNIT ( $, .RADIAN. ) );
#1917 = SURFACE_SIDE_STYLE ('',( #396 ) ) ;
#1918 =( NAMED_UNIT ( * ) PLANE_ANGLE_UNIT ( ) SI_UNIT ( $, .RADIAN. ) );
#1919 = ORIENTED_EDGE ( 'NONE', *, *, #2559, .T. ) ;
#1920 = LINE ( 'NONE', #2345, #5001 ) ;
#1921 = COLOUR_RGB ( '',0.5019607843137254800, 0.5019607843137254800, 0.5019607843137254800 ) ;
#1922 =( LENGTH_UNIT ( ) NAMED_UNIT ( * ) SI_UNIT ( .MILLI., .METRE. ) );
#1923 = CARTESIAN_POINT ( 'NONE',  ( -2.739999999999999800, 0.1000000000000000700, 1.000000000000000000 ) ) ;
#1924 = AXIS2_PLACEMENT_3D ( 'NONE', #4142, #4620, #4599 ) ;
#1925 = CARTESIAN_POINT ( 'NONE',  ( 0.0000000000000000000, 1.029999999999999600, 0.0000000000000000000 ) ) ;
#1926 = SURFACE_STYLE_FILL_AREA ( #622 ) ;
#1927 = EDGE_CURVE ( 'NONE', #3523, #3422, #2347, .T. ) ;
#1928 = CIRCLE ( 'NONE', #771, 3.250000000000000400 ) ;
#1929 = DIRECTION ( 'NONE',  ( 1.000000000000000000, 0.0000000000000000000, 0.0000000000000000000 ) ) ;
#1930 = AXIS2_PLACEMENT_3D ( 'NONE', #4985, #5003, #1016 ) ;
#1931 = DIRECTION ( 'NONE',  ( 1.145283985019899200E-016, -1.000000000000000000, -0.0000000000000000000 ) ) ;
#1932 = LINE ( 'NONE', #4752, #2625 ) ;
#1933 = SURFACE_SIDE_STYLE ('',( #2792 ) ) ;
#1934 = SURFACE_SIDE_STYLE ('',( #579 ) ) ;
#1935 = SURFACE_STYLE_FILL_AREA ( #4254 ) ;
#1936 = AXIS2_PLACEMENT_3D ( 'NONE', #1355, #945, #3344 ) ;
#1937 = CARTESIAN_POINT ( 'NONE',  ( 2.298097038856273600, 3.350000000000005000, 2.298097038856282000 ) ) ;
#1938 = LINE ( 'NONE', #2986, #410 ) ;
#1939 = MECHANICAL_DESIGN_GEOMETRIC_PRESENTATION_REPRESENTATION (  '', ( #4744 ), #1487 ) ;
#1940 = ORIENTED_EDGE ( 'NONE', *, *, #4369, .T. ) ;
#1941 =( GEOMETRIC_REPRESENTATION_CONTEXT ( 3 ) GLOBAL_UNCERTAINTY_ASSIGNED_CONTEXT ( ( #4086 ) ) GLOBAL_UNIT_ASSIGNED_CONTEXT ( ( #618, #1008, #1791 ) ) REPRESENTATION_CONTEXT ( 'NONE', 'WORKASPACE' ) );
#1942 = EDGE_CURVE ( 'NONE', #1125, #62, #124, .T. ) ;
#1943 = SURFACE_SIDE_STYLE ('',( #1545 ) ) ;
#1944 = FACE_OUTER_BOUND ( 'NONE', #4299, .T. ) ;
#1945 = DIRECTION ( 'NONE',  ( -0.0000000000000000000, -0.0000000000000000000, -1.000000000000000000 ) ) ;
#1946 = SURFACE_STYLE_FILL_AREA ( #4101 ) ;
#1947 = EDGE_CURVE ( 'NONE', #3952, #2881, #2462, .T. ) ;
#1948 = ORIENTED_EDGE ( 'NONE', *, *, #2098, .T. ) ;
#1949 = FILL_AREA_STYLE ('',( #710 ) ) ;
#1950 = CONICAL_SURFACE ( 'NONE', #4130, 0.4000000000000032400, 0.7853981633974566100 ) ;
#1951 = ORIENTED_EDGE ( 'NONE', *, *, #2652, .T. ) ;
#1952 = CARTESIAN_POINT ( 'NONE',  ( -3.800000000000000300, 14.29802307403552100, -2.799999999999999800 ) ) ;
#1953 = FACE_OUTER_BOUND ( 'NONE', #4735, .T. ) ;
#1954 = DIRECTION ( 'NONE',  ( -0.0000000000000000000, 1.000000000000000000, -0.0000000000000000000 ) ) ;
#1955 = FILL_AREA_STYLE ('',( #2695 ) ) ;
#1956 = VERTEX_POINT ( 'NONE', #1691 ) ;
#1957 = DIRECTION ( 'NONE',  ( 0.0000000000000000000, 1.000000000000000000, 0.0000000000000000000 ) ) ;
#1958 = ORIENTED_EDGE ( 'NONE', *, *, #4734, .F. ) ;
#1959 =( LENGTH_UNIT ( ) NAMED_UNIT ( * ) SI_UNIT ( .MILLI., .METRE. ) );
#1960 = DIRECTION ( 'NONE',  ( 0.0000000000000000000, 1.000000000000000000, 0.0000000000000000000 ) ) ;
#1961 = CARTESIAN_POINT ( 'NONE',  ( 1.419999999999999900, 0.5300000000000003600, 2.987419390442720900 ) ) ;
#1962 =( NAMED_UNIT ( * ) PLANE_ANGLE_UNIT ( ) SI_UNIT ( $, .RADIAN. ) );
#1963 = PRESENTATION_LAYER_ASSIGNMENT (  '', '', ( #2961 ) ) ;
#1964 = PRESENTATION_STYLE_ASSIGNMENT (( #257 ) ) ;
#1965 = EDGE_LOOP ( 'NONE', ( #2363, #3626, #1261, #4915 ) ) ;
#1966 = AXIS2_PLACEMENT_3D ( 'NONE', #16, #408, #4032 ) ;
#1967 = ORIENTED_EDGE ( 'NONE', *, *, #3296, .T. ) ;
#1968 = CARTESIAN_POINT ( 'NONE',  ( -1.571528283009124000E-015, 12.03528137423857000, 0.0000000000000000000 ) ) ;
#1969 = ORIENTED_EDGE ( 'NONE', *, *, #611, .T. ) ;
#1970 = AXIS2_PLACEMENT_3D ( 'NONE', #3223, #1625, #2435 ) ;
#1971 = DIRECTION ( 'NONE',  ( -1.000000000000000000, 0.0000000000000000000, 0.0000000000000000000 ) ) ;
#1972 = FILL_AREA_STYLE ('',( #2836 ) ) ;
#1973 = ORIENTED_EDGE ( 'NONE', *, *, #4902, .F. ) ;
#1974 = AXIS2_PLACEMENT_3D ( 'NONE', #1620, #57, #4870 ) ;
#1975 = DIRECTION ( 'NONE',  ( -0.0000000000000000000, -0.0000000000000000000, -1.000000000000000000 ) ) ;
#1976 = DIRECTION ( 'NONE',  ( -1.000000000000000000, -1.145283985019899200E-016, 0.0000000000000000000 ) ) ;
#1977 = VERTEX_POINT ( 'NONE', #1223 ) ;
#1978 = EDGE_CURVE ( 'NONE', #53, #2907, #4609, .T. ) ;
#1979 = UNCERTAINTY_MEASURE_WITH_UNIT (LENGTH_MEASURE( 1.000000000000000100E-005 ), #1213, 'distance_accuracy_value', 'NONE');
#1980 = VERTEX_POINT ( 'NONE', #4457 ) ;
#1981 = FACE_OUTER_BOUND ( 'NONE', #5212, .T. ) ;
#1982 = DIRECTION ( 'NONE',  ( 0.0000000000000000000, 0.0000000000000000000, 1.000000000000000000 ) ) ;
#1983 = CARTESIAN_POINT ( 'NONE',  ( 2.600000000000000500, 0.1500000000000013300, -1.000000000000000000 ) ) ;
#1984 = CARTESIAN_POINT ( 'NONE',  ( -1.234740191285834500, 3.449999999999999700, 3.114147822442505700 ) ) ;
#1985 = DIRECTION ( 'NONE',  ( 1.000000000000000000, -0.0000000000000000000, -0.0000000000000000000 ) ) ;
#1986 = LINE ( 'NONE', #4094, #1279 ) ;
#1987 =( LENGTH_UNIT ( ) NAMED_UNIT ( * ) SI_UNIT ( .MILLI., .METRE. ) );
#1988 = AXIS2_PLACEMENT_3D ( 'NONE', #1161, #2050, #3234 ) ;
#1989 = CARTESIAN_POINT ( 'NONE',  ( -3.000000000000002200, 12.03528137423857000, 3.673940397442060400E-016 ) ) ;
#1990 = VERTEX_POINT ( 'NONE', #2450 ) ;
#1991 = EDGE_CURVE ( 'NONE', #3546, #4858, #2085, .T. ) ;
#1992 = VERTEX_POINT ( 'NONE', #2058 ) ;
#1993 = DIRECTION ( 'NONE',  ( -0.0000000000000000000, 1.000000000000000000, -0.0000000000000000000 ) ) ;
#1994 = AXIS2_PLACEMENT_3D ( 'NONE', #431, #1211, #4084 ) ;
#1995 = DIRECTION ( 'NONE',  ( 0.0000000000000000000, 0.0000000000000000000, -1.000000000000000000 ) ) ;
#1996 = CONICAL_SURFACE ( 'NONE', #936, 2.900000000000003000, 0.7853981633974482800 ) ;
#1997 = CARTESIAN_POINT ( 'NONE',  ( -1.419999999999999900, 0.9299999999999996000, -2.987419390442723100 ) ) ;
#1998 = ORIENTED_EDGE ( 'NONE', *, *, #3902, .T. ) ;
#1999 = DIRECTION ( 'NONE',  ( 0.0000000000000000000, 0.0000000000000000000, 1.000000000000000000 ) ) ;
#2000 = SURFACE_SIDE_STYLE ('',( #4298 ) ) ;
#2001 = STYLED_ITEM ( 'NONE', ( #1604 ), #222 ) ;
#2002 = STYLED_ITEM ( 'NONE', ( #649 ), #875 ) ;
#2003 = DIRECTION ( 'NONE',  ( -1.000000000000000000, -1.000802005371234800E-016, 0.0000000000000000000 ) ) ;
#2004 = EDGE_CURVE ( 'NONE', #2907, #2324, #2518, .T. ) ;
#2005 = UNCERTAINTY_MEASURE_WITH_UNIT (LENGTH_MEASURE( 1.000000000000000100E-005 ), #2812, 'distance_accuracy_value', 'NONE');
#2006 = ORIENTED_EDGE ( 'NONE', *, *, #3667, .F. ) ;
#2007 = DIRECTION ( 'NONE',  ( -0.0000000000000000000, -1.000000000000000000, -0.0000000000000000000 ) ) ;
#2008 =( NAMED_UNIT ( * ) PLANE_ANGLE_UNIT ( ) SI_UNIT ( $, .RADIAN. ) );
#2009 = EDGE_CURVE ( 'NONE', #312, #4315, #2403, .T. ) ;
#2010 = ORIENTED_EDGE ( 'NONE', *, *, #2, .T. ) ;
#2011 = VERTEX_POINT ( 'NONE', #851 ) ;
#2012 = VECTOR ( 'NONE', #3441, 1000.000000000000000 ) ;
#2013 = CARTESIAN_POINT ( 'NONE',  ( -1.419999999999999900, 0.9299999999999996000, 2.987419390442715500 ) ) ;
#2014 = CIRCLE ( 'NONE', #2162, 1.000000000000000400 ) ;
#2015 = CARTESIAN_POINT ( 'NONE',  ( -1.687480250230081200, 1.029999999999999600, 3.090023258555954400 ) ) ;
#2016 = DIRECTION ( 'NONE',  ( 0.0000000000000000000, -0.0000000000000000000, 1.000000000000000000 ) ) ;
#2017 = ORIENTED_EDGE ( 'NONE', *, *, #1121, .F. ) ;
#2018 = CARTESIAN_POINT ( 'NONE',  ( 1.000000000000000400, 0.2700000000000011300, -2.291287847477920400 ) ) ;
#2019 = FACE_OUTER_BOUND ( 'NONE', #1375, .T. ) ;
#2020 = DIRECTION ( 'NONE',  ( 0.0000000000000000000, -1.000000000000000000, 0.0000000000000000000 ) ) ;
#2021 = DIRECTION ( 'NONE',  ( 0.0000000000000000000, 0.0000000000000000000, 1.000000000000000000 ) ) ;
#2022 = STYLED_ITEM ( 'NONE', ( #1826 ), #2086 ) ;
#2023 = ORIENTED_EDGE ( 'NONE', *, *, #2637, .F. ) ;
#2024 = ORIENTED_EDGE ( 'NONE', *, *, #1118, .F. ) ;
#2025 = CARTESIAN_POINT ( 'NONE',  ( -2.298097038856283400, 0.5300000000000001400, 2.298097038856274900 ) ) ;
#2026 = EDGE_CURVE ( 'NONE', #1446, #2280, #2651, .T. ) ;
#2027 = ORIENTED_EDGE ( 'NONE', *, *, #1822, .T. ) ;
#2028 =( GEOMETRIC_REPRESENTATION_CONTEXT ( 3 ) GLOBAL_UNCERTAINTY_ASSIGNED_CONTEXT ( ( #1347 ) ) GLOBAL_UNIT_ASSIGNED_CONTEXT ( ( #3089, #4296, #1858 ) ) REPRESENTATION_CONTEXT ( 'NONE', 'WORKASPACE' ) );
#2029 = VERTEX_POINT ( 'NONE', #831 ) ;
#2030 = DIRECTION ( 'NONE',  ( 1.000000000000000000, 0.0000000000000000000, 0.0000000000000000000 ) ) ;
#2031 = VERTEX_POINT ( 'NONE', #4065 ) ;
#2032 =( GEOMETRIC_REPRESENTATION_CONTEXT ( 3 ) GLOBAL_UNCERTAINTY_ASSIGNED_CONTEXT ( ( #501 ) ) GLOBAL_UNIT_ASSIGNED_CONTEXT ( ( #2558, #3832, #2601 ) ) REPRESENTATION_CONTEXT ( 'NONE', 'WORKASPACE' ) );
#2033 = VECTOR ( 'NONE', #2251, 1000.000000000000000 ) ;
#2034 =( NAMED_UNIT ( * ) SI_UNIT ( $, .STERADIAN. ) SOLID_ANGLE_UNIT ( ) );
#2035 =( GEOMETRIC_REPRESENTATION_CONTEXT ( 3 ) GLOBAL_UNCERTAINTY_ASSIGNED_CONTEXT ( ( #3809 ) ) GLOBAL_UNIT_ASSIGNED_CONTEXT ( ( #4556, #1724, #4577 ) ) REPRESENTATION_CONTEXT ( 'NONE', 'WORKASPACE' ) );
#2036 = DIRECTION ( 'NONE',  ( -0.0000000000000000000, 1.000000000000000000, -0.0000000000000000000 ) ) ;
#2037 = CARTESIAN_POINT ( 'NONE',  ( 3.485986368405798300, 3.449999999999999700, -1.382171855916968200 ) ) ;
#2038 = AXIS2_PLACEMENT_3D ( 'NONE', #3321, #2141, #534 ) ;
#2039 = EDGE_CURVE ( 'NONE', #3054, #1045, #4791, .T. ) ;
#2040 = ORIENTED_EDGE ( 'NONE', *, *, #658, .F. ) ;
#2041 =( LENGTH_UNIT ( ) NAMED_UNIT ( * ) SI_UNIT ( .MILLI., .METRE. ) );
#2042 = FACE_OUTER_BOUND ( 'NONE', #5214, .T. ) ;
#2043 = CARTESIAN_POINT ( 'NONE',  ( -4.481271619497872300E-016, 3.450000000000001500, 0.0000000000000000000 ) ) ;
#2044 = CARTESIAN_POINT ( 'NONE',  ( 1.382171855916979800, 3.449999999999999700, -3.485986368405793500 ) ) ;
#2045 = CARTESIAN_POINT ( 'NONE',  ( 3.800000000000000300, 0.9299999999999999400, 1.419999999999999900 ) ) ;
#2046 = ORIENTED_EDGE ( 'NONE', *, *, #4173, .T. ) ;
#2047 = VECTOR ( 'NONE', #810, 1000.000000000000000 ) ;
#2048 = CYLINDRICAL_SURFACE ( 'NONE', #5119, 2.500000000000000000 ) ;
#2049 = DIRECTION ( 'NONE',  ( 0.0000000000000000000, 0.0000000000000000000, 1.000000000000000000 ) ) ;
#2050 = DIRECTION ( 'NONE',  ( 1.145283985019899200E-016, -1.000000000000000000, -0.0000000000000000000 ) ) ;
#2051 = PRESENTATION_STYLE_ASSIGNMENT (( #585 ) ) ;
#2052 = PLANE ( 'NONE',  #1875 ) ;
#2053 = ADVANCED_FACE ( 'NONE', ( #3863 ), #4487, .F. ) ;
#2054 = DIRECTION ( 'NONE',  ( 0.0000000000000000000, -1.000000000000000000, 0.0000000000000000000 ) ) ;
#2055 = VECTOR ( 'NONE', #2306, 1000.000000000000000 ) ;
#2056 = AXIS2_PLACEMENT_3D ( 'NONE', #4660, #1434, #3082 ) ;
#2057 = ORIENTED_EDGE ( 'NONE', *, *, #2752, .T. ) ;
#2058 = CARTESIAN_POINT ( 'NONE',  ( -1.687480250230081400, 0.5300000000000001400, 3.090023258555953900 ) ) ;
#2059 = CIRCLE ( 'NONE', #3604, 1.000000000000000400 ) ;
#2060 =( NAMED_UNIT ( * ) PLANE_ANGLE_UNIT ( ) SI_UNIT ( $, .RADIAN. ) );
#2061 = AXIS2_PLACEMENT_3D ( 'NONE', #5141, #3528, #331 ) ;
#2062 = CARTESIAN_POINT ( 'NONE',  ( 0.0000000000000000000, 0.5300000000000000300, 0.0000000000000000000 ) ) ;
#2063 = CIRCLE ( 'NONE', #2312, 0.1199999999999998800 ) ;
#2064 = ORIENTED_EDGE ( 'NONE', *, *, #2742, .F. ) ;
#2065 = SURFACE_STYLE_FILL_AREA ( #3367 ) ;
#2066 =( GEOMETRIC_REPRESENTATION_CONTEXT ( 3 ) GLOBAL_UNCERTAINTY_ASSIGNED_CONTEXT ( ( #3674 ) ) GLOBAL_UNIT_ASSIGNED_CONTEXT ( ( #2111, #4919, #91 ) ) REPRESENTATION_CONTEXT ( 'NONE', 'WORKASPACE' ) );
#2067 = CIRCLE ( 'NONE', #805, 0.02000000000000005200 ) ;
#2068 = PRESENTATION_STYLE_ASSIGNMENT (( #4616 ) ) ;
#2069 = VERTEX_POINT ( 'NONE', #4922 ) ;
#2070 = AXIS2_PLACEMENT_3D ( 'NONE', #5009, #2124, #3368 ) ;
#2071 = DIRECTION ( 'NONE',  ( 0.0000000000000000000, -1.000000000000000000, 0.0000000000000000000 ) ) ;
#2072 = SURFACE_STYLE_FILL_AREA ( #818 ) ;
#2073 = SURFACE_SIDE_STYLE ('',( #4187 ) ) ;
#2074 = UNCERTAINTY_MEASURE_WITH_UNIT (LENGTH_MEASURE( 1.000000000000000100E-005 ), #3133, 'distance_accuracy_value', 'NONE');
#2075 = ORIENTED_EDGE ( 'NONE', *, *, #1927, .F. ) ;
#2076 = SURFACE_SIDE_STYLE ('',( #4406 ) ) ;
#2077 = CARTESIAN_POINT ( 'NONE',  ( -3.750000000000000400, 0.9299999999999999400, 1.000000000000000000 ) ) ;
#2078 = EDGE_CURVE ( 'NONE', #4421, #4740, #3029, .T. ) ;
#2079 = PRESENTATION_STYLE_ASSIGNMENT (( #1338 ) ) ;
#2080 = DIRECTION ( 'NONE',  ( 5.354084802397553700E-016, -1.000000000000000000, 0.0000000000000000000 ) ) ;
#2081 = EDGE_CURVE ( 'NONE', #3523, #4728, #549, .T. ) ;
#2082 = FILL_AREA_STYLE ('',( #3312 ) ) ;
#2083 = FACE_OUTER_BOUND ( 'NONE', #1965, .T. ) ;
#2084 = EDGE_LOOP ( 'NONE', ( #166, #2294, #2091, #2516, #4844, #3490 ) ) ;
#2085 = LINE ( 'NONE', #3275, #680 ) ;
#2086 = ADVANCED_FACE ( 'NONE', ( #480 ), #3282, .F. ) ;
#2087 = ORIENTED_EDGE ( 'NONE', *, *, #2126, .T. ) ;
#2088 = CARTESIAN_POINT ( 'NONE',  ( 3.630000000000000300, 0.1200000000000000100, 1.000000000000000000 ) ) ;
#2089 = ORIENTED_EDGE ( 'NONE', *, *, #5039, .F. ) ;
#2090 = EDGE_LOOP ( 'NONE', ( #1307, #645, #1481, #2087 ) ) ;
#2091 = ORIENTED_EDGE ( 'NONE', *, *, #1616, .F. ) ;
#2092 = FILL_AREA_STYLE_COLOUR ( '', #3727 ) ;
#2093 = FILL_AREA_STYLE ('',( #4873 ) ) ;
#2094 = MECHANICAL_DESIGN_GEOMETRIC_PRESENTATION_REPRESENTATION (  '', ( #1641 ), #1819 ) ;
#2095 = ORIENTED_EDGE ( 'NONE', *, *, #4963, .F. ) ;
#2096 = DIRECTION ( 'NONE',  ( 1.145283985019899200E-016, -1.000000000000000000, -0.0000000000000000000 ) ) ;
#2097 = LINE ( 'NONE', #1720, #1777 ) ;
#2098 = EDGE_CURVE ( 'NONE', #3952, #1881, #4361, .T. ) ;
#2099 = MECHANICAL_DESIGN_GEOMETRIC_PRESENTATION_REPRESENTATION (  '', ( #269 ), #4707 ) ;
#2100 = VERTEX_POINT ( 'NONE', #3824 ) ;
#2101 = DIRECTION ( 'NONE',  ( -1.000000000000000000, 0.0000000000000000000, 0.0000000000000000000 ) ) ;
#2102 = ORIENTED_EDGE ( 'NONE', *, *, #1390, .F. ) ;
#2103 = CIRCLE ( 'NONE', #1490, 0.5000000000000000000 ) ;
#2104 = AXIS2_PLACEMENT_3D ( 'NONE', #4843, #13, #2003 ) ;
#2105 = DIRECTION ( 'NONE',  ( 0.0000000000000000000, -1.000000000000000000, 0.0000000000000000000 ) ) ;
#2106 = MECHANICAL_DESIGN_GEOMETRIC_PRESENTATION_REPRESENTATION (  '', ( #107 ), #3363 ) ;
#2107 = EDGE_CURVE ( 'NONE', #4106, #1786, #2207, .T. ) ;
#2108 = CARTESIAN_POINT ( 'NONE',  ( -3.800000000000000300, 0.5300000000000003600, -1.419999999999999900 ) ) ;
#2109 = ADVANCED_FACE ( 'NONE', ( #1126 ), #4479, .F. ) ;
#2110 = DIRECTION ( 'NONE',  ( 0.0000000000000000000, 0.0000000000000000000, 1.000000000000000000 ) ) ;
#2111 =( LENGTH_UNIT ( ) NAMED_UNIT ( * ) SI_UNIT ( .MILLI., .METRE. ) );
#2112 = CIRCLE ( 'NONE', #2494, 2.500000000000000000 ) ;
#2113 = EDGE_CURVE ( 'NONE', #360, #3813, #4300, .T. ) ;
#2114 = SURFACE_STYLE_FILL_AREA ( #2763 ) ;
#2115 = DIRECTION ( 'NONE',  ( 0.0000000000000000000, 1.000000000000000000, 0.0000000000000000000 ) ) ;
#2116 = PRESENTATION_STYLE_ASSIGNMENT (( #4624 ) ) ;
#2117 = CIRCLE ( 'NONE', #1588, 0.4000000000000032400 ) ;
#2118 = AXIS2_PLACEMENT_3D ( 'NONE', #2861, #814, #1286 ) ;
#2119 = CIRCLE ( 'NONE', #3289, 2.500000000000000000 ) ;
#2120 = CARTESIAN_POINT ( 'NONE',  ( -2.298097038856283400, 3.449999999999999700, 3.398097038856271500 ) ) ;
#2121 = ORIENTED_EDGE ( 'NONE', *, *, #3866, .T. ) ;
#2122 = LINE ( 'NONE', #4179, #1233 ) ;
#2123 = SURFACE_STYLE_USAGE ( .BOTH. , #1704 ) ;
#2124 = DIRECTION ( 'NONE',  ( 0.0000000000000000000, 0.0000000000000000000, 1.000000000000000000 ) ) ;
#2125 = AXIS2_PLACEMENT_3D ( 'NONE', #2470, #2096, #3665 ) ;
#2126 = EDGE_CURVE ( 'NONE', #4696, #3224, #2201, .T. ) ;
#2127 = ORIENTED_EDGE ( 'NONE', *, *, #108, .F. ) ;
#2128 = DIRECTION ( 'NONE',  ( -1.000000000000000000, -1.185846126156020700E-016, 0.0000000000000000000 ) ) ;
#2129 = COLOUR_RGB ( '',0.7921568627450980000, 0.8196078431372548800, 0.9333333333333333500 ) ;
#2130 = PRESENTATION_LAYER_ASSIGNMENT (  '', '', ( #4197 ) ) ;
#2131 = DIRECTION ( 'NONE',  ( -1.000000000000000000, 0.0000000000000000000, 1.734723475976807100E-015 ) ) ;
#2132 = FACE_OUTER_BOUND ( 'NONE', #2349, .T. ) ;
#2133 = CIRCLE ( 'NONE', #39, 0.5000000000000000000 ) ;
#2134 = ORIENTED_EDGE ( 'NONE', *, *, #1209, .T. ) ;
#2135 = AXIS2_PLACEMENT_3D ( 'NONE', #1041, #1847, #5041 ) ;
#2136 = CYLINDRICAL_SURFACE ( 'NONE', #594, 0.1199999999999998800 ) ;
#2137 = SURFACE_STYLE_USAGE ( .BOTH. , #4551 ) ;
#2138 = AXIS2_PLACEMENT_3D ( 'NONE', #941, #2919, #2984 ) ;
#2139 = UNCERTAINTY_MEASURE_WITH_UNIT (LENGTH_MEASURE( 1.000000000000000100E-005 ), #3105, 'distance_accuracy_value', 'NONE');
#2140 = VERTEX_POINT ( 'NONE', #2970 ) ;
#2141 = DIRECTION ( 'NONE',  ( 0.0000000000000000000, 1.000000000000000000, 0.0000000000000000000 ) ) ;
#2142 = ORIENTED_EDGE ( 'NONE', *, *, #3562, .F. ) ;
#2143 = COLOUR_RGB ( '',1.000000000000000000, 1.000000000000000000, 1.000000000000000000 ) ;
#2144 = DIRECTION ( 'NONE',  ( -0.0000000000000000000, -0.0000000000000000000, -1.000000000000000000 ) ) ;
#2145 = DIRECTION ( 'NONE',  ( 1.000000000000000000, -0.0000000000000000000, 0.0000000000000000000 ) ) ;
#2146 = DIRECTION ( 'NONE',  ( -1.000000000000000000, 0.0000000000000000000, 0.0000000000000000000 ) ) ;
#2147 = DIRECTION ( 'NONE',  ( 1.000000000000000000, 0.0000000000000000000, 0.0000000000000000000 ) ) ;
#2148 = FACE_OUTER_BOUND ( 'NONE', #2660, .T. ) ;
#2149 = ORIENTED_EDGE ( 'NONE', *, *, #380, .T. ) ;
#2150 = SURFACE_STYLE_FILL_AREA ( #1551 ) ;
#2151 = SURFACE_STYLE_USAGE ( .BOTH. , #2587 ) ;
#2152 = CARTESIAN_POINT ( 'NONE',  ( 0.9999999999999995600, 0.1700000000000000100, 2.291287847477920400 ) ) ;
#2153 = ORIENTED_EDGE ( 'NONE', *, *, #972, .F. ) ;
#2154 = VERTEX_POINT ( 'NONE', #487 ) ;
#2155 = DIRECTION ( 'NONE',  ( 0.0000000000000000000, 0.0000000000000000000, -1.000000000000000000 ) ) ;
#2156 = VERTEX_POINT ( 'NONE', #1746 ) ;
#2157 = CARTESIAN_POINT ( 'NONE',  ( -3.800000000000000300, 0.5300000000000000300, 3.799999999999999800 ) ) ;
#2158 = EDGE_LOOP ( 'NONE', ( #1676, #2773, #373, #3862, #129, #2862, #3663, #1688 ) ) ;
#2159 = ADVANCED_FACE ( 'NONE', ( #3213 ), #3800, .T. ) ;
#2160 = DIRECTION ( 'NONE',  ( 0.0000000000000000000, 0.0000000000000000000, 1.000000000000000000 ) ) ;
#2161 = PLANE ( 'NONE',  #4930 ) ;
#2162 = AXIS2_PLACEMENT_3D ( 'NONE', #4755, #1146, #4388 ) ;
#2163 =( NAMED_UNIT ( * ) SI_UNIT ( $, .STERADIAN. ) SOLID_ANGLE_UNIT ( ) );
#2164 =( NAMED_UNIT ( * ) PLANE_ANGLE_UNIT ( ) SI_UNIT ( $, .RADIAN. ) );
#2165 =( NAMED_UNIT ( * ) PLANE_ANGLE_UNIT ( ) SI_UNIT ( $, .RADIAN. ) );
#2166 = DIRECTION ( 'NONE',  ( 1.000000000000000000, 0.0000000000000000000, 0.0000000000000000000 ) ) ;
#2167 = ORIENTED_EDGE ( 'NONE', *, *, #42, .T. ) ;
#2168 = AXIS2_PLACEMENT_3D ( 'NONE', #3156, #2364, #3139 ) ;
#2169 = EDGE_CURVE ( 'NONE', #1258, #4550, #181, .T. ) ;
#2170 = VECTOR ( 'NONE', #1322, 1000.000000000000000 ) ;
#2171 = COLOUR_RGB ( '',0.5019607843137254800, 0.5019607843137254800, 0.5019607843137254800 ) ;
#2172 = STYLED_ITEM ( 'NONE', ( #1295 ), #249 ) ;
#2173 = CARTESIAN_POINT ( 'NONE',  ( 2.799999999999999400, 14.29802307403552100, 3.799999999999999800 ) ) ;
#2174 = EDGE_CURVE ( 'NONE', #4804, #1323, #3341, .T. ) ;
#2175 = DIRECTION ( 'NONE',  ( 0.0000000000000000000, -1.000000000000000000, 0.0000000000000000000 ) ) ;
#2176 = DIRECTION ( 'NONE',  ( -0.0000000000000000000, 1.000000000000000000, -0.0000000000000000000 ) ) ;
#2177 =( LENGTH_UNIT ( ) NAMED_UNIT ( * ) SI_UNIT ( .MILLI., .METRE. ) );
#2178 = CIRCLE ( 'NONE', #1626, 3.349999999999997000 ) ;
#2179 = CARTESIAN_POINT ( 'NONE',  ( 2.799999999999999400, 3.449999999999999700, 2.799999999999999800 ) ) ;
#2180 = SURFACE_STYLE_FILL_AREA ( #3177 ) ;
#2181 = DIRECTION ( 'NONE',  ( 0.0000000000000000000, 1.000000000000000000, 0.0000000000000000000 ) ) ;
#2182 = DIRECTION ( 'NONE',  ( 0.0000000000000000000, -1.000000000000000000, 0.0000000000000000000 ) ) ;
#2183 = ADVANCED_FACE ( 'NONE', ( #1894 ), #133, .T. ) ;
#2184 = CARTESIAN_POINT ( 'NONE',  ( 3.630000000000000300, 0.1200000000000000100, -1.000000000000000000 ) ) ;
#2185 = ORIENTED_EDGE ( 'NONE', *, *, #767, .F. ) ;
#2186 = FACE_OUTER_BOUND ( 'NONE', #750, .T. ) ;
#2187 = AXIS2_PLACEMENT_3D ( 'NONE', #4785, #2397, #2816 ) ;
#2188 = DIRECTION ( 'NONE',  ( 0.0000000000000000000, 1.000000000000000000, 0.0000000000000000000 ) ) ;
#2189 = VECTOR ( 'NONE', #2054, 1000.000000000000000 ) ;
#2190 = ORIENTED_EDGE ( 'NONE', *, *, #747, .F. ) ;
#2191 = CARTESIAN_POINT ( 'NONE',  ( 3.800000000000000300, 0.9300000000000002700, -1.419999999999999900 ) ) ;
#2192 =( LENGTH_UNIT ( ) NAMED_UNIT ( * ) SI_UNIT ( .MILLI., .METRE. ) );
#2193 = CIRCLE ( 'NONE', #863, 3.000000000000000400 ) ;
#2194 = EDGE_CURVE ( 'NONE', #3420, #498, #5215, .T. ) ;
#2195 = FACE_OUTER_BOUND ( 'NONE', #1296, .T. ) ;
#2196 = CARTESIAN_POINT ( 'NONE',  ( -3.114147822442510500, 3.449999999999999700, 1.234740191285822700 ) ) ;
#2197 = COLOUR_RGB ( '',0.5019607843137254800, 0.5019607843137254800, 0.5019607843137254800 ) ;
#2198 =( GEOMETRIC_REPRESENTATION_CONTEXT ( 3 ) GLOBAL_UNCERTAINTY_ASSIGNED_CONTEXT ( ( #3578 ) ) GLOBAL_UNIT_ASSIGNED_CONTEXT ( ( #3231, #3214, #3196 ) ) REPRESENTATION_CONTEXT ( 'NONE', 'WORKASPACE' ) );
#2199 = ORIENTED_EDGE ( 'NONE', *, *, #2388, .T. ) ;
#2200 = FILL_AREA_STYLE_COLOUR ( '', #4365 ) ;
#2201 = LINE ( 'NONE', #4560, #246 ) ;
#2202 = AXIS2_PLACEMENT_3D ( 'NONE', #4595, #2934, #576 ) ;
#2203 = UNCERTAINTY_MEASURE_WITH_UNIT (LENGTH_MEASURE( 1.000000000000000100E-005 ), #521, 'distance_accuracy_value', 'NONE');
#2204 = AXIS2_PLACEMENT_3D ( 'NONE', #2514, #912, #2131 ) ;
#2205 = ORIENTED_EDGE ( 'NONE', *, *, #850, .F. ) ;
#2206 = AXIS2_PLACEMENT_3D ( 'NONE', #5163, #4310, #4708 ) ;
#2207 = LINE ( 'NONE', #909, #3410 ) ;
#2208 = EDGE_CURVE ( 'NONE', #3634, #3420, #5089, .T. ) ;
#2209 = CARTESIAN_POINT ( 'NONE',  ( 3.750000000000000400, 0.9299999999999999400, -1.000000000000000000 ) ) ;
#2210 = ORIENTED_EDGE ( 'NONE', *, *, #343, .F. ) ;
#2211 = EDGE_CURVE ( 'NONE', #3329, #3098, #4229, .T. ) ;
#2212 = ADVANCED_FACE ( 'NONE', ( #4911 ), #2692, .T. ) ;
#2213 = CARTESIAN_POINT ( 'NONE',  ( 3.630000000000000300, 6.776263578034402700E-017, 1.000000000000000000 ) ) ;
#2214 = DIRECTION ( 'NONE',  ( 0.7071067811865476800, -0.7071067811865474600, 0.0000000000000000000 ) ) ;
#2215 =( NAMED_UNIT ( * ) PLANE_ANGLE_UNIT ( ) SI_UNIT ( $, .RADIAN. ) );
#2216 = VERTEX_POINT ( 'NONE', #3004 ) ;
#2217 = DIRECTION ( 'NONE',  ( 0.0000000000000000000, 1.000000000000000000, 0.0000000000000000000 ) ) ;
#2218 = ORIENTED_EDGE ( 'NONE', *, *, #3683, .T. ) ;
#2219 = DIRECTION ( 'NONE',  ( 0.0000000000000000000, -1.000000000000000000, 0.0000000000000000000 ) ) ;
#2220 = CIRCLE ( 'NONE', #2703, 0.4000000000000032400 ) ;
#2221 = DIRECTION ( 'NONE',  ( -0.0000000000000000000, -0.0000000000000000000, -1.000000000000000000 ) ) ;
#2222 = ORIENTED_EDGE ( 'NONE', *, *, #2371, .T. ) ;
#2223 = FILL_AREA_STYLE ('',( #3505 ) ) ;
#2224 = DIRECTION ( 'NONE',  ( 1.000000000000000000, 0.0000000000000000000, 0.0000000000000000000 ) ) ;
#2225 = VECTOR ( 'NONE', #1426, 1000.000000000000000 ) ;
#2226 = CARTESIAN_POINT ( 'NONE',  ( -1.234740191285823100, 3.449999999999999700, -3.114147822442510100 ) ) ;
#2227 = ORIENTED_EDGE ( 'NONE', *, *, #2653, .T. ) ;
#2228 = SURFACE_STYLE_FILL_AREA ( #146 ) ;
#2229 = MECHANICAL_DESIGN_GEOMETRIC_PRESENTATION_REPRESENTATION (  '', ( #2961 ), #4588 ) ;
#2230 = FILL_AREA_STYLE_COLOUR ( '', #4585 ) ;
#2231 = STYLED_ITEM ( 'NONE', ( #3268 ), #3114 ) ;
#2232 = EDGE_LOOP ( 'NONE', ( #5149, #1686, #5145, #1195 ) ) ;
#2233 = SURFACE_STYLE_FILL_AREA ( #1972 ) ;
#2234 =( LENGTH_UNIT ( ) NAMED_UNIT ( * ) SI_UNIT ( .MILLI., .METRE. ) );
#2235 = CARTESIAN_POINT ( 'NONE',  ( -2.291287847477920400, 0.2700000000000006300, -1.000000000000000000 ) ) ;
#2236 = UNCERTAINTY_MEASURE_WITH_UNIT (LENGTH_MEASURE( 1.000000000000000100E-005 ), #4828, 'distance_accuracy_value', 'NONE');
#2237 = DIRECTION ( 'NONE',  ( -0.0000000000000000000, -0.0000000000000000000, 1.000000000000000000 ) ) ;
#2238 = FILL_AREA_STYLE_COLOUR ( '', #2488 ) ;
#2239 = AXIS2_PLACEMENT_3D ( 'NONE', #1235, #1269, #877 ) ;
#2240 = ORIENTED_EDGE ( 'NONE', *, *, #4336, .F. ) ;
#2241 = DIRECTION ( 'NONE',  ( -1.000000000000000000, -2.168404344971008900E-016, 2.602085213965210600E-015 ) ) ;
#2242 = PRESENTATION_STYLE_ASSIGNMENT (( #5047 ) ) ;
#2243 = ADVANCED_FACE ( 'NONE', ( #3473 ), #481, .T. ) ;
#2244 = DIRECTION ( 'NONE',  ( 0.0000000000000000000, -1.000000000000000000, 0.0000000000000000000 ) ) ;
#2245 = CARTESIAN_POINT ( 'NONE',  ( 2.720000000000000200, 0.1200000000000000100, -1.000000000000000000 ) ) ;
#2246 = FACE_OUTER_BOUND ( 'NONE', #318, .T. ) ;
#2247 = DIRECTION ( 'NONE',  ( 0.2606248245557573100, 0.7071067811865408000, 0.6573238933929681500 ) ) ;
#2248 = CIRCLE ( 'NONE', #2670, 1.000000000000000200 ) ;
#2249 = COLOUR_RGB ( '',0.5019607843137254800, 0.5019607843137254800, 0.5019607843137254800 ) ;
#2250 = LINE ( 'NONE', #1731, #2753 ) ;
#2251 = DIRECTION ( 'NONE',  ( 1.000000000000000000, 0.0000000000000000000, 0.0000000000000000000 ) ) ;
#2252 = EDGE_CURVE ( 'NONE', #3284, #4893, #669, .T. ) ;
#2253 = DIRECTION ( 'NONE',  ( -0.0000000000000000000, 0.0000000000000000000, -1.000000000000000000 ) ) ;
#2254 = ORIENTED_EDGE ( 'NONE', *, *, #1477, .T. ) ;
#2255 =( LENGTH_UNIT ( ) NAMED_UNIT ( * ) SI_UNIT ( .MILLI., .METRE. ) );
#2256 = SURFACE_STYLE_USAGE ( .BOTH. , #4311 ) ;
#2257 = ORIENTED_EDGE ( 'NONE', *, *, #4386, .T. ) ;
#2258 = SURFACE_SIDE_STYLE ('',( #2438 ) ) ;
#2259 = CARTESIAN_POINT ( 'NONE',  ( 1.382171855916967600, 3.350000000000005000, 3.485986368405798800 ) ) ;
#2260 = LINE ( 'NONE', #605, #3400 ) ;
#2261 = FILL_AREA_STYLE ('',( #1893 ) ) ;
#2262 = CIRCLE ( 'NONE', #3537, 0.02000000000000005200 ) ;
#2263 = ORIENTED_EDGE ( 'NONE', *, *, #2977, .T. ) ;
#2264 =( GEOMETRIC_REPRESENTATION_CONTEXT ( 3 ) GLOBAL_UNCERTAINTY_ASSIGNED_CONTEXT ( ( #97 ) ) GLOBAL_UNIT_ASSIGNED_CONTEXT ( ( #3790, #4580, #4658 ) ) REPRESENTATION_CONTEXT ( 'NONE', 'WORKASPACE' ) );
#2265 =( NAMED_UNIT ( * ) PLANE_ANGLE_UNIT ( ) SI_UNIT ( $, .RADIAN. ) );
#2266 = FACE_OUTER_BOUND ( 'NONE', #2084, .T. ) ;
#2267 = SURFACE_STYLE_FILL_AREA ( #2426 ) ;
#2268 = VECTOR ( 'NONE', #2851, 1000.000000000000000 ) ;
#2269 = ADVANCED_FACE ( 'NONE', ( #3337 ), #1123, .F. ) ;
#2270 = CARTESIAN_POINT ( 'NONE',  ( 2.298097038856273600, 3.350000000000005000, 3.298097038856282500 ) ) ;
#2271 = EDGE_LOOP ( 'NONE', ( #4277, #866, #243, #1075 ) ) ;
#2272 = AXIS2_PLACEMENT_3D ( 'NONE', #2447, #1975, #3272 ) ;
#2273 = EDGE_CURVE ( 'NONE', #4364, #722, #1065, .T. ) ;
#2274 = CARTESIAN_POINT ( 'NONE',  ( -1.687480250230081400, 3.350000000000005000, 3.090023258555953900 ) ) ;
#2275 = VECTOR ( 'NONE', #4508, 1000.000000000000000 ) ;
#2276 = ORIENTED_EDGE ( 'NONE', *, *, #1019, .T. ) ;
#2277 = AXIS2_PLACEMENT_3D ( 'NONE', #855, #515, #3358 ) ;
#2278 = FILL_AREA_STYLE ('',( #3008 ) ) ;
#2279 = CARTESIAN_POINT ( 'NONE',  ( 0.0000000000000000000, 0.1700000000000000100, 0.0000000000000000000 ) ) ;
#2280 = VERTEX_POINT ( 'NONE', #2274 ) ;
#2281 = CARTESIAN_POINT ( 'NONE',  ( -3.800000000000000300, 0.5300000000000000300, -3.799999999999999400 ) ) ;
#2282 = AXIS2_PLACEMENT_3D ( 'NONE', #4775, #3978, #4381 ) ;
#2283 = EDGE_LOOP ( 'NONE', ( #1838, #3984, #4154, #973, #4897, #4475 ) ) ;
#2284 = MECHANICAL_DESIGN_GEOMETRIC_PRESENTATION_REPRESENTATION (  '', ( #1559 ), #1941 ) ;
#2285 = EDGE_CURVE ( 'NONE', #3852, #1510, #3342, .T. ) ;
#2286 = LINE ( 'NONE', #1423, #4056 ) ;
#2287 = ORIENTED_EDGE ( 'NONE', *, *, #277, .F. ) ;
#2288 = FACE_OUTER_BOUND ( 'NONE', #2930, .T. ) ;
#2289 =( NAMED_UNIT ( * ) SI_UNIT ( $, .STERADIAN. ) SOLID_ANGLE_UNIT ( ) );
#2290 = ORIENTED_EDGE ( 'NONE', *, *, #4865, .F. ) ;
#2291 = DIRECTION ( 'NONE',  ( -0.0000000000000000000, -1.000000000000000000, -0.0000000000000000000 ) ) ;
#2292 = DIRECTION ( 'NONE',  ( 0.0000000000000000000, 0.0000000000000000000, 1.000000000000000000 ) ) ;
#2293 = DIRECTION ( 'NONE',  ( 0.0000000000000000000, -1.000000000000000000, 0.0000000000000000000 ) ) ;
#2294 = ORIENTED_EDGE ( 'NONE', *, *, #105, .T. ) ;
#2295 = ADVANCED_FACE ( 'NONE', ( #1752 ), #699, .F. ) ;
#2296 = DIRECTION ( 'NONE',  ( -0.0000000000000000000, -0.0000000000000000000, -1.000000000000000000 ) ) ;
#2297 = ORIENTED_EDGE ( 'NONE', *, *, #1274, .T. ) ;
#2298 = DIRECTION ( 'NONE',  ( 0.0000000000000000000, 0.0000000000000000000, 1.000000000000000000 ) ) ;
#2299 = PRESENTATION_LAYER_ASSIGNMENT (  '', '', ( #2022 ) ) ;
#2300 = VECTOR ( 'NONE', #540, 1000.000000000000000 ) ;
#2301 = DIRECTION ( 'NONE',  ( -0.0000000000000000000, 1.000000000000000000, -0.0000000000000000000 ) ) ;
#2302 = SURFACE_SIDE_STYLE ('',( #3230 ) ) ;
#2303 = EDGE_CURVE ( 'NONE', #834, #1578, #2014, .T. ) ;
#2304 = MECHANICAL_DESIGN_GEOMETRIC_PRESENTATION_REPRESENTATION (  '', ( #2563 ), #3385 ) ;
#2305 = UNCERTAINTY_MEASURE_WITH_UNIT (LENGTH_MEASURE( 1.000000000000000100E-005 ), #3896, 'distance_accuracy_value', 'NONE');
#2306 = DIRECTION ( 'NONE',  ( 0.0000000000000000000, 1.000000000000000000, 0.0000000000000000000 ) ) ;
#2307 = FILL_AREA_STYLE ('',( #4722 ) ) ;
#2308 = DIRECTION ( 'NONE',  ( -0.0000000000000000000, -0.0000000000000000000, 1.000000000000000000 ) ) ;
#2309 = AXIS2_PLACEMENT_3D ( 'NONE', #4653, #214, #4284 ) ;
#2310 = DIRECTION ( 'NONE',  ( -1.000000000000000000, -1.334402673828312800E-016, 0.0000000000000000000 ) ) ;
#2311 = COLOUR_RGB ( '',1.000000000000000000, 1.000000000000000000, 1.000000000000000000 ) ;
#2312 = AXIS2_PLACEMENT_3D ( 'NONE', #148, #1354, #4594 ) ;
#2313 = AXIS2_PLACEMENT_3D ( 'NONE', #1863, #226, #180 ) ;
#2314 = EDGE_CURVE ( 'NONE', #3820, #860, #5153, .T. ) ;
#2315 =( NAMED_UNIT ( * ) PLANE_ANGLE_UNIT ( ) SI_UNIT ( $, .RADIAN. ) );
#2316 = VERTEX_POINT ( 'NONE', #5179 ) ;
#2317 = EDGE_CURVE ( 'NONE', #2668, #1061, #5091, .T. ) ;
#2318 = FACE_OUTER_BOUND ( 'NONE', #4163, .T. ) ;
#2319 = ORIENTED_EDGE ( 'NONE', *, *, #79, .T. ) ;
#2320 = DIRECTION ( 'NONE',  ( 1.145283985019899200E-016, -1.000000000000000000, -0.0000000000000000000 ) ) ;
#2321 = PRODUCT_DEFINITION_CONTEXT ( 'detailed design', #1593, 'design' ) ;
#2322 = FILL_AREA_STYLE ('',( #682 ) ) ;
#2323 = FACE_OUTER_BOUND ( 'NONE', #4099, .T. ) ;
#2324 = VERTEX_POINT ( 'NONE', #4719 ) ;
#2325 = DIRECTION ( 'NONE',  ( 1.145283985019899200E-016, -1.000000000000000000, -0.0000000000000000000 ) ) ;
#2326 = CIRCLE ( 'NONE', #662, 0.02000000000000005200 ) ;
#2327 = DIRECTION ( 'NONE',  ( 0.0000000000000000000, -1.000000000000000000, 0.0000000000000000000 ) ) ;
#2328 = EDGE_LOOP ( 'NONE', ( #1156, #993, #2185, #1243, #4324, #4764, #4745, #2776, #3070, #3543, #4407, #3500, #407, #4253, #3037, #737, #4102, #104, #66, #1067, #3083 ) ) ;
#2329 = PLANE ( 'NONE',  #4737 ) ;
#2330 = AXIS2_PLACEMENT_3D ( 'NONE', #2588, #4980, #1379 ) ;
#2331 = CYLINDRICAL_SURFACE ( 'NONE', #1970, 0.02000000000000005200 ) ;
#2332 = SURFACE_STYLE_FILL_AREA ( #4706 ) ;
#2333 = SURFACE_STYLE_FILL_AREA ( #1867 ) ;
#2334 = PRESENTATION_STYLE_ASSIGNMENT (( #3134 ) ) ;
#2335 = DIRECTION ( 'NONE',  ( 0.0000000000000000000, -1.000000000000000000, 0.0000000000000000000 ) ) ;
#2336 = CONICAL_SURFACE ( 'NONE', #70, 1.000000000000000400, 0.7853981633974569400 ) ;
#2337 = ORIENTED_EDGE ( 'NONE', *, *, #1822, .F. ) ;
#2338 = PRESENTATION_STYLE_ASSIGNMENT (( #440 ) ) ;
#2339 = DIRECTION ( 'NONE',  ( -1.000000000000000000, -1.334402673828312800E-016, 2.664535259100375700E-015 ) ) ;
#2340 =( GEOMETRIC_REPRESENTATION_CONTEXT ( 3 ) GLOBAL_UNCERTAINTY_ASSIGNED_CONTEXT ( ( #2623 ) ) GLOBAL_UNIT_ASSIGNED_CONTEXT ( ( #4661, #1010, #1401 ) ) REPRESENTATION_CONTEXT ( 'NONE', 'WORKASPACE' ) );
#2341 = DIRECTION ( 'NONE',  ( -0.0000000000000000000, 1.000000000000000000, -0.0000000000000000000 ) ) ;
#2342 = EDGE_LOOP ( 'NONE', ( #4222, #3025, #4518, #3572 ) ) ;
#2343 = EDGE_LOOP ( 'NONE', ( #3298, #1529, #2853, #4723 ) ) ;
#2344 = SURFACE_SIDE_STYLE ('',( #2114 ) ) ;
#2345 = CARTESIAN_POINT ( 'NONE',  ( 2.600000000000000500, 0.1700000000000013200, 1.000000000000000000 ) ) ;
#2346 = MECHANICAL_DESIGN_GEOMETRIC_PRESENTATION_REPRESENTATION (  '', ( #1794 ), #2784 ) ;
#2347 = LINE ( 'NONE', #3219, #1259 ) ;
#2348 = FILL_AREA_STYLE ('',( #1526 ) ) ;
#2349 = EDGE_LOOP ( 'NONE', ( #3763, #4934, #478, #1424, #537, #2089 ) ) ;
#2350 = PLANE ( 'NONE',  #2282 ) ;
#2351 = ORIENTED_EDGE ( 'NONE', *, *, #4876, .F. ) ;
#2352 = CARTESIAN_POINT ( 'NONE',  ( -2.600000000000000100, 0.1700000000000000400, 1.000000000000000000 ) ) ;
#2353 = PRESENTATION_STYLE_ASSIGNMENT (( #4717 ) ) ;
#2354 =( GEOMETRIC_REPRESENTATION_CONTEXT ( 3 ) GLOBAL_UNCERTAINTY_ASSIGNED_CONTEXT ( ( #2857 ) ) GLOBAL_UNIT_ASSIGNED_CONTEXT ( ( #305, #3125, #1100 ) ) REPRESENTATION_CONTEXT ( 'NONE', 'WORKASPACE' ) );
#2355 = EDGE_CURVE ( 'NONE', #1578, #4425, #3983, .T. ) ;
#2356 = VERTEX_POINT ( 'NONE', #5109 ) ;
#2357 = LINE ( 'NONE', #1800, #947 ) ;
#2358 =( LENGTH_UNIT ( ) NAMED_UNIT ( * ) SI_UNIT ( .MILLI., .METRE. ) );
#2359 = DIRECTION ( 'NONE',  ( -1.145283985019899200E-016, 1.000000000000000000, 0.0000000000000000000 ) ) ;
#2360 = EDGE_LOOP ( 'NONE', ( #2732, #2446, #2561, #309 ) ) ;
#2361 =( LENGTH_UNIT ( ) NAMED_UNIT ( * ) SI_UNIT ( .MILLI., .METRE. ) );
#2362 =( NAMED_UNIT ( * ) PLANE_ANGLE_UNIT ( ) SI_UNIT ( $, .RADIAN. ) );
#2363 = ORIENTED_EDGE ( 'NONE', *, *, #1865, .F. ) ;
#2364 = DIRECTION ( 'NONE',  ( -0.0000000000000000000, 1.000000000000000000, -0.0000000000000000000 ) ) ;
#2365 = FACE_OUTER_BOUND ( 'NONE', #2343, .T. ) ;
#2366 = STYLED_ITEM ( 'NONE', ( #1436 ), #2609 ) ;
#2367 = SURFACE_STYLE_USAGE ( .BOTH. , #3649 ) ;
#2368 = CIRCLE ( 'NONE', #4498, 0.5000000000000000000 ) ;
#2369 = UNCERTAINTY_MEASURE_WITH_UNIT (LENGTH_MEASURE( 1.000000000000000100E-005 ), #2234, 'distance_accuracy_value', 'NONE');
#2370 = DIRECTION ( 'NONE',  ( 0.0000000000000000000, 0.0000000000000000000, 1.000000000000000000 ) ) ;
#2371 = EDGE_CURVE ( 'NONE', #608, #2029, #1630, .T. ) ;
#2372 = VECTOR ( 'NONE', #50, 1000.000000000000000 ) ;
#2373 = PRESENTATION_STYLE_ASSIGNMENT (( #1454 ) ) ;
#2374 = CARTESIAN_POINT ( 'NONE',  ( 0.0000000000000000000, 1.029999999999999600, 0.0000000000000000000 ) ) ;
#2375 = PRESENTATION_LAYER_ASSIGNMENT (  '', '', ( #102 ) ) ;
#2376 = CARTESIAN_POINT ( 'NONE',  ( 2.298097038856273600, 0.5300000000000001400, 3.298097038856282500 ) ) ;
#2377 = DIRECTION ( 'NONE',  ( 0.0000000000000000000, -1.000000000000000000, 0.0000000000000000000 ) ) ;
#2378 = DIRECTION ( 'NONE',  ( -1.000000000000000000, -1.264902534566421700E-016, 0.0000000000000000000 ) ) ;
#2379 = CONICAL_SURFACE ( 'NONE', #2779, 2.900000000000003000, 0.7853981633974482800 ) ;
#2380 = LINE ( 'NONE', #1001, #524 ) ;
#2381 = AXIS2_PLACEMENT_3D ( 'NONE', #4089, #2507, #76 ) ;
#2382 = EDGE_LOOP ( 'NONE', ( #2718, #1711, #134, #4057 ) ) ;
#2383 = STYLED_ITEM ( 'NONE', ( #450 ), #1040 ) ;
#2384 = DIRECTION ( 'NONE',  ( -0.4317712719439457700, -0.7071067811865413600, 0.5599764001490742400 ) ) ;
#2385 = EDGE_CURVE ( 'NONE', #2916, #4779, #920, .T. ) ;
#2386 =( LENGTH_UNIT ( ) NAMED_UNIT ( * ) SI_UNIT ( .MILLI., .METRE. ) );
#2387 = DIRECTION ( 'NONE',  ( 0.0000000000000000000, 0.0000000000000000000, 1.000000000000000000 ) ) ;
#2388 = EDGE_CURVE ( 'NONE', #548, #2709, #2458, .T. ) ;
#2389 = ORIENTED_EDGE ( 'NONE', *, *, #1844, .T. ) ;
#2390 = LINE ( 'NONE', #1030, #1113 ) ;
#2391 = COLOUR_RGB ( '',0.5019607843137254800, 0.5019607843137254800, 0.5019607843137254800 ) ;
#2392 = FACE_BOUND ( 'NONE', #262, .T. ) ;
#2393 = CARTESIAN_POINT ( 'NONE',  ( 0.0000000000000000000, 1.029999999999999600, 0.0000000000000000000 ) ) ;
#2394 = ORIENTED_EDGE ( 'NONE', *, *, #3851, .F. ) ;
#2395 = DIRECTION ( 'NONE',  ( 0.0000000000000000000, 1.000000000000000000, 0.0000000000000000000 ) ) ;
#2396 = LINE ( 'NONE', #1825, #610 ) ;
#2397 = DIRECTION ( 'NONE',  ( -1.000000000000000000, -0.0000000000000000000, 0.0000000000000000000 ) ) ;
#2398 = CARTESIAN_POINT ( 'NONE',  ( -3.750000000000000400, 0.9299999999999999400, -1.000000000000000000 ) ) ;
#2399 = ORIENTED_EDGE ( 'NONE', *, *, #2921, .F. ) ;
#2400 = SURFACE_SIDE_STYLE ('',( #2444 ) ) ;
#2401 =( NAMED_UNIT ( * ) PLANE_ANGLE_UNIT ( ) SI_UNIT ( $, .RADIAN. ) );
#2402 = ORIENTED_EDGE ( 'NONE', *, *, #3079, .T. ) ;
#2403 = CIRCLE ( 'NONE', #1577, 3.000000000000000400 ) ;
#2404 = UNCERTAINTY_MEASURE_WITH_UNIT (LENGTH_MEASURE( 1.000000000000000100E-005 ), #2475, 'distance_accuracy_value', 'NONE');
#2405 = DIRECTION ( 'NONE',  ( -1.000000000000000000, 0.0000000000000000000, 0.0000000000000000000 ) ) ;
#2406 = STYLED_ITEM ( 'NONE', ( #1491 ), #2790 ) ;
#2407 = EDGE_CURVE ( 'NONE', #4728, #1291, #4482, .T. ) ;
#2408 = VERTEX_POINT ( 'NONE', #4337 ) ;
#2409 = PRESENTATION_LAYER_ASSIGNMENT (  '', '', ( #490 ) ) ;
#2410 = EDGE_LOOP ( 'NONE', ( #1381, #937, #1892, #3807 ) ) ;
#2411 = DIRECTION ( 'NONE',  ( -0.0000000000000000000, 1.000000000000000000, -0.0000000000000000000 ) ) ;
#2412 = VECTOR ( 'NONE', #3795, 1000.000000000000000 ) ;
#2413 = ORIENTED_EDGE ( 'NONE', *, *, #4613, .F. ) ;
#2414 = CONICAL_SURFACE ( 'NONE', #3929, 3.250000000000000400, 0.7853981633974569400 ) ;
#2415 = MECHANICAL_DESIGN_GEOMETRIC_PRESENTATION_REPRESENTATION (  '', ( #1871 ), #3778 ) ;
#2416 = AXIS2_PLACEMENT_3D ( 'NONE', #1795, #573, #3255 ) ;
#2417 = DIRECTION ( 'NONE',  ( -1.000000000000000000, 0.0000000000000000000, -0.0000000000000000000 ) ) ;
#2418 =( NAMED_UNIT ( * ) SI_UNIT ( $, .STERADIAN. ) SOLID_ANGLE_UNIT ( ) );
#2419 = ORIENTED_EDGE ( 'NONE', *, *, #2039, .T. ) ;
#2420 =( GEOMETRIC_REPRESENTATION_CONTEXT ( 3 ) GLOBAL_UNCERTAINTY_ASSIGNED_CONTEXT ( ( #164 ) ) GLOBAL_UNIT_ASSIGNED_CONTEXT ( ( #574, #3412, #2671 ) ) REPRESENTATION_CONTEXT ( 'NONE', 'WORKASPACE' ) );
#2421 = DIRECTION ( 'NONE',  ( 0.0000000000000000000, 0.0000000000000000000, 1.000000000000000000 ) ) ;
#2422 = DIRECTION ( 'NONE',  ( 1.308519863344575000E-016, -1.000000000000000000, 0.0000000000000000000 ) ) ;
#2423 =( NAMED_UNIT ( * ) SI_UNIT ( $, .STERADIAN. ) SOLID_ANGLE_UNIT ( ) );
#2424 = DIRECTION ( 'NONE',  ( 0.0000000000000000000, -1.000000000000000000, 0.0000000000000000000 ) ) ;
#2425 = ORIENTED_EDGE ( 'NONE', *, *, #170, .F. ) ;
#2426 = FILL_AREA_STYLE ('',( #1613 ) ) ;
#2427 = CARTESIAN_POINT ( 'NONE',  ( -2.620000000000000100, 0.1200000000000000100, 1.000000000000000000 ) ) ;
#2428 = ORIENTED_EDGE ( 'NONE', *, *, #5083, .T. ) ;
#2429 = CARTESIAN_POINT ( 'NONE',  ( 3.021188185951687800, 0.5300000000000001400, 1.197882275128050200 ) ) ;
#2430 = CARTESIAN_POINT ( 'NONE',  ( -2.291287847477920400, 0.1700000000000000100, 1.000000000000000000 ) ) ;
#2431 = CIRCLE ( 'NONE', #4127, 0.5000000000000000000 ) ;
#2432 = LINE ( 'NONE', #2398, #2047 ) ;
#2433 =( NAMED_UNIT ( * ) SI_UNIT ( $, .STERADIAN. ) SOLID_ANGLE_UNIT ( ) );
#2434 = DIRECTION ( 'NONE',  ( 0.0000000000000000000, 1.000000000000000000, 0.0000000000000000000 ) ) ;
#2435 = DIRECTION ( 'NONE',  ( -1.000000000000000000, 0.0000000000000000000, 0.0000000000000000000 ) ) ;
#2436 = AXIS2_PLACEMENT_3D ( 'NONE', #615, #580, #3874 ) ;
#2437 = CARTESIAN_POINT ( 'NONE',  ( -3.169215880525920100, 3.449999999999999700, -1.626418571367462400 ) ) ;
#2438 = SURFACE_STYLE_FILL_AREA ( #2223 ) ;
#2439 = LINE ( 'NONE', #5185, #1666 ) ;
#2440 = MECHANICAL_DESIGN_GEOMETRIC_PRESENTATION_REPRESENTATION (  '', ( #801 ), #5027 ) ;
#2441 = EDGE_CURVE ( 'NONE', #2550, #1435, #183, .T. ) ;
#2442 = VERTEX_POINT ( 'NONE', #1081 ) ;
#2443 = FILL_AREA_STYLE_COLOUR ( '', #4367 ) ;
#2444 = SURFACE_STYLE_FILL_AREA ( #2804 ) ;
#2445 = CARTESIAN_POINT ( 'NONE',  ( 3.021188185951692700, 0.5300000000000001400, -1.197882275128038900 ) ) ;
#2446 = ORIENTED_EDGE ( 'NONE', *, *, #3562, .T. ) ;
#2447 = CARTESIAN_POINT ( 'NONE',  ( -2.600000000000000100, 0.1500000000000000200, 1.000000000000000000 ) ) ;
#2448 = DIRECTION ( 'NONE',  ( 0.0000000000000000000, 0.0000000000000000000, 1.000000000000000000 ) ) ;
#2449 = FACE_OUTER_BOUND ( 'NONE', #4715, .T. ) ;
#2450 = CARTESIAN_POINT ( 'NONE',  ( -1.197882275128049300, 1.029999999999999400, 3.021188185951687800 ) ) ;
#2451 = EDGE_CURVE ( 'NONE', #4550, #4370, #4046, .T. ) ;
#2452 = ORIENTED_EDGE ( 'NONE', *, *, #3079, .F. ) ;
#2453 = FILL_AREA_STYLE_COLOUR ( '', #2569 ) ;
#2454 = SURFACE_STYLE_FILL_AREA ( #338 ) ;
#2455 = ORIENTED_EDGE ( 'NONE', *, *, #3538, .T. ) ;
#2456 = ADVANCED_FACE ( 'NONE', ( #1567 ), #1499, .T. ) ;
#2457 = CARTESIAN_POINT ( 'NONE',  ( 2.740000000000000200, 0.1200000000000000100, 1.000000000000000000 ) ) ;
#2458 = LINE ( 'NONE', #1520, #1368 ) ;
#2459 =( NAMED_UNIT ( * ) PLANE_ANGLE_UNIT ( ) SI_UNIT ( $, .RADIAN. ) );
#2460 = LINE ( 'NONE', #1540, #3985 ) ;
#2461 = ORIENTED_EDGE ( 'NONE', *, *, #1583, .T. ) ;
#2462 = CIRCLE ( 'NONE', #125, 3.349999999999997000 ) ;
#2463 = UNCERTAINTY_MEASURE_WITH_UNIT (LENGTH_MEASURE( 1.000000000000000100E-005 ), #344, 'distance_accuracy_value', 'NONE');
#2464 = DIRECTION ( 'NONE',  ( 0.0000000000000000000, 0.0000000000000000000, -1.000000000000000000 ) ) ;
#2465 = AXIS2_PLACEMENT_3D ( 'NONE', #2179, #518, #558 ) ;
#2466 = ORIENTED_EDGE ( 'NONE', *, *, #3469, .F. ) ;
#2467 = LINE ( 'NONE', #4684, #1693 ) ;
#2468 = ORIENTED_EDGE ( 'NONE', *, *, #4017, .T. ) ;
#2469 = CARTESIAN_POINT ( 'NONE',  ( 0.0000000000000000000, 3.350000000000005000, 3.250000000000000400 ) ) ;
#2470 = CARTESIAN_POINT ( 'NONE',  ( -1.382171855916968000, 0.9299999999999996000, -3.485986368405798300 ) ) ;
#2471 = EDGE_CURVE ( 'NONE', #635, #4364, #4673, .T. ) ;
#2472 = EDGE_LOOP ( 'NONE', ( #3162, #3974, #2153, #3478 ) ) ;
#2473 = AXIS2_PLACEMENT_3D ( 'NONE', #1271, #3738, #4939 ) ;
#2474 = VERTEX_POINT ( 'NONE', #349 ) ;
#2475 =( LENGTH_UNIT ( ) NAMED_UNIT ( * ) SI_UNIT ( .MILLI., .METRE. ) );
#2476 = ORIENTED_EDGE ( 'NONE', *, *, #5006, .F. ) ;
#2477 = STYLED_ITEM ( 'NONE', ( #43 ), #4283 ) ;
#2478 = STYLED_ITEM ( 'NONE', ( #1427 ), #477 ) ;
#2479 = STYLED_ITEM ( 'NONE', ( #1337 ), #1068 ) ;
#2480 = EDGE_CURVE ( 'NONE', #1635, #4862, #4419, .T. ) ;
#2481 = ORIENTED_EDGE ( 'NONE', *, *, #2026, .T. ) ;
#2482 =( LENGTH_UNIT ( ) NAMED_UNIT ( * ) SI_UNIT ( .MILLI., .METRE. ) );
#2483 = FILL_AREA_STYLE ('',( #4886 ) ) ;
#2484 = PRESENTATION_STYLE_ASSIGNMENT (( #4153 ) ) ;
#2485 = EDGE_CURVE ( 'NONE', #3166, #3618, #4534, .T. ) ;
#2486 = CARTESIAN_POINT ( 'NONE',  ( -2.298097038856275400, 3.350000000000005000, -2.298097038856282900 ) ) ;
#2487 = ORIENTED_EDGE ( 'NONE', *, *, #4143, .F. ) ;
#2488 = COLOUR_RGB ( '',1.000000000000000000, 1.000000000000000000, 1.000000000000000000 ) ;
#2489 = CARTESIAN_POINT ( 'NONE',  ( 2.600000000000000500, 0.1700000000000013200, 1.000000000000000000 ) ) ;
#2490 = DIRECTION ( 'NONE',  ( 0.0000000000000000000, 0.0000000000000000000, 1.000000000000000000 ) ) ;
#2491 = FILL_AREA_STYLE ('',( #3715 ) ) ;
#2492 = CARTESIAN_POINT ( 'NONE',  ( -3.021188185951688300, 0.9299999999999994900, -1.197882275128048700 ) ) ;
#2493 = FILL_AREA_STYLE ('',( #3295 ) ) ;
#2494 = AXIS2_PLACEMENT_3D ( 'NONE', #2279, #2219, #1028 ) ;
#2495 = DIRECTION ( 'NONE',  ( 0.0000000000000000000, 0.0000000000000000000, 1.000000000000000000 ) ) ;
#2496 = CARTESIAN_POINT ( 'NONE',  ( -2.620000000000000100, 0.1200000000000000100, -1.000000000000000000 ) ) ;
#2497 = PRESENTATION_LAYER_ASSIGNMENT (  '', '', ( #2231 ) ) ;
#2498 = CARTESIAN_POINT ( 'NONE',  ( 2.900000000000002100, 3.549999999999999800, 0.0000000000000000000 ) ) ;
#2499 = ORIENTED_EDGE ( 'NONE', *, *, #441, .T. ) ;
#2500 = ADVANCED_FACE ( 'NONE', ( #359 ), #836, .T. ) ;
#2501 =( GEOMETRIC_REPRESENTATION_CONTEXT ( 3 ) GLOBAL_UNCERTAINTY_ASSIGNED_CONTEXT ( ( #4119 ) ) GLOBAL_UNIT_ASSIGNED_CONTEXT ( ( #1321, #1396, #149 ) ) REPRESENTATION_CONTEXT ( 'NONE', 'WORKASPACE' ) );
#2502 = SURFACE_STYLE_USAGE ( .BOTH. , #1668 ) ;
#2503 = VERTEX_POINT ( 'NONE', #785 ) ;
#2504 = STYLED_ITEM ( 'NONE', ( #1326 ), #1723 ) ;
#2505 = CIRCLE ( 'NONE', #4438, 2.500000000000000000 ) ;
#2506 = ORIENTED_EDGE ( 'NONE', *, *, #3208, .F. ) ;
#2507 = DIRECTION ( 'NONE',  ( 0.0000000000000000000, -1.000000000000000000, 0.0000000000000000000 ) ) ;
#2508 =( NAMED_UNIT ( * ) SI_UNIT ( $, .STERADIAN. ) SOLID_ANGLE_UNIT ( ) );
#2509 = SURFACE_STYLE_FILL_AREA ( #4237 ) ;
#2510 = SURFACE_STYLE_FILL_AREA ( #4638 ) ;
#2511 = CARTESIAN_POINT ( 'NONE',  ( 2.298097038856273600, 3.350000000000005000, 3.298097038856282500 ) ) ;
#2512 = EDGE_CURVE ( 'NONE', #2503, #886, #213, .T. ) ;
#2513 = DIRECTION ( 'NONE',  ( 0.0000000000000000000, 0.0000000000000000000, -1.000000000000000000 ) ) ;
#2514 = CARTESIAN_POINT ( 'NONE',  ( -3.485986368405793900, 1.029999999999999100, -1.382171855916979300 ) ) ;
#2515 = FILL_AREA_STYLE_COLOUR ( '', #87 ) ;
#2516 = ORIENTED_EDGE ( 'NONE', *, *, #3191, .F. ) ;
#2517 = VERTEX_POINT ( 'NONE', #2814 ) ;
#2518 = LINE ( 'NONE', #1662, #2586 ) ;
#2519 = CONICAL_SURFACE ( 'NONE', #1712, 1.000000000000000400, 0.7853981633974569400 ) ;
#2520 = VERTEX_POINT ( 'NONE', #3250 ) ;
#2521 = COLOUR_RGB ( '',0.5019607843137254800, 0.5019607843137254800, 0.5019607843137254800 ) ;
#2522 = UNCERTAINTY_MEASURE_WITH_UNIT (LENGTH_MEASURE( 1.000000000000000100E-005 ), #216, 'distance_accuracy_value', 'NONE');
#2523 =( NAMED_UNIT ( * ) PLANE_ANGLE_UNIT ( ) SI_UNIT ( $, .RADIAN. ) );
#2524 = ORIENTED_EDGE ( 'NONE', *, *, #2371, .F. ) ;
#2525 = LINE ( 'NONE', #142, #5 ) ;
#2526 = ORIENTED_EDGE ( 'NONE', *, *, #376, .T. ) ;
#2527 = ADVANCED_FACE ( 'NONE', ( #2042 ), #310, .T. ) ;
#2528 =( NAMED_UNIT ( * ) PLANE_ANGLE_UNIT ( ) SI_UNIT ( $, .RADIAN. ) );
#2529 = MECHANICAL_DESIGN_GEOMETRIC_PRESENTATION_REPRESENTATION (  '', ( #3446 ), #1784 ) ;
#2530 = DIRECTION ( 'NONE',  ( 0.0000000000000000000, 0.0000000000000000000, -1.000000000000000000 ) ) ;
#2531 = ORIENTED_EDGE ( 'NONE', *, *, #132, .F. ) ;
#2532 = CARTESIAN_POINT ( 'NONE',  ( 3.485986368405798300, 0.5300000000000000300, -1.382171855916968200 ) ) ;
#2533 = DIRECTION ( 'NONE',  ( 0.0000000000000000000, -1.000000000000000000, 0.0000000000000000000 ) ) ;
#2534 =( NAMED_UNIT ( * ) PLANE_ANGLE_UNIT ( ) SI_UNIT ( $, .RADIAN. ) );
#2535 = MECHANICAL_DESIGN_GEOMETRIC_PRESENTATION_REPRESENTATION (  '', ( #3635 ), #2340 ) ;
#2536 = EDGE_CURVE ( 'NONE', #1733, #4073, #2220, .T. ) ;
#2537 = MECHANICAL_DESIGN_GEOMETRIC_PRESENTATION_REPRESENTATION (  '', ( #730 ), #971 ) ;
#2538 = EDGE_LOOP ( 'NONE', ( #5043, #224, #2798, #1902, #2506, #281 ) ) ;
#2539 = CONICAL_SURFACE ( 'NONE', #3710, 3.250000000000000400, 0.7853981633974569400 ) ;
#2540 =( LENGTH_UNIT ( ) NAMED_UNIT ( * ) SI_UNIT ( .MILLI., .METRE. ) );
#2541 = VERTEX_POINT ( 'NONE', #2430 ) ;
#2542 = LINE ( 'NONE', #110, #2300 ) ;
#2543 = AXIS2_PLACEMENT_3D ( 'NONE', #3428, #2597, #2998 ) ;
#2544 = DIRECTION ( 'NONE',  ( -0.0000000000000000000, -0.0000000000000000000, -1.000000000000000000 ) ) ;
#2545 =( NAMED_UNIT ( * ) SI_UNIT ( $, .STERADIAN. ) SOLID_ANGLE_UNIT ( ) );
#2546 = AXIS2_PLACEMENT_3D ( 'NONE', #4258, #1047, #187 ) ;
#2547 = EDGE_CURVE ( 'NONE', #2517, #5052, #2596, .T. ) ;
#2548 =( NAMED_UNIT ( * ) PLANE_ANGLE_UNIT ( ) SI_UNIT ( $, .RADIAN. ) );
#2549 = SURFACE_STYLE_USAGE ( .BOTH. , #3804 ) ;
#2550 = VERTEX_POINT ( 'NONE', #2015 ) ;
#2551 = CARTESIAN_POINT ( 'NONE',  ( -3.485986368405798800, 0.5300000000000000300, 1.382171855916967300 ) ) ;
#2552 = ADVANCED_FACE ( 'NONE', ( #422 ), #3276, .F. ) ;
#2553 = CYLINDRICAL_SURFACE ( 'NONE', #1049, 3.000000000000000400 ) ;
#2554 =( GEOMETRIC_REPRESENTATION_CONTEXT ( 3 ) GLOBAL_UNCERTAINTY_ASSIGNED_CONTEXT ( ( #319 ) ) GLOBAL_UNIT_ASSIGNED_CONTEXT ( ( #4976, #152, #2955 ) ) REPRESENTATION_CONTEXT ( 'NONE', 'WORKASPACE' ) );
#2555 = VECTOR ( 'NONE', #2214, 1000.000000000000000 ) ;
#2556 = EDGE_LOOP ( 'NONE', ( #1318, #1667, #1162, #1402, #1130, #3789 ) ) ;
#2557 = COLOUR_RGB ( '',0.5019607843137254800, 0.5019607843137254800, 0.5019607843137254800 ) ;
#2558 =( LENGTH_UNIT ( ) NAMED_UNIT ( * ) SI_UNIT ( .MILLI., .METRE. ) );
#2559 = EDGE_CURVE ( 'NONE', #3813, #266, #1367, .T. ) ;
#2560 = DIRECTION ( 'NONE',  ( -0.0000000000000000000, -0.0000000000000000000, -1.000000000000000000 ) ) ;
#2561 = ORIENTED_EDGE ( 'NONE', *, *, #3451, .F. ) ;
#2562 = DIRECTION ( 'NONE',  ( -0.0000000000000000000, -1.000000000000000000, 0.0000000000000000000 ) ) ;
#2563 = STYLED_ITEM ( 'NONE', ( #1177 ), #2688 ) ;
#2564 = CARTESIAN_POINT ( 'NONE',  ( -1.687480250230070300, 3.350000000000005000, -3.090023258555960200 ) ) ;
#2565 = SURFACE_SIDE_STYLE ('',( #1601 ) ) ;
#2566 = COLOUR_RGB ( '',0.5019607843137254800, 0.5019607843137254800, 0.5019607843137254800 ) ;
#2567 = ORIENTED_EDGE ( 'NONE', *, *, #4649, .F. ) ;
#2568 = AXIS2_PLACEMENT_3D ( 'NONE', #4912, #3886, #5066 ) ;
#2569 = COLOUR_RGB ( '',0.5019607843137254800, 0.5019607843137254800, 0.5019607843137254800 ) ;
#2570 = DIRECTION ( 'NONE',  ( 1.734723475976807100E-015, 0.0000000000000000000, 1.000000000000000000 ) ) ;
#2571 = MECHANICAL_DESIGN_GEOMETRIC_PRESENTATION_REPRESENTATION (  '', ( #1591 ), #1872 ) ;
#2572 = AXIS2_PLACEMENT_3D ( 'NONE', #1687, #159, #1315 ) ;
#2573 = EDGE_CURVE ( 'NONE', #1992, #1776, #4356, .T. ) ;
#2574 = ORIENTED_EDGE ( 'NONE', *, *, #4162, .T. ) ;
#2575 = CARTESIAN_POINT ( 'NONE',  ( 2.987419390442723100, 0.9300000000000002700, -1.419999999999999900 ) ) ;
#2576 = EDGE_CURVE ( 'NONE', #4262, #3952, #55, .T. ) ;
#2577 = VECTOR ( 'NONE', #251, 1000.000000000000000 ) ;
#2578 = ADVANCED_FACE ( 'NONE', ( #1122, #1714 ), #3808, .T. ) ;
#2579 = CARTESIAN_POINT ( 'NONE',  ( 3.630000000000000300, 0.1000000000000000100, 1.000000000000000000 ) ) ;
#2580 = CARTESIAN_POINT ( 'NONE',  ( -2.600000000000000100, 0.1700000000000000400, 1.000000000000000000 ) ) ;
#2581 = DIRECTION ( 'NONE',  ( 0.5599764001490742400, -0.7071067811865413600, 0.4317712719439457700 ) ) ;
#2582 = FILL_AREA_STYLE ('',( #4956 ) ) ;
#2583 = LINE ( 'NONE', #1219, #3280 ) ;
#2584 = ORIENTED_EDGE ( 'NONE', *, *, #4865, .T. ) ;
#2585 = CARTESIAN_POINT ( 'NONE',  ( -2.800000000000000300, 14.29802307403552100, 3.799999999999999800 ) ) ;
#2586 = VECTOR ( 'NONE', #4524, 1000.000000000000000 ) ;
#2587 = SURFACE_SIDE_STYLE ('',( #280 ) ) ;
#2588 = CARTESIAN_POINT ( 'NONE',  ( -1.382171855916980000, 0.5300000000000001400, 3.485986368405793500 ) ) ;
#2589 = ORIENTED_EDGE ( 'NONE', *, *, #2855, .F. ) ;
#2590 = SURFACE_STYLE_FILL_AREA ( #244 ) ;
#2591 = ORIENTED_EDGE ( 'NONE', *, *, #2098, .F. ) ;
#2592 = UNCERTAINTY_MEASURE_WITH_UNIT (LENGTH_MEASURE( 1.000000000000000100E-005 ), #3688, 'distance_accuracy_value', 'NONE');
#2593 = CARTESIAN_POINT ( 'NONE',  ( 3.630000000000000300, 0.1000000000000000100, 1.000000000000000000 ) ) ;
#2594 = ORIENTED_EDGE ( 'NONE', *, *, #14, .F. ) ;
#2595 = ORIENTED_EDGE ( 'NONE', *, *, #1799, .F. ) ;
#2596 = CIRCLE ( 'NONE', #3520, 3.250000000000000400 ) ;
#2597 = DIRECTION ( 'NONE',  ( 0.0000000000000000000, -1.000000000000000000, 0.0000000000000000000 ) ) ;
#2598 =( GEOMETRIC_REPRESENTATION_CONTEXT ( 3 ) GLOBAL_UNCERTAINTY_ASSIGNED_CONTEXT ( ( #1611 ) ) GLOBAL_UNIT_ASSIGNED_CONTEXT ( ( #1109, #1918, #1483 ) ) REPRESENTATION_CONTEXT ( 'NONE', 'WORKASPACE' ) );
#2599 = CARTESIAN_POINT ( 'NONE',  ( 1.382171855916967600, 3.449999999999999700, 3.085986368405795800 ) ) ;
#2600 = ORIENTED_EDGE ( 'NONE', *, *, #2252, .T. ) ;
#2601 =( NAMED_UNIT ( * ) SI_UNIT ( $, .STERADIAN. ) SOLID_ANGLE_UNIT ( ) );
#2602 = AXIS2_PLACEMENT_3D ( 'NONE', #4269, #4234, #233 ) ;
#2603 = FILL_AREA_STYLE_COLOUR ( '', #2777 ) ;
#2604 = DIRECTION ( 'NONE',  ( -0.0000000000000000000, -0.0000000000000000000, -1.000000000000000000 ) ) ;
#2605 =( NAMED_UNIT ( * ) SI_UNIT ( $, .STERADIAN. ) SOLID_ANGLE_UNIT ( ) );
#2606 = VERTEX_POINT ( 'NONE', #2235 ) ;
#2607 = PRESENTATION_LAYER_ASSIGNMENT (  '', '', ( #3635 ) ) ;
#2608 =( NAMED_UNIT ( * ) PLANE_ANGLE_UNIT ( ) SI_UNIT ( $, .RADIAN. ) );
#2609 = ADVANCED_FACE ( 'NONE', ( #2954 ), #1889, .T. ) ;
#2610 = AXIS2_PLACEMENT_3D ( 'NONE', #1780, #609, #996 ) ;
#2611 = DIRECTION ( 'NONE',  ( 1.145283985019899200E-016, -1.000000000000000000, -0.0000000000000000000 ) ) ;
#2612 = ORIENTED_EDGE ( 'NONE', *, *, #2194, .F. ) ;
#2613 = CIRCLE ( 'NONE', #3145, 0.5000000000000004400 ) ;
#2614 = STYLED_ITEM ( 'NONE', ( #52 ), #274 ) ;
#2615 = DIRECTION ( 'NONE',  ( 0.2606248245557606900, -0.7071067811865416900, -0.6573238933929658200 ) ) ;
#2616 = EDGE_CURVE ( 'NONE', #1205, #1134, #2396, .T. ) ;
#2617 = CARTESIAN_POINT ( 'NONE',  ( -3.630000000000000300, 0.1000000000000000100, 1.000000000000000000 ) ) ;
#2618 = CARTESIAN_POINT ( 'NONE',  ( 1.234740191285834200, 3.449999999999999700, -3.114147822442505700 ) ) ;
#2619 = LINE ( 'NONE', #3884, #1665 ) ;
#2620 = SURFACE_STYLE_USAGE ( .BOTH. , #1806 ) ;
#2621 = VECTOR ( 'NONE', #3704, 1000.000000000000000 ) ;
#2622 = CARTESIAN_POINT ( 'NONE',  ( -2.800000000000000300, 14.29802307403552100, -2.799999999999999800 ) ) ;
#2623 = UNCERTAINTY_MEASURE_WITH_UNIT (LENGTH_MEASURE( 1.000000000000000100E-005 ), #4661, 'distance_accuracy_value', 'NONE');
#2624 = CARTESIAN_POINT ( 'NONE',  ( 1.197882275128049300, 0.5300000000000001400, -3.021188185951688300 ) ) ;
#2625 = VECTOR ( 'NONE', #3132, 1000.000000000000000 ) ;
#2626 = CIRCLE ( 'NONE', #4404, 3.349999999999997000 ) ;
#2627 = CARTESIAN_POINT ( 'NONE',  ( 0.0000000000000000000, 3.449999999999999700, 0.0000000000000000000 ) ) ;
#2628 = SURFACE_STYLE_USAGE ( .BOTH. , #4275 ) ;
#2629 = DIRECTION ( 'NONE',  ( -0.0000000000000000000, -0.0000000000000000000, -1.000000000000000000 ) ) ;
#2630 = ORIENTED_EDGE ( 'NONE', *, *, #2208, .F. ) ;
#2631 = AXIS2_PLACEMENT_3D ( 'NONE', #3856, #2217, #4182 ) ;
#2632 = CARTESIAN_POINT ( 'NONE',  ( 3.090023258555960200, 0.5300000000000001400, -1.687480250230070300 ) ) ;
#2633 = VERTEX_POINT ( 'NONE', #581 ) ;
#2634 = ADVANCED_FACE ( 'NONE', ( #1953 ), #416, .T. ) ;
#2635 = SURFACE_STYLE_USAGE ( .BOTH. , #265 ) ;
#2636 = CONICAL_SURFACE ( 'NONE', #4038, 0.4000000000000032400, 0.7853981633974566100 ) ;
#2637 = EDGE_CURVE ( 'NONE', #4370, #4846, #3981, .T. ) ;
#2638 = CIRCLE ( 'NONE', #1715, 1.000000000000000200 ) ;
#2639 =( LENGTH_UNIT ( ) NAMED_UNIT ( * ) SI_UNIT ( .MILLI., .METRE. ) );
#2640 =( GEOMETRIC_REPRESENTATION_CONTEXT ( 3 ) GLOBAL_UNCERTAINTY_ASSIGNED_CONTEXT ( ( #2005 ) ) GLOBAL_UNIT_ASSIGNED_CONTEXT ( ( #2812, #36, #4833 ) ) REPRESENTATION_CONTEXT ( 'NONE', 'WORKASPACE' ) );
#2641 = SURFACE_STYLE_USAGE ( .BOTH. , #3423 ) ;
#2642 = FILL_AREA_STYLE_COLOUR ( '', #208 ) ;
#2643 = ORIENTED_EDGE ( 'NONE', *, *, #3982, .F. ) ;
#2644 = CARTESIAN_POINT ( 'NONE',  ( 0.0000000000000000000, 0.1700000000000000100, 0.0000000000000000000 ) ) ;
#2645 = DIRECTION ( 'NONE',  ( -1.000000000000000000, 0.0000000000000000000, 0.0000000000000000000 ) ) ;
#2646 = ORIENTED_EDGE ( 'NONE', *, *, #2937, .T. ) ;
#2647 = PRESENTATION_LAYER_ASSIGNMENT (  '', '', ( #2172 ) ) ;
#2648 = CIRCLE ( 'NONE', #1244, 0.5000000000000004400 ) ;
#2649 = ORIENTED_EDGE ( 'NONE', *, *, #5176, .F. ) ;
#2650 = AXIS2_PLACEMENT_3D ( 'NONE', #4390, #350, #577 ) ;
#2651 = CIRCLE ( 'NONE', #1859, 1.000000000000000000 ) ;
#2652 = EDGE_CURVE ( 'NONE', #1273, #3904, #3605, .T. ) ;
#2653 = EDGE_CURVE ( 'NONE', #1323, #4832, #4293, .T. ) ;
#2654 = VECTOR ( 'NONE', #3443, 1000.000000000000000 ) ;
#2655 = ORIENTED_EDGE ( 'NONE', *, *, #2855, .T. ) ;
#2656 = FILL_AREA_STYLE ('',( #2230 ) ) ;
#2657 = ORIENTED_EDGE ( 'NONE', *, *, #980, .T. ) ;
#2658 = DIRECTION ( 'NONE',  ( -1.000000000000000000, 0.0000000000000000000, 0.0000000000000000000 ) ) ;
#2659 = VECTOR ( 'NONE', #530, 1000.000000000000100 ) ;
#2660 = EDGE_LOOP ( 'NONE', ( #3179, #68, #916, #1681 ) ) ;
#2661 = CARTESIAN_POINT ( 'NONE',  ( 3.485986368405793500, 0.5300000000000000300, 1.382171855916980900 ) ) ;
#2662 = SURFACE_STYLE_USAGE ( .BOTH. , #5048 ) ;
#2663 = EDGE_LOOP ( 'NONE', ( #3387, #5221, #191, #5101, #2827, #2896 ) ) ;
#2664 = ADVANCED_FACE ( 'NONE', ( #2266 ), #2833, .T. ) ;
#2665 = DIRECTION ( 'NONE',  ( 1.000000000000000000, 0.0000000000000000000, -0.0000000000000000000 ) ) ;
#2666 = AXIS2_PLACEMENT_3D ( 'NONE', #3971, #368, #2417 ) ;
#2667 = SURFACE_STYLE_USAGE ( .BOTH. , #1860 ) ;
#2668 = VERTEX_POINT ( 'NONE', #3402 ) ;
#2669 = VECTOR ( 'NONE', #23, 1000.000000000000000 ) ;
#2670 = AXIS2_PLACEMENT_3D ( 'NONE', #4565, #1749, #2975 ) ;
#2671 =( NAMED_UNIT ( * ) SI_UNIT ( $, .STERADIAN. ) SOLID_ANGLE_UNIT ( ) );
#2672 = EDGE_CURVE ( 'NONE', #3322, #880, #3736, .T. ) ;
#2673 = CARTESIAN_POINT ( 'NONE',  ( -0.9999999999999993300, 0.1700000000000000100, 2.291287847477920400 ) ) ;
#2674 = STYLED_ITEM ( 'NONE', ( #3336 ), #2634 ) ;
#2675 = ORIENTED_EDGE ( 'NONE', *, *, #3849, .F. ) ;
#2676 = FACE_OUTER_BOUND ( 'NONE', #4494, .T. ) ;
#2677 = DIRECTION ( 'NONE',  ( -0.0000000000000000000, -0.0000000000000000000, 1.000000000000000000 ) ) ;
#2678 = DIRECTION ( 'NONE',  ( -1.000000000000000000, -2.168404344971008900E-016, 0.0000000000000000000 ) ) ;
#2679 = AXIS2_PLACEMENT_3D ( 'NONE', #2025, #340, #2387 ) ;
#2680 = SURFACE_SIDE_STYLE ('',( #3746 ) ) ;
#2681 = COLOUR_RGB ( '',0.5019607843137254800, 0.5019607843137254800, 0.5019607843137254800 ) ;
#2682 =( GEOMETRIC_REPRESENTATION_CONTEXT ( 3 ) GLOBAL_UNCERTAINTY_ASSIGNED_CONTEXT ( ( #5166 ) ) GLOBAL_UNIT_ASSIGNED_CONTEXT ( ( #160, #963, #3399 ) ) REPRESENTATION_CONTEXT ( 'NONE', 'WORKASPACE' ) );
#2683 = MECHANICAL_DESIGN_GEOMETRIC_PRESENTATION_REPRESENTATION (  '', ( #938 ), #3221 ) ;
#2684 = CARTESIAN_POINT ( 'NONE',  ( -1.626418571367451700, 3.449999999999999700, -3.169215880525925000 ) ) ;
#2685 =( NAMED_UNIT ( * ) SI_UNIT ( $, .STERADIAN. ) SOLID_ANGLE_UNIT ( ) );
#2686 = CARTESIAN_POINT ( 'NONE',  ( -1.419999999999999900, 0.5300000000000000300, 2.987419390442715500 ) ) ;
#2687 = LINE ( 'NONE', #1153, #4393 ) ;
#2688 = ADVANCED_FACE ( 'NONE', ( #3666 ), #2636, .T. ) ;
#2689 = DIRECTION ( 'NONE',  ( 0.0000000000000000000, 0.0000000000000000000, 1.000000000000000000 ) ) ;
#2690 = UNCERTAINTY_MEASURE_WITH_UNIT (LENGTH_MEASURE( 1.000000000000000100E-005 ), #4859, 'distance_accuracy_value', 'NONE');
#2691 = VECTOR ( 'NONE', #2020, 1000.000000000000000 ) ;
#2692 = PLANE ( 'NONE',  #2436 ) ;
#2693 = ORIENTED_EDGE ( 'NONE', *, *, #903, .F. ) ;
#2694 = CARTESIAN_POINT ( 'NONE',  ( 3.750000000000000400, 0.9299999999999999400, 1.000000000000000000 ) ) ;
#2695 = FILL_AREA_STYLE_COLOUR ( '', #4132 ) ;
#2696 = PRESENTATION_STYLE_ASSIGNMENT (( #2635 ) ) ;
#2697 = DIRECTION ( 'NONE',  ( -0.0000000000000000000, -0.0000000000000000000, -1.000000000000000000 ) ) ;
#2698 = ORIENTED_EDGE ( 'NONE', *, *, #111, .F. ) ;
#2699 = FILL_AREA_STYLE ('',( #2767 ) ) ;
#2700 = FILL_AREA_STYLE ('',( #3486 ) ) ;
#2701 = LINE ( 'NONE', #3615, #3209 ) ;
#2702 = ORIENTED_EDGE ( 'NONE', *, *, #2273, .T. ) ;
#2703 = AXIS2_PLACEMENT_3D ( 'NONE', #4042, #2395, #2800 ) ;
#2704 = CARTESIAN_POINT ( 'NONE',  ( 3.090023258555953500, 0.5300000000000001400, 1.687480250230081200 ) ) ;
#2705 = COLOUR_RGB ( '',0.5019607843137254800, 0.5019607843137254800, 0.5019607843137254800 ) ;
#2706 = FACE_OUTER_BOUND ( 'NONE', #4657, .T. ) ;
#2707 = COLOUR_RGB ( '',0.5019607843137254800, 0.5019607843137254800, 0.5019607843137254800 ) ;
#2708 = DIRECTION ( 'NONE',  ( 1.145283985019899200E-016, -1.000000000000000000, -0.0000000000000000000 ) ) ;
#2709 = VERTEX_POINT ( 'NONE', #4218 ) ;
#2710 = STYLED_ITEM ( 'NONE', ( #2899 ), #4230 ) ;
#2711 = EDGE_CURVE ( 'NONE', #4364, #5087, #3201, .T. ) ;
#2712 = DIRECTION ( 'NONE',  ( -0.0000000000000000000, -1.000000000000000000, 0.0000000000000000000 ) ) ;
#2713 = FILL_AREA_STYLE ('',( #3610 ) ) ;
#2714 = CARTESIAN_POINT ( 'NONE',  ( -1.314653550204000600E-016, 1.029999999999999600, 0.0000000000000000000 ) ) ;
#2715 = DIRECTION ( 'NONE',  ( 1.000000000000000000, 0.0000000000000000000, 0.0000000000000000000 ) ) ;
#2716 = VECTOR ( 'NONE', #3987, 1000.000000000000000 ) ;
#2717 = CARTESIAN_POINT ( 'NONE',  ( 1.419999999999999900, 0.5300000000000003600, -2.987419390442717800 ) ) ;
#2718 = ORIENTED_EDGE ( 'NONE', *, *, #2314, .F. ) ;
#2719 = DIRECTION ( 'NONE',  ( -0.0000000000000000000, 1.000000000000000000, -0.0000000000000000000 ) ) ;
#2720 =( GEOMETRIC_REPRESENTATION_CONTEXT ( 3 ) GLOBAL_UNCERTAINTY_ASSIGNED_CONTEXT ( ( #1737 ) ) GLOBAL_UNIT_ASSIGNED_CONTEXT ( ( #1922, #1117, #4726 ) ) REPRESENTATION_CONTEXT ( 'NONE', 'WORKASPACE' ) );
#2721 = ORIENTED_EDGE ( 'NONE', *, *, #1692, .F. ) ;
#2722 = EDGE_CURVE ( 'NONE', #1351, #853, #4411, .T. ) ;
#2723 = LINE ( 'NONE', #1459, #1006 ) ;
#2724 = ORIENTED_EDGE ( 'NONE', *, *, #486, .T. ) ;
#2725 = UNCERTAINTY_MEASURE_WITH_UNIT (LENGTH_MEASURE( 1.000000000000000100E-005 ), #3386, 'distance_accuracy_value', 'NONE');
#2726 = CARTESIAN_POINT ( 'NONE',  ( 3.114147822442506100, 3.449999999999999700, 1.234740191285835300 ) ) ;
#2727 = VERTEX_POINT ( 'NONE', #1433 ) ;
#2728 = DIRECTION ( 'NONE',  ( 1.145283985019899200E-016, -1.000000000000000000, -0.0000000000000000000 ) ) ;
#2729 = ORIENTED_EDGE ( 'NONE', *, *, #380, .F. ) ;
#2730 = CARTESIAN_POINT ( 'NONE',  ( 0.0000000000000000000, 3.449999999999999700, 0.0000000000000000000 ) ) ;
#2731 = CARTESIAN_POINT ( 'NONE',  ( 3.090023258555953500, 0.5300000000000001400, 1.687480250230081400 ) ) ;
#2732 = ORIENTED_EDGE ( 'NONE', *, *, #1744, .F. ) ;
#2733 = CARTESIAN_POINT ( 'NONE',  ( -1.419999999999999900, 0.5300000000000000300, 2.987419390442716900 ) ) ;
#2734 = DIRECTION ( 'NONE',  ( 0.0000000000000000000, 0.0000000000000000000, -1.000000000000000000 ) ) ;
#2735 = ORIENTED_EDGE ( 'NONE', *, *, #3933, .F. ) ;
#2736 = DIRECTION ( 'NONE',  ( 0.0000000000000000000, 0.0000000000000000000, -1.000000000000000000 ) ) ;
#2737 = AXIS2_PLACEMENT_3D ( 'NONE', #1091, #264, #1124 ) ;
#2738 = PRESENTATION_STYLE_ASSIGNMENT (( #2549 ) ) ;
#2739 = ORIENTED_EDGE ( 'NONE', *, *, #4399, .F. ) ;
#2740 = FILL_AREA_STYLE ('',( #1911 ) ) ;
#2741 = LINE ( 'NONE', #1096, #1214 ) ;
#2742 = EDGE_CURVE ( 'NONE', #4846, #512, #4285, .T. ) ;
#2743 = CIRCLE ( 'NONE', #1280, 1.000000000000000200 ) ;
#2744 = DIRECTION ( 'NONE',  ( -1.000000000000000000, -1.000802005371234800E-016, 0.0000000000000000000 ) ) ;
#2745 = AXIS2_PLACEMENT_3D ( 'NONE', #3374, #4205, #2570 ) ;
#2746 = FILL_AREA_STYLE ('',( #5111 ) ) ;
#2747 = DIRECTION ( 'NONE',  ( 0.0000000000000000000, 0.0000000000000000000, 1.000000000000000000 ) ) ;
#2748 = AXIS2_PLACEMENT_3D ( 'NONE', #2393, #2708, #1548 ) ;
#2749 = PRESENTATION_LAYER_ASSIGNMENT (  '', '', ( #1050 ) ) ;
#2750 = MECHANICAL_DESIGN_GEOMETRIC_PRESENTATION_REPRESENTATION (  '', ( #2479 ), #3575 ) ;
#2751 = DIRECTION ( 'NONE',  ( 0.0000000000000000000, 0.0000000000000000000, 1.000000000000000000 ) ) ;
#2752 = EDGE_CURVE ( 'NONE', #4748, #1653, #1241, .T. ) ;
#2753 = VECTOR ( 'NONE', #4184, 1000.000000000000000 ) ;
#2754 = VECTOR ( 'NONE', #3178, 1000.000000000000000 ) ;
#2755 = EDGE_CURVE ( 'NONE', #2140, #1696, #2193, .T. ) ;
#2756 = CIRCLE ( 'NONE', #1111, 3.250000000000000400 ) ;
#2757 = UNCERTAINTY_MEASURE_WITH_UNIT (LENGTH_MEASURE( 1.000000000000000100E-005 ), #2177, 'distance_accuracy_value', 'NONE');
#2758 = SURFACE_SIDE_STYLE ('',( #437 ) ) ;
#2759 = ORIENTED_EDGE ( 'NONE', *, *, #182, .T. ) ;
#2760 = DIRECTION ( 'NONE',  ( -0.0000000000000000000, 1.000000000000000000, -0.0000000000000000000 ) ) ;
#2761 = PRESENTATION_STYLE_ASSIGNMENT (( #505 ) ) ;
#2762 = SURFACE_STYLE_USAGE ( .BOTH. , #1933 ) ;
#2763 = FILL_AREA_STYLE ('',( #5090 ) ) ;
#2764 = ORIENTED_EDGE ( 'NONE', *, *, #631, .F. ) ;
#2765 = VECTOR ( 'NONE', #2658, 1000.000000000000000 ) ;
#2766 = FACE_OUTER_BOUND ( 'NONE', #4668, .T. ) ;
#2767 = FILL_AREA_STYLE_COLOUR ( '', #2197 ) ;
#2768 = ORIENTED_EDGE ( 'NONE', *, *, #835, .T. ) ;
#2769 =( NAMED_UNIT ( * ) PLANE_ANGLE_UNIT ( ) SI_UNIT ( $, .RADIAN. ) );
#2770 =( GEOMETRIC_REPRESENTATION_CONTEXT ( 3 ) GLOBAL_UNCERTAINTY_ASSIGNED_CONTEXT ( ( #4818 ) ) GLOBAL_UNIT_ASSIGNED_CONTEXT ( ( #4548, #2534, #4290 ) ) REPRESENTATION_CONTEXT ( 'NONE', 'WORKASPACE' ) );
#2771 = SURFACE_STYLE_FILL_AREA ( #949 ) ;
#2772 = MECHANICAL_DESIGN_GEOMETRIC_PRESENTATION_REPRESENTATION (  '', ( #2674 ), #136 ) ;
#2773 = ORIENTED_EDGE ( 'NONE', *, *, #2512, .T. ) ;
#2774 = SURFACE_STYLE_USAGE ( .BOTH. , #4008 ) ;
#2775 = LINE ( 'NONE', #651, #1757 ) ;
#2776 = ORIENTED_EDGE ( 'NONE', *, *, #3364, .F. ) ;
#2777 = COLOUR_RGB ( '',1.000000000000000000, 1.000000000000000000, 1.000000000000000000 ) ;
#2778 =( NAMED_UNIT ( * ) SI_UNIT ( $, .STERADIAN. ) SOLID_ANGLE_UNIT ( ) );
#2779 = AXIS2_PLACEMENT_3D ( 'NONE', #250, #4323, #1882 ) ;
#2780 = DIRECTION ( 'NONE',  ( 0.0000000000000000000, -0.0000000000000000000, -1.000000000000000000 ) ) ;
#2781 =( LENGTH_UNIT ( ) NAMED_UNIT ( * ) SI_UNIT ( .MILLI., .METRE. ) );
#2782 = ORIENTED_EDGE ( 'NONE', *, *, #4750, .F. ) ;
#2783 = CARTESIAN_POINT ( 'NONE',  ( 2.999999999999998700, 12.03528137423857000, 0.0000000000000000000 ) ) ;
#2784 =( GEOMETRIC_REPRESENTATION_CONTEXT ( 3 ) GLOBAL_UNCERTAINTY_ASSIGNED_CONTEXT ( ( #799 ) ) GLOBAL_UNIT_ASSIGNED_CONTEXT ( ( #1294, #2523, #2962 ) ) REPRESENTATION_CONTEXT ( 'NONE', 'WORKASPACE' ) );
#2785 = CARTESIAN_POINT ( 'NONE',  ( -1.382171855916968000, 3.350000000000005000, -3.485986368405798300 ) ) ;
#2786 = ORIENTED_EDGE ( 'NONE', *, *, #4173, .F. ) ;
#2787 = CARTESIAN_POINT ( 'NONE',  ( 1.382171855916979800, 1.029999999999999800, -2.985986368405793500 ) ) ;
#2788 = LINE ( 'NONE', #4646, #3931 ) ;
#2789 = ORIENTED_EDGE ( 'NONE', *, *, #3383, .T. ) ;
#2790 = ADVANCED_BREP_SHAPE_REPRESENTATION ( 'DR73-R', ( #1645, #1208 ), #1582 ) ;
#2791 = FILL_AREA_STYLE ('',( #28 ) ) ;
#2792 = SURFACE_STYLE_FILL_AREA ( #3184 ) ;
#2793 =( LENGTH_UNIT ( ) NAMED_UNIT ( * ) SI_UNIT ( .MILLI., .METRE. ) );
#2794 = EDGE_CURVE ( 'NONE', #1578, #1758, #3332, .T. ) ;
#2795 = ORIENTED_EDGE ( 'NONE', *, *, #903, .T. ) ;
#2796 = LINE ( 'NONE', #2632, #567 ) ;
#2797 = CARTESIAN_POINT ( 'NONE',  ( -2.719999999999999800, 0.1200000000000000100, -1.000000000000000000 ) ) ;
#2798 = ORIENTED_EDGE ( 'NONE', *, *, #4279, .F. ) ;
#2799 = VECTOR ( 'NONE', #4950, 1000.000000000000000 ) ;
#2800 = DIRECTION ( 'NONE',  ( 0.0000000000000000000, 0.0000000000000000000, 1.000000000000000000 ) ) ;
#2801 = PLANE ( 'NONE',  #2666 ) ;
#2802 =( LENGTH_UNIT ( ) NAMED_UNIT ( * ) SI_UNIT ( .MILLI., .METRE. ) );
#2803 = ORIENTED_EDGE ( 'NONE', *, *, #3248, .T. ) ;
#2804 = FILL_AREA_STYLE ('',( #24 ) ) ;
#2805 =( NAMED_UNIT ( * ) PLANE_ANGLE_UNIT ( ) SI_UNIT ( $, .RADIAN. ) );
#2806 =( GEOMETRIC_REPRESENTATION_CONTEXT ( 3 ) GLOBAL_UNCERTAINTY_ASSIGNED_CONTEXT ( ( #1979 ) ) GLOBAL_UNIT_ASSIGNED_CONTEXT ( ( #1213, #4058, #2034 ) ) REPRESENTATION_CONTEXT ( 'NONE', 'WORKASPACE' ) );
#2807 = CARTESIAN_POINT ( 'NONE',  ( 2.298097038856282500, 3.449999999999999700, -2.298097038856274900 ) ) ;
#2808 = CIRCLE ( 'NONE', #325, 0.1199999999999998800 ) ;
#2809 = MECHANICAL_DESIGN_GEOMETRIC_PRESENTATION_REPRESENTATION (  '', ( #1 ), #1415 ) ;
#2810 = EDGE_CURVE ( 'NONE', #4309, #4291, #606, .T. ) ;
#2811 = FACE_OUTER_BOUND ( 'NONE', #950, .T. ) ;
#2812 =( LENGTH_UNIT ( ) NAMED_UNIT ( * ) SI_UNIT ( .MILLI., .METRE. ) );
#2813 = AXIS2_PLACEMENT_3D ( 'NONE', #3465, #261, #1476 ) ;
#2814 = CARTESIAN_POINT ( 'NONE',  ( 1.197882275128049300, 3.350000000000005000, -3.021188185951688300 ) ) ;
#2815 = FACE_OUTER_BOUND ( 'NONE', #4360, .T. ) ;
#2816 = DIRECTION ( 'NONE',  ( 0.0000000000000000000, 0.0000000000000000000, 1.000000000000000000 ) ) ;
#2817 = DIRECTION ( 'NONE',  ( 0.0000000000000000000, 0.0000000000000000000, 1.000000000000000000 ) ) ;
#2818 =( LENGTH_UNIT ( ) NAMED_UNIT ( * ) SI_UNIT ( .MILLI., .METRE. ) );
#2819 = VECTOR ( 'NONE', #3854, 1000.000000000000000 ) ;
#2820 = ORIENTED_EDGE ( 'NONE', *, *, #459, .T. ) ;
#2821 = MECHANICAL_DESIGN_GEOMETRIC_PRESENTATION_REPRESENTATION (  '', ( #2383 ), #1461 ) ;
#2822 = DIRECTION ( 'NONE',  ( 1.000000000000000000, 0.0000000000000000000, 0.0000000000000000000 ) ) ;
#2823 = EDGE_CURVE ( 'NONE', #4315, #2140, #3533, .T. ) ;
#2824 = SURFACE_STYLE_FILL_AREA ( #4213 ) ;
#2825 = SURFACE_SIDE_STYLE ('',( #2267 ) ) ;
#2826 = DIRECTION ( 'NONE',  ( 1.308519863344573800E-016, -1.000000000000000000, -0.0000000000000000000 ) ) ;
#2827 = ORIENTED_EDGE ( 'NONE', *, *, #4017, .F. ) ;
#2828 = CIRCLE ( 'NONE', #768, 0.1199999999999998800 ) ;
#2829 = COLOUR_RGB ( '',0.5019607843137254800, 0.5019607843137254800, 0.5019607843137254800 ) ;
#2830 = DIRECTION ( 'NONE',  ( 1.145283985019899200E-016, -1.000000000000000000, -0.0000000000000000000 ) ) ;
#2831 = ORIENTED_EDGE ( 'NONE', *, *, #2573, .T. ) ;
#2832 = DIRECTION ( 'NONE',  ( 0.0000000000000000000, 1.000000000000000000, 0.0000000000000000000 ) ) ;
#2833 = CYLINDRICAL_SURFACE ( 'NONE', #1585, 0.5000000000000000000 ) ;
#2834 = COLOUR_RGB ( '',1.000000000000000000, 1.000000000000000000, 1.000000000000000000 ) ;
#2835 = CARTESIAN_POINT ( 'NONE',  ( -3.800000000000000300, 0.5300000000000000300, 1.419999999999999900 ) ) ;
#2836 = FILL_AREA_STYLE_COLOUR ( '', #1921 ) ;
#2837 = ORIENTED_EDGE ( 'NONE', *, *, #4906, .F. ) ;
#2838 =( LENGTH_UNIT ( ) NAMED_UNIT ( * ) SI_UNIT ( .MILLI., .METRE. ) );
#2839 = DIRECTION ( 'NONE',  ( 0.0000000000000000000, 0.0000000000000000000, 1.000000000000000000 ) ) ;
#2840 = AXIS2_PLACEMENT_3D ( 'NONE', #2486, #2906, #114 ) ;
#2841 = SURFACE_STYLE_FILL_AREA ( #3734 ) ;
#2842 = DIRECTION ( 'NONE',  ( 1.308519863344575000E-016, -1.000000000000000000, 0.0000000000000000000 ) ) ;
#2843 = EDGE_CURVE ( 'NONE', #127, #3204, #913, .T. ) ;
#2844 = LINE ( 'NONE', #3553, #925 ) ;
#2845 = ORIENTED_EDGE ( 'NONE', *, *, #1080, .F. ) ;
#2846 = AXIS2_PLACEMENT_3D ( 'NONE', #2972, #1790, #4196 ) ;
#2847 = VERTEX_POINT ( 'NONE', #1458 ) ;
#2848 = FILL_AREA_STYLE ('',( #4437 ) ) ;
#2849 = VERTEX_POINT ( 'NONE', #3055 ) ;
#2850 =( GEOMETRIC_REPRESENTATION_CONTEXT ( 3 ) GLOBAL_UNCERTAINTY_ASSIGNED_CONTEXT ( ( #4667 ) ) GLOBAL_UNIT_ASSIGNED_CONTEXT ( ( #5219, #2008, #3999 ) ) REPRESENTATION_CONTEXT ( 'NONE', 'WORKASPACE' ) );
#2851 = DIRECTION ( 'NONE',  ( 0.0000000000000000000, 1.000000000000000000, 0.0000000000000000000 ) ) ;
#2852 = AXIS2_PLACEMENT_3D ( 'NONE', #3593, #706, #2751 ) ;
#2853 = ORIENTED_EDGE ( 'NONE', *, *, #2441, .F. ) ;
#2854 = AXIS2_PLACEMENT_3D ( 'NONE', #3879, #5011, #5046 ) ;
#2855 = EDGE_CURVE ( 'NONE', #1291, #2914, #2390, .T. ) ;
#2856 = VERTEX_POINT ( 'NONE', #990 ) ;
#2857 = UNCERTAINTY_MEASURE_WITH_UNIT (LENGTH_MEASURE( 1.000000000000000100E-005 ), #305, 'distance_accuracy_value', 'NONE');
#2858 = ADVANCED_FACE ( 'NONE', ( #2132 ), #292, .T. ) ;
#2859 = DIRECTION ( 'NONE',  ( -0.0000000000000000000, 1.000000000000000000, -0.0000000000000000000 ) ) ;
#2860 = EDGE_CURVE ( 'NONE', #2011, #1633, #1292, .T. ) ;
#2861 = CARTESIAN_POINT ( 'NONE',  ( 0.0000000000000000000, 3.350000000000005000, 0.0000000000000000000 ) ) ;
#2862 = ORIENTED_EDGE ( 'NONE', *, *, #2672, .T. ) ;
#2863 = FILL_AREA_STYLE_COLOUR ( '', #2391 ) ;
#2864 = CIRCLE ( 'NONE', #4047, 0.4000000000000028000 ) ;
#2865 = EDGE_LOOP ( 'NONE', ( #2142, #5168, #1210, #3993 ) ) ;
#2866 = LINE ( 'NONE', #984, #4754 ) ;
#2867 = PLANE ( 'NONE',  #3283 ) ;
#2868 = ORIENTED_EDGE ( 'NONE', *, *, #3819, .F. ) ;
#2869 = CARTESIAN_POINT ( 'NONE',  ( 1.382171855916967600, 0.9299999999999999400, 3.485986368405798800 ) ) ;
#2870 = VECTOR ( 'NONE', #3569, 1000.000000000000000 ) ;
#2871 = PLANE ( 'NONE',  #533 ) ;
#2872 = CARTESIAN_POINT ( 'NONE',  ( -1.626418571367462800, 3.449999999999999700, 3.169215880525919600 ) ) ;
#2873 = DIRECTION ( 'NONE',  ( 0.0000000000000000000, -1.000000000000000000, 0.0000000000000000000 ) ) ;
#2874 = MECHANICAL_DESIGN_GEOMETRIC_PRESENTATION_REPRESENTATION (  '', ( #2406 ), #723 ) ;
#2875 = DIRECTION ( 'NONE',  ( 0.0000000000000000000, -1.000000000000000000, 0.0000000000000000000 ) ) ;
#2876 = AXIS2_PLACEMENT_3D ( 'NONE', #3026, #3855, #1849 ) ;
#2877 = CARTESIAN_POINT ( 'NONE',  ( -2.800000000000000300, 3.449999999999999700, -2.799999999999999800 ) ) ;
#2878 = SURFACE_STYLE_FILL_AREA ( #1855 ) ;
#2879 = ADVANCED_FACE ( 'NONE', ( #4223 ), #5147, .T. ) ;
#2880 = AXIS2_PLACEMENT_3D ( 'NONE', #4724, #2325, #5132 ) ;
#2881 = VERTEX_POINT ( 'NONE', #3068 ) ;
#2882 = CARTESIAN_POINT ( 'NONE',  ( 1.382171855916967600, 1.029999999999999800, 3.485986368405798800 ) ) ;
#2883 = COLOUR_RGB ( '',0.5019607843137254800, 0.5019607843137254800, 0.5019607843137254800 ) ;
#2884 = AXIS2_PLACEMENT_3D ( 'NONE', #589, #3471, #3434 ) ;
#2885 = CARTESIAN_POINT ( 'NONE',  ( 2.291287847477919900, 0.2700000000000000200, 1.000000000000000000 ) ) ;
#2886 = EDGE_LOOP ( 'NONE', ( #4871, #5209, #228, #3372 ) ) ;
#2887 = LINE ( 'NONE', #1783, #4895 ) ;
#2888 = CARTESIAN_POINT ( 'NONE',  ( 2.720000000000000200, 0.1200000000000000100, 1.000000000000000000 ) ) ;
#2889 = PRESENTATION_LAYER_ASSIGNMENT (  '', '', ( #2614 ) ) ;
#2890 = VECTOR ( 'NONE', #2144, 1000.000000000000000 ) ;
#2891 = EDGE_CURVE ( 'NONE', #1568, #3353, #4598, .T. ) ;
#2892 = ORIENTED_EDGE ( 'NONE', *, *, #2810, .F. ) ;
#2893 = CARTESIAN_POINT ( 'NONE',  ( 2.987419390442723100, 0.5300000000000003600, -1.419999999999999900 ) ) ;
#2894 = VECTOR ( 'NONE', #3876, 1000.000000000000000 ) ;
#2895 = CIRCLE ( 'NONE', #2473, 1.000000000000000000 ) ;
#2896 = ORIENTED_EDGE ( 'NONE', *, *, #2616, .F. ) ;
#2897 = DIRECTION ( 'NONE',  ( 0.0000000000000000000, 0.0000000000000000000, 1.000000000000000000 ) ) ;
#2898 = VERTEX_POINT ( 'NONE', #5079 ) ;
#2899 = PRESENTATION_STYLE_ASSIGNMENT (( #1299 ) ) ;
#2900 = ORIENTED_EDGE ( 'NONE', *, *, #3003, .T. ) ;
#2901 = SURFACE_STYLE_FILL_AREA ( #542 ) ;
#2902 = DIRECTION ( 'NONE',  ( -1.000000000000000000, 0.0000000000000000000, -0.0000000000000000000 ) ) ;
#2903 =( NAMED_UNIT ( * ) SI_UNIT ( $, .STERADIAN. ) SOLID_ANGLE_UNIT ( ) );
#2904 = PRESENTATION_LAYER_ASSIGNMENT (  '', '', ( #2366 ) ) ;
#2905 = CARTESIAN_POINT ( 'NONE',  ( -3.800000000000000300, 0.5300000000000003600, -1.419999999999999900 ) ) ;
#2906 = DIRECTION ( 'NONE',  ( 0.0000000000000000000, 1.000000000000000000, 0.0000000000000000000 ) ) ;
#2907 = VERTEX_POINT ( 'NONE', #639 ) ;
#2908 =( LENGTH_UNIT ( ) NAMED_UNIT ( * ) SI_UNIT ( .MILLI., .METRE. ) );
#2909 =( NAMED_UNIT ( * ) PLANE_ANGLE_UNIT ( ) SI_UNIT ( $, .RADIAN. ) );
#2910 = EDGE_CURVE ( 'NONE', #1633, #1977, #2260, .T. ) ;
#2911 = ORIENTED_EDGE ( 'NONE', *, *, #100, .F. ) ;
#2912 = AXIS2_PLACEMENT_3D ( 'NONE', #4504, #1277, #2897 ) ;
#2913 = CYLINDRICAL_SURFACE ( 'NONE', #1106, 0.1199999999999998800 ) ;
#2914 = VERTEX_POINT ( 'NONE', #1923 ) ;
#2915 = FILL_AREA_STYLE_COLOUR ( '', #1841 ) ;
#2916 = VERTEX_POINT ( 'NONE', #1014 ) ;
#2917 = UNCERTAINTY_MEASURE_WITH_UNIT (LENGTH_MEASURE( 1.000000000000000100E-005 ), #1590, 'distance_accuracy_value', 'NONE');
#2918 = AXIS2_PLACEMENT_3D ( 'NONE', #1856, #3910, #2665 ) ;
#2919 = DIRECTION ( 'NONE',  ( 0.0000000000000000000, 1.000000000000000000, 0.0000000000000000000 ) ) ;
#2920 = AXIS2_PLACEMENT_3D ( 'NONE', #4992, #3822, #3002 ) ;
#2921 = EDGE_CURVE ( 'NONE', #62, #1909, #2326, .T. ) ;
#2922 = ORIENTED_EDGE ( 'NONE', *, *, #1245, .F. ) ;
#2923 = SURFACE_STYLE_USAGE ( .BOTH. , #2076 ) ;
#2924 = DIRECTION ( 'NONE',  ( 0.0000000000000000000, 1.000000000000000000, -0.0000000000000000000 ) ) ;
#2925 = EDGE_CURVE ( 'NONE', #3986, #2668, #475, .T. ) ;
#2926 = SURFACE_STYLE_USAGE ( .BOTH. , #509 ) ;
#2927 = CARTESIAN_POINT ( 'NONE',  ( 3.021188185951687800, 3.350000000000005000, 1.197882275128050200 ) ) ;
#2928 = DIRECTION ( 'NONE',  ( 1.145283985019899200E-016, -1.000000000000000000, -0.0000000000000000000 ) ) ;
#2929 = ORIENTED_EDGE ( 'NONE', *, *, #2078, .T. ) ;
#2930 = EDGE_LOOP ( 'NONE', ( #1948, #3891, #1086, #1365 ) ) ;
#2931 = SURFACE_SIDE_STYLE ('',( #3458 ) ) ;
#2932 = STYLED_ITEM ( 'NONE', ( #2338 ), #2053 ) ;
#2933 = DIRECTION ( 'NONE',  ( 0.0000000000000000000, -1.000000000000000000, 0.0000000000000000000 ) ) ;
#2934 = DIRECTION ( 'NONE',  ( 0.0000000000000000000, 1.000000000000000000, 0.0000000000000000000 ) ) ;
#2935 = SURFACE_SIDE_STYLE ('',( #1088 ) ) ;
#2936 = STYLED_ITEM ( 'NONE', ( #3581 ), #5008 ) ;
#2937 = EDGE_CURVE ( 'NONE', #4123, #4903, #4096, .T. ) ;
#2938 = FILL_AREA_STYLE_COLOUR ( '', #1188 ) ;
#2939 = LINE ( 'NONE', #5175, #1873 ) ;
#2940 = DIRECTION ( 'NONE',  ( -1.000000000000000000, -1.145283985019899500E-016, 0.0000000000000000000 ) ) ;
#2941 = AXIS2_PLACEMENT_3D ( 'NONE', #3006, #1004, #3836 ) ;
#2942 = DIRECTION ( 'NONE',  ( 0.0000000000000000000, 0.0000000000000000000, -1.000000000000000000 ) ) ;
#2943 = EDGE_LOOP ( 'NONE', ( #4636, #752, #493, #4813 ) ) ;
#2944 = UNCERTAINTY_MEASURE_WITH_UNIT (LENGTH_MEASURE( 1.000000000000000100E-005 ), #204, 'distance_accuracy_value', 'NONE');
#2945 =( GEOMETRIC_REPRESENTATION_CONTEXT ( 3 ) GLOBAL_UNCERTAINTY_ASSIGNED_CONTEXT ( ( #3109 ) ) GLOBAL_UNIT_ASSIGNED_CONTEXT ( ( #1430, #3495, #4267 ) ) REPRESENTATION_CONTEXT ( 'NONE', 'WORKASPACE' ) );
#2946 = COLOUR_RGB ( '',0.5019607843137254800, 0.5019607843137254800, 0.5019607843137254800 ) ;
#2947 = DIRECTION ( 'NONE',  ( -0.0000000000000000000, -0.0000000000000000000, -1.000000000000000000 ) ) ;
#2948 = MECHANICAL_DESIGN_GEOMETRIC_PRESENTATION_REPRESENTATION (  '', ( #843 ), #2035 ) ;
#2949 = ORIENTED_EDGE ( 'NONE', *, *, #644, .F. ) ;
#2950 = PRESENTATION_LAYER_ASSIGNMENT (  '', '', ( #2504 ) ) ;
#2951 = CIRCLE ( 'NONE', #3780, 0.4000000000000032400 ) ;
#2952 = ORIENTED_EDGE ( 'NONE', *, *, #1546, .T. ) ;
#2953 =( NAMED_UNIT ( * ) SI_UNIT ( $, .STERADIAN. ) SOLID_ANGLE_UNIT ( ) );
#2954 = FACE_OUTER_BOUND ( 'NONE', #4243, .T. ) ;
#2955 =( NAMED_UNIT ( * ) SI_UNIT ( $, .STERADIAN. ) SOLID_ANGLE_UNIT ( ) );
#2956 = CARTESIAN_POINT ( 'NONE',  ( -3.485986368405798800, 3.449999999999999700, 1.382171855916967300 ) ) ;
#2957 = ORIENTED_EDGE ( 'NONE', *, *, #3364, .T. ) ;
#2958 = VECTOR ( 'NONE', #3955, 1000.000000000000000 ) ;
#2959 = LINE ( 'NONE', #3514, #678 ) ;
#2960 = ORIENTED_EDGE ( 'NONE', *, *, #2823, .T. ) ;
#2961 = STYLED_ITEM ( 'NONE', ( #1095 ), #4852 ) ;
#2962 =( NAMED_UNIT ( * ) SI_UNIT ( $, .STERADIAN. ) SOLID_ANGLE_UNIT ( ) );
#2963 = VERTEX_POINT ( 'NONE', #3536 ) ;
#2964 = PRESENTATION_STYLE_ASSIGNMENT (( #2502 ) ) ;
#2965 = ORIENTED_EDGE ( 'NONE', *, *, #5007, .F. ) ;
#2966 = FILL_AREA_STYLE ('',( #4177 ) ) ;
#2967 = DIRECTION ( 'NONE',  ( -5.354084802397553700E-016, 1.000000000000000000, 0.0000000000000000000 ) ) ;
#2968 = PRESENTATION_LAYER_ASSIGNMENT (  '', '', ( #4431 ) ) ;
#2969 = DIRECTION ( 'NONE',  ( -1.000000000000000000, -2.168404344971008900E-016, -8.673617379884035500E-016 ) ) ;
#2970 = CARTESIAN_POINT ( 'NONE',  ( 3.000000000000000000, 3.350000000000000500, 0.0000000000000000000 ) ) ;
#2971 = EDGE_LOOP ( 'NONE', ( #3826, #769, #551, #3470 ) ) ;
#2972 = CARTESIAN_POINT ( 'NONE',  ( -1.571528283009124000E-015, 12.03528137423857000, 0.0000000000000000000 ) ) ;
#2973 = ORIENTED_EDGE ( 'NONE', *, *, #2711, .T. ) ;
#2974 = DIRECTION ( 'NONE',  ( 1.000000000000000000, 0.0000000000000000000, -0.0000000000000000000 ) ) ;
#2975 = DIRECTION ( 'NONE',  ( -1.000000000000000000, -2.168404344971008400E-016, 2.602085213965210200E-015 ) ) ;
#2976 = AXIS2_PLACEMENT_3D ( 'NONE', #1793, #2221, #3011 ) ;
#2977 = EDGE_CURVE ( 'NONE', #4295, #5082, #1364, .T. ) ;
#2978 = ORIENTED_EDGE ( 'NONE', *, *, #4079, .F. ) ;
#2979 = ADVANCED_FACE ( 'NONE', ( #3267 ), #1508, .T. ) ;
#2980 = DIRECTION ( 'NONE',  ( -0.0000000000000000000, 1.000000000000000000, -0.0000000000000000000 ) ) ;
#2981 = VERTEX_POINT ( 'NONE', #1907 ) ;
#2982 = CONICAL_SURFACE ( 'NONE', #499, 0.4000000000000030200, 0.7853981633974578300 ) ;
#2983 =( GEOMETRIC_REPRESENTATION_CONTEXT ( 3 ) GLOBAL_UNCERTAINTY_ASSIGNED_CONTEXT ( ( #4025 ) ) GLOBAL_UNIT_ASSIGNED_CONTEXT ( ( #1959, #1962, #746 ) ) REPRESENTATION_CONTEXT ( 'NONE', 'WORKASPACE' ) );
#2984 = DIRECTION ( 'NONE',  ( 0.0000000000000000000, 0.0000000000000000000, 1.000000000000000000 ) ) ;
#2985 = EDGE_CURVE ( 'NONE', #3508, #2606, #3668, .T. ) ;
#2986 = CARTESIAN_POINT ( 'NONE',  ( -0.9999999999999993300, 0.2700000000000000200, 2.291287847477920400 ) ) ;
#2987 = CARTESIAN_POINT ( 'NONE',  ( 3.750000000000000400, 0.1200000000000000100, 1.000000000000000000 ) ) ;
#2988 = EDGE_LOOP ( 'NONE', ( #930, #2900, #2024, #2006 ) ) ;
#2989 = VECTOR ( 'NONE', #3940, 1000.000000000000000 ) ;
#2990 = SURFACE_STYLE_USAGE ( .BOTH. , #165 ) ;
#2991 = DIRECTION ( 'NONE',  ( 0.0000000000000000000, -1.000000000000000000, 0.0000000000000000000 ) ) ;
#2992 = PRESENTATION_STYLE_ASSIGNMENT (( #1306 ) ) ;
#2993 = CARTESIAN_POINT ( 'NONE',  ( 2.740000000000000200, 0.0000000000000000000, 1.000000000000000000 ) ) ;
#2994 = CARTESIAN_POINT ( 'NONE',  ( 3.000000000000000400, 0.2700000000000013500, 0.0000000000000000000 ) ) ;
#2995 = CYLINDRICAL_SURFACE ( 'NONE', #1311, 0.5000000000000004400 ) ;
#2996 = STYLED_ITEM ( 'NONE', ( #1751 ), #2183 ) ;
#2997 = SURFACE_STYLE_FILL_AREA ( #969 ) ;
#2998 = DIRECTION ( 'NONE',  ( 0.0000000000000000000, 0.0000000000000000000, -1.000000000000000000 ) ) ;
#2999 = SURFACE_SIDE_STYLE ('',( #3823 ) ) ;
#3000 = LINE ( 'NONE', #4618, #3721 ) ;
#3001 = ADVANCED_FACE ( 'NONE', ( #2706 ), #2329, .T. ) ;
#3002 = DIRECTION ( 'NONE',  ( 7.885106708985508800E-016, 0.0000000000000000000, 1.000000000000000000 ) ) ;
#3003 = EDGE_CURVE ( 'NONE', #1173, #1584, #791, .T. ) ;
#3004 = CARTESIAN_POINT ( 'NONE',  ( 0.9999999999999995600, 0.2700000000000000200, 2.291287847477920400 ) ) ;
#3005 = VERTEX_POINT ( 'NONE', #4395 ) ;
#3006 = CARTESIAN_POINT ( 'NONE',  ( -1.382171855916968000, 0.9299999999999996000, -3.485986368405798300 ) ) ;
#3007 = AXIS2_PLACEMENT_3D ( 'NONE', #2184, #1816, #1346 ) ;
#3008 = FILL_AREA_STYLE_COLOUR ( '', #5129 ) ;
#3009 = CARTESIAN_POINT ( 'NONE',  ( -1.382171855916968000, 3.449999999999999700, -3.485986368405798300 ) ) ;
#3010 = LINE ( 'NONE', #3693, #4522 ) ;
#3011 = DIRECTION ( 'NONE',  ( -1.000000000000000000, 0.0000000000000000000, 0.0000000000000000000 ) ) ;
#3012 = EDGE_LOOP ( 'NONE', ( #4978, #4951, #2468, #3506 ) ) ;
#3013 =( GEOMETRIC_REPRESENTATION_CONTEXT ( 3 ) GLOBAL_UNCERTAINTY_ASSIGNED_CONTEXT ( ( #2074 ) ) GLOBAL_UNIT_ASSIGNED_CONTEXT ( ( #3133, #4333, #2778 ) ) REPRESENTATION_CONTEXT ( 'NONE', 'WORKASPACE' ) );
#3014 = FILL_AREA_STYLE_COLOUR ( '', #2311 ) ;
#3015 = COLOUR_RGB ( '',0.5019607843137254800, 0.5019607843137254800, 0.5019607843137254800 ) ;
#3016 = CARTESIAN_POINT ( 'NONE',  ( -3.800000000000000300, 0.5300000000000000300, 1.419999999999999900 ) ) ;
#3017 = STYLED_ITEM ( 'NONE', ( #4523 ), #528 ) ;
#3018 = MECHANICAL_DESIGN_GEOMETRIC_PRESENTATION_REPRESENTATION (  '', ( #3645 ), #41 ) ;
#3019 = EDGE_CURVE ( 'NONE', #3204, #3238, #2828, .T. ) ;
#3020 = EDGE_LOOP ( 'NONE', ( #3878, #3705, #1649, #2351 ) ) ;
#3021 = EDGE_CURVE ( 'NONE', #1614, #1990, #4672, .T. ) ;
#3022 = CARTESIAN_POINT ( 'NONE',  ( 2.298097038856273600, 3.350000000000005000, 2.298097038856282000 ) ) ;
#3023 = FILL_AREA_STYLE_COLOUR ( '', #2557 ) ;
#3024 = CARTESIAN_POINT ( 'NONE',  ( 3.799999999999999400, 14.29802307403552100, -2.799999999999999800 ) ) ;
#3025 = ORIENTED_EDGE ( 'NONE', *, *, #1760, .T. ) ;
#3026 = CARTESIAN_POINT ( 'NONE',  ( 0.0000000000000000000, 3.449999999999999700, 0.0000000000000000000 ) ) ;
#3027 = LINE ( 'NONE', #703, #4359 ) ;
#3028 = ORIENTED_EDGE ( 'NONE', *, *, #815, .F. ) ;
#3029 = LINE ( 'NONE', #2511, #1506 ) ;
#3030 = CARTESIAN_POINT ( 'NONE',  ( -3.485986368405793900, 3.449999999999999700, -1.382171855916979300 ) ) ;
#3031 = FILL_AREA_STYLE ('',( #634 ) ) ;
#3032 = DIRECTION ( 'NONE',  ( 0.0000000000000000000, 0.0000000000000000000, 1.000000000000000000 ) ) ;
#3033 = FACE_OUTER_BOUND ( 'NONE', #3020, .T. ) ;
#3034 = ORIENTED_EDGE ( 'NONE', *, *, #5176, .T. ) ;
#3035 = ADVANCED_FACE ( 'NONE', ( #5084 ), #4962, .F. ) ;
#3036 = DIRECTION ( 'NONE',  ( 1.145283985019899200E-016, -1.000000000000000000, -0.0000000000000000000 ) ) ;
#3037 = ORIENTED_EDGE ( 'NONE', *, *, #4876, .T. ) ;
#3038 = ORIENTED_EDGE ( 'NONE', *, *, #3258, .T. ) ;
#3039 = AXIS2_PLACEMENT_3D ( 'NONE', #1414, #3499, #1870 ) ;
#3040 = CARTESIAN_POINT ( 'NONE',  ( -3.090023258555960600, 1.029999999999999400, 1.687480250230069900 ) ) ;
#3041 = ORIENTED_EDGE ( 'NONE', *, *, #1257, .F. ) ;
#3042 = SURFACE_SIDE_STYLE ('',( #1935 ) ) ;
#3043 = AXIS2_PLACEMENT_3D ( 'NONE', #5099, #3462, #623 ) ;
#3044 = CARTESIAN_POINT ( 'NONE',  ( 3.750000000000000400, 0.9299999999999999400, 1.000000000000000000 ) ) ;
#3045 =( NAMED_UNIT ( * ) PLANE_ANGLE_UNIT ( ) SI_UNIT ( $, .RADIAN. ) );
#3046 = FILL_AREA_STYLE ('',( #4641 ) ) ;
#3047 = DIRECTION ( 'NONE',  ( 0.0000000000000000000, 0.0000000000000000000, -1.000000000000000000 ) ) ;
#3048 = ORIENTED_EDGE ( 'NONE', *, *, #1494, .T. ) ;
#3049 = MECHANICAL_DESIGN_GEOMETRIC_PRESENTATION_REPRESENTATION (  '', ( #4466 ), #497 ) ;
#3050 = PRESENTATION_STYLE_ASSIGNMENT (( #3749 ) ) ;
#3051 = CARTESIAN_POINT ( 'NONE',  ( 2.298097038856273600, 3.350000000000005000, 2.298097038856282000 ) ) ;
#3052 = STYLED_ITEM ( 'NONE', ( #1331 ), #1297 ) ;
#3053 = CARTESIAN_POINT ( 'NONE',  ( 3.021188185951692300, 0.9300000000000001600, -1.197882275128038900 ) ) ;
#3054 = VERTEX_POINT ( 'NONE', #2469 ) ;
#3055 = CARTESIAN_POINT ( 'NONE',  ( 1.197882275128048900, 1.029999999999999800, -3.021188185951687800 ) ) ;
#3056 = DIRECTION ( 'NONE',  ( -0.0000000000000000000, -0.0000000000000000000, -1.000000000000000000 ) ) ;
#3057 = FILL_AREA_STYLE ('',( #3447 ) ) ;
#3058 = FACE_OUTER_BOUND ( 'NONE', #3622, .T. ) ;
#3059 = EDGE_CURVE ( 'NONE', #2916, #2154, #2701, .T. ) ;
#3060 = ADVANCED_FACE ( 'NONE', ( #4784 ), #2136, .T. ) ;
#3061 = CIRCLE ( 'NONE', #588, 1.000000000000000000 ) ;
#3062 = CARTESIAN_POINT ( 'NONE',  ( -2.800000000000000300, 0.5299999999999992500, -2.799999999999999800 ) ) ;
#3063 = DIRECTION ( 'NONE',  ( 0.0000000000000000000, 0.0000000000000000000, -1.000000000000000000 ) ) ;
#3064 = CARTESIAN_POINT ( 'NONE',  ( -1.197882275128037100, 3.350000000000000100, -3.021188185951687800 ) ) ;
#3065 = DIRECTION ( 'NONE',  ( 0.0000000000000000000, -1.000000000000000000, 0.0000000000000000000 ) ) ;
#3066 = ORIENTED_EDGE ( 'NONE', *, *, #3394, .T. ) ;
#3067 = CARTESIAN_POINT ( 'NONE',  ( 2.720000000000000200, 0.1200000000000000100, -1.000000000000000000 ) ) ;
#3068 = CARTESIAN_POINT ( 'NONE',  ( -3.114147822442506100, 3.449999999999999700, -1.234740191285834000 ) ) ;
#3069 = DIRECTION ( 'NONE',  ( -0.0000000000000000000, -0.0000000000000000000, 1.000000000000000000 ) ) ;
#3070 = ORIENTED_EDGE ( 'NONE', *, *, #4921, .F. ) ;
#3071 = AXIS2_PLACEMENT_3D ( 'NONE', #3266, #857, #4112 ) ;
#3072 = CARTESIAN_POINT ( 'NONE',  ( -2.600000000000000100, 0.1500000000000000200, 1.000000000000000000 ) ) ;
#3073 = FACE_OUTER_BOUND ( 'NONE', #2410, .T. ) ;
#3074 = ORIENTED_EDGE ( 'NONE', *, *, #1722, .F. ) ;
#3075 = DIRECTION ( 'NONE',  ( 1.000000000000000000, 0.0000000000000000000, 0.0000000000000000000 ) ) ;
#3076 = UNCERTAINTY_MEASURE_WITH_UNIT (LENGTH_MEASURE( 1.000000000000000100E-005 ), #1492, 'distance_accuracy_value', 'NONE');
#3077 = AXIS2_PLACEMENT_3D ( 'NONE', #1253, #2873, #3755 ) ;
#3078 = VECTOR ( 'NONE', #1421, 1000.000000000000000 ) ;
#3079 = EDGE_CURVE ( 'NONE', #4226, #3689, #1057, .T. ) ;
#3080 =( NAMED_UNIT ( * ) PLANE_ANGLE_UNIT ( ) SI_UNIT ( $, .RADIAN. ) );
#3081 = LINE ( 'NONE', #482, #914 ) ;
#3082 = DIRECTION ( 'NONE',  ( 0.0000000000000000000, 0.0000000000000000000, 1.000000000000000000 ) ) ;
#3083 = ORIENTED_EDGE ( 'NONE', *, *, #3181, .T. ) ;
#3084 = DIRECTION ( 'NONE',  ( 0.0000000000000000000, 0.0000000000000000000, 1.000000000000000000 ) ) ;
#3085 = PRESENTATION_STYLE_ASSIGNMENT (( #763 ) ) ;
#3086 = ADVANCED_FACE ( 'NONE', ( #4417 ), #1242, .T. ) ;
#3087 = SURFACE_SIDE_STYLE ('',( #1926 ) ) ;
#3088 = ORIENTED_EDGE ( 'NONE', *, *, #211, .T. ) ;
#3089 =( LENGTH_UNIT ( ) NAMED_UNIT ( * ) SI_UNIT ( .MILLI., .METRE. ) );
#3090 = CARTESIAN_POINT ( 'NONE',  ( -3.090023258555954400, 3.350000000000005000, -1.687480250230081000 ) ) ;
#3091 = STYLED_ITEM ( 'NONE', ( #517 ), #147 ) ;
#3092 = EDGE_LOOP ( 'NONE', ( #2764, #248, #4186, #4037 ) ) ;
#3093 = MECHANICAL_DESIGN_GEOMETRIC_PRESENTATION_REPRESENTATION (  '', ( #1389 ), #845 ) ;
#3094 = EDGE_CURVE ( 'NONE', #4552, #3098, #727, .T. ) ;
#3095 = SURFACE_STYLE_FILL_AREA ( #5210 ) ;
#3096 = DIRECTION ( 'NONE',  ( -1.000000000000000000, -1.334402673828312800E-016, 0.0000000000000000000 ) ) ;
#3097 = CIRCLE ( 'NONE', #3901, 3.250000000000000400 ) ;
#3098 = VERTEX_POINT ( 'NONE', #1169 ) ;
#3099 = PRESENTATION_STYLE_ASSIGNMENT (( #1163 ) ) ;
#3100 = CARTESIAN_POINT ( 'NONE',  ( -3.800000000000000300, 0.9299999999999999400, 1.419999999999999900 ) ) ;
#3101 = EDGE_LOOP ( 'NONE', ( #2394, #939, #2957, #2675 ) ) ;
#3102 = ORIENTED_EDGE ( 'NONE', *, *, #2211, .F. ) ;
#3103 = DIRECTION ( 'NONE',  ( 0.0000000000000000000, 0.0000000000000000000, -1.000000000000000000 ) ) ;
#3104 = EDGE_LOOP ( 'NONE', ( #3265, #3261, #4917, #5072 ) ) ;
#3105 =( LENGTH_UNIT ( ) NAMED_UNIT ( * ) SI_UNIT ( .MILLI., .METRE. ) );
#3106 = ORIENTED_EDGE ( 'NONE', *, *, #1285, .T. ) ;
#3107 = DIRECTION ( 'NONE',  ( 1.000000000000000000, 0.0000000000000000000, 0.0000000000000000000 ) ) ;
#3108 = MECHANICAL_DESIGN_GEOMETRIC_PRESENTATION_REPRESENTATION (  '', ( #3659 ), #4189 ) ;
#3109 = UNCERTAINTY_MEASURE_WITH_UNIT (LENGTH_MEASURE( 1.000000000000000100E-005 ), #1430, 'distance_accuracy_value', 'NONE');
#3110 = ORIENTED_EDGE ( 'NONE', *, *, #468, .F. ) ;
#3111 = CIRCLE ( 'NONE', #2610, 3.000000000000000400 ) ;
#3112 = CARTESIAN_POINT ( 'NONE',  ( -2.987419390442724000, 0.9299999999999999400, 1.419999999999999900 ) ) ;
#3113 = EDGE_CURVE ( 'NONE', #2408, #2963, #3464, .T. ) ;
#3114 = ADVANCED_FACE ( 'NONE', ( #1556 ), #1950, .T. ) ;
#3115 = PRESENTATION_LAYER_ASSIGNMENT (  '', '', ( #2563 ) ) ;
#3116 = ORIENTED_EDGE ( 'NONE', *, *, #3752, .F. ) ;
#3117 = COLOUR_RGB ( '',1.000000000000000000, 1.000000000000000000, 1.000000000000000000 ) ;
#3118 = CARTESIAN_POINT ( 'NONE',  ( 2.298097038856282500, 1.030000000000000000, -2.298097038856274900 ) ) ;
#3119 =( NAMED_UNIT ( * ) SI_UNIT ( $, .STERADIAN. ) SOLID_ANGLE_UNIT ( ) );
#3120 = SURFACE_STYLE_USAGE ( .BOTH. , #1539 ) ;
#3121 = AXIS2_PLACEMENT_3D ( 'NONE', #393, #4033, #324 ) ;
#3122 = ORIENTED_EDGE ( 'NONE', *, *, #1221, .F. ) ;
#3123 = DIRECTION ( 'NONE',  ( -0.0000000000000000000, 1.000000000000000000, -0.0000000000000000000 ) ) ;
#3124 = AXIS2_PLACEMENT_3D ( 'NONE', #3480, #3455, #4289 ) ;
#3125 =( NAMED_UNIT ( * ) PLANE_ANGLE_UNIT ( ) SI_UNIT ( $, .RADIAN. ) );
#3126 = EDGE_CURVE ( 'NONE', #2709, #4851, #5081, .T. ) ;
#3127 = SURFACE_STYLE_USAGE ( .BOTH. , #288 ) ;
#3128 = FACE_BOUND ( 'NONE', #4753, .T. ) ;
#3129 = EDGE_CURVE ( 'NONE', #2154, #3725, #985, .T. ) ;
#3130 = DIRECTION ( 'NONE',  ( 0.0000000000000000000, 0.0000000000000000000, 1.000000000000000000 ) ) ;
#3131 = FACE_OUTER_BOUND ( 'NONE', #4172, .T. ) ;
#3132 = DIRECTION ( 'NONE',  ( -0.0000000000000000000, -0.0000000000000000000, 1.000000000000000000 ) ) ;
#3133 =( LENGTH_UNIT ( ) NAMED_UNIT ( * ) SI_UNIT ( .MILLI., .METRE. ) );
#3134 = SURFACE_STYLE_USAGE ( .BOTH. , #298 ) ;
#3135 = EDGE_LOOP ( 'NONE', ( #185, #4808, #3175, #3348 ) ) ;
#3136 = PLANE ( 'NONE',  #4380 ) ;
#3137 = CARTESIAN_POINT ( 'NONE',  ( -2.620000000000000100, 0.1200000000000000100, 1.000000000000000000 ) ) ;
#3138 = CIRCLE ( 'NONE', #2202, 0.4000000000000032400 ) ;
#3139 = DIRECTION ( 'NONE',  ( 0.0000000000000000000, 0.0000000000000000000, 1.000000000000000000 ) ) ;
#3140 = LINE ( 'NONE', #3199, #5075 ) ;
#3141 = ORIENTED_EDGE ( 'NONE', *, *, #2451, .F. ) ;
#3142 = SURFACE_SIDE_STYLE ('',( #1739 ) ) ;
#3143 = DIRECTION ( 'NONE',  ( 1.000000000000000000, 5.354084802397553700E-016, -0.0000000000000000000 ) ) ;
#3144 = PRESENTATION_STYLE_ASSIGNMENT (( #234 ) ) ;
#3145 = AXIS2_PLACEMENT_3D ( 'NONE', #3551, #283, #3513 ) ;
#3146 = SURFACE_STYLE_FILL_AREA ( #2966 ) ;
#3147 = ORIENTED_EDGE ( 'NONE', *, *, #4799, .F. ) ;
#3148 = MECHANICAL_DESIGN_GEOMETRIC_PRESENTATION_REPRESENTATION (  '', ( #3803 ), #263 ) ;
#3149 = UNCERTAINTY_MEASURE_WITH_UNIT (LENGTH_MEASURE( 1.000000000000000100E-005 ), #2358, 'distance_accuracy_value', 'NONE');
#3150 = CARTESIAN_POINT ( 'NONE',  ( 0.0000000000000000000, 0.9299999999999998300, 0.0000000000000000000 ) ) ;
#3151 = ORIENTED_EDGE ( 'NONE', *, *, #2843, .T. ) ;
#3152 = DIRECTION ( 'NONE',  ( 1.000000000000000000, 0.0000000000000000000, 0.0000000000000000000 ) ) ;
#3153 = COLOUR_RGB ( '',1.000000000000000000, 1.000000000000000000, 1.000000000000000000 ) ;
#3154 = DIRECTION ( 'NONE',  ( 0.0000000000000000000, -1.000000000000000000, 0.0000000000000000000 ) ) ;
#3155 = PRESENTATION_LAYER_ASSIGNMENT (  '', '', ( #4773 ) ) ;
#3156 = CARTESIAN_POINT ( 'NONE',  ( 1.382171855916979800, 0.5300000000000001400, -3.485986368405793500 ) ) ;
#3157 = VERTEX_POINT ( 'NONE', #862 ) ;
#3158 = VECTOR ( 'NONE', #2080, 1000.000000000000000 ) ;
#3159 =( NAMED_UNIT ( * ) PLANE_ANGLE_UNIT ( ) SI_UNIT ( $, .RADIAN. ) );
#3160 = CARTESIAN_POINT ( 'NONE',  ( 0.0000000000000000000, 3.350000000000005000, 0.0000000000000000000 ) ) ;
#3161 =( GEOMETRIC_REPRESENTATION_CONTEXT ( 3 ) GLOBAL_UNCERTAINTY_ASSIGNED_CONTEXT ( ( #2139 ) ) GLOBAL_UNIT_ASSIGNED_CONTEXT ( ( #3105, #3516, #3927 ) ) REPRESENTATION_CONTEXT ( 'NONE', 'WORKASPACE' ) );
#3162 = ORIENTED_EDGE ( 'NONE', *, *, #1648, .T. ) ;
#3163 = EDGE_CURVE ( 'NONE', #1618, #3284, #4286, .T. ) ;
#3164 = VERTEX_POINT ( 'NONE', #3299 ) ;
#3165 = SURFACE_SIDE_STYLE ('',( #496 ) ) ;
#3166 = VERTEX_POINT ( 'NONE', #458 ) ;
#3167 = DIRECTION ( 'NONE',  ( 0.0000000000000000000, 1.000000000000000000, 0.0000000000000000000 ) ) ;
#3168 = ORIENTED_EDGE ( 'NONE', *, *, #3472, .T. ) ;
#3169 = CARTESIAN_POINT ( 'NONE',  ( -2.739999999999999800, 0.1200000000000000100, -1.000000000000000000 ) ) ;
#3170 =( LENGTH_UNIT ( ) NAMED_UNIT ( * ) SI_UNIT ( .MILLI., .METRE. ) );
#3171 = DIRECTION ( 'NONE',  ( -1.000000000000000000, -1.185846126156020700E-016, 0.0000000000000000000 ) ) ;
#3172 = ORIENTED_EDGE ( 'NONE', *, *, #536, .F. ) ;
#3173 =( NAMED_UNIT ( * ) SI_UNIT ( $, .STERADIAN. ) SOLID_ANGLE_UNIT ( ) );
#3174 = UNCERTAINTY_MEASURE_WITH_UNIT (LENGTH_MEASURE( 1.000000000000000100E-005 ), #470, 'distance_accuracy_value', 'NONE');
#3175 = ORIENTED_EDGE ( 'NONE', *, *, #3003, .F. ) ;
#3176 = MECHANICAL_DESIGN_GEOMETRIC_PRESENTATION_REPRESENTATION (  '', ( #1513 ), #693 ) ;
#3177 = FILL_AREA_STYLE ('',( #3616 ) ) ;
#3178 = DIRECTION ( 'NONE',  ( -0.0000000000000000000, -0.0000000000000000000, -1.000000000000000000 ) ) ;
#3179 = ORIENTED_EDGE ( 'NONE', *, *, #2078, .F. ) ;
#3180 = FILL_AREA_STYLE_COLOUR ( '', #1320 ) ;
#3181 = EDGE_CURVE ( 'NONE', #1435, #1653, #2895, .T. ) ;
#3182 = CARTESIAN_POINT ( 'NONE',  ( 3.799999999999999400, 0.5300000000000000300, 2.799999999999999800 ) ) ;
#3183 = STYLED_ITEM ( 'NONE', ( #816 ), #3766 ) ;
#3184 = FILL_AREA_STYLE ('',( #3180 ) ) ;
#3185 = CARTESIAN_POINT ( 'NONE',  ( -2.298097038856283400, 0.5300000000000001400, 2.298097038856274900 ) ) ;
#3186 = CARTESIAN_POINT ( 'NONE',  ( 1.626418571367462600, 3.449999999999999700, -3.169215880525919600 ) ) ;
#3187 = DIRECTION ( 'NONE',  ( 0.0000000000000000000, -0.0000000000000000000, 1.000000000000000000 ) ) ;
#3188 =( GEOMETRIC_REPRESENTATION_CONTEXT ( 3 ) GLOBAL_UNCERTAINTY_ASSIGNED_CONTEXT ( ( #3403 ) ) GLOBAL_UNIT_ASSIGNED_CONTEXT ( ( #4331, #278, #2289 ) ) REPRESENTATION_CONTEXT ( 'NONE', 'WORKASPACE' ) );
#3189 = AXIS2_PLACEMENT_3D ( 'NONE', #4023, #4060, #4786 ) ;
#3190 = DIRECTION ( 'NONE',  ( 0.0000000000000000000, -1.000000000000000000, 0.0000000000000000000 ) ) ;
#3191 = EDGE_CURVE ( 'NONE', #4751, #2981, #232, .T. ) ;
#3192 =( NAMED_UNIT ( * ) SI_UNIT ( $, .STERADIAN. ) SOLID_ANGLE_UNIT ( ) );
#3193 = FILL_AREA_STYLE ('',( #764 ) ) ;
#3194 = ORIENTED_EDGE ( 'NONE', *, *, #79, .F. ) ;
#3195 = ORIENTED_EDGE ( 'NONE', *, *, #1104, .T. ) ;
#3196 =( NAMED_UNIT ( * ) SI_UNIT ( $, .STERADIAN. ) SOLID_ANGLE_UNIT ( ) );
#3197 = CARTESIAN_POINT ( 'NONE',  ( -1.419999999999999900, 0.9299999999999996000, -3.799999999999999800 ) ) ;
#3198 = EDGE_LOOP ( 'NONE', ( #3147, #4383, #3860, #690 ) ) ;
#3199 = CARTESIAN_POINT ( 'NONE',  ( -3.800000000000000300, 0.9300000000000002700, -1.419999999999999900 ) ) ;
#3200 = PRESENTATION_LAYER_ASSIGNMENT (  '', '', ( #2932 ) ) ;
#3201 = CIRCLE ( 'NONE', #3311, 1.000000000000000000 ) ;
#3202 = FACE_OUTER_BOUND ( 'NONE', #762, .T. ) ;
#3203 = DIRECTION ( 'NONE',  ( 0.0000000000000000000, -0.0000000000000000000, -1.000000000000000000 ) ) ;
#3204 = VERTEX_POINT ( 'NONE', #4958 ) ;
#3205 = DIRECTION ( 'NONE',  ( -0.0000000000000000000, -0.0000000000000000000, -1.000000000000000000 ) ) ;
#3206 = SURFACE_SIDE_STYLE ('',( #2180 ) ) ;
#3207 = AXIS2_PLACEMENT_3D ( 'NONE', #2062, #3690, #852 ) ;
#3208 = EDGE_CURVE ( 'NONE', #266, #4679, #5021, .T. ) ;
#3209 = VECTOR ( 'NONE', #2007, 1000.000000000000000 ) ;
#3210 = AXIS2_PLACEMENT_3D ( 'NONE', #4711, #1071, #4664 ) ;
#3211 = ORIENTED_EDGE ( 'NONE', *, *, #525, .F. ) ;
#3212 = ORIENTED_EDGE ( 'NONE', *, *, #4511, .F. ) ;
#3213 = FACE_OUTER_BOUND ( 'NONE', #4532, .T. ) ;
#3214 =( NAMED_UNIT ( * ) PLANE_ANGLE_UNIT ( ) SI_UNIT ( $, .RADIAN. ) );
#3215 = VECTOR ( 'NONE', #2677, 1000.000000000000000 ) ;
#3216 = STYLED_ITEM ( 'NONE', ( #968 ), #4703 ) ;
#3217 =( NAMED_UNIT ( * ) PLANE_ANGLE_UNIT ( ) SI_UNIT ( $, .RADIAN. ) );
#3218 = STYLED_ITEM ( 'NONE', ( #3522 ), #612 ) ;
#3219 = CARTESIAN_POINT ( 'NONE',  ( -3.650000000000000400, 0.9299999999999999400, 1.000000000000000000 ) ) ;
#3220 = ORIENTED_EDGE ( 'NONE', *, *, #644, .T. ) ;
#3221 =( GEOMETRIC_REPRESENTATION_CONTEXT ( 3 ) GLOBAL_UNCERTAINTY_ASSIGNED_CONTEXT ( ( #3539 ) ) GLOBAL_UNIT_ASSIGNED_CONTEXT ( ( #3269, #2459, #417 ) ) REPRESENTATION_CONTEXT ( 'NONE', 'WORKASPACE' ) );
#3222 = SURFACE_STYLE_USAGE ( .BOTH. , #3684 ) ;
#3223 = CARTESIAN_POINT ( 'NONE',  ( -2.739999999999999800, 0.1200000000000000100, 1.000000000000000000 ) ) ;
#3224 = VERTEX_POINT ( 'NONE', #2496 ) ;
#3225 = DIRECTION ( 'NONE',  ( 0.0000000000000000000, 1.000000000000000000, -0.0000000000000000000 ) ) ;
#3226 = ORIENTED_EDGE ( 'NONE', *, *, #1023, .T. ) ;
#3227 =( NAMED_UNIT ( * ) PLANE_ANGLE_UNIT ( ) SI_UNIT ( $, .RADIAN. ) );
#3228 = DIRECTION ( 'NONE',  ( 0.0000000000000000000, 0.0000000000000000000, 1.000000000000000000 ) ) ;
#3229 = ORIENTED_EDGE ( 'NONE', *, *, #429, .F. ) ;
#3230 = SURFACE_STYLE_FILL_AREA ( #1949 ) ;
#3231 =( LENGTH_UNIT ( ) NAMED_UNIT ( * ) SI_UNIT ( .MILLI., .METRE. ) );
#3232 = ORIENTED_EDGE ( 'NONE', *, *, #2755, .T. ) ;
#3233 = FACE_OUTER_BOUND ( 'NONE', #1638, .T. ) ;
#3234 = DIRECTION ( 'NONE',  ( -1.000000000000000000, -2.168404344971008900E-016, 0.0000000000000000000 ) ) ;
#3235 = CARTESIAN_POINT ( 'NONE',  ( -1.687480250230070300, 1.029999999999999600, -3.090023258555960200 ) ) ;
#3236 = APPLICATION_PROTOCOL_DEFINITION ( 'draft international standard', 'automotive_design', 1998, #1593 ) ;
#3237 = UNCERTAINTY_MEASURE_WITH_UNIT (LENGTH_MEASURE( 1.000000000000000100E-005 ), #1206, 'distance_accuracy_value', 'NONE');
#3238 = VERTEX_POINT ( 'NONE', #1287 ) ;
#3239 = SURFACE_SIDE_STYLE ('',( #4949 ) ) ;
#3240 = FILL_AREA_STYLE_COLOUR ( '', #421 ) ;
#3241 = CIRCLE ( 'NONE', #2070, 0.1199999999999998800 ) ;
#3242 = PRESENTATION_LAYER_ASSIGNMENT (  '', '', ( #2936 ) ) ;
#3243 = FILL_AREA_STYLE_COLOUR ( '', #3613 ) ;
#3244 = CARTESIAN_POINT ( 'NONE',  ( -2.739999999999999800, 0.1200000000000000100, 1.000000000000000000 ) ) ;
#3245 = AXIS2_PLACEMENT_3D ( 'NONE', #4405, #4423, #1995 ) ;
#3246 = FACE_OUTER_BOUND ( 'NONE', #5035, .T. ) ;
#3247 = AXIS2_PLACEMENT_3D ( 'NONE', #4076, #1690, #4905 ) ;
#3248 = EDGE_CURVE ( 'NONE', #2963, #1634, #4781, .T. ) ;
#3249 = SURFACE_STYLE_FILL_AREA ( #2082 ) ;
#3250 = CARTESIAN_POINT ( 'NONE',  ( 3.800000000000000300, 0.5300000000000000300, 1.419999999999999900 ) ) ;
#3251 = DIRECTION ( 'NONE',  ( 0.0000000000000000000, 0.0000000000000000000, 1.000000000000000000 ) ) ;
#3252 = COLOUR_RGB ( '',0.5019607843137254800, 0.5019607843137254800, 0.5019607843137254800 ) ;
#3253 = DIRECTION ( 'NONE',  ( 0.0000000000000000000, 0.0000000000000000000, 1.000000000000000000 ) ) ;
#3254 = EDGE_CURVE ( 'NONE', #2981, #614, #2638, .T. ) ;
#3255 = DIRECTION ( 'NONE',  ( -1.000000000000000000, -1.000802005371234800E-016, 0.0000000000000000000 ) ) ;
#3256 = EDGE_LOOP ( 'NONE', ( #3338, #3841, #2210, #513 ) ) ;
#3257 = SURFACE_SIDE_STYLE ('',( #3682 ) ) ;
#3258 = EDGE_CURVE ( 'NONE', #1391, #5087, #5207, .T. ) ;
#3259 = SURFACE_STYLE_USAGE ( .BOTH. , #2825 ) ;
#3260 = CARTESIAN_POINT ( 'NONE',  ( 0.0000000000000000000, 0.5300000000000001400, 0.0000000000000000000 ) ) ;
#3261 = ORIENTED_EDGE ( 'NONE', *, *, #4972, .F. ) ;
#3262 = SURFACE_STYLE_FILL_AREA ( #2483 ) ;
#3263 = CIRCLE ( 'NONE', #896, 0.5000000000000000000 ) ;
#3264 = CARTESIAN_POINT ( 'NONE',  ( -1.197882275128038900, 0.9299999999999997200, -3.021188185951692300 ) ) ;
#3265 = ORIENTED_EDGE ( 'NONE', *, *, #3019, .T. ) ;
#3266 = CARTESIAN_POINT ( 'NONE',  ( -3.485986368405798800, 3.449999999999999700, 1.382171855916967300 ) ) ;
#3267 = FACE_OUTER_BOUND ( 'NONE', #1845, .T. ) ;
#3268 = PRESENTATION_STYLE_ASSIGNMENT (( #4416 ) ) ;
#3269 =( LENGTH_UNIT ( ) NAMED_UNIT ( * ) SI_UNIT ( .MILLI., .METRE. ) );
#3270 = ORIENTED_EDGE ( 'NONE', *, *, #3644, .T. ) ;
#3271 = FILL_AREA_STYLE_COLOUR ( '', #3718 ) ;
#3272 = DIRECTION ( 'NONE',  ( -1.000000000000000000, 0.0000000000000000000, 0.0000000000000000000 ) ) ;
#3273 = PRESENTATION_LAYER_ASSIGNMENT (  '', '', ( #2996 ) ) ;
#3274 = CIRCLE ( 'NONE', #4864, 1.099999999999996800 ) ;
#3275 = CARTESIAN_POINT ( 'NONE',  ( -2.600000000000000100, 0.2700000000000000200, 1.000000000000000000 ) ) ;
#3276 = CYLINDRICAL_SURFACE ( 'NONE', #4860, 1.000000000000000200 ) ;
#3277 = CARTESIAN_POINT ( 'NONE',  ( 1.234740191285822900, 3.449999999999999700, 3.114147822442510500 ) ) ;
#3278 = DIRECTION ( 'NONE',  ( 0.0000000000000000000, 0.0000000000000000000, 1.000000000000000000 ) ) ;
#3279 = EDGE_CURVE ( 'NONE', #3618, #685, #4412, .T. ) ;
#3280 = VECTOR ( 'NONE', #3629, 1000.000000000000000 ) ;
#3281 = ORIENTED_EDGE ( 'NONE', *, *, #1799, .T. ) ;
#3282 = CONICAL_SURFACE ( 'NONE', #2840, 1.000000000000000200, 0.7853981633974569400 ) ;
#3283 = AXIS2_PLACEMENT_3D ( 'NONE', #2489, #3285, #1683 ) ;
#3284 = VERTEX_POINT ( 'NONE', #3277 ) ;
#3285 = DIRECTION ( 'NONE',  ( 1.185846126156020700E-016, -1.000000000000000000, 0.0000000000000000000 ) ) ;
#3286 = ORIENTED_EDGE ( 'NONE', *, *, #1245, .T. ) ;
#3287 = VECTOR ( 'NONE', #5180, 1000.000000000000000 ) ;
#3288 = MECHANICAL_DESIGN_GEOMETRIC_PRESENTATION_REPRESENTATION (  '', ( #3314 ), #2501 ) ;
#3289 = AXIS2_PLACEMENT_3D ( 'NONE', #4601, #892, #2942 ) ;
#3290 = FILL_AREA_STYLE ('',( #465 ) ) ;
#3291 = VERTEX_POINT ( 'NONE', #80 ) ;
#3292 = AXIS2_PLACEMENT_3D ( 'NONE', #299, #1469, #3530 ) ;
#3293 = EDGE_CURVE ( 'NONE', #1327, #4858, #2505, .T. ) ;
#3294 = ORIENTED_EDGE ( 'NONE', *, *, #3258, .F. ) ;
#3295 = FILL_AREA_STYLE_COLOUR ( '', #1418 ) ;
#3296 = EDGE_CURVE ( 'NONE', #2517, #683, #1114, .T. ) ;
#3297 = DIRECTION ( 'NONE',  ( 1.308519863344575000E-016, -1.000000000000000000, 0.0000000000000000000 ) ) ;
#3298 = ORIENTED_EDGE ( 'NONE', *, *, #1372, .F. ) ;
#3299 = CARTESIAN_POINT ( 'NONE',  ( 3.090023258555953500, 3.350000000000005000, 1.687480250230081400 ) ) ;
#3300 = LINE ( 'NONE', #5054, #2225 ) ;
#3301 = ORIENTED_EDGE ( 'NONE', *, *, #1462, .F. ) ;
#3302 = ADVANCED_FACE ( 'NONE', ( #2195 ), #3395, .T. ) ;
#3303 =( LENGTH_UNIT ( ) NAMED_UNIT ( * ) SI_UNIT ( .MILLI., .METRE. ) );
#3304 = UNCERTAINTY_MEASURE_WITH_UNIT (LENGTH_MEASURE( 1.000000000000000100E-005 ), #3419, 'distance_accuracy_value', 'NONE');
#3305 = ORIENTED_EDGE ( 'NONE', *, *, #3129, .T. ) ;
#3306 =( NAMED_UNIT ( * ) PLANE_ANGLE_UNIT ( ) SI_UNIT ( $, .RADIAN. ) );
#3307 = PLANE ( 'NONE',  #3247 ) ;
#3308 = MECHANICAL_DESIGN_GEOMETRIC_PRESENTATION_REPRESENTATION (  '', ( #2936 ), #61 ) ;
#3309 = FILL_AREA_STYLE ('',( #4890 ) ) ;
#3310 = CARTESIAN_POINT ( 'NONE',  ( 0.0000000000000000000, 0.2700000000000000200, 0.0000000000000000000 ) ) ;
#3311 = AXIS2_PLACEMENT_3D ( 'NONE', #3062, #5059, #4680 ) ;
#3312 = FILL_AREA_STYLE_COLOUR ( '', #1220 ) ;
#3313 = LINE ( 'NONE', #321, #842 ) ;
#3314 = STYLED_ITEM ( 'NONE', ( #2761 ), #4316 ) ;
#3315 = VECTOR ( 'NONE', #2533, 1000.000000000000000 ) ;
#3316 = PRESENTATION_STYLE_ASSIGNMENT (( #1895 ) ) ;
#3317 =( NAMED_UNIT ( * ) PLANE_ANGLE_UNIT ( ) SI_UNIT ( $, .RADIAN. ) );
#3318 = PRESENTATION_STYLE_ASSIGNMENT (( #3871 ) ) ;
#3319 = PRESENTATION_LAYER_ASSIGNMENT (  '', '', ( #3052 ) ) ;
#3320 = LINE ( 'NONE', #4255, #4712 ) ;
#3321 = CARTESIAN_POINT ( 'NONE',  ( -3.630000000000000300, 0.0000000000000000000, 1.000000000000000000 ) ) ;
#3322 = VERTEX_POINT ( 'NONE', #707 ) ;
#3323 = ADVANCED_FACE ( 'NONE', ( #1493 ), #398, .F. ) ;
#3324 = CARTESIAN_POINT ( 'NONE',  ( -3.090023258555954400, 0.5300000000000001400, -1.687480250230081000 ) ) ;
#3325 = CARTESIAN_POINT ( 'NONE',  ( -3.169215880525925400, 3.449999999999999700, 1.626418571367451300 ) ) ;
#3326 = CARTESIAN_POINT ( 'NONE',  ( -3.800000000000000300, 14.29802307403552100, 3.799999999999999800 ) ) ;
#3327 = SURFACE_STYLE_USAGE ( .BOTH. , #1789 ) ;
#3328 = EDGE_CURVE ( 'NONE', #4502, #2727, #532, .T. ) ;
#3329 = VERTEX_POINT ( 'NONE', #2797 ) ;
#3330 =( NAMED_UNIT ( * ) PLANE_ANGLE_UNIT ( ) SI_UNIT ( $, .RADIAN. ) );
#3331 = DIRECTION ( 'NONE',  ( -1.000000000000000000, -2.168404344971006900E-016, 0.0000000000000000000 ) ) ;
#3332 = CIRCLE ( 'NONE', #3496, 1.000000000000000400 ) ;
#3333 = VECTOR ( 'NONE', #2940, 1000.000000000000000 ) ;
#3334 = UNCERTAINTY_MEASURE_WITH_UNIT (LENGTH_MEASURE( 1.000000000000000100E-005 ), #3303, 'distance_accuracy_value', 'NONE');
#3335 = ORIENTED_EDGE ( 'NONE', *, *, #4671, .F. ) ;
#3336 = PRESENTATION_STYLE_ASSIGNMENT (( #3370 ) ) ;
#3337 = FACE_OUTER_BOUND ( 'NONE', #5000, .T. ) ;
#3338 = ORIENTED_EDGE ( 'NONE', *, *, #972, .T. ) ;
#3339 = LINE ( 'NONE', #1673, #2275 ) ;
#3340 = EDGE_LOOP ( 'NONE', ( #297, #2466, #4621, #195 ) ) ;
#3341 = LINE ( 'NONE', #508, #3673 ) ;
#3342 = CIRCLE ( 'NONE', #1240, 1.000000000000000200 ) ;
#3343 =( NAMED_UNIT ( * ) SI_UNIT ( $, .STERADIAN. ) SOLID_ANGLE_UNIT ( ) );
#3344 = DIRECTION ( 'NONE',  ( 1.000000000000000000, 0.0000000000000000000, 0.0000000000000000000 ) ) ;
#3345 = FILL_AREA_STYLE ('',( #1621 ) ) ;
#3346 = SURFACE_STYLE_USAGE ( .BOTH. , #878 ) ;
#3347 = CIRCLE ( 'NONE', #3525, 0.5000000000000000000 ) ;
#3348 = ORIENTED_EDGE ( 'NONE', *, *, #942, .T. ) ;
#3349 = DIRECTION ( 'NONE',  ( 1.000000000000000000, -0.0000000000000000000, -0.0000000000000000000 ) ) ;
#3350 = CARTESIAN_POINT ( 'NONE',  ( 3.799999999999999400, 14.29802307403552100, 2.799999999999999800 ) ) ;
#3351 = FILL_AREA_STYLE ('',( #2515 ) ) ;
#3352 = EDGE_CURVE ( 'NONE', #4062, #1881, #5016, .T. ) ;
#3353 = VERTEX_POINT ( 'NONE', #3264 ) ;
#3354 = AXIS2_PLACEMENT_3D ( 'NONE', #1304, #4561, #4546 ) ;
#3355 = LINE ( 'NONE', #2281, #5172 ) ;
#3356 = ORIENTED_EDGE ( 'NONE', *, *, #4529, .F. ) ;
#3357 = ADVANCED_FACE ( 'NONE', ( #3912 ), #784, .F. ) ;
#3358 = DIRECTION ( 'NONE',  ( -0.0000000000000000000, 0.0000000000000000000, -1.000000000000000000 ) ) ;
#3359 = ORIENTED_EDGE ( 'NONE', *, *, #2273, .F. ) ;
#3360 = CIRCLE ( 'NONE', #4631, 0.4000000000000032400 ) ;
#3361 = EDGE_CURVE ( 'NONE', #1736, #3612, #2067, .T. ) ;
#3362 = DIRECTION ( 'NONE',  ( 0.0000000000000000000, 1.000000000000000000, 0.0000000000000000000 ) ) ;
#3363 =( GEOMETRIC_REPRESENTATION_CONTEXT ( 3 ) GLOBAL_UNCERTAINTY_ASSIGNED_CONTEXT ( ( #701 ) ) GLOBAL_UNIT_ASSIGNED_CONTEXT ( ( #1809, #218, #1852 ) ) REPRESENTATION_CONTEXT ( 'NONE', 'WORKASPACE' ) );
#3364 = EDGE_CURVE ( 'NONE', #387, #2849, #3263, .T. ) ;
#3365 = ORIENTED_EDGE ( 'NONE', *, *, #4705, .T. ) ;
#3366 = CARTESIAN_POINT ( 'NONE',  ( 3.485986368405793500, 3.350000000000005000, 1.382171855916980900 ) ) ;
#3367 = FILL_AREA_STYLE ('',( #983 ) ) ;
#3368 = DIRECTION ( 'NONE',  ( 1.000000000000000000, 0.0000000000000000000, 0.0000000000000000000 ) ) ;
#3369 = DIRECTION ( 'NONE',  ( -1.000000000000000000, 0.0000000000000000000, 0.0000000000000000000 ) ) ;
#3370 = SURFACE_STYLE_USAGE ( .BOTH. , #1398 ) ;
#3371 =( LENGTH_UNIT ( ) NAMED_UNIT ( * ) SI_UNIT ( .MILLI., .METRE. ) );
#3372 = ORIENTED_EDGE ( 'NONE', *, *, #2485, .F. ) ;
#3373 = SURFACE_STYLE_FILL_AREA ( #1148 ) ;
#3374 = CARTESIAN_POINT ( 'NONE',  ( -3.485986368405798800, 3.350000000000005000, 1.382171855916967300 ) ) ;
#3375 = PRESENTATION_LAYER_ASSIGNMENT (  '', '', ( #3659 ) ) ;
#3376 = PLANE ( 'NONE',  #2572 ) ;
#3377 = CONICAL_SURFACE ( 'NONE', #3121, 1.000000000000000200, 0.7853981633974569400 ) ;
#3378 = ADVANCED_FACE ( 'NONE', ( #3660 ), #1425, .T. ) ;
#3379 = CARTESIAN_POINT ( 'NONE',  ( 3.630000000000000300, 0.1000000000000000100, 1.000000000000000000 ) ) ;
#3380 = CARTESIAN_POINT ( 'NONE',  ( 0.0000000000000000000, 0.5300000000000000300, 0.0000000000000000000 ) ) ;
#3381 = SURFACE_STYLE_USAGE ( .BOTH. , #2935 ) ;
#3382 = COLOUR_RGB ( '',0.5019607843137254800, 0.5019607843137254800, 0.5019607843137254800 ) ;
#3383 = EDGE_CURVE ( 'NONE', #1570, #1273, #1884, .T. ) ;
#3384 = CYLINDRICAL_SURFACE ( 'NONE', #301, 3.250000000000000400 ) ;
#3385 =( GEOMETRIC_REPRESENTATION_CONTEXT ( 3 ) GLOBAL_UNCERTAINTY_ASSIGNED_CONTEXT ( ( #2522 ) ) GLOBAL_UNIT_ASSIGNED_CONTEXT ( ( #216, #3045, #1046 ) ) REPRESENTATION_CONTEXT ( 'NONE', 'WORKASPACE' ) );
#3386 =( LENGTH_UNIT ( ) NAMED_UNIT ( * ) SI_UNIT ( .MILLI., .METRE. ) );
#3387 = ORIENTED_EDGE ( 'NONE', *, *, #4972, .T. ) ;
#3388 = CIRCLE ( 'NONE', #4834, 3.250000000000000400 ) ;
#3389 = AXIS2_PLACEMENT_3D ( 'NONE', #2807, #379, #782 ) ;
#3390 = DIRECTION ( 'NONE',  ( -0.0000000000000000000, -0.0000000000000000000, -1.000000000000000000 ) ) ;
#3391 = AXIS2_PLACEMENT_3D ( 'NONE', #2108, #2464, #4936 ) ;
#3392 = VERTEX_POINT ( 'NONE', #414 ) ;
#3393 = PRESENTATION_LAYER_ASSIGNMENT (  '', '', ( #4901 ) ) ;
#3394 = EDGE_CURVE ( 'NONE', #1125, #1635, #3010, .T. ) ;
#3395 = CYLINDRICAL_SURFACE ( 'NONE', #3354, 0.1199999999999998800 ) ;
#3396 = FILL_AREA_STYLE_COLOUR ( '', #3560 ) ;
#3397 = EDGE_CURVE ( 'NONE', #498, #4832, #4587, .T. ) ;
#3398 = ORIENTED_EDGE ( 'NONE', *, *, #2174, .T. ) ;
#3399 =( NAMED_UNIT ( * ) SI_UNIT ( $, .STERADIAN. ) SOLID_ANGLE_UNIT ( ) );
#3400 = VECTOR ( 'NONE', #3963, 1000.000000000000100 ) ;
#3401 =( LENGTH_UNIT ( ) NAMED_UNIT ( * ) SI_UNIT ( .MILLI., .METRE. ) );
#3402 = CARTESIAN_POINT ( 'NONE',  ( -1.687480250230070300, 0.5300000000000001400, -3.090023258555960200 ) ) ;
#3403 = UNCERTAINTY_MEASURE_WITH_UNIT (LENGTH_MEASURE( 1.000000000000000100E-005 ), #4331, 'distance_accuracy_value', 'NONE');
#3404 = FILL_AREA_STYLE_COLOUR ( '', #339 ) ;
#3405 = DIRECTION ( 'NONE',  ( 0.0000000000000000000, -1.000000000000000000, 0.0000000000000000000 ) ) ;
#3406 = VERTEX_POINT ( 'NONE', #2013 ) ;
#3407 = ADVANCED_FACE ( 'NONE', ( #3527 ), #2867, .T. ) ;
#3408 = CARTESIAN_POINT ( 'NONE',  ( -1.382171855916980000, 3.449999999999999700, 3.085986368405790400 ) ) ;
#3409 = ORIENTED_EDGE ( 'NONE', *, *, #5155, .T. ) ;
#3410 = VECTOR ( 'NONE', #4216, 1000.000000000000000 ) ;
#3411 = AXIS2_PLACEMENT_3D ( 'NONE', #4459, #1695, #1225 ) ;
#3412 =( NAMED_UNIT ( * ) PLANE_ANGLE_UNIT ( ) SI_UNIT ( $, .RADIAN. ) );
#3413 = ORIENTED_EDGE ( 'NONE', *, *, #4128, .T. ) ;
#3414 = LINE ( 'NONE', #4713, #4303 ) ;
#3415 = ORIENTED_EDGE ( 'NONE', *, *, #201, .T. ) ;
#3416 = CIRCLE ( 'NONE', #5080, 1.000000000000000000 ) ;
#3417 = PRESENTATION_LAYER_ASSIGNMENT (  '', '', ( #3446 ) ) ;
#3418 = FILL_AREA_STYLE ('',( #131 ) ) ;
#3419 =( LENGTH_UNIT ( ) NAMED_UNIT ( * ) SI_UNIT ( .MILLI., .METRE. ) );
#3420 = VERTEX_POINT ( 'NONE', #20 ) ;
#3421 = DIRECTION ( 'NONE',  ( -1.000000000000000000, -1.185846126156020700E-016, 0.0000000000000000000 ) ) ;
#3422 = VERTEX_POINT ( 'NONE', #71 ) ;
#3423 = SURFACE_SIDE_STYLE ('',( #5063 ) ) ;
#3424 = SURFACE_SIDE_STYLE ('',( #328 ) ) ;
#3425 = AXIS2_PLACEMENT_3D ( 'NONE', #2785, #848, #3685 ) ;
#3426 =( NAMED_UNIT ( * ) SI_UNIT ( $, .STERADIAN. ) SOLID_ANGLE_UNIT ( ) );
#3427 = EDGE_LOOP ( 'NONE', ( #40, #72, #1429, #1562 ) ) ;
#3428 = CARTESIAN_POINT ( 'NONE',  ( -1.382171855916980000, 3.449999999999999700, 3.485986368405793500 ) ) ;
#3429 = FILL_AREA_STYLE ('',( #3014 ) ) ;
#3430 = VECTOR ( 'NONE', #1406, 1000.000000000000100 ) ;
#3431 = CARTESIAN_POINT ( 'NONE',  ( -3.750000000000000000, 0.1200000000000000100, 1.000000000000000000 ) ) ;
#3432 = ORIENTED_EDGE ( 'NONE', *, *, #1394, .T. ) ;
#3433 = MECHANICAL_DESIGN_GEOMETRIC_PRESENTATION_REPRESENTATION (  '', ( #3466 ), #2983 ) ;
#3434 = DIRECTION ( 'NONE',  ( 1.000000000000000000, 0.0000000000000000000, 0.0000000000000000000 ) ) ;
#3435 = EDGE_CURVE ( 'NONE', #178, #2442, #4220, .T. ) ;
#3436 = ADVANCED_FACE ( 'NONE', ( #45 ), #2913, .T. ) ;
#3437 = CARTESIAN_POINT ( 'NONE',  ( -2.900000000000003500, 3.549999999999998900, 3.551475717527327800E-016 ) ) ;
#3438 = EDGE_LOOP ( 'NONE', ( #2531, #1554, #1055, #4456 ) ) ;
#3439 = PRESENTATION_STYLE_ASSIGNMENT (( #1048 ) ) ;
#3440 = FACE_OUTER_BOUND ( 'NONE', #4148, .T. ) ;
#3441 = DIRECTION ( 'NONE',  ( -0.0000000000000000000, 1.000000000000000000, 0.0000000000000000000 ) ) ;
#3442 = DIRECTION ( 'NONE',  ( -0.0000000000000000000, 1.000000000000000000, -0.0000000000000000000 ) ) ;
#3443 = DIRECTION ( 'NONE',  ( 5.354084802397553700E-016, -1.000000000000000000, 0.0000000000000000000 ) ) ;
#3444 = CARTESIAN_POINT ( 'NONE',  ( 3.485986368405798300, 1.030000000000000000, -1.382171855916968200 ) ) ;
#3445 = PRESENTATION_STYLE_ASSIGNMENT (( #2367 ) ) ;
#3446 = STYLED_ITEM ( 'NONE', ( #112 ), #2269 ) ;
#3447 = FILL_AREA_STYLE_COLOUR ( '', #757 ) ;
#3448 = ORIENTED_EDGE ( 'NONE', *, *, #4445, .F. ) ;
#3449 = CIRCLE ( 'NONE', #2135, 0.1199999999999998800 ) ;
#3450 = CARTESIAN_POINT ( 'NONE',  ( -3.800000000000000300, 0.5300000000000003600, -1.419999999999999900 ) ) ;
#3451 = EDGE_CURVE ( 'NONE', #2280, #3847, #377, .T. ) ;
#3452 = ORIENTED_EDGE ( 'NONE', *, *, #3951, .T. ) ;
#3453 = DIRECTION ( 'NONE',  ( 0.0000000000000000000, 0.0000000000000000000, -1.000000000000000000 ) ) ;
#3454 = PRESENTATION_LAYER_ASSIGNMENT (  '', '', ( #3183 ) ) ;
#3455 = DIRECTION ( 'NONE',  ( -0.0000000000000000000, -0.0000000000000000000, -1.000000000000000000 ) ) ;
#3456 = DIRECTION ( 'NONE',  ( 5.354084802397553700E-016, -1.000000000000000000, 0.0000000000000000000 ) ) ;
#3457 = COLOUR_RGB ( '',0.5019607843137254800, 0.5019607843137254800, 0.5019607843137254800 ) ;
#3458 = SURFACE_STYLE_FILL_AREA ( #2848 ) ;
#3459 = CARTESIAN_POINT ( 'NONE',  ( -1.382171855916968000, 0.5300000000000001400, -3.485986368405798300 ) ) ;
#3460 = EDGE_LOOP ( 'NONE', ( #286, #3488, #732, #75 ) ) ;
#3461 = ADVANCED_FACE ( 'NONE', ( #4174 ), #869, .F. ) ;
#3462 = DIRECTION ( 'NONE',  ( -0.0000000000000000000, 1.000000000000000000, -0.0000000000000000000 ) ) ;
#3463 = VECTOR ( 'NONE', #5065, 1000.000000000000000 ) ;
#3464 = CIRCLE ( 'NONE', #1966, 0.02000000000000005200 ) ;
#3465 = CARTESIAN_POINT ( 'NONE',  ( 2.298097038856273600, 0.5300000000000001400, 2.298097038856282000 ) ) ;
#3466 = STYLED_ITEM ( 'NONE', ( #94 ), #69 ) ;
#3467 = LINE ( 'NONE', #375, #859 ) ;
#3468 = STYLED_ITEM ( 'NONE', ( #4190 ), #1226 ) ;
#3469 = EDGE_CURVE ( 'NONE', #4309, #4862, #1074, .T. ) ;
#3470 = ORIENTED_EDGE ( 'NONE', *, *, #1038, .F. ) ;
#3471 = DIRECTION ( 'NONE',  ( -0.0000000000000000000, -0.0000000000000000000, -1.000000000000000000 ) ) ;
#3472 = EDGE_CURVE ( 'NONE', #123, #109, #5044, .T. ) ;
#3473 = FACE_OUTER_BOUND ( 'NONE', #3104, .T. ) ;
#3474 = DIRECTION ( 'NONE',  ( -0.0000000000000000000, -0.0000000000000000000, -1.000000000000000000 ) ) ;
#3475 = UNCERTAINTY_MEASURE_WITH_UNIT (LENGTH_MEASURE( 1.000000000000000100E-005 ), #927, 'distance_accuracy_value', 'NONE');
#3476 = ORIENTED_EDGE ( 'NONE', *, *, #2407, .F. ) ;
#3477 = PRESENTATION_STYLE_ASSIGNMENT (( #1555 ) ) ;
#3478 = ORIENTED_EDGE ( 'NONE', *, *, #879, .F. ) ;
#3479 = CARTESIAN_POINT ( 'NONE',  ( 3.650000000000000400, 0.9299999999999999400, 1.000000000000000000 ) ) ;
#3480 = CARTESIAN_POINT ( 'NONE',  ( 2.740000000000000200, 0.1200000000000000100, 1.000000000000000000 ) ) ;
#3481 = DIRECTION ( 'NONE',  ( 0.0000000000000000000, 0.0000000000000000000, -1.000000000000000000 ) ) ;
#3482 = SURFACE_STYLE_FILL_AREA ( #3497 ) ;
#3483 = COLOUR_RGB ( '',0.5019607843137254800, 0.5019607843137254800, 0.5019607843137254800 ) ;
#3484 = ORIENTED_EDGE ( 'NONE', *, *, #1531, .F. ) ;
#3485 = CARTESIAN_POINT ( 'NONE',  ( 2.600000000000000500, 0.1500000000000013300, 1.000000000000000000 ) ) ;
#3486 = FILL_AREA_STYLE_COLOUR ( '', #4469 ) ;
#3487 =( LENGTH_UNIT ( ) NAMED_UNIT ( * ) SI_UNIT ( .MILLI., .METRE. ) );
#3488 = ORIENTED_EDGE ( 'NONE', *, *, #3208, .T. ) ;
#3489 = VECTOR ( 'NONE', #4572, 1000.000000000000000 ) ;
#3490 = ORIENTED_EDGE ( 'NONE', *, *, #3435, .F. ) ;
#3491 =( GEOMETRIC_REPRESENTATION_CONTEXT ( 3 ) GLOBAL_UNCERTAINTY_ASSIGNED_CONTEXT ( ( #2725 ) ) GLOBAL_UNIT_ASSIGNED_CONTEXT ( ( #3386, #492, #4147 ) ) REPRESENTATION_CONTEXT ( 'NONE', 'WORKASPACE' ) );
#3492 = SURFACE_STYLE_USAGE ( .BOTH. , #2758 ) ;
#3493 = EDGE_CURVE ( 'NONE', #360, #4121, #4982, .T. ) ;
#3494 = ADVANCED_FACE ( 'NONE', ( #3877 ), #3621, .T. ) ;
#3495 =( NAMED_UNIT ( * ) PLANE_ANGLE_UNIT ( ) SI_UNIT ( $, .RADIAN. ) );
#3496 = AXIS2_PLACEMENT_3D ( 'NONE', #4247, #4319, #1815 ) ;
#3497 = FILL_AREA_STYLE ('',( #1885 ) ) ;
#3498 = DIRECTION ( 'NONE',  ( 0.0000000000000000000, 1.000000000000000000, 0.0000000000000000000 ) ) ;
#3499 = DIRECTION ( 'NONE',  ( 0.0000000000000000000, 0.0000000000000000000, 1.000000000000000000 ) ) ;
#3500 = ORIENTED_EDGE ( 'NONE', *, *, #4511, .T. ) ;
#3501 = PRESENTATION_LAYER_ASSIGNMENT (  '', '', ( #2477 ) ) ;
#3502 = CARTESIAN_POINT ( 'NONE',  ( 2.298097038856282500, 3.350000000000005000, -2.298097038856274900 ) ) ;
#3503 = AXIS2_PLACEMENT_3D ( 'NONE', #3379, #4014, #3203 ) ;
#3504 = PRESENTATION_LAYER_ASSIGNMENT (  '', '', ( #775 ) ) ;
#3505 = FILL_AREA_STYLE_COLOUR ( '', #966 ) ;
#3506 = ORIENTED_EDGE ( 'NONE', *, *, #3667, .T. ) ;
#3507 = DIRECTION ( 'NONE',  ( -0.0000000000000000000, -0.0000000000000000000, -1.000000000000000000 ) ) ;
#3508 = VERTEX_POINT ( 'NONE', #1755 ) ;
#3509 = CONICAL_SURFACE ( 'NONE', #4328, 0.4000000000000032400, 0.7853981633974569400 ) ;
#3510 = DIRECTION ( 'NONE',  ( 1.000000000000000000, -0.0000000000000000000, -0.0000000000000000000 ) ) ;
#3511 = FACE_OUTER_BOUND ( 'NONE', #4817, .T. ) ;
#3512 = DIRECTION ( 'NONE',  ( 0.0000000000000000000, -1.000000000000000000, 0.0000000000000000000 ) ) ;
#3513 = DIRECTION ( 'NONE',  ( 0.0000000000000000000, 0.0000000000000000000, -1.000000000000000000 ) ) ;
#3514 = CARTESIAN_POINT ( 'NONE',  ( 2.600000000000000500, 0.1700000000000013400, 1.000000000000000000 ) ) ;
#3515 = FACE_BOUND ( 'NONE', #4986, .T. ) ;
#3516 =( NAMED_UNIT ( * ) PLANE_ANGLE_UNIT ( ) SI_UNIT ( $, .RADIAN. ) );
#3517 = CARTESIAN_POINT ( 'NONE',  ( 3.021188185951692300, 3.350000000000005000, -1.197882275128038700 ) ) ;
#3518 = AXIS2_PLACEMENT_3D ( 'NONE', #17, #2842, #138 ) ;
#3519 = EDGE_LOOP ( 'NONE', ( #4937, #1998, #813, #2419, #3559, #5040, #314, #1512, #4429, #48, #144, #1698, #1623, #381, #2046, #2574, #1176, #363, #2455, #2461, #2481 ) ) ;
#3520 = AXIS2_PLACEMENT_3D ( 'NONE', #4440, #2832, #400 ) ;
#3521 = PLANE ( 'NONE',  #2737 ) ;
#3522 = PRESENTATION_STYLE_ASSIGNMENT (( #3222 ) ) ;
#3523 = VERTEX_POINT ( 'NONE', #4666 ) ;
#3524 = DIRECTION ( 'NONE',  ( -1.000000000000000000, 0.0000000000000000000, 0.0000000000000000000 ) ) ;
#3525 = AXIS2_PLACEMENT_3D ( 'NONE', #1417, #3881, #2241 ) ;
#3526 = EDGE_CURVE ( 'NONE', #578, #1736, #4916, .T. ) ;
#3527 = FACE_OUTER_BOUND ( 'NONE', #1468, .T. ) ;
#3528 = DIRECTION ( 'NONE',  ( -1.000000000000000000, 0.0000000000000000000, -0.0000000000000000000 ) ) ;
#3529 = CYLINDRICAL_SURFACE ( 'NONE', #1837, 1.000000000000000000 ) ;
#3530 = DIRECTION ( 'NONE',  ( 0.0000000000000000000, -0.0000000000000000000, -1.000000000000000000 ) ) ;
#3531 = CARTESIAN_POINT ( 'NONE',  ( 1.419999999999999900, 0.9299999999999999400, -3.799999999999999800 ) ) ;
#3532 = ORIENTED_EDGE ( 'NONE', *, *, #4716, .T. ) ;
#3533 = LINE ( 'NONE', #4645, #3078 ) ;
#3534 = PLANE ( 'NONE',  #1089 ) ;
#3535 = ORIENTED_EDGE ( 'NONE', *, *, #570, .F. ) ;
#3536 = CARTESIAN_POINT ( 'NONE',  ( 2.600000000000000500, 0.1700000000000013400, -1.000000000000000000 ) ) ;
#3537 = AXIS2_PLACEMENT_3D ( 'NONE', #719, #3994, #4394 ) ;
#3538 = EDGE_CURVE ( 'NONE', #1881, #4113, #4428, .T. ) ;
#3539 = UNCERTAINTY_MEASURE_WITH_UNIT (LENGTH_MEASURE( 1.000000000000000100E-005 ), #3269, 'distance_accuracy_value', 'NONE');
#3540 = DIRECTION ( 'NONE',  ( 0.0000000000000000000, 1.000000000000000000, 0.0000000000000000000 ) ) ;
#3541 = DIRECTION ( 'NONE',  ( 1.000000000000000000, 0.0000000000000000000, -0.0000000000000000000 ) ) ;
#3542 = LINE ( 'NONE', #668, #616 ) ;
#3543 = ORIENTED_EDGE ( 'NONE', *, *, #2285, .T. ) ;
#3544 = CARTESIAN_POINT ( 'NONE',  ( 0.0000000000000000000, 0.5300000000000001400, 0.0000000000000000000 ) ) ;
#3545 =( NAMED_UNIT ( * ) SI_UNIT ( $, .STERADIAN. ) SOLID_ANGLE_UNIT ( ) );
#3546 = VERTEX_POINT ( 'NONE', #177 ) ;
#3547 = SURFACE_SIDE_STYLE ('',( #4169 ) ) ;
#3548 = PRESENTATION_STYLE_ASSIGNMENT (( #641 ) ) ;
#3549 = ORIENTED_EDGE ( 'NONE', *, *, #3113, .F. ) ;
#3550 = DIRECTION ( 'NONE',  ( -1.145283985019899200E-016, 1.000000000000000000, 0.0000000000000000000 ) ) ;
#3551 = CARTESIAN_POINT ( 'NONE',  ( 1.382171855916979800, 0.5300000000000000300, -3.485986368405793500 ) ) ;
#3552 = PRESENTATION_STYLE_ASSIGNMENT (( #1569 ) ) ;
#3553 = CARTESIAN_POINT ( 'NONE',  ( -3.800000000000000300, 0.9299999999999999400, 1.419999999999999900 ) ) ;
#3554 = ORIENTED_EDGE ( 'NONE', *, *, #1713, .F. ) ;
#3555 = SURFACE_STYLE_USAGE ( .BOTH. , #3142 ) ;
#3556 = ORIENTED_EDGE ( 'NONE', *, *, #3617, .F. ) ;
#3557 = DIRECTION ( 'NONE',  ( 0.0000000000000000000, -1.000000000000000000, 0.0000000000000000000 ) ) ;
#3558 = MECHANICAL_DESIGN_GEOMETRIC_PRESENTATION_REPRESENTATION (  '', ( #2996 ), #4794 ) ;
#3559 = ORIENTED_EDGE ( 'NONE', *, *, #525, .T. ) ;
#3560 = COLOUR_RGB ( '',0.7921568627450980000, 0.8196078431372548800, 0.9333333333333333500 ) ;
#3561 = DIRECTION ( 'NONE',  ( 1.145283985019899200E-016, -1.000000000000000000, -0.0000000000000000000 ) ) ;
#3562 = EDGE_CURVE ( 'NONE', #856, #3847, #5102, .T. ) ;
#3563 = DIRECTION ( 'NONE',  ( 0.0000000000000000000, 0.0000000000000000000, 1.000000000000000000 ) ) ;
#3564 = AXIS2_PLACEMENT_3D ( 'NONE', #4055, #364, #382 ) ;
#3565 = VERTEX_POINT ( 'NONE', #2994 ) ;
#3566 = VECTOR ( 'NONE', #786, 1000.000000000000000 ) ;
#3567 = DIRECTION ( 'NONE',  ( 0.5599764001490762400, 0.7071067811865401300, 0.4317712719439451000 ) ) ;
#3568 = DIRECTION ( 'NONE',  ( -0.0000000000000000000, -1.000000000000000000, 0.0000000000000000000 ) ) ;
#3569 = DIRECTION ( 'NONE',  ( -0.0000000000000000000, -0.0000000000000000000, -1.000000000000000000 ) ) ;
#3570 =( LENGTH_UNIT ( ) NAMED_UNIT ( * ) SI_UNIT ( .MILLI., .METRE. ) );
#3571 = PRESENTATION_LAYER_ASSIGNMENT (  '', '', ( #4683 ) ) ;
#3572 = ORIENTED_EDGE ( 'NONE', *, *, #3059, .F. ) ;
#3573 = VECTOR ( 'NONE', #334, 1000.000000000000000 ) ;
#3574 = AXIS2_PLACEMENT_3D ( 'NONE', #2551, #2182, #3775 ) ;
#3575 =( GEOMETRIC_REPRESENTATION_CONTEXT ( 3 ) GLOBAL_UNCERTAINTY_ASSIGNED_CONTEXT ( ( #1518 ) ) GLOBAL_UNIT_ASSIGNED_CONTEXT ( ( #2802, #3656, #2418 ) ) REPRESENTATION_CONTEXT ( 'NONE', 'WORKASPACE' ) );
#3576 = EDGE_CURVE ( 'NONE', #415, #3565, #1317, .T. ) ;
#3577 = SURFACE_STYLE_USAGE ( .BOTH. , #1943 ) ;
#3578 = UNCERTAINTY_MEASURE_WITH_UNIT (LENGTH_MEASURE( 1.000000000000000100E-005 ), #3231, 'distance_accuracy_value', 'NONE');
#3579 = DIRECTION ( 'NONE',  ( -0.0000000000000000000, -0.0000000000000000000, 1.000000000000000000 ) ) ;
#3580 = ORIENTED_EDGE ( 'NONE', *, *, #3394, .F. ) ;
#3581 = PRESENTATION_STYLE_ASSIGNMENT (( #2256 ) ) ;
#3582 = EDGE_CURVE ( 'NONE', #109, #5052, #1580, .T. ) ;
#3583 = CARTESIAN_POINT ( 'NONE',  ( -1.419999999999999900, 0.9299999999999996000, 3.799999999999999800 ) ) ;
#3584 = CARTESIAN_POINT ( 'NONE',  ( -3.000000000000000400, 1.029999999999999100, 3.673940397442060400E-016 ) ) ;
#3585 = FILL_AREA_STYLE ('',( #4287 ) ) ;
#3586 = VECTOR ( 'NONE', #448, 1000.000000000000000 ) ;
#3587 = CARTESIAN_POINT ( 'NONE',  ( -2.600000000000000100, 0.1700000000000000100, -1.000000000000000000 ) ) ;
#3588 = DIRECTION ( 'NONE',  ( 0.5599764001490749000, -0.7071067811865422400, -0.4317712719439433200 ) ) ;
#3589 = FILL_AREA_STYLE_COLOUR ( '', #2129 ) ;
#3590 = CARTESIAN_POINT ( 'NONE',  ( -2.298097038856283400, 3.449999999999999700, 2.298097038856274900 ) ) ;
#3591 = LINE ( 'NONE', #4634, #2555 ) ;
#3592 = EDGE_LOOP ( 'NONE', ( #2205, #1694, #1854, #434, #1143, #2589, #3476, #872, #245, #3769, #943, #3398, #1517, #4387, #3270, #351 ) ) ;
#3593 = CARTESIAN_POINT ( 'NONE',  ( 0.0000000000000000000, 0.5300000000000001400, 0.0000000000000000000 ) ) ;
#3594 =( NAMED_UNIT ( * ) SI_UNIT ( $, .STERADIAN. ) SOLID_ANGLE_UNIT ( ) );
#3595 = CARTESIAN_POINT ( 'NONE',  ( -3.649999999999999900, 0.1200000000000000200, 1.000000000000000000 ) ) ;
#3596 = PRESENTATION_STYLE_ASSIGNMENT (( #1196 ) ) ;
#3597 = SURFACE_STYLE_FILL_AREA ( #2491 ) ;
#3598 = EDGE_LOOP ( 'NONE', ( #2254, #3448, #4343, #3356 ) ) ;
#3599 = MECHANICAL_DESIGN_GEOMETRIC_PRESENTATION_REPRESENTATION (  '', ( #2231 ), #3872 ) ;
#3600 = CARTESIAN_POINT ( 'NONE',  ( -1.382171855916980000, 1.029999999999999600, 3.485986368405793500 ) ) ;
#3601 = VECTOR ( 'NONE', #3349, 1000.000000000000000 ) ;
#3602 = DIRECTION ( 'NONE',  ( 0.0000000000000000000, 0.0000000000000000000, 1.000000000000000000 ) ) ;
#3603 = ORIENTED_EDGE ( 'NONE', *, *, #570, .T. ) ;
#3604 = AXIS2_PLACEMENT_3D ( 'NONE', #1000, #661, #2689 ) ;
#3605 = LINE ( 'NONE', #2585, #4783 ) ;
#3606 = PRESENTATION_STYLE_ASSIGNMENT (( #4483 ) ) ;
#3607 = DIRECTION ( 'NONE',  ( 1.000000000000000000, 0.0000000000000000000, 0.0000000000000000000 ) ) ;
#3608 = CARTESIAN_POINT ( 'NONE',  ( -3.201784540621267600E-017, 0.2700000000000009600, 0.0000000000000000000 ) ) ;
#3609 = ORIENTED_EDGE ( 'NONE', *, *, #2576, .T. ) ;
#3610 = FILL_AREA_STYLE_COLOUR ( '', #1878 ) ;
#3611 = FILL_AREA_STYLE_COLOUR ( '', #1250 ) ;
#3612 = VERTEX_POINT ( 'NONE', #156 ) ;
#3613 = COLOUR_RGB ( '',0.5019607843137254800, 0.5019607843137254800, 0.5019607843137254800 ) ;
#3614 = CARTESIAN_POINT ( 'NONE',  ( 1.197882275128038200, 1.029999999999999800, 3.021188185951692700 ) ) ;
#3615 = CARTESIAN_POINT ( 'NONE',  ( -3.800000000000000300, 0.5300000000000000300, 1.419999999999999900 ) ) ;
#3616 = FILL_AREA_STYLE_COLOUR ( '', #3252 ) ;
#3617 = EDGE_CURVE ( 'NONE', #602, #4981, #1764, .T. ) ;
#3618 = VERTEX_POINT ( 'NONE', #4606 ) ;
#3619 = VECTOR ( 'NONE', #3607, 1000.000000000000000 ) ;
#3620 = ORIENTED_EDGE ( 'NONE', *, *, #1942, .F. ) ;
#3621 = CYLINDRICAL_SURFACE ( 'NONE', #561, 2.500000000000000000 ) ;
#3622 = EDGE_LOOP ( 'NONE', ( #4608, #4913, #4957, #4433 ) ) ;
#3623 = LINE ( 'NONE', #4322, #256 ) ;
#3624 = CARTESIAN_POINT ( 'NONE',  ( -3.021188185951692700, 3.350000000000005000, 1.197882275128038200 ) ) ;
#3625 = DIRECTION ( 'NONE',  ( 0.0000000000000000000, 0.0000000000000000000, -1.000000000000000000 ) ) ;
#3626 = ORIENTED_EDGE ( 'NONE', *, *, #3947, .F. ) ;
#3627 = DIRECTION ( 'NONE',  ( 1.000000000000000000, 1.495451272393797600E-016, 0.0000000000000000000 ) ) ;
#3628 = LINE ( 'NONE', #2173, #4868 ) ;
#3629 = DIRECTION ( 'NONE',  ( 0.0000000000000000000, 0.0000000000000000000, -1.000000000000000000 ) ) ;
#3630 = ORIENTED_EDGE ( 'NONE', *, *, #1372, .T. ) ;
#3631 = DIRECTION ( 'NONE',  ( 0.0000000000000000000, 0.0000000000000000000, -1.000000000000000000 ) ) ;
#3632 = PRESENTATION_LAYER_ASSIGNMENT (  '', '', ( #1513 ) ) ;
#3633 = LINE ( 'NONE', #1636, #765 ) ;
#3634 = VERTEX_POINT ( 'NONE', #3431 ) ;
#3635 = STYLED_ITEM ( 'NONE', ( #1964 ), #3869 ) ;
#3636 = EDGE_CURVE ( 'NONE', #2031, #4106, #2286, .T. ) ;
#3637 = DIRECTION ( 'NONE',  ( 1.000000000000000000, 0.0000000000000000000, 0.0000000000000000000 ) ) ;
#3638 =( GEOMETRIC_REPRESENTATION_CONTEXT ( 3 ) GLOBAL_UNCERTAINTY_ASSIGNED_CONTEXT ( ( #1851 ) ) GLOBAL_UNIT_ASSIGNED_CONTEXT ( ( #2908, #3330, #4129 ) ) REPRESENTATION_CONTEXT ( 'NONE', 'WORKASPACE' ) );
#3639 = CARTESIAN_POINT ( 'NONE',  ( 3.750000000000000400, 0.9299999999999999400, -1.000000000000000000 ) ) ;
#3640 = DIRECTION ( 'NONE',  ( 1.000000000000000000, 0.0000000000000000000, -0.0000000000000000000 ) ) ;
#3641 = DIRECTION ( 'NONE',  ( -1.308519863344573800E-016, 1.000000000000000000, 0.0000000000000000000 ) ) ;
#3642 = UNCERTAINTY_MEASURE_WITH_UNIT (LENGTH_MEASURE( 1.000000000000000100E-005 ), #3170, 'distance_accuracy_value', 'NONE');
#3643 = CARTESIAN_POINT ( 'NONE',  ( 3.630000000000000300, 0.0000000000000000000, 1.000000000000000000 ) ) ;
#3644 = EDGE_CURVE ( 'NONE', #531, #4295, #1135, .T. ) ;
#3645 = STYLED_ITEM ( 'NONE', ( #4761 ), #1012 ) ;
#3646 = CARTESIAN_POINT ( 'NONE',  ( -1.626418571367451700, 3.449999999999999700, -3.169215880525925000 ) ) ;
#3647 = EDGE_CURVE ( 'NONE', #4862, #3820, #1697, .T. ) ;
#3648 = DIRECTION ( 'NONE',  ( 0.0000000000000000000, 0.0000000000000000000, 1.000000000000000000 ) ) ;
#3649 = SURFACE_SIDE_STYLE ('',( #4943 ) ) ;
#3650 = VECTOR ( 'NONE', #2826, 1000.000000000000000 ) ;
#3651 = LINE ( 'NONE', #3024, #158 ) ;
#3652 = EDGE_LOOP ( 'NONE', ( #472, #3941 ) ) ;
#3653 = CARTESIAN_POINT ( 'NONE',  ( -3.630000000000000300, 0.0000000000000000000, -1.000000000000000000 ) ) ;
#3654 = SURFACE_STYLE_USAGE ( .BOTH. , #1603 ) ;
#3655 = CARTESIAN_POINT ( 'NONE',  ( -2.719999999999999800, 0.1200000000000000100, 1.000000000000000000 ) ) ;
#3656 =( NAMED_UNIT ( * ) PLANE_ANGLE_UNIT ( ) SI_UNIT ( $, .RADIAN. ) );
#3657 = VERTEX_POINT ( 'NONE', #193 ) ;
#3658 =( NAMED_UNIT ( * ) PLANE_ANGLE_UNIT ( ) SI_UNIT ( $, .RADIAN. ) );
#3659 = STYLED_ITEM ( 'NONE', ( #1689 ), #2109 ) ;
#3660 = FACE_OUTER_BOUND ( 'NONE', #411, .T. ) ;
#3661 = COLOUR_RGB ( '',0.5019607843137254800, 0.5019607843137254800, 0.5019607843137254800 ) ;
#3662 =( NAMED_UNIT ( * ) SI_UNIT ( $, .STERADIAN. ) SOLID_ANGLE_UNIT ( ) );
#3663 = ORIENTED_EDGE ( 'NONE', *, *, #4637, .F. ) ;
#3664 = CARTESIAN_POINT ( 'NONE',  ( 2.740000000000000200, 0.1200000000000000100, 1.000000000000000000 ) ) ;
#3665 = DIRECTION ( 'NONE',  ( -1.000000000000000000, -2.168404344971008900E-016, 2.602085213965210600E-015 ) ) ;
#3666 = FACE_OUTER_BOUND ( 'NONE', #1316, .T. ) ;
#3667 = EDGE_CURVE ( 'NONE', #2216, #4889, #128, .T. ) ;
#3668 = LINE ( 'NONE', #3949, #3911 ) ;
#3669 = PRESENTATION_STYLE_ASSIGNMENT (( #1200 ) ) ;
#3670 = AXIS2_PLACEMENT_3D ( 'NONE', #3861, #1877, #4263 ) ;
#3671 = ORIENTED_EDGE ( 'NONE', *, *, #1561, .F. ) ;
#3672 = SURFACE_STYLE_FILL_AREA ( #3716 ) ;
#3673 = VECTOR ( 'NONE', #2147, 1000.000000000000000 ) ;
#3674 = UNCERTAINTY_MEASURE_WITH_UNIT (LENGTH_MEASURE( 1.000000000000000100E-005 ), #2111, 'distance_accuracy_value', 'NONE');
#3675 = SURFACE_STYLE_FILL_AREA ( #3585 ) ;
#3676 = PRESENTATION_LAYER_ASSIGNMENT (  '', '', ( #3216 ) ) ;
#3677 = SURFACE_SIDE_STYLE ('',( #115 ) ) ;
#3678 = AXIS2_PLACEMENT_3D ( 'NONE', #4125, #4519, #2110 ) ;
#3679 = CARTESIAN_POINT ( 'NONE',  ( -1.419999999999999900, 0.9299999999999996000, -3.799999999999999800 ) ) ;
#3680 = EDGE_LOOP ( 'NONE', ( #1969, #430, #3784, #4250, #755, #369 ) ) ;
#3681 =( GEOMETRIC_REPRESENTATION_CONTEXT ( 3 ) GLOBAL_UNCERTAINTY_ASSIGNED_CONTEXT ( ( #3642 ) ) GLOBAL_UNIT_ASSIGNED_CONTEXT ( ( #3170, #1886, #3119 ) ) REPRESENTATION_CONTEXT ( 'NONE', 'WORKASPACE' ) );
#3682 = SURFACE_STYLE_FILL_AREA ( #1642 ) ;
#3683 = EDGE_CURVE ( 'NONE', #476, #2280, #2788, .T. ) ;
#3684 = SURFACE_SIDE_STYLE ('',( #975 ) ) ;
#3685 = DIRECTION ( 'NONE',  ( 0.0000000000000000000, 0.0000000000000000000, 1.000000000000000000 ) ) ;
#3686 = ORIENTED_EDGE ( 'NONE', *, *, #4036, .F. ) ;
#3687 = EDGE_CURVE ( 'NONE', #1736, #1956, #2525, .T. ) ;
#3688 =( LENGTH_UNIT ( ) NAMED_UNIT ( * ) SI_UNIT ( .MILLI., .METRE. ) );
#3689 = VERTEX_POINT ( 'NONE', #935 ) ;
#3690 = DIRECTION ( 'NONE',  ( 0.0000000000000000000, -1.000000000000000000, 0.0000000000000000000 ) ) ;
#3691 = ORIENTED_EDGE ( 'NONE', *, *, #2637, .T. ) ;
#3692 = EDGE_LOOP ( 'NONE', ( #3359, #2973, #3294, #449, #1904, #1807, #562, #4110 ) ) ;
#3693 = CARTESIAN_POINT ( 'NONE',  ( 3.650000000000000400, 0.9299999999999999400, -1.000000000000000000 ) ) ;
#3694 = ORIENTED_EDGE ( 'NONE', *, *, #2711, .F. ) ;
#3695 = CIRCLE ( 'NONE', #2313, 3.000000000000000400 ) ;
#3696 = DIRECTION ( 'NONE',  ( 1.145283985019899200E-016, -1.000000000000000000, -0.0000000000000000000 ) ) ;
#3697 = FILL_AREA_STYLE_COLOUR ( '', #1145 ) ;
#3698 = EDGE_LOOP ( 'NONE', ( #2222, #4758, #4663, #2643 ) ) ;
#3699 = SURFACE_SIDE_STYLE ('',( #1550 ) ) ;
#3700 =( NAMED_UNIT ( * ) SI_UNIT ( $, .STERADIAN. ) SOLID_ANGLE_UNIT ( ) );
#3701 = MECHANICAL_DESIGN_GEOMETRIC_PRESENTATION_REPRESENTATION (  '', ( #3942 ), #3797 ) ;
#3702 = DIRECTION ( 'NONE',  ( -0.0000000000000000000, -0.0000000000000000000, -1.000000000000000000 ) ) ;
#3703 = MECHANICAL_DESIGN_GEOMETRIC_PRESENTATION_REPRESENTATION (  '', ( #4431 ), #1076 ) ;
#3704 = DIRECTION ( 'NONE',  ( -0.0000000000000000000, 1.000000000000000000, 0.0000000000000000000 ) ) ;
#3705 = ORIENTED_EDGE ( 'NONE', *, *, #2303, .F. ) ;
#3706 = CIRCLE ( 'NONE', #4473, 3.349999999999997000 ) ;
#3707 = PRESENTATION_LAYER_ASSIGNMENT (  '', '', ( #4961 ) ) ;
#3708 = CYLINDRICAL_SURFACE ( 'NONE', #1674, 1.000000000000000000 ) ;
#3709 = SURFACE_STYLE_USAGE ( .BOTH. , #2931 ) ;
#3710 = AXIS2_PLACEMENT_3D ( 'NONE', #4325, #1371, #5110 ) ;
#3711 = UNCERTAINTY_MEASURE_WITH_UNIT (LENGTH_MEASURE( 1.000000000000000100E-005 ), #3788, 'distance_accuracy_value', 'NONE');
#3712 = CARTESIAN_POINT ( 'NONE',  ( -1.382171855916980000, 0.5300000000000000300, 3.485986368405793500 ) ) ;
#3713 = DIRECTION ( 'NONE',  ( -1.000000000000000000, 0.0000000000000000000, -0.0000000000000000000 ) ) ;
#3714 = ADVANCED_FACE ( 'NONE', ( #873 ), #5014, .F. ) ;
#3715 = FILL_AREA_STYLE_COLOUR ( '', #290 ) ;
#3716 = FILL_AREA_STYLE ('',( #4477 ) ) ;
#3717 = AXIS2_PLACEMENT_3D ( 'NONE', #4318, #192, #5064 ) ;
#3718 = COLOUR_RGB ( '',1.000000000000000000, 1.000000000000000000, 1.000000000000000000 ) ;
#3719 = CARTESIAN_POINT ( 'NONE',  ( -2.298097038856283400, 3.350000000000005000, 2.298097038856274900 ) ) ;
#3720 = EDGE_CURVE ( 'NONE', #4506, #794, #4857, .T. ) ;
#3721 = VECTOR ( 'NONE', #3474, 1000.000000000000000 ) ;
#3722 = FILL_AREA_STYLE ('',( #96 ) ) ;
#3723 = CARTESIAN_POINT ( 'NONE',  ( 2.720000000000000200, 0.1200000000000000100, 1.000000000000000000 ) ) ;
#3724 = CONICAL_SURFACE ( 'NONE', #401, 1.000000000000000000, 0.7853981633974569400 ) ;
#3725 = VERTEX_POINT ( 'NONE', #1404 ) ;
#3726 = VECTOR ( 'NONE', #1993, 1000.000000000000000 ) ;
#3727 = COLOUR_RGB ( '',0.5019607843137254800, 0.5019607843137254800, 0.5019607843137254800 ) ;
#3728 =( NAMED_UNIT ( * ) PLANE_ANGLE_UNIT ( ) SI_UNIT ( $, .RADIAN. ) );
#3729 = EDGE_LOOP ( 'NONE', ( #4448, #151, #2960, #3232 ) ) ;
#3730 = PRESENTATION_STYLE_ASSIGNMENT (( #3127 ) ) ;
#3731 = COLOUR_RGB ( '',1.000000000000000000, 1.000000000000000000, 1.000000000000000000 ) ;
#3732 = CARTESIAN_POINT ( 'NONE',  ( 2.620000000000000600, 0.1200000000000000100, -1.000000000000000000 ) ) ;
#3733 = VERTEX_POINT ( 'NONE', #4248 ) ;
#3734 = FILL_AREA_STYLE ('',( #738 ) ) ;
#3735 = STYLED_ITEM ( 'NONE', ( #1302 ), #2578 ) ;
#3736 = CIRCLE ( 'NONE', #2941, 0.5000000000000000000 ) ;
#3737 = DIRECTION ( 'NONE',  ( 0.0000000000000000000, 0.0000000000000000000, 1.000000000000000000 ) ) ;
#3738 = DIRECTION ( 'NONE',  ( 1.145283985019899200E-016, -1.000000000000000000, -0.0000000000000000000 ) ) ;
#3739 = ORIENTED_EDGE ( 'NONE', *, *, #2451, .T. ) ;
#3740 = EDGE_CURVE ( 'NONE', #1045, #3284, #4803, .T. ) ;
#3741 = COLOUR_RGB ( '',0.5019607843137254800, 0.5019607843137254800, 0.5019607843137254800 ) ;
#3742 = VERTEX_POINT ( 'NONE', #3090 ) ;
#3743 = PRESENTATION_LAYER_ASSIGNMENT (  '', '', ( #269 ) ) ;
#3744 = UNCERTAINTY_MEASURE_WITH_UNIT (LENGTH_MEASURE( 1.000000000000000100E-005 ), #3570, 'distance_accuracy_value', 'NONE');
#3745 = CARTESIAN_POINT ( 'NONE',  ( 3.485986368405798300, 0.9300000000000001600, -1.382171855916968200 ) ) ;
#3746 = SURFACE_STYLE_FILL_AREA ( #1830 ) ;
#3747 = ORIENTED_EDGE ( 'NONE', *, *, #2891, .F. ) ;
#3748 = PRESENTATION_LAYER_ASSIGNMENT (  '', '', ( #2001 ) ) ;
#3749 = SURFACE_STYLE_USAGE ( .BOTH. , #4122 ) ;
#3750 = ORIENTED_EDGE ( 'NONE', *, *, #980, .F. ) ;
#3751 = AXIS2_PLACEMENT_3D ( 'NONE', #4239, #1828, #2678 ) ;
#3752 = EDGE_CURVE ( 'NONE', #3322, #2898, #2723, .T. ) ;
#3753 = ORIENTED_EDGE ( 'NONE', *, *, #3835, .F. ) ;
#3754 = DIRECTION ( 'NONE',  ( -0.0000000000000000000, -0.0000000000000000000, -1.000000000000000000 ) ) ;
#3755 = DIRECTION ( 'NONE',  ( 0.0000000000000000000, 0.0000000000000000000, 1.000000000000000000 ) ) ;
#3756 = EDGE_CURVE ( 'NONE', #2316, #3166, #3355, .T. ) ;
#3757 =( NAMED_UNIT ( * ) SI_UNIT ( $, .STERADIAN. ) SOLID_ANGLE_UNIT ( ) );
#3758 = ORIENTED_EDGE ( 'NONE', *, *, #3538, .F. ) ;
#3759 =( NAMED_UNIT ( * ) SI_UNIT ( $, .STERADIAN. ) SOLID_ANGLE_UNIT ( ) );
#3760 = DIRECTION ( 'NONE',  ( 0.0000000000000000000, -1.000000000000000000, 0.0000000000000000000 ) ) ;
#3761 = FACE_OUTER_BOUND ( 'NONE', #4236, .T. ) ;
#3762 = EDGE_LOOP ( 'NONE', ( #1011, #1309, #1880, #1232 ) ) ;
#3763 = ORIENTED_EDGE ( 'NONE', *, *, #5137, .F. ) ;
#3764 = STYLED_ITEM ( 'NONE', ( #3552 ), #1781 ) ;
#3765 = CIRCLE ( 'NONE', #4505, 1.099999999999996800 ) ;
#3766 = ADVANCED_FACE ( 'NONE', ( #4117 ), #1192, .F. ) ;
#3767 = CARTESIAN_POINT ( 'NONE',  ( 3.090023258555953500, 1.030000000000000000, 1.687480250230081200 ) ) ;
#3768 = DIRECTION ( 'NONE',  ( -0.0000000000000000000, -0.0000000000000000000, -1.000000000000000000 ) ) ;
#3769 = ORIENTED_EDGE ( 'NONE', *, *, #5007, .T. ) ;
#3770 = STYLED_ITEM ( 'NONE', ( #2992 ), #4984 ) ;
#3771 = CIRCLE ( 'NONE', #1405, 0.5000000000000004400 ) ;
#3772 = EDGE_CURVE ( 'NONE', #1351, #2474, #3414, .T. ) ;
#3773 = CARTESIAN_POINT ( 'NONE',  ( 1.382171855916967600, 3.449999999999999700, 3.485986368405798800 ) ) ;
#3774 = AXIS2_PLACEMENT_3D ( 'NONE', #2259, #4701, #2298 ) ;
#3775 = DIRECTION ( 'NONE',  ( 0.0000000000000000000, 0.0000000000000000000, -1.000000000000000000 ) ) ;
#3776 = CARTESIAN_POINT ( 'NONE',  ( -2.987419390442717800, 0.9300000000000002700, -1.419999999999999900 ) ) ;
#3777 = LINE ( 'NONE', #2045, #2372 ) ;
#3778 =( GEOMETRIC_REPRESENTATION_CONTEXT ( 3 ) GLOBAL_UNCERTAINTY_ASSIGNED_CONTEXT ( ( #1128 ) ) GLOBAL_UNIT_ASSIGNED_CONTEXT ( ( #2793, #2769, #5152 ) ) REPRESENTATION_CONTEXT ( 'NONE', 'WORKASPACE' ) );
#3779 = VECTOR ( 'NONE', #1905, 1000.000000000000000 ) ;
#3780 = AXIS2_PLACEMENT_3D ( 'NONE', #4108, #4541, #44 ) ;
#3781 = CYLINDRICAL_SURFACE ( 'NONE', #840, 0.5000000000000000000 ) ;
#3782 =( GEOMETRIC_REPRESENTATION_CONTEXT ( 3 ) GLOBAL_UNCERTAINTY_ASSIGNED_CONTEXT ( ( #571 ) ) GLOBAL_UNIT_ASSIGNED_CONTEXT ( ( #4589, #86, #900 ) ) REPRESENTATION_CONTEXT ( 'NONE', 'WORKASPACE' ) );
#3783 = CARTESIAN_POINT ( 'NONE',  ( -3.649999999999999900, 0.1200000000000000200, 1.000000000000000000 ) ) ;
#3784 = ORIENTED_EDGE ( 'NONE', *, *, #293, .T. ) ;
#3785 = FACE_OUTER_BOUND ( 'NONE', #4909, .T. ) ;
#3786 = FILL_AREA_STYLE_COLOUR ( '', #529 ) ;
#3787 = DIRECTION ( 'NONE',  ( -0.0000000000000000000, -1.000000000000000000, -0.0000000000000000000 ) ) ;
#3788 =( LENGTH_UNIT ( ) NAMED_UNIT ( * ) SI_UNIT ( .MILLI., .METRE. ) );
#3789 = ORIENTED_EDGE ( 'NONE', *, *, #1844, .F. ) ;
#3790 =( LENGTH_UNIT ( ) NAMED_UNIT ( * ) SI_UNIT ( .MILLI., .METRE. ) );
#3791 = DIRECTION ( 'NONE',  ( -1.000000000000000000, -1.185846126156020700E-016, 0.0000000000000000000 ) ) ;
#3792 = LINE ( 'NONE', #1189, #5208 ) ;
#3793 = EDGE_LOOP ( 'NONE', ( #2595, #4586, #3817, #3305, #3934, #3195, #3630, #2831, #1888 ) ) ;
#3794 = VECTOR ( 'NONE', #2604, 1000.000000000000000 ) ;
#3795 = DIRECTION ( 'NONE',  ( -1.000000000000000000, 0.0000000000000000000, -0.0000000000000000000 ) ) ;
#3796 = ORIENTED_EDGE ( 'NONE', *, *, #4252, .F. ) ;
#3797 =( GEOMETRIC_REPRESENTATION_CONTEXT ( 3 ) GLOBAL_UNCERTAINTY_ASSIGNED_CONTEXT ( ( #2236 ) ) GLOBAL_UNIT_ASSIGNED_CONTEXT ( ( #4828, #1564, #4396 ) ) REPRESENTATION_CONTEXT ( 'NONE', 'WORKASPACE' ) );
#3798 = DIRECTION ( 'NONE',  ( 0.0000000000000000000, 0.0000000000000000000, -1.000000000000000000 ) ) ;
#3799 = FACE_OUTER_BOUND ( 'NONE', #4819, .T. ) ;
#3800 = CONICAL_SURFACE ( 'NONE', #1924, 0.4000000000000032400, 0.7853981633974566100 ) ;
#3801 = VECTOR ( 'NONE', #1971, 1000.000000000000000 ) ;
#3802 = CARTESIAN_POINT ( 'NONE',  ( -1.197882275128038900, 0.5300000000000001400, -3.021188185951692700 ) ) ;
#3803 = STYLED_ITEM ( 'NONE', ( #1684 ), #2456 ) ;
#3804 = SURFACE_SIDE_STYLE ('',( #1650 ) ) ;
#3805 = FILL_AREA_STYLE ('',( #2938 ) ) ;
#3806 = FACE_OUTER_BOUND ( 'NONE', #3887, .T. ) ;
#3807 = ORIENTED_EDGE ( 'NONE', *, *, #1616, .T. ) ;
#3808 = PLANE ( 'NONE',  #2631 ) ;
#3809 = UNCERTAINTY_MEASURE_WITH_UNIT (LENGTH_MEASURE( 1.000000000000000100E-005 ), #4556, 'distance_accuracy_value', 'NONE');
#3810 =( NAMED_UNIT ( * ) SI_UNIT ( $, .STERADIAN. ) SOLID_ANGLE_UNIT ( ) );
#3811 = STYLED_ITEM ( 'NONE', ( #3477 ), #4149 ) ;
#3812 = EDGE_CURVE ( 'NONE', #4552, #3546, #4544, .T. ) ;
#3813 = VERTEX_POINT ( 'NONE', #5051 ) ;
#3814 = VECTOR ( 'NONE', #2247, 1000.000000000000000 ) ;
#3815 = ORIENTED_EDGE ( 'NONE', *, *, #2722, .T. ) ;
#3816 = ORIENTED_EDGE ( 'NONE', *, *, #108, .T. ) ;
#3817 = ORIENTED_EDGE ( 'NONE', *, *, #2, .F. ) ;
#3818 = AXIS2_PLACEMENT_3D ( 'NONE', #3444, #2611, #2645 ) ;
#3819 = EDGE_CURVE ( 'NONE', #4679, #2031, #1511, .T. ) ;
#3820 = VERTEX_POINT ( 'NONE', #1032 ) ;
#3821 = ADVANCED_FACE ( 'NONE', ( #3033 ), #4739, .F. ) ;
#3822 = DIRECTION ( 'NONE',  ( -0.0000000000000000000, -1.000000000000000000, -0.0000000000000000000 ) ) ;
#3823 = SURFACE_STYLE_FILL_AREA ( #4228 ) ;
#3824 = CARTESIAN_POINT ( 'NONE',  ( 3.800000000000000300, 0.5300000000000003600, -1.419999999999999900 ) ) ;
#3825 = CARTESIAN_POINT ( 'NONE',  ( 1.687480250230069600, 0.5300000000000001400, 3.090023258555960200 ) ) ;
#3826 = ORIENTED_EDGE ( 'NONE', *, *, #4210, .F. ) ;
#3827 = FILL_AREA_STYLE_COLOUR ( '', #1445 ) ;
#3828 = EDGE_LOOP ( 'NONE', ( #435, #4489, #915, #119 ) ) ;
#3829 = CIRCLE ( 'NONE', #741, 3.250000000000000400 ) ;
#3830 = MECHANICAL_DESIGN_GEOMETRIC_PRESENTATION_REPRESENTATION (  '', ( #4824 ), #455 ) ;
#3831 = CARTESIAN_POINT ( 'NONE',  ( -3.114147822442506100, 3.449999999999999700, -1.234740191285834000 ) ) ;
#3832 =( NAMED_UNIT ( * ) PLANE_ANGLE_UNIT ( ) SI_UNIT ( $, .RADIAN. ) );
#3833 = PRODUCT_DEFINITION ( 'UNKNOWN', '', #4001, #2321 ) ;
#3834 = COLOUR_RGB ( '',0.5019607843137254800, 0.5019607843137254800, 0.5019607843137254800 ) ;
#3835 = EDGE_CURVE ( 'NONE', #3422, #821, #1831, .T. ) ;
#3836 = DIRECTION ( 'NONE',  ( -1.000000000000000000, -2.168404344971008900E-016, -1.387778780781445700E-014 ) ) ;
#3837 = VECTOR ( 'NONE', #3442, 1000.000000000000000 ) ;
#3838 = AXIS2_PLACEMENT_3D ( 'NONE', #547, #3390, #956 ) ;
#3839 = CARTESIAN_POINT ( 'NONE',  ( -2.739999999999999800, 0.1000000000000000700, -1.000000000000000000 ) ) ;
#3840 =( NAMED_UNIT ( * ) SI_UNIT ( $, .STERADIAN. ) SOLID_ANGLE_UNIT ( ) );
#3841 = ORIENTED_EDGE ( 'NONE', *, *, #4162, .F. ) ;
#3842 = CYLINDRICAL_SURFACE ( 'NONE', #667, 0.5000000000000000000 ) ;
#3843 = ADVANCED_FACE ( 'NONE', ( #4796 ), #4614, .T. ) ;
#3844 = CARTESIAN_POINT ( 'NONE',  ( -1.571528283009124000E-015, 12.03528137423857000, 0.0000000000000000000 ) ) ;
#3845 = CARTESIAN_POINT ( 'NONE',  ( 1.197882275128038200, 3.350000000000005000, 3.021188185951692300 ) ) ;
#3846 = STYLED_ITEM ( 'NONE', ( #4655 ), #826 ) ;
#3847 = VERTEX_POINT ( 'NONE', #4292 ) ;
#3848 = PRESENTATION_LAYER_ASSIGNMENT (  '', '', ( #2002 ) ) ;
#3849 = EDGE_CURVE ( 'NONE', #1568, #2849, #998, .T. ) ;
#3850 = PRESENTATION_STYLE_ASSIGNMENT (( #2137 ) ) ;
#3851 = EDGE_CURVE ( 'NONE', #886, #1568, #3347, .T. ) ;
#3852 = VERTEX_POINT ( 'NONE', #4242 ) ;
#3853 = DIRECTION ( 'NONE',  ( 0.0000000000000000000, -1.000000000000000000, 0.0000000000000000000 ) ) ;
#3854 = DIRECTION ( 'NONE',  ( -0.7071067811865474600, -0.7071067811865476800, 8.659560562354934100E-017 ) ) ;
#3855 = DIRECTION ( 'NONE',  ( -0.0000000000000000000, -1.000000000000000000, -0.0000000000000000000 ) ) ;
#3856 = CARTESIAN_POINT ( 'NONE',  ( 0.0000000000000000000, 3.449999999999999700, 0.0000000000000000000 ) ) ;
#3857 = ORIENTED_EDGE ( 'NONE', *, *, #2355, .T. ) ;
#3858 = DIRECTION ( 'NONE',  ( -0.0000000000000000000, 1.000000000000000000, -0.0000000000000000000 ) ) ;
#3859 =( NAMED_UNIT ( * ) PLANE_ANGLE_UNIT ( ) SI_UNIT ( $, .RADIAN. ) );
#3860 = ORIENTED_EDGE ( 'NONE', *, *, #4539, .F. ) ;
#3861 = CARTESIAN_POINT ( 'NONE',  ( 0.0000000000000000000, 0.9299999999999998300, 0.0000000000000000000 ) ) ;
#3862 = ORIENTED_EDGE ( 'NONE', *, *, #2891, .T. ) ;
#3863 = FACE_OUTER_BOUND ( 'NONE', #3598, .T. ) ;
#3864 = STYLED_ITEM ( 'NONE', ( #2242 ), #5029 ) ;
#3865 = CARTESIAN_POINT ( 'NONE',  ( -3.000000000000000900, 3.350000000000000500, 3.673940397442060400E-016 ) ) ;
#3866 = EDGE_CURVE ( 'NONE', #1584, #1634, #4685, .T. ) ;
#3867 = FACE_OUTER_BOUND ( 'NONE', #4693, .T. ) ;
#3868 = ORIENTED_EDGE ( 'NONE', *, *, #4536, .T. ) ;
#3869 = ADVANCED_FACE ( 'NONE', ( #2148 ), #2519, .F. ) ;
#3870 = COLOUR_RGB ( '',1.000000000000000000, 1.000000000000000000, 1.000000000000000000 ) ;
#3871 = SURFACE_STYLE_USAGE ( .BOTH. , #3042 ) ;
#3872 =( GEOMETRIC_REPRESENTATION_CONTEXT ( 3 ) GLOBAL_UNCERTAINTY_ASSIGNED_CONTEXT ( ( #282 ) ) GLOBAL_UNIT_ASSIGNED_CONTEXT ( ( #1987, #2805, #4067 ) ) REPRESENTATION_CONTEXT ( 'NONE', 'WORKASPACE' ) );
#3873 = UNCERTAINTY_MEASURE_WITH_UNIT (LENGTH_MEASURE( 1.000000000000000100E-005 ), #1619, 'distance_accuracy_value', 'NONE');
#3874 = DIRECTION ( 'NONE',  ( 0.0000000000000000000, 0.0000000000000000000, 1.000000000000000000 ) ) ;
#3875 = EDGE_LOOP ( 'NONE', ( #4249, #4353, #5116, #4626 ) ) ;
#3876 = DIRECTION ( 'NONE',  ( 1.000000000000000000, 0.0000000000000000000, 0.0000000000000000000 ) ) ;
#3877 = FACE_OUTER_BOUND ( 'NONE', #2943, .T. ) ;
#3878 = ORIENTED_EDGE ( 'NONE', *, *, #2355, .F. ) ;
#3879 = CARTESIAN_POINT ( 'NONE',  ( 1.419999999999999900, 0.9299999999999999400, -3.799999999999999800 ) ) ;
#3880 = AXIS2_PLACEMENT_3D ( 'NONE', #681, #751, #3563 ) ;
#3881 = DIRECTION ( 'NONE',  ( 1.145283985019899200E-016, -1.000000000000000000, -0.0000000000000000000 ) ) ;
#3882 = EDGE_LOOP ( 'NONE', ( #559, #1832, #1901, #656, #2149, #4566 ) ) ;
#3883 = AXIS2_PLACEMENT_3D ( 'NONE', #2835, #2016, #4837 ) ;
#3884 = CARTESIAN_POINT ( 'NONE',  ( -3.800000000000000300, 3.449999999999999700, 3.799999999999999800 ) ) ;
#3885 = CARTESIAN_POINT ( 'NONE',  ( 3.630000000000000300, 0.1200000000000000100, 1.000000000000000000 ) ) ;
#3886 = DIRECTION ( 'NONE',  ( 0.0000000000000000000, -1.000000000000000000, 0.0000000000000000000 ) ) ;
#3887 = EDGE_LOOP ( 'NONE', ( #1357, #2929, #3930, #3194 ) ) ;
#3888 = SURFACE_STYLE_USAGE ( .BOTH. , #629 ) ;
#3889 = EDGE_CURVE ( 'NONE', #4054, #2503, #2467, .T. ) ;
#3890 =( NAMED_UNIT ( * ) SI_UNIT ( $, .STERADIAN. ) SOLID_ANGLE_UNIT ( ) );
#3891 = ORIENTED_EDGE ( 'NONE', *, *, #3352, .F. ) ;
#3892 = DIRECTION ( 'NONE',  ( 0.0000000000000000000, 1.000000000000000000, 0.0000000000000000000 ) ) ;
#3893 = SURFACE_STYLE_USAGE ( .BOTH. , #98 ) ;
#3894 = EDGE_LOOP ( 'NONE', ( #1439, #1255, #1284, #4535 ) ) ;
#3895 = ADVANCED_FACE ( 'NONE', ( #3867 ), #808, .F. ) ;
#3896 =( LENGTH_UNIT ( ) NAMED_UNIT ( * ) SI_UNIT ( .MILLI., .METRE. ) );
#3897 = FILL_AREA_STYLE ('',( #433 ) ) ;
#3898 = UNCERTAINTY_MEASURE_WITH_UNIT (LENGTH_MEASURE( 1.000000000000000100E-005 ), #188, 'distance_accuracy_value', 'NONE');
#3899 = AXIS2_PLACEMENT_3D ( 'NONE', #1480, #3970, #3152 ) ;
#3900 =( NAMED_UNIT ( * ) SI_UNIT ( $, .STERADIAN. ) SOLID_ANGLE_UNIT ( ) );
#3901 = AXIS2_PLACEMENT_3D ( 'NONE', #3976, #3943, #2310 ) ;
#3902 = EDGE_CURVE ( 'NONE', #3847, #1452, #2648, .T. ) ;
#3903 =( NAMED_UNIT ( * ) SI_UNIT ( $, .STERADIAN. ) SOLID_ANGLE_UNIT ( ) );
#3904 = VERTEX_POINT ( 'NONE', #4272 ) ;
#3905 = AXIS2_PLACEMENT_3D ( 'NONE', #3745, #4516, #1263 ) ;
#3906 = CARTESIAN_POINT ( 'NONE',  ( -2.298097038856283400, 0.5300000000000001400, 3.298097038856274900 ) ) ;
#3907 = COLOUR_RGB ( '',0.5019607843137254800, 0.5019607843137254800, 0.5019607843137254800 ) ;
#3908 = CARTESIAN_POINT ( 'NONE',  ( 2.799999999999999400, 0.5299999999999992500, 2.799999999999999800 ) ) ;
#3909 = EDGE_LOOP ( 'NONE', ( #3041, #6, #5018, #3979 ) ) ;
#3910 = DIRECTION ( 'NONE',  ( 0.0000000000000000000, 0.0000000000000000000, 1.000000000000000000 ) ) ;
#3911 = VECTOR ( 'NONE', #3107, 1000.000000000000000 ) ;
#3912 = FACE_OUTER_BOUND ( 'NONE', #4366, .T. ) ;
#3913 = AXIS2_PLACEMENT_3D ( 'NONE', #3022, #1395, #592 ) ;
#3914 = VECTOR ( 'NONE', #2719, 1000.000000000000000 ) ;
#3915 = AXIS2_PLACEMENT_3D ( 'NONE', #4681, #255, #3063 ) ;
#3916 = EDGE_CURVE ( 'NONE', #4748, #3689, #3097, .T. ) ;
#3917 = ORIENTED_EDGE ( 'NONE', *, *, #4252, .T. ) ;
#3918 = SURFACE_STYLE_FILL_AREA ( #2322 ) ;
#3919 = ADVANCED_FACE ( 'NONE', ( #1504 ), #992, .T. ) ;
#3920 = DIRECTION ( 'NONE',  ( 5.329070518200752200E-015, 0.0000000000000000000, 1.000000000000000000 ) ) ;
#3921 = ORIENTED_EDGE ( 'NONE', *, *, #4649, .T. ) ;
#3922 = COLOUR_RGB ( '',1.000000000000000000, 1.000000000000000000, 1.000000000000000000 ) ;
#3923 = CARTESIAN_POINT ( 'NONE',  ( 2.298097038856273600, 3.449999999999999700, 2.298097038856282000 ) ) ;
#3924 =( NAMED_UNIT ( * ) PLANE_ANGLE_UNIT ( ) SI_UNIT ( $, .RADIAN. ) );
#3925 = VECTOR ( 'NONE', #3123, 1000.000000000000000 ) ;
#3926 = ORIENTED_EDGE ( 'NONE', *, *, #1583, .F. ) ;
#3927 =( NAMED_UNIT ( * ) SI_UNIT ( $, .STERADIAN. ) SOLID_ANGLE_UNIT ( ) );
#3928 = CARTESIAN_POINT ( 'NONE',  ( 2.600000000000000500, 0.1500000000000013300, -1.000000000000000000 ) ) ;
#3929 = AXIS2_PLACEMENT_3D ( 'NONE', #695, #3540, #2370 ) ;
#3930 = ORIENTED_EDGE ( 'NONE', *, *, #1002, .F. ) ;
#3931 = VECTOR ( 'NONE', #1836, 1000.000000000000100 ) ;
#3932 = ORIENTED_EDGE ( 'NONE', *, *, #361, .T. ) ;
#3933 = EDGE_CURVE ( 'NONE', #3166, #4054, #2460, .T. ) ;
#3934 = ORIENTED_EDGE ( 'NONE', *, *, #815, .T. ) ;
#3935 = DIRECTION ( 'NONE',  ( 0.0000000000000000000, 0.0000000000000000000, 1.000000000000000000 ) ) ;
#3936 = PRESENTATION_LAYER_ASSIGNMENT (  '', '', ( #2674 ) ) ;
#3937 = ORIENTED_EDGE ( 'NONE', *, *, #1342, .F. ) ;
#3938 = DIRECTION ( 'NONE',  ( -1.000000000000000000, -2.168404344971008400E-016, 0.0000000000000000000 ) ) ;
#3939 =( NAMED_UNIT ( * ) PLANE_ANGLE_UNIT ( ) SI_UNIT ( $, .RADIAN. ) );
#3940 = DIRECTION ( 'NONE',  ( -0.0000000000000000000, -0.0000000000000000000, -1.000000000000000000 ) ) ;
#3941 = ORIENTED_EDGE ( 'NONE', *, *, #3576, .F. ) ;
#3942 = STYLED_ITEM ( 'NONE', ( #3445 ), #4725 ) ;
#3943 = DIRECTION ( 'NONE',  ( 1.145283985019899200E-016, -1.000000000000000000, -0.0000000000000000000 ) ) ;
#3944 = AXIS2_PLACEMENT_3D ( 'NONE', #1369, #4991, #1782 ) ;
#3945 =( GEOMETRIC_REPRESENTATION_CONTEXT ( 3 ) GLOBAL_UNCERTAINTY_ASSIGNED_CONTEXT ( ( #4727 ) ) GLOBAL_UNIT_ASSIGNED_CONTEXT ( ( #2255, #1413, #1027 ) ) REPRESENTATION_CONTEXT ( 'NONE', 'WORKASPACE' ) );
#3946 = SURFACE_SIDE_STYLE ('',( #4225 ) ) ;
#3947 = EDGE_CURVE ( 'NONE', #2914, #926, #3027, .T. ) ;
#3948 = ORIENTED_EDGE ( 'NONE', *, *, #4128, .F. ) ;
#3949 = CARTESIAN_POINT ( 'NONE',  ( -2.600000000000000100, 0.2700000000000000200, -1.000000000000000000 ) ) ;
#3950 = FACE_OUTER_BOUND ( 'NONE', #356, .T. ) ;
#3951 = EDGE_CURVE ( 'NONE', #5087, #512, #2775, .T. ) ;
#3952 = VERTEX_POINT ( 'NONE', #272 ) ;
#3953 = CARTESIAN_POINT ( 'NONE',  ( 3.799999999999999400, 0.5300000000000000300, 3.799999999999999800 ) ) ;
#3954 =( LENGTH_UNIT ( ) NAMED_UNIT ( * ) SI_UNIT ( .MILLI., .METRE. ) );
#3955 = DIRECTION ( 'NONE',  ( -0.0000000000000000000, 1.000000000000000000, -0.0000000000000000000 ) ) ;
#3956 = FACE_OUTER_BOUND ( 'NONE', #1166, .T. ) ;
#3957 = CIRCLE ( 'NONE', #643, 3.000000000000000400 ) ;
#3958 = CARTESIAN_POINT ( 'NONE',  ( 2.291287847477919900, 0.2700000000000000200, -1.000000000000000000 ) ) ;
#3959 =( NAMED_UNIT ( * ) SI_UNIT ( $, .STERADIAN. ) SOLID_ANGLE_UNIT ( ) );
#3960 = CARTESIAN_POINT ( 'NONE',  ( 3.169215880525919200, 3.449999999999999700, 1.626418571367463300 ) ) ;
#3961 = SURFACE_STYLE_USAGE ( .BOTH. , #742 ) ;
#3962 = UNCERTAINTY_MEASURE_WITH_UNIT (LENGTH_MEASURE( 1.000000000000000100E-005 ), #3487, 'distance_accuracy_value', 'NONE');
#3963 = DIRECTION ( 'NONE',  ( -0.4317712719439445500, 0.7071067811865416900, 0.5599764001490745700 ) ) ;
#3964 = MECHANICAL_DESIGN_GEOMETRIC_PRESENTATION_REPRESENTATION (  '', ( #1779 ), #3491 ) ;
#3965 = CIRCLE ( 'NONE', #2748, 3.250000000000000400 ) ;
#3966 = MECHANICAL_DESIGN_GEOMETRIC_PRESENTATION_REPRESENTATION (  '', ( #4997 ), #1410 ) ;
#3967 = ORIENTED_EDGE ( 'NONE', *, *, #1191, .T. ) ;
#3968 = MECHANICAL_DESIGN_GEOMETRIC_PRESENTATION_REPRESENTATION (  '', ( #1615 ), #5125 ) ;
#3969 = COLOUR_RGB ( '',1.000000000000000000, 1.000000000000000000, 1.000000000000000000 ) ;
#3970 = DIRECTION ( 'NONE',  ( 0.0000000000000000000, 0.0000000000000000000, 1.000000000000000000 ) ) ;
#3971 = CARTESIAN_POINT ( 'NONE',  ( -3.800000000000000300, 14.29802307403552100, 3.799999999999999800 ) ) ;
#3972 =( NAMED_UNIT ( * ) PLANE_ANGLE_UNIT ( ) SI_UNIT ( $, .RADIAN. ) );
#3973 = APPLICATION_PROTOCOL_DEFINITION ( 'draft international standard', 'automotive_design', 1998, #1083 ) ;
#3974 = ORIENTED_EDGE ( 'NONE', *, *, #1175, .F. ) ;
#3975 = AXIS2_PLACEMENT_3D ( 'NONE', #4597, #946, #2146 ) ;
#3976 = CARTESIAN_POINT ( 'NONE',  ( 0.0000000000000000000, 1.029999999999999600, 0.0000000000000000000 ) ) ;
#3977 = CIRCLE ( 'NONE', #1756, 0.02000000000000005200 ) ;
#3978 = DIRECTION ( 'NONE',  ( -1.145283985019899200E-016, 1.000000000000000000, 0.0000000000000000000 ) ) ;
#3979 = ORIENTED_EDGE ( 'NONE', *, *, #4399, .T. ) ;
#3980 = DIRECTION ( 'NONE',  ( 1.145283985019899200E-016, -1.000000000000000000, -0.0000000000000000000 ) ) ;
#3981 = CIRCLE ( 'NONE', #4675, 1.000000000000000000 ) ;
#3982 = EDGE_CURVE ( 'NONE', #608, #1181, #1632, .T. ) ;
#3983 = LINE ( 'NONE', #2376, #2716 ) ;
#3984 = ORIENTED_EDGE ( 'NONE', *, *, #2512, .F. ) ;
#3985 = VECTOR ( 'NONE', #336, 1000.000000000000000 ) ;
#3986 = VERTEX_POINT ( 'NONE', #5093 ) ;
#3987 = DIRECTION ( 'NONE',  ( -0.0000000000000000000, 1.000000000000000000, -0.0000000000000000000 ) ) ;
#3988 = FILL_AREA_STYLE_COLOUR ( '', #3870 ) ;
#3989 = ORIENTED_EDGE ( 'NONE', *, *, #395, .F. ) ;
#3990 = SURFACE_STYLE_USAGE ( .BOTH. , #1903 ) ;
#3991 = FACE_OUTER_BOUND ( 'NONE', #5162, .T. ) ;
#3992 = DIRECTION ( 'NONE',  ( 0.0000000000000000000, 0.0000000000000000000, 1.000000000000000000 ) ) ;
#3993 = ORIENTED_EDGE ( 'NONE', *, *, #3902, .F. ) ;
#3994 = DIRECTION ( 'NONE',  ( -0.0000000000000000000, -0.0000000000000000000, -1.000000000000000000 ) ) ;
#3995 = ORIENTED_EDGE ( 'NONE', *, *, #1629, .T. ) ;
#3996 = FILL_AREA_STYLE ('',( #323 ) ) ;
#3997 = VECTOR ( 'NONE', #2335, 1000.000000000000000 ) ;
#3998 = AXIS2_PLACEMENT_3D ( 'NONE', #4468, #4820, #4451 ) ;
#3999 =( NAMED_UNIT ( * ) SI_UNIT ( $, .STERADIAN. ) SOLID_ANGLE_UNIT ( ) );
#4000 = ORIENTED_EDGE ( 'NONE', *, *, #3849, .T. ) ;
#4001 = PRODUCT_DEFINITION_FORMATION_WITH_SPECIFIED_SOURCE ( 'ANY', '', #1332, .NOT_KNOWN. ) ;
#4002 = DIRECTION ( 'NONE',  ( 1.145283985019899200E-016, -1.000000000000000000, -0.0000000000000000000 ) ) ;
#4003 = EDGE_CURVE ( 'NONE', #4525, #2856, #4485, .T. ) ;
#4004 = CARTESIAN_POINT ( 'NONE',  ( 1.382171855916967600, 3.449999999999999700, 3.485986368405798800 ) ) ;
#4005 = PRESENTATION_LAYER_ASSIGNMENT (  '', '', ( #4 ) ) ;
#4006 = ORIENTED_EDGE ( 'NONE', *, *, #1466, .T. ) ;
#4007 = CYLINDRICAL_SURFACE ( 'NONE', #1525, 3.250000000000000400 ) ;
#4008 = SURFACE_SIDE_STYLE ('',( #2333 ) ) ;
#4009 = DIRECTION ( 'NONE',  ( -0.0000000000000000000, -0.0000000000000000000, -1.000000000000000000 ) ) ;
#4010 = ORIENTED_EDGE ( 'NONE', *, *, #5068, .T. ) ;
#4011 = FILL_AREA_STYLE ('',( #5213 ) ) ;
#4012 = CARTESIAN_POINT ( 'NONE',  ( -3.021188185951692700, 0.9299999999999994900, 1.197882275128038200 ) ) ;
#4013 = MECHANICAL_DESIGN_GEOMETRIC_PRESENTATION_REPRESENTATION (  '', ( #2614 ), #3161 ) ;
#4014 = DIRECTION ( 'NONE',  ( 0.0000000000000000000, -1.000000000000000000, 0.0000000000000000000 ) ) ;
#4015 = EDGE_CURVE ( 'NONE', #692, #4552, #3542, .T. ) ;
#4016 = CLOSED_SHELL ( 'NONE', ( #2879, #4463, #553, #4100, #982, #2159, #3035, #1068, #3843, #4593, #5055, #3766, #274, #4852, #1408, #4540, #477, #3821, #4687, #2552, #636, #3919, #2527, #3378, #4514, #4952, #4652, #2858, #2664, #2634, #875, #222, #3323, #4283, #2456, #2295, #1699, #4725, #3357, #854, #1040, #1846, #1012, #2578, #1328, #5008, #528, #1467, #1384, #3714, #427, #4882, #2979, #1753, #1874, #4124, #4149, #3895, #3001, #4261, #3302, #1437, #3086, #5029, #4176, #1353, #147, #2212, #3407, #1252, #612, #3060, #1723, #3436, #2183, #3461, #2109, #660, #952, #1813, #2243, #174, #69, #3494, #452, #1489, #4929, #2609, #4984, #2500, #503, #4202, #1297, #4495, #89, #3869, #2269, #4316, #2688, #2053, #1781, #1226, #199, #4703, #2086, #3114, #5077, #897, #4230, #249, #826, #584, #4627 ) ) ;
#4017 = EDGE_CURVE ( 'NONE', #1134, #2216, #4977, .T. ) ;
#4018 = VECTOR ( 'NONE', #2237, 1000.000000000000000 ) ;
#4019 = DIRECTION ( 'NONE',  ( -1.000000000000000000, 0.0000000000000000000, 0.0000000000000000000 ) ) ;
#4020 = DIRECTION ( 'NONE',  ( 0.0000000000000000000, -1.000000000000000000, 0.0000000000000000000 ) ) ;
#4021 = ORIENTED_EDGE ( 'NONE', *, *, #293, .F. ) ;
#4022 = SURFACE_SIDE_STYLE ('',( #2150 ) ) ;
#4023 = CARTESIAN_POINT ( 'NONE',  ( -1.571528283009124000E-015, 12.03528137423857000, 0.0000000000000000000 ) ) ;
#4024 = COLOUR_RGB ( '',0.5019607843137254800, 0.5019607843137254800, 0.5019607843137254800 ) ;
#4025 = UNCERTAINTY_MEASURE_WITH_UNIT (LENGTH_MEASURE( 1.000000000000000100E-005 ), #1959, 'distance_accuracy_value', 'NONE');
#4026 = SURFACE_STYLE_USAGE ( .BOTH. , #2400 ) ;
#4027 =( LENGTH_UNIT ( ) NAMED_UNIT ( * ) SI_UNIT ( .MILLI., .METRE. ) );
#4028 = PRESENTATION_LAYER_ASSIGNMENT (  '', '', ( #4824 ) ) ;
#4029 = ORIENTED_EDGE ( 'NONE', *, *, #3687, .F. ) ;
#4030 = DIRECTION ( 'NONE',  ( -0.0000000000000000000, -0.0000000000000000000, -1.000000000000000000 ) ) ;
#4031 = PRESENTATION_STYLE_ASSIGNMENT (( #861 ) ) ;
#4032 = DIRECTION ( 'NONE',  ( 1.000000000000000000, 0.0000000000000000000, 0.0000000000000000000 ) ) ;
#4033 = DIRECTION ( 'NONE',  ( 0.0000000000000000000, 1.000000000000000000, 0.0000000000000000000 ) ) ;
#4034 = PRESENTATION_LAYER_ASSIGNMENT (  '', '', ( #1779 ) ) ;
#4035 = COLOUR_RGB ( '',1.000000000000000000, 1.000000000000000000, 1.000000000000000000 ) ;
#4036 = EDGE_CURVE ( 'NONE', #432, #4425, #5156, .T. ) ;
#4037 = ORIENTED_EDGE ( 'NONE', *, *, #3181, .F. ) ;
#4038 = AXIS2_PLACEMENT_3D ( 'NONE', #2956, #186, #3453 ) ;
#4039 = VECTOR ( 'NONE', #1708, 1000.000000000000100 ) ;
#4040 = ORIENTED_EDGE ( 'NONE', *, *, #3772, .F. ) ;
#4041 = MECHANICAL_DESIGN_GEOMETRIC_PRESENTATION_REPRESENTATION (  '', ( #4683 ), #1385 ) ;
#4042 = CARTESIAN_POINT ( 'NONE',  ( 3.485986368405793500, 3.449999999999999700, 1.382171855916980900 ) ) ;
#4043 = PRESENTATION_STYLE_ASSIGNMENT (( #3259 ) ) ;
#4044 = AXIS2_PLACEMENT_3D ( 'NONE', #3366, #2175, #944 ) ;
#4045 = DIRECTION ( 'NONE',  ( -0.0000000000000000000, 0.0000000000000000000, 1.000000000000000000 ) ) ;
#4046 = LINE ( 'NONE', #1129, #798 ) ;
#4047 = AXIS2_PLACEMENT_3D ( 'NONE', #247, #4251, #4281 ) ;
#4048 = ORIENTED_EDGE ( 'NONE', *, *, #4077, .T. ) ;
#4049 = SURFACE_STYLE_USAGE ( .BOTH. , #1596 ) ;
#4050 = CARTESIAN_POINT ( 'NONE',  ( -2.298097038856275400, 3.350000000000005000, -2.298097038856282900 ) ) ;
#4051 =( NAMED_UNIT ( * ) PLANE_ANGLE_UNIT ( ) SI_UNIT ( $, .RADIAN. ) );
#4052 = SURFACE_STYLE_USAGE ( .BOTH. , #5204 ) ;
#4053 = ORIENTED_EDGE ( 'NONE', *, *, #2547, .F. ) ;
#4054 = VERTEX_POINT ( 'NONE', #2717 ) ;
#4055 = CARTESIAN_POINT ( 'NONE',  ( 0.0000000000000000000, 3.350000000000005000, 0.0000000000000000000 ) ) ;
#4056 = VECTOR ( 'NONE', #976, 1000.000000000000000 ) ;
#4057 = ORIENTED_EDGE ( 'NONE', *, *, #1532, .T. ) ;
#4058 =( NAMED_UNIT ( * ) PLANE_ANGLE_UNIT ( ) SI_UNIT ( $, .RADIAN. ) );
#4059 = CARTESIAN_POINT ( 'NONE',  ( -2.739999999999999800, 0.0000000000000000000, 1.000000000000000000 ) ) ;
#4060 = DIRECTION ( 'NONE',  ( 1.308519863344573800E-016, -1.000000000000000000, -0.0000000000000000000 ) ) ;
#4061 = ORIENTED_EDGE ( 'NONE', *, *, #747, .T. ) ;
#4062 = VERTEX_POINT ( 'NONE', #1485 ) ;
#4063 =( NAMED_UNIT ( * ) PLANE_ANGLE_UNIT ( ) SI_UNIT ( $, .RADIAN. ) );
#4064 =( GEOMETRIC_REPRESENTATION_CONTEXT ( 3 ) GLOBAL_UNCERTAINTY_ASSIGNED_CONTEXT ( ( #1062 ) ) GLOBAL_UNIT_ASSIGNED_CONTEXT ( ( #1064, #987, #3840 ) ) REPRESENTATION_CONTEXT ( 'NONE', 'WORKASPACE' ) );
#4065 = CARTESIAN_POINT ( 'NONE',  ( 1.419999999999999900, 0.5300000000000003600, 3.799999999999999800 ) ) ;
#4066 = ORIENTED_EDGE ( 'NONE', *, *, #2471, .T. ) ;
#4067 =( NAMED_UNIT ( * ) SI_UNIT ( $, .STERADIAN. ) SOLID_ANGLE_UNIT ( ) );
#4068 = CARTESIAN_POINT ( 'NONE',  ( -3.630000000000000300, 6.776263578034402700E-017, 1.000000000000000000 ) ) ;
#4069 = ORIENTED_EDGE ( 'NONE', *, *, #268, .F. ) ;
#4070 = MECHANICAL_DESIGN_GEOMETRIC_PRESENTATION_REPRESENTATION (  '', ( #4961 ), #1447 ) ;
#4071 = EDGE_CURVE ( 'NONE', #1776, #3406, #4105, .T. ) ;
#4072 = DIRECTION ( 'NONE',  ( -1.000000000000000000, -1.145283985019899200E-016, 0.0000000000000000000 ) ) ;
#4073 = VERTEX_POINT ( 'NONE', #3960 ) ;
#4074 =( NAMED_UNIT ( * ) SI_UNIT ( $, .STERADIAN. ) SOLID_ANGLE_UNIT ( ) );
#4075 = CARTESIAN_POINT ( 'NONE',  ( -4.612123605832326000E-016, 3.549999999999999400, 0.0000000000000000000 ) ) ;
#4076 = CARTESIAN_POINT ( 'NONE',  ( -2.800000000000000300, 3.350000000000000100, -2.799999999999999800 ) ) ;
#4077 = EDGE_CURVE ( 'NONE', #1276, #2916, #2844, .T. ) ;
#4078 = DIRECTION ( 'NONE',  ( 0.0000000000000000000, 1.000000000000000000, 0.0000000000000000000 ) ) ;
#4079 = EDGE_CURVE ( 'NONE', #326, #2963, #2959, .T. ) ;
#4080 = SURFACE_STYLE_USAGE ( .BOTH. , #4891 ) ;
#4081 = FACE_OUTER_BOUND ( 'NONE', #2472, .T. ) ;
#4082 = LINE ( 'NONE', #1989, #3650 ) ;
#4083 = ORIENTED_EDGE ( 'NONE', *, *, #3021, .T. ) ;
#4084 = DIRECTION ( 'NONE',  ( 0.0000000000000000000, 0.0000000000000000000, 1.000000000000000000 ) ) ;
#4085 = LINE ( 'NONE', #1742, #715 ) ;
#4086 = UNCERTAINTY_MEASURE_WITH_UNIT (LENGTH_MEASURE( 1.000000000000000100E-005 ), #618, 'distance_accuracy_value', 'NONE');
#4087 = CARTESIAN_POINT ( 'NONE',  ( 3.650000000000000400, 0.9300000000000001600, 1.000000000000000400 ) ) ;
#4088 = EDGE_LOOP ( 'NONE', ( #999, #3857, #3686, #4168 ) ) ;
#4089 = CARTESIAN_POINT ( 'NONE',  ( 0.0000000000000000000, 0.2700000000000000200, 0.0000000000000000000 ) ) ;
#4090 = SURFACE_SIDE_STYLE ('',( #1441 ) ) ;
#4091 = MECHANICAL_DESIGN_GEOMETRIC_PRESENTATION_REPRESENTATION (  '', ( #2022 ), #2554 ) ;
#4092 = EDGE_LOOP ( 'NONE', ( #1186, #3921, #702, #2017 ) ) ;
#4093 = CARTESIAN_POINT ( 'NONE',  ( 1.419999999999999900, 0.9299999999999999400, -3.799999999999999800 ) ) ;
#4094 = CARTESIAN_POINT ( 'NONE',  ( 1.687480250230080700, 0.5300000000000001400, -3.090023258555954400 ) ) ;
#4095 = PRODUCT_RELATED_PRODUCT_CATEGORY ( 'part', '', ( #1332 ) ) ;
#4096 = LINE ( 'NONE', #3517, #175 ) ;
#4097 = EDGE_CURVE ( 'NONE', #853, #4309, #4850, .T. ) ;
#4098 = AXIS2_PLACEMENT_3D ( 'NONE', #1072, #3056, #223 ) ;
#4099 = EDGE_LOOP ( 'NONE', ( #5026, #4700, #1765, #932 ) ) ;
#4100 = ADVANCED_FACE ( 'NONE', ( #3806 ), #2336, .F. ) ;
#4101 = FILL_AREA_STYLE ('',( #1718 ) ) ;
#4102 = ORIENTED_EDGE ( 'NONE', *, *, #4539, .T. ) ;
#4103 = MECHANICAL_DESIGN_GEOMETRIC_PRESENTATION_REPRESENTATION (  '', ( #3846 ), #5167 ) ;
#4104 = FILL_AREA_STYLE_COLOUR ( '', #830 ) ;
#4105 = LINE ( 'NONE', #2733, #3925 ) ;
#4106 = VERTEX_POINT ( 'NONE', #758 ) ;
#4107 = EDGE_CURVE ( 'NONE', #4291, #53, #1066, .T. ) ;
#4108 = CARTESIAN_POINT ( 'NONE',  ( 1.382171855916979800, 3.449999999999999700, -3.485986368405793500 ) ) ;
#4109 =( LENGTH_UNIT ( ) NAMED_UNIT ( * ) SI_UNIT ( .MILLI., .METRE. ) );
#4110 = ORIENTED_EDGE ( 'NONE', *, *, #42, .F. ) ;
#4111 = EDGE_CURVE ( 'NONE', #2100, #2356, #2583, .T. ) ;
#4112 = DIRECTION ( 'NONE',  ( 0.0000000000000000000, 0.0000000000000000000, 1.000000000000000000 ) ) ;
#4113 = VERTEX_POINT ( 'NONE', #1608 ) ;
#4114 = DIRECTION ( 'NONE',  ( 0.0000000000000000000, 1.000000000000000000, -0.0000000000000000000 ) ) ;
#4115 = CARTESIAN_POINT ( 'NONE',  ( -2.987419390442724000, 0.9299999999999999400, 1.419999999999999900 ) ) ;
#4116 = VERTEX_POINT ( 'NONE', #4012 ) ;
#4117 = FACE_OUTER_BOUND ( 'NONE', #4088, .T. ) ;
#4118 = VERTEX_POINT ( 'NONE', #1576 ) ;
#4119 = UNCERTAINTY_MEASURE_WITH_UNIT (LENGTH_MEASURE( 1.000000000000000100E-005 ), #1321, 'distance_accuracy_value', 'NONE');
#4120 = LINE ( 'NONE', #3953, #4553 ) ;
#4121 = VERTEX_POINT ( 'NONE', #1597 ) ;
#4122 = SURFACE_SIDE_STYLE ('',( #2228 ) ) ;
#4123 = VERTEX_POINT ( 'NONE', #1183 ) ;
#4124 = ADVANCED_FACE ( 'NONE', ( #2083 ), #2331, .F. ) ;
#4125 = CARTESIAN_POINT ( 'NONE',  ( 1.382171855916967600, 3.350000000000005000, 3.485986368405798800 ) ) ;
#4126 = DIRECTION ( 'NONE',  ( -0.0000000000000000000, -0.0000000000000000000, -1.000000000000000000 ) ) ;
#4127 = AXIS2_PLACEMENT_3D ( 'NONE', #2661, #236, #3047 ) ;
#4128 = EDGE_CURVE ( 'NONE', #476, #1495, #3274, .T. ) ;
#4129 =( NAMED_UNIT ( * ) SI_UNIT ( $, .STERADIAN. ) SOLID_ANGLE_UNIT ( ) );
#4130 = AXIS2_PLACEMENT_3D ( 'NONE', #2044, #423, #3631 ) ;
#4131 = ORIENTED_EDGE ( 'NONE', *, *, #3756, .F. ) ;
#4132 = COLOUR_RGB ( '',0.5019607843137254800, 0.5019607843137254800, 0.5019607843137254800 ) ;
#4133 = CIRCLE ( 'NONE', #2920, 1.099999999999997000 ) ;
#4134 = AXIS2_PLACEMENT_3D ( 'NONE', #1160, #2320, #3524 ) ;
#4135 = CYLINDRICAL_SURFACE ( 'NONE', #2330, 0.5000000000000004400 ) ;
#4136 = CARTESIAN_POINT ( 'NONE',  ( -1.382171855916968000, 3.449999999999999700, -3.485986368405798300 ) ) ;
#4137 = MECHANICAL_DESIGN_GEOMETRIC_PRESENTATION_REPRESENTATION (  '', ( #775 ), #3782 ) ;
#4138 = CARTESIAN_POINT ( 'NONE',  ( -3.630000000000000300, 6.776263578034402700E-017, 1.000000000000000000 ) ) ;
#4139 = CIRCLE ( 'NONE', #3389, 1.099999999999997000 ) ;
#4140 = PLANE ( 'NONE',  #3944 ) ;
#4141 =( NAMED_UNIT ( * ) PLANE_ANGLE_UNIT ( ) SI_UNIT ( $, .RADIAN. ) );
#4142 = CARTESIAN_POINT ( 'NONE',  ( 1.382171855916967600, 3.449999999999999700, 3.485986368405798800 ) ) ;
#4143 = EDGE_CURVE ( 'NONE', #548, #2520, #919, .T. ) ;
#4144 = COLOUR_RGB ( '',0.5019607843137254800, 0.5019607843137254800, 0.5019607843137254800 ) ;
#4145 = DIRECTION ( 'NONE',  ( 0.0000000000000000000, 1.000000000000000000, 0.0000000000000000000 ) ) ;
#4146 = FILL_AREA_STYLE ('',( #491 ) ) ;
#4147 =( NAMED_UNIT ( * ) SI_UNIT ( $, .STERADIAN. ) SOLID_ANGLE_UNIT ( ) );
#4148 = EDGE_LOOP ( 'NONE', ( #4131, #194, #4686, #5095, #4718, #5112, #817, #2735 ) ) ;
#4149 = ADVANCED_FACE ( 'NONE', ( #3799 ), #5200, .T. ) ;
#4150 = CIRCLE ( 'NONE', #4044, 0.5000000000000000000 ) ;
#4151 = ORIENTED_EDGE ( 'NONE', *, *, #4276, .T. ) ;
#4152 = SURFACE_STYLE_FILL_AREA ( #2700 ) ;
#4153 = SURFACE_STYLE_USAGE ( .BOTH. , #451 ) ;
#4154 = ORIENTED_EDGE ( 'NONE', *, *, #3889, .F. ) ;
#4155 = CARTESIAN_POINT ( 'NONE',  ( 2.799999999999999400, 14.29802307403552100, -3.799999999999999400 ) ) ;
#4156 = CARTESIAN_POINT ( 'NONE',  ( 3.485986368405793500, 3.449999999999999700, 1.382171855916980900 ) ) ;
#4157 = AXIS2_PLACEMENT_3D ( 'NONE', #733, #1094, #4374 ) ;
#4158 = CARTESIAN_POINT ( 'NONE',  ( 1.197882275128038500, 0.5300000000000001400, 3.021188185951692700 ) ) ;
#4159 = SURFACE_SIDE_STYLE ('',( #2997 ) ) ;
#4160 = EDGE_LOOP ( 'NONE', ( #3212, #3432, #3989, #322 ) ) ;
#4161 = AXIS2_PLACEMENT_3D ( 'NONE', #3459, #3858, #3084 ) ;
#4162 = EDGE_CURVE ( 'NONE', #870, #3742, #4354, .T. ) ;
#4163 = EDGE_LOOP ( 'NONE', ( #1958, #1643, #2290, #2190 ) ) ;
#4164 = PRESENTATION_STYLE_ASSIGNMENT (( #1432 ) ) ;
#4165 = MECHANICAL_DESIGN_GEOMETRIC_PRESENTATION_REPRESENTATION (  '', ( #102 ), #1451 ) ;
#4166 = DIRECTION ( 'NONE',  ( 0.0000000000000000000, -1.000000000000000000, 0.0000000000000000000 ) ) ;
#4167 = PRESENTATION_STYLE_ASSIGNMENT (( #4823 ) ) ;
#4168 = ORIENTED_EDGE ( 'NONE', *, *, #5137, .T. ) ;
#4169 = SURFACE_STYLE_FILL_AREA ( #4771 ) ;
#4170 = PRESENTATION_LAYER_ASSIGNMENT (  '', '', ( #3091 ) ) ;
#4171 = CARTESIAN_POINT ( 'NONE',  ( 3.090023258555960200, 1.030000000000000000, -1.687480250230070300 ) ) ;
#4172 = EDGE_LOOP ( 'NONE', ( #2102, #2649, #2476, #2949, #1084, #63, #2892, #4217, #4188, #1313, #1770, #271, #1914, #1703, #2297, #1136 ) ) ;
#4173 = EDGE_CURVE ( 'NONE', #5052, #870, #4970, .T. ) ;
#4174 = FACE_OUTER_BOUND ( 'NONE', #748, .T. ) ;
#4175 = ORIENTED_EDGE ( 'NONE', *, *, #1090, .T. ) ;
#4176 = ADVANCED_FACE ( 'NONE', ( #803 ), #1627, .F. ) ;
#4177 = FILL_AREA_STYLE_COLOUR ( '', #3661 ) ;
#4178 = LINE ( 'NONE', #4368, #4617 ) ;
#4179 = CARTESIAN_POINT ( 'NONE',  ( 1.687480250230069600, 0.5300000000000001400, 3.090023258555960200 ) ) ;
#4180 = DIRECTION ( 'NONE',  ( -0.0000000000000000000, -0.0000000000000000000, -1.000000000000000000 ) ) ;
#4181 = ORIENTED_EDGE ( 'NONE', *, *, #2755, .F. ) ;
#4182 = DIRECTION ( 'NONE',  ( 0.0000000000000000000, -0.0000000000000000000, 1.000000000000000000 ) ) ;
#4183 = UNCERTAINTY_MEASURE_WITH_UNIT (LENGTH_MEASURE( 1.000000000000000100E-005 ), #4692, 'distance_accuracy_value', 'NONE');
#4184 = DIRECTION ( 'NONE',  ( 0.0000000000000000000, -1.000000000000000000, 0.0000000000000000000 ) ) ;
#4185 = CARTESIAN_POINT ( 'NONE',  ( -2.739999999999999800, 0.1200000000000000100, 1.000000000000000000 ) ) ;
#4186 = ORIENTED_EDGE ( 'NONE', *, *, #895, .T. ) ;
#4187 = SURFACE_STYLE_FILL_AREA ( #3290 ) ;
#4188 = ORIENTED_EDGE ( 'NONE', *, *, #2722, .F. ) ;
#4189 =( GEOMETRIC_REPRESENTATION_CONTEXT ( 3 ) GLOBAL_UNCERTAINTY_ASSIGNED_CONTEXT ( ( #3711 ) ) GLOBAL_UNIT_ASSIGNED_CONTEXT ( ( #3788, #948, #1373 ) ) REPRESENTATION_CONTEXT ( 'NONE', 'WORKASPACE' ) );
#4190 = PRESENTATION_STYLE_ASSIGNMENT (( #3381 ) ) ;
#4191 = CARTESIAN_POINT ( 'NONE',  ( 2.987419390442716900, 0.5300000000000000300, 1.419999999999999900 ) ) ;
#4192 = ORIENTED_EDGE ( 'NONE', *, *, #3617, .T. ) ;
#4193 = EDGE_CURVE ( 'NONE', #3612, #127, #546, .T. ) ;
#4194 = CIRCLE ( 'NONE', #1018, 0.5000000000000000000 ) ;
#4195 = SURFACE_SIDE_STYLE ('',( #4971 ) ) ;
#4196 = DIRECTION ( 'NONE',  ( 1.000000000000000000, 0.0000000000000000000, 0.0000000000000000000 ) ) ;
#4197 = STYLED_ITEM ( 'NONE', ( #231 ), #2879 ) ;
#4198 = FILL_AREA_STYLE ('',( #543 ) ) ;
#4199 = DIRECTION ( 'NONE',  ( -0.0000000000000000000, -0.0000000000000000000, -1.000000000000000000 ) ) ;
#4200 = VECTOR ( 'NONE', #3456, 1000.000000000000000 ) ;
#4201 = LINE ( 'NONE', #1399, #4018 ) ;
#4202 = ADVANCED_FACE ( 'NONE', ( #1246, #4731, #54 ), #1283, .F. ) ;
#4203 = PRESENTATION_LAYER_ASSIGNMENT (  '', '', ( #3942 ) ) ;
#4204 = VECTOR ( 'NONE', #1834, 1000.000000000000000 ) ;
#4205 = DIRECTION ( 'NONE',  ( 0.0000000000000000000, -1.000000000000000000, 0.0000000000000000000 ) ) ;
#4206 = MECHANICAL_DESIGN_GEOMETRIC_PRESENTATION_REPRESENTATION (  '', ( #3218 ), #1216 ) ;
#4207 = EDGE_CURVE ( 'NONE', #1181, #2517, #1308, .T. ) ;
#4208 = PRESENTATION_STYLE_ASSIGNMENT (( #811 ) ) ;
#4209 = DIRECTION ( 'NONE',  ( 0.0000000000000000000, 0.0000000000000000000, 1.000000000000000000 ) ) ;
#4210 = EDGE_CURVE ( 'NONE', #3054, #4893, #3339, .T. ) ;
#4211 = UNCERTAINTY_MEASURE_WITH_UNIT (LENGTH_MEASURE( 1.000000000000000100E-005 ), #790, 'distance_accuracy_value', 'NONE');
#4212 = CARTESIAN_POINT ( 'NONE',  ( -2.298097038856283400, 3.350000000000005000, 2.298097038856274900 ) ) ;
#4213 = FILL_AREA_STYLE ('',( #4953 ) ) ;
#4214 =( NAMED_UNIT ( * ) PLANE_ANGLE_UNIT ( ) SI_UNIT ( $, .RADIAN. ) );
#4215 = FACE_OUTER_BOUND ( 'NONE', #1450, .T. ) ;
#4216 = DIRECTION ( 'NONE',  ( -1.000000000000000000, -1.145283985019899500E-016, 0.0000000000000000000 ) ) ;
#4217 = ORIENTED_EDGE ( 'NONE', *, *, #4097, .F. ) ;
#4218 = CARTESIAN_POINT ( 'NONE',  ( 2.987419390442716900, 0.9299999999999999400, 1.419999999999999900 ) ) ;
#4219 = DIRECTION ( 'NONE',  ( 1.145283985019899200E-016, -1.000000000000000000, -0.0000000000000000000 ) ) ;
#4220 = CIRCLE ( 'NONE', #3905, 0.5000000000000000000 ) ;
#4221 = DIRECTION ( 'NONE',  ( -0.0000000000000000000, 1.000000000000000000, -0.0000000000000000000 ) ) ;
#4222 = ORIENTED_EDGE ( 'NONE', *, *, #2385, .T. ) ;
#4223 = FACE_OUTER_BOUND ( 'NONE', #4615, .T. ) ;
#4224 = CARTESIAN_POINT ( 'NONE',  ( 0.9999999999999995600, 0.2700000000000000200, 2.291287847477920400 ) ) ;
#4225 = SURFACE_STYLE_FILL_AREA ( #2699 ) ;
#4226 = VERTEX_POINT ( 'NONE', #2492 ) ;
#4227 = AXIS2_PLACEMENT_3D ( 'NONE', #1361, #118, #4602 ) ;
#4228 = FILL_AREA_STYLE ('',( #3396 ) ) ;
#4229 = LINE ( 'NONE', #4995, #2012 ) ;
#4230 = ADVANCED_FACE ( 'NONE', ( #362, #120 ), #3307, .T. ) ;
#4231 = CARTESIAN_POINT ( 'NONE',  ( -3.000000000000002200, 12.03528137423857000, 3.673940397442060400E-016 ) ) ;
#4232 = STYLED_ITEM ( 'NONE', ( #4043 ), #3060 ) ;
#4233 = DIRECTION ( 'NONE',  ( -0.0000000000000000000, 1.000000000000000000, -0.0000000000000000000 ) ) ;
#4234 = DIRECTION ( 'NONE',  ( -0.0000000000000000000, -0.0000000000000000000, -1.000000000000000000 ) ) ;
#4235 = PRESENTATION_STYLE_ASSIGNMENT (( #4410 ) ) ;
#4236 = EDGE_LOOP ( 'NONE', ( #2729, #4006, #4928, #4415 ) ) ;
#4237 = FILL_AREA_STYLE ('',( #1339 ) ) ;
#4238 = VECTOR ( 'NONE', #3568, 1000.000000000000000 ) ;
#4239 = CARTESIAN_POINT ( 'NONE',  ( 3.485986368405793500, 0.9300000000000001600, 1.382171855916980900 ) ) ;
#4240 = DIRECTION ( 'NONE',  ( 0.0000000000000000000, 0.0000000000000000000, 1.000000000000000000 ) ) ;
#4241 = PRESENTATION_LAYER_ASSIGNMENT (  '', '', ( #1 ) ) ;
#4242 = CARTESIAN_POINT ( 'NONE',  ( 1.687480250230081000, 1.030000000000000000, -3.090023258555954400 ) ) ;
#4243 = EDGE_LOOP ( 'NONE', ( #1609, #4738, #3694, #4788 ) ) ;
#4244 = SURFACE_STYLE_FILL_AREA ( #601 ) ;
#4245 = ORIENTED_EDGE ( 'NONE', *, *, #4812, .F. ) ;
#4246 = AXIS2_PLACEMENT_3D ( 'NONE', #3679, #3713, #4045 ) ;
#4247 = CARTESIAN_POINT ( 'NONE',  ( 2.298097038856273600, 0.5300000000000001400, 2.298097038856282000 ) ) ;
#4248 = CARTESIAN_POINT ( 'NONE',  ( 3.021188185951692300, 1.030000000000000000, -1.197882275128038700 ) ) ;
#4249 = ORIENTED_EDGE ( 'NONE', *, *, #2039, .F. ) ;
#4250 = ORIENTED_EDGE ( 'NONE', *, *, #4963, .T. ) ;
#4251 = DIRECTION ( 'NONE',  ( 0.0000000000000000000, 1.000000000000000000, 0.0000000000000000000 ) ) ;
#4252 = EDGE_CURVE ( 'NONE', #4748, #4116, #599, .T. ) ;
#4253 = ORIENTED_EDGE ( 'NONE', *, *, #4036, .T. ) ;
#4254 = FILL_AREA_STYLE ('',( #3023 ) ) ;
#4255 = CARTESIAN_POINT ( 'NONE',  ( 3.800000000000000300, 0.5300000000000000300, 1.419999999999999900 ) ) ;
#4256 = UNCERTAINTY_MEASURE_WITH_UNIT (LENGTH_MEASURE( 1.000000000000000100E-005 ), #2041, 'distance_accuracy_value', 'NONE');
#4257 =( NAMED_UNIT ( * ) SI_UNIT ( $, .STERADIAN. ) SOLID_ANGLE_UNIT ( ) );
#4258 = CARTESIAN_POINT ( 'NONE',  ( 0.0000000000000000000, 3.350000000000005000, 0.0000000000000000000 ) ) ;
#4259 = CARTESIAN_POINT ( 'NONE',  ( -2.620000000000000100, 0.1200000000000000100, 1.000000000000000000 ) ) ;
#4260 = ORIENTED_EDGE ( 'NONE', *, *, #1121, .T. ) ;
#4261 = ADVANCED_FACE ( 'NONE', ( #1944 ), #4497, .F. ) ;
#4262 = VERTEX_POINT ( 'NONE', #3325 ) ;
#4263 = DIRECTION ( 'NONE',  ( -1.000000000000000000, -1.000802005371234800E-016, 0.0000000000000000000 ) ) ;
#4264 = DIRECTION ( 'NONE',  ( 0.2606248245557563600, -0.7071067811865425800, 0.6573238933929667100 ) ) ;
#4265 = AXIS2_PLACEMENT_3D ( 'NONE', #3712, #2071, #1266 ) ;
#4266 = DIRECTION ( 'NONE',  ( -0.0000000000000000000, -0.0000000000000000000, -1.000000000000000000 ) ) ;
#4267 =( NAMED_UNIT ( * ) SI_UNIT ( $, .STERADIAN. ) SOLID_ANGLE_UNIT ( ) );
#4268 = EDGE_CURVE ( 'NONE', #2914, #692, #904, .T. ) ;
#4269 = CARTESIAN_POINT ( 'NONE',  ( 2.600000000000000500, 0.1500000000000013300, 1.000000000000000000 ) ) ;
#4270 = AXIS2_PLACEMENT_3D ( 'NONE', #2882, #4932, #103 ) ;
#4271 = CARTESIAN_POINT ( 'NONE',  ( -3.090023258555960600, 0.5300000000000001400, 1.687480250230069900 ) ) ;
#4272 = CARTESIAN_POINT ( 'NONE',  ( -2.800000000000000700, 0.5300000000000000300, 3.799999999999999800 ) ) ;
#4273 = PRESENTATION_STYLE_ASSIGNMENT (( #5177 ) ) ;
#4274 = CARTESIAN_POINT ( 'NONE',  ( -1.234740191285823100, 3.449999999999999700, -3.114147822442510100 ) ) ;
#4275 = SURFACE_SIDE_STYLE ('',( #4152 ) ) ;
#4276 = EDGE_CURVE ( 'NONE', #1273, #1258, #2887, .T. ) ;
#4277 = ORIENTED_EDGE ( 'NONE', *, *, #575, .F. ) ;
#4278 = PRESENTATION_LAYER_ASSIGNMENT (  '', '', ( #2479 ) ) ;
#4279 = EDGE_CURVE ( 'NONE', #834, #4121, #2122, .T. ) ;
#4280 = FACE_OUTER_BOUND ( 'NONE', #3793, .T. ) ;
#4281 = DIRECTION ( 'NONE',  ( 0.0000000000000000000, 0.0000000000000000000, 1.000000000000000000 ) ) ;
#4282 = ORIENTED_EDGE ( 'NONE', *, *, #1942, .T. ) ;
#4283 = ADVANCED_FACE ( 'NONE', ( #4280 ), #2161, .T. ) ;
#4284 = DIRECTION ( 'NONE',  ( 0.0000000000000000000, 0.0000000000000000000, -1.000000000000000000 ) ) ;
#4285 = LINE ( 'NONE', #1850, #2765 ) ;
#4286 = CIRCLE ( 'NONE', #4401, 0.4000000000000032400 ) ;
#4287 = FILL_AREA_STYLE_COLOUR ( '', #4732 ) ;
#4288 = CIRCLE ( 'NONE', #2104, 3.250000000000000400 ) ;
#4289 = DIRECTION ( 'NONE',  ( -1.000000000000000000, 0.0000000000000000000, 0.0000000000000000000 ) ) ;
#4290 =( NAMED_UNIT ( * ) SI_UNIT ( $, .STERADIAN. ) SOLID_ANGLE_UNIT ( ) );
#4291 = VERTEX_POINT ( 'NONE', #2213 ) ;
#4292 = CARTESIAN_POINT ( 'NONE',  ( -1.382171855916980000, 3.350000000000005000, 2.985986368405793500 ) ) ;
#4293 = LINE ( 'NONE', #1412, #3794 ) ;
#4294 = PLANE ( 'NONE',  #2918 ) ;
#4295 = VERTEX_POINT ( 'NONE', #2580 ) ;
#4296 =( NAMED_UNIT ( * ) PLANE_ANGLE_UNIT ( ) SI_UNIT ( $, .RADIAN. ) );
#4297 =( GEOMETRIC_REPRESENTATION_CONTEXT ( 3 ) GLOBAL_UNCERTAINTY_ASSIGNED_CONTEXT ( ( #1194 ) ) GLOBAL_UNIT_ASSIGNED_CONTEXT ( ( #773, #4806, #1108 ) ) REPRESENTATION_CONTEXT ( 'NONE', 'WORKASPACE' ) );
#4298 = SURFACE_STYLE_FILL_AREA ( #4427 ) ;
#4299 = EDGE_LOOP ( 'NONE', ( #3088, #2630, #2965, #3409 ) ) ;
#4300 = LINE ( 'NONE', #4158, #4422 ) ;
#4301 = MECHANICAL_DESIGN_GEOMETRIC_PRESENTATION_REPRESENTATION (  '', ( #1236 ), #2598 ) ;
#4302 = EDGE_CURVE ( 'NONE', #531, #1251, #4776, .T. ) ;
#4303 = VECTOR ( 'NONE', #5100, 1000.000000000000000 ) ;
#4304 = ORIENTED_EDGE ( 'NONE', *, *, #1840, .T. ) ;
#4305 =( NAMED_UNIT ( * ) SI_UNIT ( $, .STERADIAN. ) SOLID_ANGLE_UNIT ( ) );
#4306 = AXIS2_PLACEMENT_3D ( 'NONE', #3844, #1403, #2224 ) ;
#4307 = CARTESIAN_POINT ( 'NONE',  ( -3.629999999999999900, 0.1200000000000000200, -1.000000000000000000 ) ) ;
#4308 = ORIENTED_EDGE ( 'NONE', *, *, #4734, .T. ) ;
#4309 = VERTEX_POINT ( 'NONE', #2987 ) ;
#4310 = DIRECTION ( 'NONE',  ( 0.0000000000000000000, -1.000000000000000000, 0.0000000000000000000 ) ) ;
#4311 = SURFACE_SIDE_STYLE ('',( #647 ) ) ;
#4312 = AXIS2_PLACEMENT_3D ( 'NONE', #2077, #1804, #2967 ) ;
#4313 = DIRECTION ( 'NONE',  ( 0.0000000000000000000, 0.0000000000000000000, -1.000000000000000000 ) ) ;
#4314 = PRESENTATION_LAYER_ASSIGNMENT (  '', '', ( #3218 ) ) ;
#4315 = VERTEX_POINT ( 'NONE', #921 ) ;
#4316 = ADVANCED_FACE ( 'NONE', ( #2186 ), #284, .T. ) ;
#4317 = AXIS2_PLACEMENT_3D ( 'NONE', #311, #4702, #677 ) ;
#4318 = CARTESIAN_POINT ( 'NONE',  ( -3.629999999999999900, 0.1200000000000000200, -1.000000000000000000 ) ) ;
#4319 = DIRECTION ( 'NONE',  ( 0.0000000000000000000, 1.000000000000000000, -0.0000000000000000000 ) ) ;
#4320 = ORIENTED_EDGE ( 'NONE', *, *, #3582, .F. ) ;
#4321 = LINE ( 'NONE', #3655, #3566 ) ;
#4322 = CARTESIAN_POINT ( 'NONE',  ( -3.800000000000000300, 0.5300000000000000300, 3.799999999999999800 ) ) ;
#4323 = DIRECTION ( 'NONE',  ( 1.308519863344575000E-016, -1.000000000000000000, 0.0000000000000000000 ) ) ;
#4324 = ORIENTED_EDGE ( 'NONE', *, *, #306, .F. ) ;
#4325 = CARTESIAN_POINT ( 'NONE',  ( 0.0000000000000000000, 3.350000000000005000, 0.0000000000000000000 ) ) ;
#4326 =( NAMED_UNIT ( * ) SI_UNIT ( $, .STERADIAN. ) SOLID_ANGLE_UNIT ( ) );
#4327 = ORIENTED_EDGE ( 'NONE', *, *, #4015, .T. ) ;
#4328 = AXIS2_PLACEMENT_3D ( 'NONE', #3009, #2293, #1523 ) ;
#4329 = LINE ( 'NONE', #4777, #778 ) ;
#4330 = AXIS2_PLACEMENT_3D ( 'NONE', #1044, #3892, #1449 ) ;
#4331 =( LENGTH_UNIT ( ) NAMED_UNIT ( * ) SI_UNIT ( .MILLI., .METRE. ) );
#4332 = FACE_OUTER_BOUND ( 'NONE', #3698, .T. ) ;
#4333 =( NAMED_UNIT ( * ) PLANE_ANGLE_UNIT ( ) SI_UNIT ( $, .RADIAN. ) );
#4334 = STYLED_ITEM ( 'NONE', ( #4235 ), #4100 ) ;
#4335 = LINE ( 'NONE', #388, #2691 ) ;
#4336 = EDGE_CURVE ( 'NONE', #5206, #3353, #5138, .T. ) ;
#4337 = CARTESIAN_POINT ( 'NONE',  ( 2.620000000000000600, 0.1500000000000013300, -1.000000000000000000 ) ) ;
#4338 = CIRCLE ( 'NONE', #3818, 0.5000000000000000000 ) ;
#4339 = DIRECTION ( 'NONE',  ( 0.0000000000000000000, 1.000000000000000000, 0.0000000000000000000 ) ) ;
#4340 = SURFACE_STYLE_FILL_AREA ( #2656 ) ;
#4341 = CARTESIAN_POINT ( 'NONE',  ( 3.750000000000000400, 0.9299999999999999400, 1.000000000000000000 ) ) ;
#4342 = PRESENTATION_STYLE_ASSIGNMENT (( #4049 ) ) ;
#4343 = ORIENTED_EDGE ( 'NONE', *, *, #2937, .F. ) ;
#4344 = UNCERTAINTY_MEASURE_WITH_UNIT (LENGTH_MEASURE( 1.000000000000000100E-005 ), #2838, 'distance_accuracy_value', 'NONE');
#4345 = DIRECTION ( 'NONE',  ( -5.354084802397553700E-016, 1.000000000000000000, 0.0000000000000000000 ) ) ;
#4346 = AXIS2_PLACEMENT_3D ( 'NONE', #1438, #3036, #1876 ) ;
#4347 = LINE ( 'NONE', #876, #172 ) ;
#4348 = EDGE_CURVE ( 'NONE', #312, #1696, #4400, .T. ) ;
#4349 = VERTEX_POINT ( 'NONE', #2191 ) ;
#4350 =( NAMED_UNIT ( * ) SI_UNIT ( $, .STERADIAN. ) SOLID_ANGLE_UNIT ( ) );
#4351 = COLOUR_RGB ( '',1.000000000000000000, 1.000000000000000000, 1.000000000000000000 ) ;
#4352 = FILL_AREA_STYLE_COLOUR ( '', #2883 ) ;
#4353 = ORIENTED_EDGE ( 'NONE', *, *, #4210, .T. ) ;
#4354 = CIRCLE ( 'NONE', #4704, 1.000000000000000200 ) ;
#4355 = DIRECTION ( 'NONE',  ( 0.0000000000000000000, 0.0000000000000000000, 1.000000000000000000 ) ) ;
#4356 = CIRCLE ( 'NONE', #4265, 0.5000000000000000000 ) ;
#4357 = CARTESIAN_POINT ( 'NONE',  ( 1.197882275128038500, 3.350000000000005000, 3.021188185951692700 ) ) ;
#4358 = SURFACE_STYLE_USAGE ( .BOTH. , #4625 ) ;
#4359 = VECTOR ( 'NONE', #2697, 1000.000000000000000 ) ;
#4360 = EDGE_LOOP ( 'NONE', ( #2803, #5157, #1973, #1150, #1363, #1400, #1778, #2399, #3620, #3066, #442, #4966, #4839, #1007, #718, #1051 ) ) ;
#4361 = LINE ( 'NONE', #2196, #5036 ) ;
#4362 = CARTESIAN_POINT ( 'NONE',  ( -1.000000000000000400, 0.2700000000000000200, 1.000000000000000000 ) ) ;
#4363 = MECHANICAL_DESIGN_GEOMETRIC_PRESENTATION_REPRESENTATION (  '', ( #3764 ), #1204 ) ;
#4364 = VERTEX_POINT ( 'NONE', #4633 ) ;
#4365 = COLOUR_RGB ( '',0.5019607843137254800, 0.5019607843137254800, 0.5019607843137254800 ) ;
#4366 = EDGE_LOOP ( 'NONE', ( #2768, #740, #15, #4245, #5201, #1498, #1020, #3141 ) ) ;
#4367 = COLOUR_RGB ( '',0.5019607843137254800, 0.5019607843137254800, 0.5019607843137254800 ) ;
#4368 = CARTESIAN_POINT ( 'NONE',  ( 1.419999999999999900, 0.9299999999999999400, -3.799999999999999800 ) ) ;
#4369 = EDGE_CURVE ( 'NONE', #659, #856, #3138, .T. ) ;
#4370 = VERTEX_POINT ( 'NONE', #1333 ) ;
#4371 = DIRECTION ( 'NONE',  ( -0.0000000000000000000, -0.0000000000000000000, -1.000000000000000000 ) ) ;
#4372 = STYLED_ITEM ( 'NONE', ( #51 ), #3302 ) ;
#4373 = ORIENTED_EDGE ( 'NONE', *, *, #100, .T. ) ;
#4374 = DIRECTION ( 'NONE',  ( -1.000000000000000000, -2.168404344971008900E-016, 0.0000000000000000000 ) ) ;
#4375 =( NAMED_UNIT ( * ) PLANE_ANGLE_UNIT ( ) SI_UNIT ( $, .RADIAN. ) );
#4376 =( NAMED_UNIT ( * ) SI_UNIT ( $, .STERADIAN. ) SOLID_ANGLE_UNIT ( ) );
#4377 = FACE_OUTER_BOUND ( 'NONE', #3460, .T. ) ;
#4378 = DIRECTION ( 'NONE',  ( -0.0000000000000000000, 1.000000000000000000, -0.0000000000000000000 ) ) ;
#4379 =( GEOMETRIC_REPRESENTATION_CONTEXT ( 3 ) GLOBAL_UNCERTAINTY_ASSIGNED_CONTEXT ( ( #864 ) ) GLOBAL_UNIT_ASSIGNED_CONTEXT ( ( #1298, #2528, #3343 ) ) REPRESENTATION_CONTEXT ( 'NONE', 'WORKASPACE' ) );
#4380 = AXIS2_PLACEMENT_3D ( 'NONE', #3326, #5181, #3625 ) ;
#4381 = DIRECTION ( 'NONE',  ( -1.000000000000000000, -1.145283985019899200E-016, 0.0000000000000000000 ) ) ;
#4382 = EDGE_CURVE ( 'NONE', #953, #2408, #3000, .T. ) ;
#4383 = ORIENTED_EDGE ( 'NONE', *, *, #1342, .T. ) ;
#4384 = DIRECTION ( 'NONE',  ( 1.000000000000000000, 0.0000000000000000000, 0.0000000000000000000 ) ) ;
#4385 = CARTESIAN_POINT ( 'NONE',  ( 0.0000000000000000000, 1.029999999999999600, 0.0000000000000000000 ) ) ;
#4386 = EDGE_CURVE ( 'NONE', #1291, #3657, #4517, .T. ) ;
#4387 = ORIENTED_EDGE ( 'NONE', *, *, #5171, .T. ) ;
#4388 = DIRECTION ( 'NONE',  ( 0.0000000000000000000, 0.0000000000000000000, 1.000000000000000000 ) ) ;
#4389 = DIRECTION ( 'NONE',  ( 0.0000000000000000000, -1.000000000000000000, 0.0000000000000000000 ) ) ;
#4390 = CARTESIAN_POINT ( 'NONE',  ( -1.382171855916968000, 1.029999999999999600, -3.485986368405798300 ) ) ;
#4391 = CARTESIAN_POINT ( 'NONE',  ( -2.800000000000000700, 0.5300000000000000300, -3.799999999999999400 ) ) ;
#4392 =( NAMED_UNIT ( * ) PLANE_ANGLE_UNIT ( ) SI_UNIT ( $, .RADIAN. ) );
#4393 = VECTOR ( 'NONE', #5115, 1000.000000000000000 ) ;
#4394 = DIRECTION ( 'NONE',  ( -1.000000000000000000, 0.0000000000000000000, 0.0000000000000000000 ) ) ;
#4395 = CARTESIAN_POINT ( 'NONE',  ( -1.419999999999999900, 0.5300000000000000300, 3.799999999999999800 ) ) ;
#4396 =( NAMED_UNIT ( * ) SI_UNIT ( $, .STERADIAN. ) SOLID_ANGLE_UNIT ( ) );
#4397 = MECHANICAL_DESIGN_GEOMETRIC_PRESENTATION_REPRESENTATION (  '', ( #3864 ), #4064 ) ;
#4398 = SURFACE_STYLE_FILL_AREA ( #2493 ) ;
#4399 = EDGE_CURVE ( 'NONE', #1786, #3005, #4085, .T. ) ;
#4400 = LINE ( 'NONE', #4231, #4651 ) ;
#4401 = AXIS2_PLACEMENT_3D ( 'NONE', #3773, #4145, #4526 ) ;
#4402 = ORIENTED_EDGE ( 'NONE', *, *, #3094, .F. ) ;
#4403 = FILL_AREA_STYLE ('',( #4352 ) ) ;
#4404 = AXIS2_PLACEMENT_3D ( 'NONE', #613, #2291, #3920 ) ;
#4405 = CARTESIAN_POINT ( 'NONE',  ( 2.799999999999999400, 14.29802307403552100, 2.799999999999999800 ) ) ;
#4406 = SURFACE_STYLE_FILL_AREA ( #1319 ) ;
#4407 = ORIENTED_EDGE ( 'NONE', *, *, #105, .F. ) ;
#4408 = STYLED_ITEM ( 'NONE', ( #446 ), #1353 ) ;
#4409 = CARTESIAN_POINT ( 'NONE',  ( -2.987419390442717800, 0.5300000000000003600, -1.419999999999999900 ) ) ;
#4410 = SURFACE_STYLE_USAGE ( .BOTH. , #5146 ) ;
#4411 = LINE ( 'NONE', #3479, #2894 ) ;
#4412 = LINE ( 'NONE', #4093, #3333 ) ;
#4413 = FACE_OUTER_BOUND ( 'NONE', #2328, .T. ) ;
#4414 = CARTESIAN_POINT ( 'NONE',  ( -1.382171855916968000, 1.029999999999999600, -3.485986368405798300 ) ) ;
#4415 = ORIENTED_EDGE ( 'NONE', *, *, #709, .T. ) ;
#4416 = SURFACE_STYLE_USAGE ( .BOTH. , #392 ) ;
#4417 = FACE_OUTER_BOUND ( 'NONE', #1471, .T. ) ;
#4418 = EDGE_CURVE ( 'NONE', #4832, #3224, #3449, .T. ) ;
#4419 = LINE ( 'NONE', #3639, #1622 ) ;
#4420 = EDGE_LOOP ( 'NONE', ( #1824, #867, #2287, #3415 ) ) ;
#4421 = VERTEX_POINT ( 'NONE', #2270 ) ;
#4422 = VECTOR ( 'NONE', #924, 1000.000000000000000 ) ;
#4423 = DIRECTION ( 'NONE',  ( 0.0000000000000000000, -1.000000000000000000, 0.0000000000000000000 ) ) ;
#4424 = CARTESIAN_POINT ( 'NONE',  ( -2.800000000000000300, 0.5299999999999992500, 2.799999999999999800 ) ) ;
#4425 = VERTEX_POINT ( 'NONE', #1899 ) ;
#4426 =( NAMED_UNIT ( * ) PLANE_ANGLE_UNIT ( ) SI_UNIT ( $, .RADIAN. ) );
#4427 = FILL_AREA_STYLE ('',( #3240 ) ) ;
#4428 = CIRCLE ( 'NONE', #2745, 0.5000000000000000000 ) ;
#4429 = ORIENTED_EDGE ( 'NONE', *, *, #557, .T. ) ;
#4430 = PRESENTATION_STYLE_ASSIGNMENT (( #2762 ) ) ;
#4431 = STYLED_ITEM ( 'NONE', ( #3669 ), #2500 ) ;
#4432 = FILL_AREA_STYLE_COLOUR ( '', #1343 ) ;
#4433 = ORIENTED_EDGE ( 'NONE', *, *, #3687, .T. ) ;
#4434 = CIRCLE ( 'NONE', #1031, 0.1199999999999998800 ) ;
#4435 = MECHANICAL_DESIGN_GEOMETRIC_PRESENTATION_REPRESENTATION (  '', ( #3811 ), #868 ) ;
#4436 = EDGE_CURVE ( 'NONE', #4421, #3164, #2059, .T. ) ;
#4437 = FILL_AREA_STYLE_COLOUR ( '', #3969 ) ;
#4438 = AXIS2_PLACEMENT_3D ( 'NONE', #3310, #49, #881 ) ;
#4439 = ORIENTED_EDGE ( 'NONE', *, *, #2208, .T. ) ;
#4440 = CARTESIAN_POINT ( 'NONE',  ( 0.0000000000000000000, 3.350000000000005000, 0.0000000000000000000 ) ) ;
#4441 = CARTESIAN_POINT ( 'NONE',  ( 3.650000000000000400, 0.9299999999999999400, -1.000000000000000000 ) ) ;
#4442 = ORIENTED_EDGE ( 'NONE', *, *, #2407, .T. ) ;
#4443 = CARTESIAN_POINT ( 'NONE',  ( 2.298097038856282500, 0.5300000000000001400, -2.298097038856274900 ) ) ;
#4444 = PRESENTATION_LAYER_ASSIGNMENT (  '', '', ( #1349 ) ) ;
#4445 = EDGE_CURVE ( 'NONE', #4903, #1733, #2626, .T. ) ;
#4446 = SURFACE_SIDE_STYLE ('',( #663 ) ) ;
#4447 = DIRECTION ( 'NONE',  ( -0.0000000000000000000, 1.000000000000000000, -0.0000000000000000000 ) ) ;
#4448 = ORIENTED_EDGE ( 'NONE', *, *, #4348, .F. ) ;
#4449 = LINE ( 'NONE', #5131, #3573 ) ;
#4450 = FILL_AREA_STYLE ('',( #4848 ) ) ;
#4451 = DIRECTION ( 'NONE',  ( 0.0000000000000000000, 0.0000000000000000000, 1.000000000000000000 ) ) ;
#4452 = DIRECTION ( 'NONE',  ( 0.0000000000000000000, 0.0000000000000000000, -1.000000000000000000 ) ) ;
#4453 = DIRECTION ( 'NONE',  ( 0.0000000000000000000, 0.0000000000000000000, 1.000000000000000000 ) ) ;
#4454 =( NAMED_UNIT ( * ) SI_UNIT ( $, .STERADIAN. ) SOLID_ANGLE_UNIT ( ) );
#4455 = STYLED_ITEM ( 'NONE', ( #2079 ), #2159 ) ;
#4456 = ORIENTED_EDGE ( 'NONE', *, *, #2317, .T. ) ;
#4457 = CARTESIAN_POINT ( 'NONE',  ( -3.750000000000001300, 0.9299999999999993800, -1.000000000000000000 ) ) ;
#4458 = VECTOR ( 'NONE', #4674, 1000.000000000000000 ) ;
#4459 = CARTESIAN_POINT ( 'NONE',  ( 0.0000000000000000000, 0.9299999999999998300, 0.0000000000000000000 ) ) ;
#4460 = EDGE_CURVE ( 'NONE', #4751, #2100, #463, .T. ) ;
#4461 = ORIENTED_EDGE ( 'NONE', *, *, #3293, .T. ) ;
#4462 =( GEOMETRIC_REPRESENTATION_CONTEXT ( 3 ) GLOBAL_UNCERTAINTY_ASSIGNED_CONTEXT ( ( #1586 ) ) GLOBAL_UNIT_ASSIGNED_CONTEXT ( ( #2386, #2315, #4749 ) ) REPRESENTATION_CONTEXT ( 'NONE', 'WORKASPACE' ) );
#4463 = ADVANCED_FACE ( 'NONE', ( #2318 ), #2379, .T. ) ;
#4464 = SURFACE_SIDE_STYLE ('',( #413 ) ) ;
#4465 = ORIENTED_EDGE ( 'NONE', *, *, #3059, .T. ) ;
#4466 = STYLED_ITEM ( 'NONE', ( #5198 ), #4627 ) ;
#4467 = UNCERTAINTY_MEASURE_WITH_UNIT (LENGTH_MEASURE( 1.000000000000000100E-005 ), #714, 'distance_accuracy_value', 'NONE');
#4468 = CARTESIAN_POINT ( 'NONE',  ( -1.382171855916968000, 0.5300000000000001400, -3.485986368405798300 ) ) ;
#4469 = COLOUR_RGB ( '',0.5019607843137254800, 0.5019607843137254800, 0.5019607843137254800 ) ;
#4470 = MECHANICAL_DESIGN_GEOMETRIC_PRESENTATION_REPRESENTATION (  '', ( #4573 ), #4898 ) ;
#4471 = FILL_AREA_STYLE ('',( #4104 ) ) ;
#4472 = VECTOR ( 'NONE', #2712, 1000.000000000000000 ) ;
#4473 = AXIS2_PLACEMENT_3D ( 'NONE', #2730, #700, #1522 ) ;
#4474 = EDGE_CURVE ( 'NONE', #4679, #834, #221, .T. ) ;
#4475 = ORIENTED_EDGE ( 'NONE', *, *, #4921, .T. ) ;
#4476 = DIRECTION ( 'NONE',  ( 0.0000000000000000000, 0.0000000000000000000, -1.000000000000000000 ) ) ;
#4477 = FILL_AREA_STYLE_COLOUR ( '', #1060 ) ;
#4478 = EDGE_CURVE ( 'NONE', #4295, #2541, #37, .T. ) ;
#4479 = CYLINDRICAL_SURFACE ( 'NONE', #4730, 0.02000000000000005200 ) ;
#4480 = DIRECTION ( 'NONE',  ( 0.0000000000000000000, 0.0000000000000000000, 1.000000000000000000 ) ) ;
#4481 = COLOUR_RGB ( '',0.5019607843137254800, 0.5019607843137254800, 0.5019607843137254800 ) ;
#4482 = CIRCLE ( 'NONE', #3899, 0.02000000000000005200 ) ;
#4483 = SURFACE_STYLE_USAGE ( .BOTH. , #4446 ) ;
#4484 = PLANE ( 'NONE',  #4227 ) ;
#4485 = CIRCLE ( 'NONE', #4503, 1.000000000000000000 ) ;
#4486 = ORIENTED_EDGE ( 'NONE', *, *, #3636, .F. ) ;
#4487 = CONICAL_SURFACE ( 'NONE', #1738, 3.250000000000000400, 0.7853981633974569400 ) ;
#4488 = ORIENTED_EDGE ( 'NONE', *, *, #4994, .T. ) ;
#4489 = ORIENTED_EDGE ( 'NONE', *, *, #1494, .F. ) ;
#4490 = VECTOR ( 'NONE', #1954, 1000.000000000000000 ) ;
#4491 = DIRECTION ( 'NONE',  ( 0.0000000000000000000, 0.0000000000000000000, 1.000000000000000000 ) ) ;
#4492 = FILL_AREA_STYLE ('',( #3697 ) ) ;
#4493 = ORIENTED_EDGE ( 'NONE', *, *, #4478, .F. ) ;
#4494 = EDGE_LOOP ( 'NONE', ( #2646, #1600, #2524, #2594 ) ) ;
#4495 = ADVANCED_FACE ( 'NONE', ( #974 ), #1803, .T. ) ;
#4496 = FILL_AREA_STYLE ('',( #4885 ) ) ;
#4497 = PLANE ( 'NONE',  #4312 ) ;
#4498 = AXIS2_PLACEMENT_3D ( 'NONE', #564, #4219, #511 ) ;
#4499 = DIRECTION ( 'NONE',  ( 0.0000000000000000000, 0.7071067811865414700, 0.7071067811865536800 ) ) ;
#4500 = PRESENTATION_LAYER_ASSIGNMENT (  '', '', ( #4232 ) ) ;
#4501 = UNCERTAINTY_MEASURE_WITH_UNIT (LENGTH_MEASURE( 1.000000000000000100E-005 ), #2540, 'distance_accuracy_value', 'NONE');
#4502 = VERTEX_POINT ( 'NONE', #5070 ) ;
#4503 = AXIS2_PLACEMENT_3D ( 'NONE', #3908, #1472, #4313 ) ;
#4504 = CARTESIAN_POINT ( 'NONE',  ( -1.382171855916980000, 3.350000000000005000, 3.485986368405793500 ) ) ;
#4505 = AXIS2_PLACEMENT_3D ( 'NONE', #922, #3787, #1743 ) ;
#4506 = VERTEX_POINT ( 'NONE', #2673 ) ;
#4507 = SURFACE_SIDE_STYLE ('',( #4999 ) ) ;
#4508 = DIRECTION ( 'NONE',  ( 0.0000000000000000000, 0.7071067811865414700, 0.7071067811865536800 ) ) ;
#4509 = SURFACE_STYLE_FILL_AREA ( #4642 ) ;
#4510 = CARTESIAN_POINT ( 'NONE',  ( 2.740000000000000200, 0.1200000000000000100, 1.000000000000000000 ) ) ;
#4511 = EDGE_CURVE ( 'NONE', #3733, #2727, #3965, .T. ) ;
#4512 = PRESENTATION_STYLE_ASSIGNMENT (( #1507 ) ) ;
#4513 = SURFACE_STYLE_FILL_AREA ( #3351 ) ;
#4514 = ADVANCED_FACE ( 'NONE', ( #3785 ), #3842, .T. ) ;
#4515 = ORIENTED_EDGE ( 'NONE', *, *, #1428, .F. ) ;
#4516 = DIRECTION ( 'NONE',  ( 1.145283985019899200E-016, -1.000000000000000000, -0.0000000000000000000 ) ) ;
#4517 = LINE ( 'NONE', #2617, #4458 ) ;
#4518 = ORIENTED_EDGE ( 'NONE', *, *, #3129, .F. ) ;
#4519 = DIRECTION ( 'NONE',  ( 0.0000000000000000000, -1.000000000000000000, 0.0000000000000000000 ) ) ;
#4520 = DIRECTION ( 'NONE',  ( 0.0000000000000000000, -1.000000000000000000, 0.0000000000000000000 ) ) ;
#4521 = PRESENTATION_LAYER_ASSIGNMENT (  '', '', ( #3735 ) ) ;
#4522 = VECTOR ( 'NONE', #3637, 1000.000000000000000 ) ;
#4523 = PRESENTATION_STYLE_ASSIGNMENT (( #2123 ) ) ;
#4524 = DIRECTION ( 'NONE',  ( -0.0000000000000000000, -0.0000000000000000000, -1.000000000000000000 ) ) ;
#4525 = VERTEX_POINT ( 'NONE', #3182 ) ;
#4526 = DIRECTION ( 'NONE',  ( 0.0000000000000000000, 0.0000000000000000000, 1.000000000000000000 ) ) ;
#4527 = CARTESIAN_POINT ( 'NONE',  ( -3.649999999999999900, 0.1200000000000000200, -1.000000000000000000 ) ) ;
#4528 = CARTESIAN_POINT ( 'NONE',  ( -2.291287847477920400, 0.2700000000000000200, 1.000000000000000000 ) ) ;
#4529 = EDGE_CURVE ( 'NONE', #783, #4123, #1229, .T. ) ;
#4530 = CYLINDRICAL_SURFACE ( 'NONE', #2852, 3.250000000000000400 ) ;
#4531 = PRESENTATION_LAYER_ASSIGNMENT (  '', '', ( #296 ) ) ;
#4532 = EDGE_LOOP ( 'NONE', ( #254, #3532, #3211, #1198 ) ) ;
#4533 = DIRECTION ( 'NONE',  ( 0.0000000000000000000, 0.0000000000000000000, 1.000000000000000000 ) ) ;
#4534 = LINE ( 'NONE', #4805, #2268 ) ;
#4535 = ORIENTED_EDGE ( 'NONE', *, *, #2860, .F. ) ;
#4536 = EDGE_CURVE ( 'NONE', #1614, #3392, #3388, .T. ) ;
#4537 = ORIENTED_EDGE ( 'NONE', *, *, #201, .F. ) ;
#4538 = PRESENTATION_LAYER_ASSIGNMENT (  '', '', ( #3468 ) ) ;
#4539 = EDGE_CURVE ( 'NONE', #360, #630, #2756, .T. ) ;
#4540 = ADVANCED_FACE ( 'NONE', ( #1612 ), #3384, .F. ) ;
#4541 = DIRECTION ( 'NONE',  ( 0.0000000000000000000, 1.000000000000000000, 0.0000000000000000000 ) ) ;
#4542 = SURFACE_STYLE_USAGE ( .BOTH. , #1705 ) ;
#4543 = EDGE_CURVE ( 'NONE', #1956, #127, #95, .T. ) ;
#4544 = CIRCLE ( 'NONE', #4098, 0.1199999999999998800 ) ;
#4545 = ORIENTED_EDGE ( 'NONE', *, *, #4418, .F. ) ;
#4546 = DIRECTION ( 'NONE',  ( -1.000000000000000000, 0.0000000000000000000, 0.0000000000000000000 ) ) ;
#4547 = PLANE ( 'NONE',  #1187 ) ;
#4548 =( LENGTH_UNIT ( ) NAMED_UNIT ( * ) SI_UNIT ( .MILLI., .METRE. ) );
#4549 = VERTEX_POINT ( 'NONE', #313 ) ;
#4550 = VERTEX_POINT ( 'NONE', #1912 ) ;
#4551 = SURFACE_SIDE_STYLE ('',( #1946 ) ) ;
#4552 = VERTEX_POINT ( 'NONE', #1127 ) ;
#4553 = VECTOR ( 'NONE', #1077, 1000.000000000000000 ) ;
#4554 = MECHANICAL_DESIGN_GEOMETRIC_PRESENTATION_REPRESENTATION (  '', ( #550 ), #4988 ) ;
#4555 = EDGE_LOOP ( 'NONE', ( #4304, #1842, #1383, #4488, #4493, #2263 ) ) ;
#4556 =( LENGTH_UNIT ( ) NAMED_UNIT ( * ) SI_UNIT ( .MILLI., .METRE. ) );
#4557 = DIRECTION ( 'NONE',  ( 0.0000000000000000000, 0.0000000000000000000, -1.000000000000000000 ) ) ;
#4558 = CARTESIAN_POINT ( 'NONE',  ( 2.799999999999999400, 3.449999999999999700, 3.799999999999999800 ) ) ;
#4559 = EDGE_CURVE ( 'NONE', #1977, #1618, #2117, .T. ) ;
#4560 = CARTESIAN_POINT ( 'NONE',  ( -2.620000000000000100, 0.1200000000000000100, 1.000000000000000000 ) ) ;
#4561 = DIRECTION ( 'NONE',  ( -0.0000000000000000000, -0.0000000000000000000, -1.000000000000000000 ) ) ;
#4562 = AXIS2_PLACEMENT_3D ( 'NONE', #4362, #5174, #691 ) ;
#4563 = UNCERTAINTY_MEASURE_WITH_UNIT (LENGTH_MEASURE( 1.000000000000000100E-005 ), #2482, 'distance_accuracy_value', 'NONE');
#4564 = DIRECTION ( 'NONE',  ( 0.0000000000000000000, 1.000000000000000000, 0.0000000000000000000 ) ) ;
#4565 = CARTESIAN_POINT ( 'NONE',  ( 2.298097038856273600, 1.030000000000000000, 2.298097038856282000 ) ) ;
#4566 = ORIENTED_EDGE ( 'NONE', *, *, #4812, .T. ) ;
#4567 = LINE ( 'NONE', #1335, #2170 ) ;
#4568 = PRESENTATION_LAYER_ASSIGNMENT (  '', '', ( #934 ) ) ;
#4569 = EDGE_LOOP ( 'NONE', ( #3301, #4990, #3220, #1268 ) ) ;
#4570 = VECTOR ( 'NONE', #3154, 1000.000000000000000 ) ;
#4571 = CONICAL_SURFACE ( 'NONE', #210, 0.4000000000000032400, 0.7853981633974566100 ) ;
#4572 = DIRECTION ( 'NONE',  ( -0.0000000000000000000, -0.0000000000000000000, -1.000000000000000000 ) ) ;
#4573 = STYLED_ITEM ( 'NONE', ( #717 ), #636 ) ;
#4574 = MECHANICAL_DESIGN_GEOMETRIC_PRESENTATION_REPRESENTATION (  '', ( #2504 ), #3188 ) ;
#4575 = DIRECTION ( 'NONE',  ( 0.6573238933929676000, 0.7071067811865402500, 0.2606248245557601400 ) ) ;
#4576 = FACE_OUTER_BOUND ( 'NONE', #3692, .T. ) ;
#4577 =( NAMED_UNIT ( * ) SI_UNIT ( $, .STERADIAN. ) SOLID_ANGLE_UNIT ( ) );
#4578 = FILL_AREA_STYLE_COLOUR ( '', #19 ) ;
#4579 =( LENGTH_UNIT ( ) NAMED_UNIT ( * ) SI_UNIT ( .MILLI., .METRE. ) );
#4580 =( NAMED_UNIT ( * ) PLANE_ANGLE_UNIT ( ) SI_UNIT ( $, .RADIAN. ) );
#4581 = CARTESIAN_POINT ( 'NONE',  ( 2.740000000000000200, 0.0000000000000000000, -1.000000000000000000 ) ) ;
#4582 = CARTESIAN_POINT ( 'NONE',  ( 1.382171855916979800, 1.029999999999999800, -3.485986368405793500 ) ) ;
#4583 = FACE_OUTER_BOUND ( 'NONE', #526, .T. ) ;
#4584 = EDGE_LOOP ( 'NONE', ( #3937, #1637, #4083, #3335 ) ) ;
#4585 = COLOUR_RGB ( '',0.5019607843137254800, 0.5019607843137254800, 0.5019607843137254800 ) ;
#4586 = ORIENTED_EDGE ( 'NONE', *, *, #1900, .T. ) ;
#4587 = LINE ( 'NONE', #3653, #792 ) ;
#4588 =( GEOMETRIC_REPRESENTATION_CONTEXT ( 3 ) GLOBAL_UNCERTAINTY_ASSIGNED_CONTEXT ( ( #1282 ) ) GLOBAL_UNIT_ASSIGNED_CONTEXT ( ( #65, #2909, #409 ) ) REPRESENTATION_CONTEXT ( 'NONE', 'WORKASPACE' ) );
#4589 =( LENGTH_UNIT ( ) NAMED_UNIT ( * ) SI_UNIT ( .MILLI., .METRE. ) );
#4590 = PRESENTATION_STYLE_ASSIGNMENT (( #2923 ) ) ;
#4591 = UNCERTAINTY_MEASURE_WITH_UNIT (LENGTH_MEASURE( 1.000000000000000100E-005 ), #1553, 'distance_accuracy_value', 'NONE');
#4592 = ORIENTED_EDGE ( 'NONE', *, *, #4474, .T. ) ;
#4593 = ADVANCED_FACE ( 'NONE', ( #711 ), #3781, .T. ) ;
#4594 = DIRECTION ( 'NONE',  ( -1.000000000000000000, 0.0000000000000000000, 0.0000000000000000000 ) ) ;
#4595 = CARTESIAN_POINT ( 'NONE',  ( -1.382171855916980000, 3.449999999999999700, 3.485986368405793500 ) ) ;
#4596 = PRESENTATION_LAYER_ASSIGNMENT (  '', '', ( #358 ) ) ;
#4597 = CARTESIAN_POINT ( 'NONE',  ( 2.600000000000000500, 0.1500000000000013300, 1.000000000000000000 ) ) ;
#4598 = CIRCLE ( 'NONE', #3670, 3.250000000000000400 ) ;
#4599 = DIRECTION ( 'NONE',  ( 0.0000000000000000000, 0.0000000000000000000, -1.000000000000000000 ) ) ;
#4600 = CARTESIAN_POINT ( 'NONE',  ( 2.799999999999999400, 3.449999999999999700, -2.799999999999999400 ) ) ;
#4601 = CARTESIAN_POINT ( 'NONE',  ( 0.0000000000000000000, 0.2700000000000000200, 0.0000000000000000000 ) ) ;
#4602 = DIRECTION ( 'NONE',  ( 0.0000000000000000000, -0.0000000000000000000, 1.000000000000000000 ) ) ;
#4603 = ORIENTED_EDGE ( 'NONE', *, *, #611, .F. ) ;
#4604 = MECHANICAL_DESIGN_GEOMETRIC_PRESENTATION_REPRESENTATION (  '', ( #4334 ), #1174 ) ;
#4605 = EDGE_CURVE ( 'NONE', #432, #2727, #1039, .T. ) ;
#4606 = CARTESIAN_POINT ( 'NONE',  ( 1.419999999999999900, 0.9299999999999999400, -3.799999999999999800 ) ) ;
#4607 = VECTOR ( 'NONE', #371, 1000.000000000000000 ) ;
#4608 = ORIENTED_EDGE ( 'NONE', *, *, #4543, .T. ) ;
#4609 = CIRCLE ( 'NONE', #390, 0.1199999999999998800 ) ;
#4610 =( GEOMETRIC_REPRESENTATION_CONTEXT ( 3 ) GLOBAL_UNCERTAINTY_ASSIGNED_CONTEXT ( ( #412 ) ) GLOBAL_UNIT_ASSIGNED_CONTEXT ( ( #3954, #1514, #2545 ) ) REPRESENTATION_CONTEXT ( 'NONE', 'WORKASPACE' ) );
#4611 = CARTESIAN_POINT ( 'NONE',  ( -3.800000000000000300, 3.449999999999999700, 2.799999999999999800 ) ) ;
#4612 = VERTEX_POINT ( 'NONE', #3584 ) ;
#4613 = EDGE_CURVE ( 'NONE', #2316, #2356, #1798, .T. ) ;
#4614 = CYLINDRICAL_SURFACE ( 'NONE', #4161, 0.5000000000000000000 ) ;
#4615 = EDGE_LOOP ( 'NONE', ( #2584, #205, #874, #1857 ) ) ;
#4616 = SURFACE_STYLE_USAGE ( .BOTH. , #1766 ) ;
#4617 = VECTOR ( 'NONE', #1465, 1000.000000000000000 ) ;
#4618 = CARTESIAN_POINT ( 'NONE',  ( 2.620000000000000600, 0.1500000000000013300, 1.000000000000000000 ) ) ;
#4619 = DIRECTION ( 'NONE',  ( 0.0000000000000000000, -1.000000000000000000, 0.0000000000000000000 ) ) ;
#4620 = DIRECTION ( 'NONE',  ( 0.0000000000000000000, -1.000000000000000000, 0.0000000000000000000 ) ) ;
#4621 = ORIENTED_EDGE ( 'NONE', *, *, #2810, .T. ) ;
#4622 = ORIENTED_EDGE ( 'NONE', *, *, #698, .T. ) ;
#4623 = CARTESIAN_POINT ( 'NONE',  ( -1.419999999999999900, 0.9299999999999996000, -2.987419390442723100 ) ) ;
#4624 = SURFACE_STYLE_USAGE ( .BOTH. , #1774 ) ;
#4625 = SURFACE_SIDE_STYLE ('',( #2878 ) ) ;
#4626 = ORIENTED_EDGE ( 'NONE', *, *, #3740, .F. ) ;
#4627 = ADVANCED_FACE ( 'NONE', ( #519 ), #2553, .T. ) ;
#4628 = PRESENTATION_STYLE_ASSIGNMENT (( #4632 ) ) ;
#4629 = DIRECTION ( 'NONE',  ( -0.0000000000000000000, -0.0000000000000000000, -1.000000000000000000 ) ) ;
#4630 = EDGE_LOOP ( 'NONE', ( #1821, #788, #1772, #1119 ) ) ;
#4631 = AXIS2_PLACEMENT_3D ( 'NONE', #1897, #4733, #3130 ) ;
#4632 = SURFACE_STYLE_USAGE ( .BOTH. , #2999 ) ;
#4633 = CARTESIAN_POINT ( 'NONE',  ( -3.800000000000000300, 0.5300000000000000300, -2.799999999999999800 ) ) ;
#4634 = CARTESIAN_POINT ( 'NONE',  ( 2.900000000000002600, 3.549999999999999800, 0.0000000000000000000 ) ) ;
#4635 = UNCERTAINTY_MEASURE_WITH_UNIT (LENGTH_MEASURE( 1.000000000000000100E-005 ), #4756, 'distance_accuracy_value', 'NONE');
#4636 = ORIENTED_EDGE ( 'NONE', *, *, #846, .F. ) ;
#4637 = EDGE_CURVE ( 'NONE', #685, #880, #2939, .T. ) ;
#4638 = FILL_AREA_STYLE ('',( #4656 ) ) ;
#4639 = SURFACE_STYLE_USAGE ( .BOTH. , #1808 ) ;
#4640 = MECHANICAL_DESIGN_GEOMETRIC_PRESENTATION_REPRESENTATION (  '', ( #4372 ), #3638 ) ;
#4641 = FILL_AREA_STYLE_COLOUR ( '', #4826 ) ;
#4642 = FILL_AREA_STYLE ('',( #2238 ) ) ;
#4643 = DIRECTION ( 'NONE',  ( 0.0000000000000000000, 0.0000000000000000000, 1.000000000000000000 ) ) ;
#4644 = CIRCLE ( 'NONE', #5186, 0.5000000000000000000 ) ;
#4645 = CARTESIAN_POINT ( 'NONE',  ( 2.999999999999998700, 12.03528137423857000, 0.0000000000000000000 ) ) ;
#4646 = CARTESIAN_POINT ( 'NONE',  ( -1.626418571367462800, 3.449999999999999700, 3.169215880525919600 ) ) ;
#4647 = PRESENTATION_LAYER_ASSIGNMENT (  '', '', ( #3846 ) ) ;
#4648 = CIRCLE ( 'NONE', #3411, 3.250000000000000400 ) ;
#4649 = EDGE_CURVE ( 'NONE', #4612, #415, #4082, .T. ) ;
#4650 = EDGE_CURVE ( 'NONE', #4291, #3820, #2439, .T. ) ;
#4651 = VECTOR ( 'NONE', #1725, 1000.000000000000000 ) ;
#4652 = ADVANCED_FACE ( 'NONE', ( #1606 ), #2995, .T. ) ;
#4653 = CARTESIAN_POINT ( 'NONE',  ( 1.382171855916967600, 3.449999999999999700, 3.485986368405798800 ) ) ;
#4654 = CARTESIAN_POINT ( 'NONE',  ( -2.719999999999999800, 0.1200000000000000100, 1.000000000000000000 ) ) ;
#4655 = PRESENTATION_STYLE_ASSIGNMENT (( #2151 ) ) ;
#4656 = FILL_AREA_STYLE_COLOUR ( '', #4670 ) ;
#4657 = EDGE_LOOP ( 'NONE', ( #3753, #2075, #674, #4373 ) ) ;
#4658 =( NAMED_UNIT ( * ) SI_UNIT ( $, .STERADIAN. ) SOLID_ANGLE_UNIT ( ) );
#4659 = CARTESIAN_POINT ( 'NONE',  ( 2.720000000000000200, 0.1500000000000013300, 1.000000000000000000 ) ) ;
#4660 = CARTESIAN_POINT ( 'NONE',  ( -2.298097038856283400, 0.5300000000000001400, 2.298097038856274900 ) ) ;
#4661 =( LENGTH_UNIT ( ) NAMED_UNIT ( * ) SI_UNIT ( .MILLI., .METRE. ) );
#4662 = CIRCLE ( 'NONE', #3678, 0.5000000000000004400 ) ;
#4663 = ORIENTED_EDGE ( 'NONE', *, *, #5188, .F. ) ;
#4664 = DIRECTION ( 'NONE',  ( -1.000000000000000000, 0.0000000000000000000, 8.673617379884027600E-016 ) ) ;
#4665 = VECTOR ( 'NONE', #2875, 1000.000000000000000 ) ;
#4666 = CARTESIAN_POINT ( 'NONE',  ( -3.649999999999999900, 0.9299999999999993800, 1.000000000000000400 ) ) ;
#4667 = UNCERTAINTY_MEASURE_WITH_UNIT (LENGTH_MEASURE( 1.000000000000000100E-005 ), #5219, 'distance_accuracy_value', 'NONE');
#4668 = EDGE_LOOP ( 'NONE', ( #2167, #4192, #4603, #2693 ) ) ;
#4669 = CARTESIAN_POINT ( 'NONE',  ( 2.291287847477920400, 0.1700000000000012900, -1.000000000000000000 ) ) ;
#4670 = COLOUR_RGB ( '',1.000000000000000000, 1.000000000000000000, 1.000000000000000000 ) ;
#4671 = EDGE_CURVE ( 'NONE', #630, #1990, #1928, .T. ) ;
#4672 = LINE ( 'NONE', #1137, #670 ) ;
#4673 = LINE ( 'NONE', #1952, #4472 ) ;
#4674 = DIRECTION ( 'NONE',  ( -0.0000000000000000000, -0.0000000000000000000, -1.000000000000000000 ) ) ;
#4675 = AXIS2_PLACEMENT_3D ( 'NONE', #4600, #2181, #4996 ) ;
#4676 = ORIENTED_EDGE ( 'NONE', *, *, #3163, .T. ) ;
#4677 = FILL_AREA_STYLE_COLOUR ( '', #3153 ) ;
#4678 = VECTOR ( 'NONE', #4126, 1000.000000000000000 ) ;
#4679 = VERTEX_POINT ( 'NONE', #1961 ) ;
#4680 = DIRECTION ( 'NONE',  ( 0.0000000000000000000, 0.0000000000000000000, -1.000000000000000000 ) ) ;
#4681 = CARTESIAN_POINT ( 'NONE',  ( 0.0000000000000000000, 0.2700000000000000200, 0.0000000000000000000 ) ) ;
#4682 = CARTESIAN_POINT ( 'NONE',  ( 1.419999999999999900, 0.9299999999999999400, -3.799999999999999800 ) ) ;
#4683 = STYLED_ITEM ( 'NONE', ( #2696 ), #4463 ) ;
#4684 = CARTESIAN_POINT ( 'NONE',  ( 1.419999999999999900, 0.5300000000000003600, -2.987419390442717800 ) ) ;
#4685 = CIRCLE ( 'NONE', #428, 2.500000000000000000 ) ;
#4686 = ORIENTED_EDGE ( 'NONE', *, *, #4111, .F. ) ;
#4687 = ADVANCED_FACE ( 'NONE', ( #31 ), #1099, .F. ) ;
#4688 = PRESENTATION_LAYER_ASSIGNMENT (  '', '', ( #1794 ) ) ;
#4689 =( NAMED_UNIT ( * ) PLANE_ANGLE_UNIT ( ) SI_UNIT ( $, .RADIAN. ) );
#4690 = ORIENTED_EDGE ( 'NONE', *, *, #5155, .F. ) ;
#4691 = ORIENTED_EDGE ( 'NONE', *, *, #3812, .T. ) ;
#4692 =( LENGTH_UNIT ( ) NAMED_UNIT ( * ) SI_UNIT ( .MILLI., .METRE. ) );
#4693 = EDGE_LOOP ( 'NONE', ( #2698, #2911, #4442, #2257 ) ) ;
#4694 = LINE ( 'NONE', #3732, #694 ) ;
#4695 = CARTESIAN_POINT ( 'NONE',  ( 2.620000000000000600, 0.1500000000000013300, 1.000000000000000000 ) ) ;
#4696 = VERTEX_POINT ( 'NONE', #2427 ) ;
#4697 = COLOUR_RGB ( '',1.000000000000000000, 1.000000000000000000, 1.000000000000000000 ) ;
#4698 = CARTESIAN_POINT ( 'NONE',  ( -3.650000000000000400, 0.9299999999999999400, -1.000000000000000000 ) ) ;
#4699 =( NAMED_UNIT ( * ) PLANE_ANGLE_UNIT ( ) SI_UNIT ( $, .RADIAN. ) );
#4700 = ORIENTED_EDGE ( 'NONE', *, *, #361, .F. ) ;
#4701 = DIRECTION ( 'NONE',  ( 0.0000000000000000000, -1.000000000000000000, 0.0000000000000000000 ) ) ;
#4702 = DIRECTION ( 'NONE',  ( 1.000000000000000000, -0.0000000000000000000, 0.0000000000000000000 ) ) ;
#4703 = ADVANCED_FACE ( 'NONE', ( #4332 ), #3377, .F. ) ;
#4704 = AXIS2_PLACEMENT_3D ( 'NONE', #4050, #353, #2839 ) ;
#4705 = EDGE_CURVE ( 'NONE', #617, #2029, #4139, .T. ) ;
#4706 = FILL_AREA_STYLE ('',( #4677 ) ) ;
#4707 =( GEOMETRIC_REPRESENTATION_CONTEXT ( 3 ) GLOBAL_UNCERTAINTY_ASSIGNED_CONTEXT ( ( #2404 ) ) GLOBAL_UNIT_ASSIGNED_CONTEXT ( ( #2475, #3728, #1700 ) ) REPRESENTATION_CONTEXT ( 'NONE', 'WORKASPACE' ) );
#4708 = DIRECTION ( 'NONE',  ( 0.0000000000000000000, 0.0000000000000000000, -1.000000000000000000 ) ) ;
#4709 = DIRECTION ( 'NONE',  ( 0.0000000000000000000, -1.000000000000000000, 0.0000000000000000000 ) ) ;
#4710 = SURFACE_SIDE_STYLE ('',( #279 ) ) ;
#4711 = CARTESIAN_POINT ( 'NONE',  ( -3.485986368405798800, 1.029999999999999100, 1.382171855916967300 ) ) ;
#4712 = VECTOR ( 'NONE', #1820, 1000.000000000000000 ) ;
#4713 = CARTESIAN_POINT ( 'NONE',  ( 3.650000000000000400, 0.9299999999999999400, 1.000000000000000000 ) ) ;
#4714 = AXIS2_PLACEMENT_3D ( 'NONE', #3485, #5078, #5031 ) ;
#4715 = EDGE_LOOP ( 'NONE', ( #988, #3917, #4021, #2402 ) ) ;
#4716 = EDGE_CURVE ( 'NONE', #1618, #2011, #4329, .T. ) ;
#4717 = SURFACE_STYLE_USAGE ( .BOTH. , #2302 ) ;
#4718 = ORIENTED_EDGE ( 'NONE', *, *, #3191, .T. ) ;
#4719 = CARTESIAN_POINT ( 'NONE',  ( 2.620000000000000600, 0.1200000000000000100, -1.000000000000000000 ) ) ;
#4720 = LINE ( 'NONE', #453, #2890 ) ;
#4721 = CARTESIAN_POINT ( 'NONE',  ( -3.800000000000000300, 3.449999999999999700, -2.799999999999999800 ) ) ;
#4722 = FILL_AREA_STYLE_COLOUR ( '', #209 ) ;
#4723 = ORIENTED_EDGE ( 'NONE', *, *, #212, .T. ) ;
#4724 = CARTESIAN_POINT ( 'NONE',  ( 2.298097038856273600, 1.030000000000000000, 2.298097038856282000 ) ) ;
#4725 = ADVANCED_FACE ( 'NONE', ( #4576 ), #1155, .T. ) ;
#4726 =( NAMED_UNIT ( * ) SI_UNIT ( $, .STERADIAN. ) SOLID_ANGLE_UNIT ( ) );
#4727 = UNCERTAINTY_MEASURE_WITH_UNIT (LENGTH_MEASURE( 1.000000000000000100E-005 ), #2255, 'distance_accuracy_value', 'NONE');
#4728 = VERTEX_POINT ( 'NONE', #3595 ) ;
#4729 = SURFACE_STYLE_USAGE ( .BOTH. , #1563 ) ;
#4730 = AXIS2_PLACEMENT_3D ( 'NONE', #1707, #4180, #3369 ) ;
#4731 = FACE_BOUND ( 'NONE', #2663, .T. ) ;
#4732 = COLOUR_RGB ( '',0.5019607843137254800, 0.5019607843137254800, 0.5019607843137254800 ) ;
#4733 = DIRECTION ( 'NONE',  ( 0.0000000000000000000, 1.000000000000000000, 0.0000000000000000000 ) ) ;
#4734 = EDGE_CURVE ( 'NONE', #2156, #4797, #4825, .T. ) ;
#4735 = EDGE_LOOP ( 'NONE', ( #2567, #3750, #4260, #4175 ) ) ;
#4736 = CARTESIAN_POINT ( 'NONE',  ( 1.382171855916979800, 0.5300000000000001400, -3.485986368405793500 ) ) ;
#4737 = AXIS2_PLACEMENT_3D ( 'NONE', #1120, #3143, #4345 ) ;
#4738 = ORIENTED_EDGE ( 'NONE', *, *, #3951, .F. ) ;
#4739 = CYLINDRICAL_SURFACE ( 'NONE', #523, 1.000000000000000400 ) ;
#4740 = VERTEX_POINT ( 'NONE', #819 ) ;
#4741 = CIRCLE ( 'NONE', #759, 0.5000000000000000000 ) ;
#4742 = PRESENTATION_LAYER_ASSIGNMENT (  '', '', ( #4466 ) ) ;
#4743 = DIRECTION ( 'NONE',  ( -0.0000000000000000000, 1.000000000000000000, 0.0000000000000000000 ) ) ;
#4744 = STYLED_ITEM ( 'NONE', ( #4208 ), #660 ) ;
#4745 = ORIENTED_EDGE ( 'NONE', *, *, #1713, .T. ) ;
#4746 = MECHANICAL_DESIGN_GEOMETRIC_PRESENTATION_REPRESENTATION (  '', ( #4901 ), #3681 ) ;
#4747 = EDGE_CURVE ( 'NONE', #3612, #884, #26, .T. ) ;
#4748 = VERTEX_POINT ( 'NONE', #1288 ) ;
#4749 =( NAMED_UNIT ( * ) SI_UNIT ( $, .STERADIAN. ) SOLID_ANGLE_UNIT ( ) );
#4750 = EDGE_CURVE ( 'NONE', #3353, #3322, #215, .T. ) ;
#4751 = VERTEX_POINT ( 'NONE', #2893 ) ;
#4752 = CARTESIAN_POINT ( 'NONE',  ( -3.800000000000000300, 0.5300000000000000300, 3.799999999999999800 ) ) ;
#4753 = EDGE_LOOP ( 'NONE', ( #2721, #3815, #2276, #3580 ) ) ;
#4754 = VECTOR ( 'NONE', #2581, 1000.000000000000100 ) ;
#4755 = CARTESIAN_POINT ( 'NONE',  ( 2.298097038856273600, 0.5300000000000001400, 2.298097038856282000 ) ) ;
#4756 =( LENGTH_UNIT ( ) NAMED_UNIT ( * ) SI_UNIT ( .MILLI., .METRE. ) );
#4757 = DIRECTION ( 'NONE',  ( -1.000000000000000000, -1.445602896647338900E-016, 0.0000000000000000000 ) ) ;
#4758 = ORIENTED_EDGE ( 'NONE', *, *, #4705, .F. ) ;
#4759 = DIRECTION ( 'NONE',  ( 0.0000000000000000000, 1.000000000000000000, 0.0000000000000000000 ) ) ;
#4760 = LINE ( 'NONE', #3531, #5183 ) ;
#4761 = PRESENTATION_STYLE_ASSIGNMENT (( #1132 ) ) ;
#4762 = CARTESIAN_POINT ( 'NONE',  ( 1.419999999999999900, 0.9299999999999999400, 2.987419390442720900 ) ) ;
#4763 = DIRECTION ( 'NONE',  ( 1.000000000000000000, 0.0000000000000000000, 0.0000000000000000000 ) ) ;
#4764 = ORIENTED_EDGE ( 'NONE', *, *, #1191, .F. ) ;
#4765 = PRESENTATION_LAYER_ASSIGNMENT (  '', '', ( #3770 ) ) ;
#4766 =( GEOMETRIC_REPRESENTATION_CONTEXT ( 3 ) GLOBAL_UNCERTAINTY_ASSIGNED_CONTEXT ( ( #2690 ) ) GLOBAL_UNIT_ASSIGNED_CONTEXT ( ( #4859, #2060, #5217 ) ) REPRESENTATION_CONTEXT ( 'NONE', 'WORKASPACE' ) );
#4767 = CARTESIAN_POINT ( 'NONE',  ( 2.740000000000000200, 0.1000000000000000700, 1.000000000000000000 ) ) ;
#4768 = PRESENTATION_LAYER_ASSIGNMENT (  '', '', ( #4334 ) ) ;
#4769 = DIRECTION ( 'NONE',  ( 0.0000000000000000000, 0.0000000000000000000, -1.000000000000000000 ) ) ;
#4770 = VECTOR ( 'NONE', #456, 1000.000000000000000 ) ;
#4771 = FILL_AREA_STYLE ('',( #5196 ) ) ;
#4772 = CARTESIAN_POINT ( 'NONE',  ( -3.750000000000000400, 0.9299999999999999400, 1.000000000000000000 ) ) ;
#4773 = STYLED_ITEM ( 'NONE', ( #1015 ), #1699 ) ;
#4774 = ORIENTED_EDGE ( 'NONE', *, *, #2107, .F. ) ;
#4775 = CARTESIAN_POINT ( 'NONE',  ( 1.419999999999999900, 0.9299999999999999400, -3.799999999999999800 ) ) ;
#4776 = LINE ( 'NONE', #4974, #978 ) ;
#4777 = CARTESIAN_POINT ( 'NONE',  ( 1.382171855916967600, 3.449999999999999700, 3.085986368405795800 ) ) ;
#4778 = EDGE_CURVE ( 'NONE', #512, #635, #3061, .T. ) ;
#4779 = VERTEX_POINT ( 'NONE', #4115 ) ;
#4780 = DIRECTION ( 'NONE',  ( 1.000000000000000000, 0.0000000000000000000, 0.0000000000000000000 ) ) ;
#4781 = LINE ( 'NONE', #443, #294 ) ;
#4782 = ORIENTED_EDGE ( 'NONE', *, *, #307, .F. ) ;
#4783 = VECTOR ( 'NONE', #2991, 1000.000000000000000 ) ;
#4784 = FACE_OUTER_BOUND ( 'NONE', #2271, .T. ) ;
#4785 = CARTESIAN_POINT ( 'NONE',  ( -2.719999999999999800, 0.1200000000000000100, 1.000000000000000000 ) ) ;
#4786 = DIRECTION ( 'NONE',  ( 1.000000000000000000, 0.0000000000000000000, 0.0000000000000000000 ) ) ;
#4787 = UNCERTAINTY_MEASURE_WITH_UNIT (LENGTH_MEASURE( 1.000000000000000100E-005 ), #844, 'distance_accuracy_value', 'NONE');
#4788 = ORIENTED_EDGE ( 'NONE', *, *, #2471, .F. ) ;
#4789 = SURFACE_SIDE_STYLE ('',( #5220 ) ) ;
#4790 = ORIENTED_EDGE ( 'NONE', *, *, #2573, .F. ) ;
#4791 = CIRCLE ( 'NONE', #2118, 3.250000000000000400 ) ;
#4792 = FILL_AREA_STYLE_COLOUR ( '', #3382 ) ;
#4793 = DIRECTION ( 'NONE',  ( -0.0000000000000000000, 1.000000000000000000, -0.0000000000000000000 ) ) ;
#4794 =( GEOMETRIC_REPRESENTATION_CONTEXT ( 3 ) GLOBAL_UNCERTAINTY_ASSIGNED_CONTEXT ( ( #1814 ) ) GLOBAL_UNIT_ASSIGNED_CONTEXT ( ( #3401, #967, #3903 ) ) REPRESENTATION_CONTEXT ( 'NONE', 'WORKASPACE' ) );
#4795 = DIRECTION ( 'NONE',  ( -0.0000000000000000000, -0.0000000000000000000, -1.000000000000000000 ) ) ;
#4796 = FACE_OUTER_BOUND ( 'NONE', #2556, .T. ) ;
#4797 = VERTEX_POINT ( 'NONE', #2498 ) ;
#4798 = PRESENTATION_STYLE_ASSIGNMENT (( #315 ) ) ;
#4799 = EDGE_CURVE ( 'NONE', #3392, #3813, #4648, .T. ) ;
#4800 = ORIENTED_EDGE ( 'NONE', *, *, #1281, .T. ) ;
#4801 = DIRECTION ( 'NONE',  ( -0.0000000000000000000, 1.000000000000000000, -0.0000000000000000000 ) ) ;
#4802 = MECHANICAL_DESIGN_GEOMETRIC_PRESENTATION_REPRESENTATION (  '', ( #296 ), #2198 ) ;
#4803 = LINE ( 'NONE', #3845, #3814 ) ;
#4804 = VERTEX_POINT ( 'NONE', #4068 ) ;
#4805 = CARTESIAN_POINT ( 'NONE',  ( 1.419999999999999900, 0.5300000000000003600, -3.799999999999999800 ) ) ;
#4806 =( NAMED_UNIT ( * ) PLANE_ANGLE_UNIT ( ) SI_UNIT ( $, .RADIAN. ) );
#4807 = CARTESIAN_POINT ( 'NONE',  ( 3.650000000000000400, 0.9300000000000001600, -1.000000000000000000 ) ) ;
#4808 = ORIENTED_EDGE ( 'NONE', *, *, #3866, .F. ) ;
#4809 = MECHANICAL_DESIGN_GEOMETRIC_PRESENTATION_REPRESENTATION (  '', ( #3091 ), #179 ) ;
#4810 = MECHANICAL_DESIGN_GEOMETRIC_PRESENTATION_REPRESENTATION (  '', ( #3468 ), #1721 ) ;
#4811 = DIRECTION ( 'NONE',  ( 1.145283985019899200E-016, -1.000000000000000000, -0.0000000000000000000 ) ) ;
#4812 = EDGE_CURVE ( 'NONE', #4349, #4851, #3777, .T. ) ;
#4813 = ORIENTED_EDGE ( 'NONE', *, *, #979, .F. ) ;
#4814 = CARTESIAN_POINT ( 'NONE',  ( -3.021188185951688300, 0.5300000000000001400, -1.197882275128048900 ) ) ;
#4815 = DIRECTION ( 'NONE',  ( -1.000000000000000000, -1.334402673828312800E-016, 2.664535259100375700E-015 ) ) ;
#4816 = FACE_OUTER_BOUND ( 'NONE', #1058, .T. ) ;
#4817 = EDGE_LOOP ( 'NONE', ( #4855, #4800, #3868, #4867, #1919, #1103, #198 ) ) ;
#4818 = UNCERTAINTY_MEASURE_WITH_UNIT (LENGTH_MEASURE( 1.000000000000000100E-005 ), #4548, 'distance_accuracy_value', 'NONE');
#4819 = EDGE_LOOP ( 'NONE', ( #910, #1264, #2655, #59 ) ) ;
#4820 = DIRECTION ( 'NONE',  ( -0.0000000000000000000, 1.000000000000000000, -0.0000000000000000000 ) ) ;
#4821 = CARTESIAN_POINT ( 'NONE',  ( 2.720000000000000200, 0.1200000000000000100, 1.000000000000000000 ) ) ;
#4822 = DIRECTION ( 'NONE',  ( 1.000000000000000000, 0.0000000000000000000, 0.0000000000000000000 ) ) ;
#4823 = SURFACE_STYLE_USAGE ( .BOTH. , #4789 ) ;
#4824 = STYLED_ITEM ( 'NONE', ( #4430 ), #1813 ) ;
#4825 = CIRCLE ( 'NONE', #4920, 2.900000000000002600 ) ;
#4826 = COLOUR_RGB ( '',0.5019607843137254800, 0.5019607843137254800, 0.5019607843137254800 ) ;
#4827 = DIRECTION ( 'NONE',  ( -1.000000000000000000, 0.0000000000000000000, 0.0000000000000000000 ) ) ;
#4828 =( LENGTH_UNIT ( ) NAMED_UNIT ( * ) SI_UNIT ( .MILLI., .METRE. ) );
#4829 = CIRCLE ( 'NONE', #4346, 1.000000000000000400 ) ;
#4830 = EDGE_CURVE ( 'NONE', #3852, #614, #1986, .T. ) ;
#4831 = MECHANICAL_DESIGN_GEOMETRIC_PRESENTATION_REPRESENTATION (  '', ( #490 ), #1140 ) ;
#4832 = VERTEX_POINT ( 'NONE', #1679 ) ;
#4833 =( NAMED_UNIT ( * ) SI_UNIT ( $, .STERADIAN. ) SOLID_ANGLE_UNIT ( ) );
#4834 = AXIS2_PLACEMENT_3D ( 'NONE', #3150, #2359, #2744 ) ;
#4835 = LINE ( 'NONE', #1202, #5205 ) ;
#4836 = PRESENTATION_LAYER_ASSIGNMENT (  '', '', ( #4573 ) ) ;
#4837 = DIRECTION ( 'NONE',  ( 1.000000000000000000, 0.0000000000000000000, -0.0000000000000000000 ) ) ;
#4838 = SURFACE_STYLE_USAGE ( .BOTH. , #403 ) ;
#4839 = ORIENTED_EDGE ( 'NONE', *, *, #2314, .T. ) ;
#4840 = MECHANICAL_DESIGN_GEOMETRIC_PRESENTATION_REPRESENTATION (  '', ( #5096 ), #2420 ) ;
#4841 = CARTESIAN_POINT ( 'NONE',  ( 2.620000000000000600, 0.1200000000000000100, 1.000000000000000000 ) ) ;
#4842 =( NAMED_UNIT ( * ) SI_UNIT ( $, .STERADIAN. ) SOLID_ANGLE_UNIT ( ) );
#4843 = CARTESIAN_POINT ( 'NONE',  ( 0.0000000000000000000, 0.9299999999999998300, 0.0000000000000000000 ) ) ;
#4844 = ORIENTED_EDGE ( 'NONE', *, *, #1466, .F. ) ;
#4845 = DIRECTION ( 'NONE',  ( -0.0000000000000000000, 1.000000000000000000, -0.0000000000000000000 ) ) ;
#4846 = VERTEX_POINT ( 'NONE', #4861 ) ;
#4847 = VECTOR ( 'NONE', #1985, 1000.000000000000000 ) ;
#4848 = FILL_AREA_STYLE_COLOUR ( '', #471 ) ;
#4849 = CARTESIAN_POINT ( 'NONE',  ( 0.0000000000000000000, 0.5300000000000001400, 0.0000000000000000000 ) ) ;
#4850 = LINE ( 'NONE', #4341, #1374 ) ;
#4851 = VERTEX_POINT ( 'NONE', #4908 ) ;
#4852 = ADVANCED_FACE ( 'NONE', ( #1868 ), #276, .F. ) ;
#4853 =( LENGTH_UNIT ( ) NAMED_UNIT ( * ) SI_UNIT ( .MILLI., .METRE. ) );
#4854 = AXIS2_PLACEMENT_3D ( 'NONE', #3260, #81, #882 ) ;
#4855 = ORIENTED_EDGE ( 'NONE', *, *, #923, .F. ) ;
#4856 = CARTESIAN_POINT ( 'NONE',  ( 0.0000000000000000000, 3.449999999999999700, 0.0000000000000000000 ) ) ;
#4857 = LINE ( 'NONE', #5034, #626 ) ;
#4858 = VERTEX_POINT ( 'NONE', #4528 ) ;
#4859 =( LENGTH_UNIT ( ) NAMED_UNIT ( * ) SI_UNIT ( .MILLI., .METRE. ) );
#4860 = AXIS2_PLACEMENT_3D ( 'NONE', #806, #21, #4491 ) ;
#4861 = CARTESIAN_POINT ( 'NONE',  ( 2.799999999999999400, 3.449999999999999700, -3.799999999999999400 ) ) ;
#4862 = VERTEX_POINT ( 'NONE', #833 ) ;
#4863 = ORIENTED_EDGE ( 'NONE', *, *, #2303, .T. ) ;
#4864 = AXIS2_PLACEMENT_3D ( 'NONE', #3590, #1151, #3992 ) ;
#4865 = EDGE_CURVE ( 'NONE', #4315, #312, #1541, .T. ) ;
#4866 = CARTESIAN_POINT ( 'NONE',  ( -3.485986368405793900, 0.5300000000000001400, -1.382171855916979300 ) ) ;
#4867 = ORIENTED_EDGE ( 'NONE', *, *, #4799, .T. ) ;
#4868 = VECTOR ( 'NONE', #4989, 1000.000000000000000 ) ;
#4869 = DIRECTION ( 'NONE',  ( 0.0000000000000000000, -1.000000000000000000, 0.0000000000000000000 ) ) ;
#4870 = DIRECTION ( 'NONE',  ( 0.0000000000000000000, 0.0000000000000000000, 1.000000000000000000 ) ) ;
#4871 = ORIENTED_EDGE ( 'NONE', *, *, #3933, .T. ) ;
#4872 = CARTESIAN_POINT ( 'NONE',  ( -2.620000000000000100, 0.1500000000000000200, 1.000000000000000000 ) ) ;
#4873 = FILL_AREA_STYLE_COLOUR ( '', #58 ) ;
#4874 = FACE_OUTER_BOUND ( 'NONE', #2971, .T. ) ;
#4875 = AXIS2_PLACEMENT_3D ( 'NONE', #760, #2424, #2448 ) ;
#4876 = EDGE_CURVE ( 'NONE', #4425, #4121, #2248, .T. ) ;
#4877 =( LENGTH_UNIT ( ) NAMED_UNIT ( * ) SI_UNIT ( .MILLI., .METRE. ) );
#4878 = VERTEX_POINT ( 'NONE', #2437 ) ;
#4879 = CIRCLE ( 'NONE', #1035, 1.099999999999997200 ) ;
#4880 = VECTOR ( 'NONE', #890, 1000.000000000000000 ) ;
#4881 = UNCERTAINTY_MEASURE_WITH_UNIT (LENGTH_MEASURE( 1.000000000000000100E-005 ), #3371, 'distance_accuracy_value', 'NONE');
#4882 = ADVANCED_FACE ( 'NONE', ( #1033 ), #4484, .F. ) ;
#4883 = CARTESIAN_POINT ( 'NONE',  ( 1.419999999999999900, 0.9299999999999999400, -3.799999999999999800 ) ) ;
#4884 = SURFACE_STYLE_USAGE ( .BOTH. , #2073 ) ;
#4885 = FILL_AREA_STYLE_COLOUR ( '', #2566 ) ;
#4886 = FILL_AREA_STYLE_COLOUR ( '', #168 ) ;
#4887 = PRESENTATION_LAYER_ASSIGNMENT (  '', '', ( #1641 ) ) ;
#4888 = VECTOR ( 'NONE', #4941, 1000.000000000000000 ) ;
#4889 = VERTEX_POINT ( 'NONE', #2152 ) ;
#4890 = FILL_AREA_STYLE_COLOUR ( '', #994 ) ;
#4891 = SURFACE_SIDE_STYLE ('',( #3249 ) ) ;
#4892 = EDGE_CURVE ( 'NONE', #4981, #4226, #2368, .T. ) ;
#4893 = VERTEX_POINT ( 'NONE', #1340 ) ;
#4894 = PRESENTATION_LAYER_ASSIGNMENT (  '', '', ( #4372 ) ) ;
#4895 = VECTOR ( 'NONE', #2145, 1000.000000000000000 ) ;
#4896 =( NAMED_UNIT ( * ) PLANE_ANGLE_UNIT ( ) SI_UNIT ( $, .RADIAN. ) );
#4897 = ORIENTED_EDGE ( 'NONE', *, *, #4830, .F. ) ;
#4898 =( GEOMETRIC_REPRESENTATION_CONTEXT ( 3 ) GLOBAL_UNCERTAINTY_ASSIGNED_CONTEXT ( ( #1913 ) ) GLOBAL_UNIT_ASSIGNED_CONTEXT ( ( #2818, #370, #776 ) ) REPRESENTATION_CONTEXT ( 'NONE', 'WORKASPACE' ) );
#4899 =( NAMED_UNIT ( * ) PLANE_ANGLE_UNIT ( ) SI_UNIT ( $, .RADIAN. ) );
#4900 = LINE ( 'NONE', #3324, #1680 ) ;
#4901 = STYLED_ITEM ( 'NONE', ( #154 ), #982 ) ;
#4902 = EDGE_CURVE ( 'NONE', #3238, #2069, #4938, .T. ) ;
#4903 = VERTEX_POINT ( 'NONE', #522 ) ;
#4904 = SURFACE_STYLE_USAGE ( .BOTH. , #3699 ) ;
#4905 = DIRECTION ( 'NONE',  ( 0.0000000000000000000, -0.0000000000000000000, 1.000000000000000000 ) ) ;
#4906 = EDGE_CURVE ( 'NONE', #1323, #4696, #2808, .T. ) ;
#4907 = DIRECTION ( 'NONE',  ( -1.000000000000000000, -0.0000000000000000000, -0.0000000000000000000 ) ) ;
#4908 = CARTESIAN_POINT ( 'NONE',  ( 3.800000000000000300, 0.9299999999999999400, 1.419999999999999900 ) ) ;
#4909 = EDGE_LOOP ( 'NONE', ( #3796, #2057, #597, #3028, #101, #2095 ) ) ;
#4910 = ORIENTED_EDGE ( 'NONE', *, *, #170, .T. ) ;
#4911 = FACE_OUTER_BOUND ( 'NONE', #2988, .T. ) ;
#4912 = CARTESIAN_POINT ( 'NONE',  ( 2.799999999999999400, 0.5299999999999992500, -2.799999999999999400 ) ) ;
#4913 = ORIENTED_EDGE ( 'NONE', *, *, #4193, .F. ) ;
#4914 = CARTESIAN_POINT ( 'NONE',  ( 1.197882275128049100, 0.9299999999999999400, -3.021188185951687800 ) ) ;
#4915 = ORIENTED_EDGE ( 'NONE', *, *, #1352, .T. ) ;
#4916 = LINE ( 'NONE', #2593, #2412 ) ;
#4917 = ORIENTED_EDGE ( 'NONE', *, *, #1274, .F. ) ;
#4918 = CARTESIAN_POINT ( 'NONE',  ( -2.800000000000000300, 14.29802307403552100, 2.799999999999999800 ) ) ;
#4919 =( NAMED_UNIT ( * ) PLANE_ANGLE_UNIT ( ) SI_UNIT ( $, .RADIAN. ) );
#4920 = AXIS2_PLACEMENT_3D ( 'NONE', #1646, #29, #865 ) ;
#4921 = EDGE_CURVE ( 'NONE', #3852, #387, #4644, .T. ) ;
#4922 = CARTESIAN_POINT ( 'NONE',  ( 2.291287847477920400, 0.2700000000000012900, -1.000000000000000000 ) ) ;
#4923 = ORIENTED_EDGE ( 'NONE', *, *, #1692, .T. ) ;
#4924 = CARTESIAN_POINT ( 'NONE',  ( 2.298097038856282500, 0.5300000000000001400, -2.298097038856274900 ) ) ;
#4925 = MECHANICAL_DESIGN_GEOMETRIC_PRESENTATION_REPRESENTATION (  '', ( #4232 ), #4766 ) ;
#4926 = CARTESIAN_POINT ( 'NONE',  ( -1.382171855916980000, 3.449999999999999700, 3.085986368405790400 ) ) ;
#4927 = FILL_AREA_STYLE ('',( #1710 ) ) ;
#4928 = ORIENTED_EDGE ( 'NONE', *, *, #4460, .T. ) ;
#4929 = ADVANCED_FACE ( 'NONE', ( #5128 ), #2048, .T. ) ;
#4930 = AXIS2_PLACEMENT_3D ( 'NONE', #3380, #906, #130 ) ;
#4931 = LINE ( 'NONE', #2885, #1329 ) ;
#4932 = DIRECTION ( 'NONE',  ( 1.145283985019899200E-016, -1.000000000000000000, -0.0000000000000000000 ) ) ;
#4933 = MECHANICAL_DESIGN_GEOMETRIC_PRESENTATION_REPRESENTATION (  '', ( #4408 ), #1759 ) ;
#4934 = ORIENTED_EDGE ( 'NONE', *, *, #4605, .T. ) ;
#4935 = CARTESIAN_POINT ( 'NONE',  ( -2.298097038856283400, 3.350000000000005000, 3.298097038856274900 ) ) ;
#4936 = DIRECTION ( 'NONE',  ( -1.000000000000000000, 0.0000000000000000000, -0.0000000000000000000 ) ) ;
#4937 = ORIENTED_EDGE ( 'NONE', *, *, #3451, .T. ) ;
#4938 = LINE ( 'NONE', #4960, #1716 ) ;
#4939 = DIRECTION ( 'NONE',  ( -1.000000000000000000, -2.168404344971008900E-016, 0.0000000000000000000 ) ) ;
#4940 = UNCERTAINTY_MEASURE_WITH_UNIT (LENGTH_MEASURE( 1.000000000000000100E-005 ), #1070, 'distance_accuracy_value', 'NONE');
#4941 = DIRECTION ( 'NONE',  ( 0.0000000000000000000, -1.000000000000000000, 0.0000000000000000000 ) ) ;
#4942 = CARTESIAN_POINT ( 'NONE',  ( 0.0000000000000000000, 0.2700000000000000200, 0.0000000000000000000 ) ) ;
#4943 = SURFACE_STYLE_FILL_AREA ( #796 ) ;
#4944 = VECTOR ( 'NONE', #986, 1000.000000000000000 ) ;
#4945 = FACE_OUTER_BOUND ( 'NONE', #1762, .T. ) ;
#4946 = LINE ( 'NONE', #3783, #1227 ) ;
#4947 = FILL_AREA_STYLE ('',( #2915 ) ) ;
#4948 = PRESENTATION_STYLE_ASSIGNMENT (( #4052 ) ) ;
#4949 = SURFACE_STYLE_FILL_AREA ( #2713 ) ;
#4950 = DIRECTION ( 'NONE',  ( 1.000000000000000000, 0.0000000000000000000, 0.0000000000000000000 ) ) ;
#4951 = ORIENTED_EDGE ( 'NONE', *, *, #1390, .T. ) ;
#4952 = ADVANCED_FACE ( 'NONE', ( #3956 ), #4135, .T. ) ;
#4953 = FILL_AREA_STYLE_COLOUR ( '', #3907 ) ;
#4954 = PRESENTATION_LAYER_ASSIGNMENT (  '', '', ( #1706 ) ) ;
#4955 = CARTESIAN_POINT ( 'NONE',  ( -1.382171855916980000, 0.9299999999999996000, 3.485986368405793500 ) ) ;
#4956 = FILL_AREA_STYLE_COLOUR ( '', #2143 ) ;
#4957 = ORIENTED_EDGE ( 'NONE', *, *, #3361, .F. ) ;
#4958 = CARTESIAN_POINT ( 'NONE',  ( 2.720000000000000200, 0.1500000000000013300, -1.000000000000000000 ) ) ;
#4959 = CARTESIAN_POINT ( 'NONE',  ( -2.291287847477919900, 0.2700000000000000200, -1.000000000000000000 ) ) ;
#4960 = CARTESIAN_POINT ( 'NONE',  ( 2.600000000000000500, 0.2700000000000012900, -1.000000000000000000 ) ) ;
#4961 = STYLED_ITEM ( 'NONE', ( #308 ), #3895 ) ;
#4962 = CONICAL_SURFACE ( 'NONE', #1748, 3.250000000000000400, 0.7853981633974569400 ) ;
#4963 = EDGE_CURVE ( 'NONE', #4116, #4779, #3771, .T. ) ;
#4964 = LINE ( 'NONE', #5133, #3914 ) ;
#4965 = AXIS2_PLACEMENT_3D ( 'NONE', #4883, #5191, #4072 ) ;
#4966 = ORIENTED_EDGE ( 'NONE', *, *, #3647, .T. ) ;
#4967 = COLOUR_RGB ( '',0.5019607843137254800, 0.5019607843137254800, 0.5019607843137254800 ) ;
#4968 = ORIENTED_EDGE ( 'NONE', *, *, #2009, .F. ) ;
#4969 = MECHANICAL_DESIGN_GEOMETRIC_PRESENTATION_REPRESENTATION (  '', ( #642 ), #2354 ) ;
#4970 = CIRCLE ( 'NONE', #3425, 0.5000000000000000000 ) ;
#4971 = SURFACE_STYLE_FILL_AREA ( #3805 ) ;
#4972 = EDGE_CURVE ( 'NONE', #1205, #3238, #84, .T. ) ;
#4973 = VECTOR ( 'NONE', #3510, 1000.000000000000000 ) ;
#4974 = CARTESIAN_POINT ( 'NONE',  ( -2.620000000000000100, 0.1500000000000000200, 1.000000000000000000 ) ) ;
#4975 = SURFACE_SIDE_STYLE ('',( #770 ) ) ;
#4976 =( LENGTH_UNIT ( ) NAMED_UNIT ( * ) SI_UNIT ( .MILLI., .METRE. ) );
#4977 = CIRCLE ( 'NONE', #697, 2.500000000000000000 ) ;
#4978 = ORIENTED_EDGE ( 'NONE', *, *, #376, .F. ) ;
#4979 =( NAMED_UNIT ( * ) SI_UNIT ( $, .STERADIAN. ) SOLID_ANGLE_UNIT ( ) );
#4980 = DIRECTION ( 'NONE',  ( -0.0000000000000000000, 1.000000000000000000, -0.0000000000000000000 ) ) ;
#4981 = VERTEX_POINT ( 'NONE', #3776 ) ;
#4982 = CIRCLE ( 'NONE', #4270, 0.5000000000000000000 ) ;
#4983 = ORIENTED_EDGE ( 'NONE', *, *, #2026, .F. ) ;
#4984 = ADVANCED_FACE ( 'NONE', ( #1981 ), #3708, .T. ) ;
#4985 = CARTESIAN_POINT ( 'NONE',  ( -3.201784540621267600E-017, 0.2700000000000009600, 0.0000000000000000000 ) ) ;
#4986 = EDGE_LOOP ( 'NONE', ( #4690, #2428, #1861, #2845 ) ) ;
#4987 = ORIENTED_EDGE ( 'NONE', *, *, #1038, .T. ) ;
#4988 =( GEOMETRIC_REPRESENTATION_CONTEXT ( 3 ) GLOBAL_UNCERTAINTY_ASSIGNED_CONTEXT ( ( #4635 ) ) GLOBAL_UNIT_ASSIGNED_CONTEXT ( ( #4756, #4375, #1572 ) ) REPRESENTATION_CONTEXT ( 'NONE', 'WORKASPACE' ) );
#4989 = DIRECTION ( 'NONE',  ( -0.0000000000000000000, 1.000000000000000000, -0.0000000000000000000 ) ) ;
#4990 = ORIENTED_EDGE ( 'NONE', *, *, #2004, .F. ) ;
#4991 = DIRECTION ( 'NONE',  ( 1.000000000000000000, -0.0000000000000000000, 0.0000000000000000000 ) ) ;
#4992 = CARTESIAN_POINT ( 'NONE',  ( -2.298097038856275400, 3.449999999999999700, -2.298097038856282900 ) ) ;
#4993 = LINE ( 'NONE', #2575, #1910 ) ;
#4994 = EDGE_CURVE ( 'NONE', #4506, #2541, #2112, .T. ) ;
#4995 = CARTESIAN_POINT ( 'NONE',  ( -2.719999999999999800, 0.1200000000000000100, -1.000000000000000000 ) ) ;
#4996 = DIRECTION ( 'NONE',  ( 0.0000000000000000000, 0.0000000000000000000, 1.000000000000000000 ) ) ;
#4997 = STYLED_ITEM ( 'NONE', ( #3606 ), #3035 ) ;
#4998 = ORIENTED_EDGE ( 'NONE', *, *, #4276, .F. ) ;
#4999 = SURFACE_STYLE_FILL_AREA ( #4471 ) ;
#5000 = EDGE_LOOP ( 'NONE', ( #2922, #3926, #3122, #809 ) ) ;
#5001 = VECTOR ( 'NONE', #3171, 1000.000000000000000 ) ;
#5002 = LINE ( 'NONE', #93, #1655 ) ;
#5003 = DIRECTION ( 'NONE',  ( -1.308519863344573800E-016, 1.000000000000000000, 0.0000000000000000000 ) ) ;
#5004 = AXIS2_PLACEMENT_3D ( 'NONE', #436, #469, #504 ) ;
#5005 = PRESENTATION_LAYER_ASSIGNMENT (  '', '', ( #107 ) ) ;
#5006 = EDGE_CURVE ( 'NONE', #953, #326, #514, .T. ) ;
#5007 = EDGE_CURVE ( 'NONE', #237, #3634, #961, .T. ) ;
#5008 = ADVANCED_FACE ( 'NONE', ( #3128, #1864 ), #1829, .F. ) ;
#5009 = CARTESIAN_POINT ( 'NONE',  ( 2.600000000000000500, 0.1500000000000013300, 1.000000000000000000 ) ) ;
#5010 = UNCERTAINTY_MEASURE_WITH_UNIT (LENGTH_MEASURE( 1.000000000000000100E-005 ), #2781, 'distance_accuracy_value', 'NONE');
#5011 = DIRECTION ( 'NONE',  ( -1.145283985019899200E-016, 1.000000000000000000, 0.0000000000000000000 ) ) ;
#5012 =( LENGTH_UNIT ( ) NAMED_UNIT ( * ) SI_UNIT ( .MILLI., .METRE. ) );
#5013 = VECTOR ( 'NONE', #1024, 1000.000000000000000 ) ;
#5014 = PLANE ( 'NONE',  #461 ) ;
#5015 = ORIENTED_EDGE ( 'NONE', *, *, #3293, .F. ) ;
#5016 = CIRCLE ( 'NONE', #3564, 3.250000000000000400 ) ;
#5017 = AXIS2_PLACEMENT_3D ( 'NONE', #4259, #5025, #4240 ) ;
#5018 = ORIENTED_EDGE ( 'NONE', *, *, #923, .T. ) ;
#5019 = PRESENTATION_LAYER_ASSIGNMENT (  '', '', ( #1042 ) ) ;
#5020 = CARTESIAN_POINT ( 'NONE',  ( -3.800000000000000300, 0.5300000000000003600, -1.419999999999999900 ) ) ;
#5021 = LINE ( 'NONE', #911, #4665 ) ;
#5022 = DIRECTION ( 'NONE',  ( 1.000000000000000000, 0.0000000000000000000, -0.0000000000000000000 ) ) ;
#5023 = VECTOR ( 'NONE', #2384, 1000.000000000000100 ) ;
#5024 = FILL_AREA_STYLE_COLOUR ( '', #240 ) ;
#5025 = DIRECTION ( 'NONE',  ( -1.000000000000000000, 0.0000000000000000000, 0.0000000000000000000 ) ) ;
#5026 = ORIENTED_EDGE ( 'NONE', *, *, #3383, .F. ) ;
#5027 =( GEOMETRIC_REPRESENTATION_CONTEXT ( 3 ) GLOBAL_UNCERTAINTY_ASSIGNED_CONTEXT ( ( #1775 ) ) GLOBAL_UNIT_ASSIGNED_CONTEXT ( ( #4027, #4063, #4842 ) ) REPRESENTATION_CONTEXT ( 'NONE', 'WORKASPACE' ) );
#5028 = DIRECTION ( 'NONE',  ( -0.0000000000000000000, 1.000000000000000000, -0.0000000000000000000 ) ) ;
#5029 = ADVANCED_FACE ( 'NONE', ( #1538 ), #583, .F. ) ;
#5030 = PRESENTATION_LAYER_ASSIGNMENT (  '', '', ( #1217 ) ) ;
#5031 = DIRECTION ( 'NONE',  ( 1.000000000000000000, 0.0000000000000000000, -0.0000000000000000000 ) ) ;
#5032 = ORIENTED_EDGE ( 'NONE', *, *, #743, .F. ) ;
#5033 = DIRECTION ( 'NONE',  ( 0.0000000000000000000, 0.0000000000000000000, 1.000000000000000000 ) ) ;
#5034 = CARTESIAN_POINT ( 'NONE',  ( -1.000000000000000000, 0.1700000000000000100, 1.000000000000000000 ) ) ;
#5035 = EDGE_LOOP ( 'NONE', ( #4066, #2702, #2795, #4048, #4465, #2010, #3932, #2127 ) ) ;
#5036 = VECTOR ( 'NONE', #1729, 1000.000000000000100 ) ;
#5037 = UNCERTAINTY_MEASURE_WITH_UNIT (LENGTH_MEASURE( 1.000000000000000100E-005 ), #1640, 'distance_accuracy_value', 'NONE');
#5038 = CARTESIAN_POINT ( 'NONE',  ( -2.298097038856283400, 3.350000000000005000, 2.298097038856274900 ) ) ;
#5039 = EDGE_CURVE ( 'NONE', #1758, #548, #2431, .T. ) ;
#5040 = ORIENTED_EDGE ( 'NONE', *, *, #2860, .T. ) ;
#5041 = DIRECTION ( 'NONE',  ( 1.000000000000000000, 0.0000000000000000000, 0.0000000000000000000 ) ) ;
#5042 = SURFACE_STYLE_USAGE ( .BOTH. , #632 ) ;
#5043 = ORIENTED_EDGE ( 'NONE', *, *, #2113, .F. ) ;
#5044 = CIRCLE ( 'NONE', #1377, 0.4000000000000032400 ) ;
#5045 = VERTEX_POINT ( 'NONE', #3906 ) ;
#5046 = DIRECTION ( 'NONE',  ( -1.000000000000000000, -1.145283985019899200E-016, 0.0000000000000000000 ) ) ;
#5047 = SURFACE_STYLE_USAGE ( .BOTH. , #650 ) ;
#5048 = SURFACE_SIDE_STYLE ('',( #4244 ) ) ;
#5049 = DIRECTION ( 'NONE',  ( 1.000000000000000000, 0.0000000000000000000, 0.0000000000000000000 ) ) ;
#5050 = LINE ( 'NONE', #4138, #1265 ) ;
#5051 = CARTESIAN_POINT ( 'NONE',  ( 1.197882275128038200, 0.9299999999999999400, 3.021188185951692300 ) ) ;
#5052 = VERTEX_POINT ( 'NONE', #3064 ) ;
#5053 = MECHANICAL_DESIGN_GEOMETRIC_PRESENTATION_REPRESENTATION (  '', ( #2366 ), #2264 ) ;
#5054 = CARTESIAN_POINT ( 'NONE',  ( 3.650000000000000400, 0.9299999999999999400, 1.000000000000000000 ) ) ;
#5055 = ADVANCED_FACE ( 'NONE', ( #2365 ), #954, .F. ) ;
#5056 = DIRECTION ( 'NONE',  ( 1.000000000000000000, -0.0000000000000000000, -0.0000000000000000000 ) ) ;
#5057 = ORIENTED_EDGE ( 'NONE', *, *, #1728, .F. ) ;
#5058 = EDGE_CURVE ( 'NONE', #614, #4054, #2613, .T. ) ;
#5059 = DIRECTION ( 'NONE',  ( 0.0000000000000000000, -1.000000000000000000, 0.0000000000000000000 ) ) ;
#5060 = MECHANICAL_DESIGN_GEOMETRIC_PRESENTATION_REPRESENTATION (  '', ( #1827 ), #837 ) ;
#5061 = DIRECTION ( 'NONE',  ( 0.0000000000000000000, -1.000000000000000000, 0.0000000000000000000 ) ) ;
#5062 = VECTOR ( 'NONE', #4199, 1000.000000000000000 ) ;
#5063 = SURFACE_STYLE_FILL_AREA ( #2278 ) ;
#5064 = DIRECTION ( 'NONE',  ( 1.000000000000000000, 0.0000000000000000000, 0.0000000000000000000 ) ) ;
#5065 = DIRECTION ( 'NONE',  ( -0.0000000000000000000, 1.000000000000000000, 0.0000000000000000000 ) ) ;
#5066 = DIRECTION ( 'NONE',  ( 0.0000000000000000000, 0.0000000000000000000, -1.000000000000000000 ) ) ;
#5067 = AXIS2_PLACEMENT_3D ( 'NONE', #3185, #5197, #2817 ) ;
#5068 = EDGE_CURVE ( 'NONE', #4740, #1977, #4879, .T. ) ;
#5069 = EDGE_CURVE ( 'NONE', #3618, #2503, #4760, .T. ) ;
#5070 = CARTESIAN_POINT ( 'NONE',  ( 3.021188185951687800, 0.9300000000000001600, 1.197882275128050200 ) ) ;
#5071 = CARTESIAN_POINT ( 'NONE',  ( -3.800000000000000300, 0.5300000000000000300, 3.799999999999999800 ) ) ;
#5072 = ORIENTED_EDGE ( 'NONE', *, *, #468, .T. ) ;
#5073 = CARTESIAN_POINT ( 'NONE',  ( -3.169215880525920100, 3.449999999999999700, -1.626418571367462400 ) ) ;
#5074 = DIRECTION ( 'NONE',  ( 0.0000000000000000000, 0.0000000000000000000, -1.000000000000000000 ) ) ;
#5075 = VECTOR ( 'NONE', #756, 1000.000000000000000 ) ;
#5076 = ORIENTED_EDGE ( 'NONE', *, *, #4336, .T. ) ;
#5077 = ADVANCED_FACE ( 'NONE', ( #1152 ), #3509, .T. ) ;
#5078 = DIRECTION ( 'NONE',  ( 0.0000000000000000000, 0.0000000000000000000, 1.000000000000000000 ) ) ;
#5079 = CARTESIAN_POINT ( 'NONE',  ( -1.382171855916968000, 1.029999999999999600, -2.985986368405798300 ) ) ;
#5080 = AXIS2_PLACEMENT_3D ( 'NONE', #4424, #2377, #1179 ) ;
#5081 = LINE ( 'NONE', #1239, #1293 ) ;
#5082 = VERTEX_POINT ( 'NONE', #687 ) ;
#5083 = EDGE_CURVE ( 'NONE', #237, #3523, #394, .T. ) ;
#5084 = FACE_OUTER_BOUND ( 'NONE', #3875, .T. ) ;
#5085 = CARTESIAN_POINT ( 'NONE',  ( -2.600000000000000100, 0.1700000000000000100, 1.000000000000000000 ) ) ;
#5086 = MECHANICAL_DESIGN_GEOMETRIC_PRESENTATION_REPRESENTATION (  '', ( #32 ), #4462 ) ;
#5087 = VERTEX_POINT ( 'NONE', #4391 ) ;
#5088 =( NAMED_UNIT ( * ) SI_UNIT ( $, .STERADIAN. ) SOLID_ANGLE_UNIT ( ) );
#5089 = LINE ( 'NONE', #1026, #2577 ) ;
#5090 = FILL_AREA_STYLE_COLOUR ( '', #1407 ) ;
#5091 = LINE ( 'NONE', #1537, #2958 ) ;
#5092 = AXIS2_PLACEMENT_3D ( 'NONE', #4156, #1370, #4557 ) ;
#5093 = CARTESIAN_POINT ( 'NONE',  ( -1.419999999999999900, 0.5300000000000000300, -2.987419390442723100 ) ) ;
#5094 = AXIS2_PLACEMENT_3D ( 'NONE', #355, #3190, #1167 ) ;
#5095 = ORIENTED_EDGE ( 'NONE', *, *, #4460, .F. ) ;
#5096 = STYLED_ITEM ( 'NONE', ( #4628 ), #1645 ) ;
#5097 = LINE ( 'NONE', #3587, #3619 ) ;
#5098 = UNCERTAINTY_MEASURE_WITH_UNIT (LENGTH_MEASURE( 1.000000000000000100E-005 ), #1165, 'distance_accuracy_value', 'NONE');
#5099 = CARTESIAN_POINT ( 'NONE',  ( 3.485986368405793500, 0.5300000000000001400, 1.382171855916980900 ) ) ;
#5100 = DIRECTION ( 'NONE',  ( -0.0000000000000000000, -1.000000000000000000, 0.0000000000000000000 ) ) ;
#5101 = ORIENTED_EDGE ( 'NONE', *, *, #30, .F. ) ;
#5102 = LINE ( 'NONE', #3408, #2659 ) ;
#5103 = ORIENTED_EDGE ( 'NONE', *, *, #1744, .T. ) ;
#5104 = DIRECTION ( 'NONE',  ( -1.000000000000000000, 0.0000000000000000000, 0.0000000000000000000 ) ) ;
#5105 = ORIENTED_EDGE ( 'NONE', *, *, #1221, .T. ) ;
#5106 =( NAMED_UNIT ( * ) PLANE_ANGLE_UNIT ( ) SI_UNIT ( $, .RADIAN. ) );
#5107 = ORIENTED_EDGE ( 'NONE', *, *, #557, .F. ) ;
#5108 = FACE_OUTER_BOUND ( 'NONE', #2382, .T. ) ;
#5109 = CARTESIAN_POINT ( 'NONE',  ( 3.799999999999999400, 0.5300000000000000300, -2.799999999999999800 ) ) ;
#5110 = DIRECTION ( 'NONE',  ( 0.0000000000000000000, 0.0000000000000000000, 1.000000000000000000 ) ) ;
#5111 = FILL_AREA_STYLE_COLOUR ( '', #2171 ) ;
#5112 = ORIENTED_EDGE ( 'NONE', *, *, #3254, .T. ) ;
#5113 = CIRCLE ( 'NONE', #1594, 1.000000000000000000 ) ;
#5114 = DIRECTION ( 'NONE',  ( -0.0000000000000000000, -1.145283985019899500E-016, 1.000000000000000000 ) ) ;
#5115 = DIRECTION ( 'NONE',  ( -0.0000000000000000000, -0.0000000000000000000, -1.000000000000000000 ) ) ;
#5116 = ORIENTED_EDGE ( 'NONE', *, *, #2252, .F. ) ;
#5117 = DIRECTION ( 'NONE',  ( 0.0000000000000000000, 0.0000000000000000000, 1.000000000000000000 ) ) ;
#5118 = CIRCLE ( 'NONE', #603, 0.5000000000000000000 ) ;
#5119 = AXIS2_PLACEMENT_3D ( 'NONE', #4942, #3405, #970 ) ;
#5120 = AXIS2_PLACEMENT_3D ( 'NONE', #2869, #3696, #1654 ) ;
#5121 = ORIENTED_EDGE ( 'NONE', *, *, #4892, .F. ) ;
#5122 = DIRECTION ( 'NONE',  ( 1.000000000000000000, 0.0000000000000000000, 0.0000000000000000000 ) ) ;
#5123 = CYLINDRICAL_SURFACE ( 'NONE', #3189, 3.000000000000000400 ) ;
#5124 = DIRECTION ( 'NONE',  ( 1.308519863344573800E-016, -1.000000000000000000, -0.0000000000000000000 ) ) ;
#5125 =( GEOMETRIC_REPRESENTATION_CONTEXT ( 3 ) GLOBAL_UNCERTAINTY_ASSIGNED_CONTEXT ( ( #3174 ) ) GLOBAL_UNIT_ASSIGNED_CONTEXT ( ( #470, #419, #2903 ) ) REPRESENTATION_CONTEXT ( 'NONE', 'WORKASPACE' ) );
#5126 = EDGE_CURVE ( 'NONE', #1391, #3986, #4449, .T. ) ;
#5127 = CARTESIAN_POINT ( 'NONE',  ( 3.630000000000000300, 0.0000000000000000000, -1.000000000000000000 ) ) ;
#5128 = FACE_OUTER_BOUND ( 'NONE', #3012, .T. ) ;
#5129 = COLOUR_RGB ( '',1.000000000000000000, 1.000000000000000000, 1.000000000000000000 ) ;
#5130 = CARTESIAN_POINT ( 'NONE',  ( -2.600000000000000100, 0.2700000000000000200, 1.000000000000000000 ) ) ;
#5131 = CARTESIAN_POINT ( 'NONE',  ( -1.419999999999999900, 0.5300000000000000300, -3.799999999999999800 ) ) ;
#5132 = DIRECTION ( 'NONE',  ( -1.000000000000000000, -2.168404344971008400E-016, 8.673617379884033500E-016 ) ) ;
#5133 = CARTESIAN_POINT ( 'NONE',  ( 1.382171855916979800, 0.5300000000000001400, -2.985986368405793500 ) ) ;
#5134 = CARTESIAN_POINT ( 'NONE',  ( 0.9999999999999995600, 0.2700000000000000200, -2.291287847477920400 ) ) ;
#5135 = MECHANICAL_DESIGN_GEOMETRIC_PRESENTATION_REPRESENTATION (  '', ( #1254 ), #4610 ) ;
#5136 = CIRCLE ( 'NONE', #4875, 0.5000000000000000000 ) ;
#5137 = EDGE_CURVE ( 'NONE', #432, #1758, #22, .T. ) ;
#5138 = LINE ( 'NONE', #3802, #591 ) ;
#5139 = ORIENTED_EDGE ( 'NONE', *, *, #5126, .F. ) ;
#5140 = DIRECTION ( 'NONE',  ( 0.0000000000000000000, 0.0000000000000000000, 1.000000000000000000 ) ) ;
#5141 = CARTESIAN_POINT ( 'NONE',  ( -1.419999999999999900, 0.9299999999999996000, -3.799999999999999800 ) ) ;
#5142 = PLANE ( 'NONE',  #2187 ) ;
#5143 =( LENGTH_UNIT ( ) NAMED_UNIT ( * ) SI_UNIT ( .MILLI., .METRE. ) );
#5144 = CARTESIAN_POINT ( 'NONE',  ( -1.197882275128038700, 1.029999999999999400, -3.021188185951692300 ) ) ;
#5145 = ORIENTED_EDGE ( 'NONE', *, *, #4097, .T. ) ;
#5146 = SURFACE_SIDE_STYLE ('',( #425 ) ) ;
#5147 = CYLINDRICAL_SURFACE ( 'NONE', #4306, 3.000000000000000400 ) ;
#5148 = CIRCLE ( 'NONE', #2416, 3.250000000000000400 ) ;
#5149 = ORIENTED_EDGE ( 'NONE', *, *, #2480, .F. ) ;
#5150 =( LENGTH_UNIT ( ) NAMED_UNIT ( * ) SI_UNIT ( .MILLI., .METRE. ) );
#5151 = AXIS2_PLACEMENT_3D ( 'NONE', #4821, #5161, #4355 ) ;
#5152 =( NAMED_UNIT ( * ) SI_UNIT ( $, .STERADIAN. ) SOLID_ANGLE_UNIT ( ) );
#5153 = LINE ( 'NONE', #5127, #3801 ) ;
#5154 = FILL_AREA_STYLE ('',( #1497 ) ) ;
#5155 = EDGE_CURVE ( 'NONE', #237, #1980, #1787, .T. ) ;
#5156 = CIRCLE ( 'NONE', #2880, 1.000000000000000200 ) ;
#5157 = ORIENTED_EDGE ( 'NONE', *, *, #1908, .T. ) ;
#5158 = AXIS2_PLACEMENT_3D ( 'NONE', #4866, #2411, #1651 ) ;
#5159 = SURFACE_SIDE_STYLE ('',( #3918 ) ) ;
#5160 = ORIENTED_EDGE ( 'NONE', *, *, #1080, .T. ) ;
#5161 = DIRECTION ( 'NONE',  ( -1.000000000000000000, -0.0000000000000000000, 0.0000000000000000000 ) ) ;
#5162 = EDGE_LOOP ( 'NONE', ( #1951, #3281, #2739, #4774, #4486, #1701, #3048, #4998 ) ) ;
#5163 = CARTESIAN_POINT ( 'NONE',  ( 0.0000000000000000000, 0.1700000000000000100, 0.0000000000000000000 ) ) ;
#5164 = DIRECTION ( 'NONE',  ( -0.0000000000000000000, -1.000000000000000000, -0.0000000000000000000 ) ) ;
#5165 = LINE ( 'NONE', #3197, #3287 ) ;
#5166 = UNCERTAINTY_MEASURE_WITH_UNIT (LENGTH_MEASURE( 1.000000000000000100E-005 ), #160, 'distance_accuracy_value', 'NONE');
#5167 =( GEOMETRIC_REPRESENTATION_CONTEXT ( 3 ) GLOBAL_UNCERTAINTY_ASSIGNED_CONTEXT ( ( #2203 ) ) GLOBAL_UNIT_ASSIGNED_CONTEXT ( ( #521, #510, #3759 ) ) REPRESENTATION_CONTEXT ( 'NONE', 'WORKASPACE' ) );
#5168 = ORIENTED_EDGE ( 'NONE', *, *, #4369, .F. ) ;
#5169 = PRESENTATION_LAYER_ASSIGNMENT (  '', '', ( #3645 ) ) ;
#5170 = CARTESIAN_POINT ( 'NONE',  ( 1.419999999999999900, 1.029999999999999800, -3.799999999999999800 ) ) ;
#5171 = EDGE_CURVE ( 'NONE', #4696, #531, #1473, .T. ) ;
#5172 = VECTOR ( 'NONE', #624, 1000.000000000000000 ) ;
#5173 = EDGE_LOOP ( 'NONE', ( #1587, #2389, #5139, #2337 ) ) ;
#5174 = DIRECTION ( 'NONE',  ( 1.000000000000000000, 4.336808689942018500E-015, -0.0000000000000000000 ) ) ;
#5175 = CARTESIAN_POINT ( 'NONE',  ( -1.419999999999999900, 0.9299999999999996000, -3.799999999999999800 ) ) ;
#5176 = EDGE_CURVE ( 'NONE', #326, #981, #1920, .T. ) ;
#5177 = SURFACE_STYLE_USAGE ( .BOTH. , #295 ) ;
#5178 = ORIENTED_EDGE ( 'NONE', *, *, #343, .T. ) ;
#5179 = CARTESIAN_POINT ( 'NONE',  ( 2.799999999999997600, 0.5300000000000000300, -3.799999999999999400 ) ) ;
#5180 = DIRECTION ( 'NONE',  ( 0.0000000000000000000, -1.000000000000000000, 0.0000000000000000000 ) ) ;
#5181 = DIRECTION ( 'NONE',  ( 1.000000000000000000, -0.0000000000000000000, 0.0000000000000000000 ) ) ;
#5182 = ORIENTED_EDGE ( 'NONE', *, *, #2536, .T. ) ;
#5183 = VECTOR ( 'NONE', #2308, 1000.000000000000000 ) ;
#5184 = DIRECTION ( 'NONE',  ( 0.0000000000000000000, -1.000000000000000000, 0.0000000000000000000 ) ) ;
#5185 = CARTESIAN_POINT ( 'NONE',  ( 3.630000000000000300, 6.776263578034402700E-017, 1.000000000000000000 ) ) ;
#5186 = AXIS2_PLACEMENT_3D ( 'NONE', #4582, #1325, #1732 ) ;
#5187 = COLOUR_RGB ( '',0.5019607843137254800, 0.5019607843137254800, 0.5019607843137254800 ) ;
#5188 = EDGE_CURVE ( 'NONE', #1181, #617, #2741, .T. ) ;
#5189 = CIRCLE ( 'NONE', #569, 1.099999999999997200 ) ;
#5190 = AXIS2_PLACEMENT_3D ( 'NONE', #3885, #3507, #1053 ) ;
#5191 = DIRECTION ( 'NONE',  ( -1.145283985019899200E-016, 1.000000000000000000, 0.0000000000000000000 ) ) ;
#5192 = UNCERTAINTY_MEASURE_WITH_UNIT (LENGTH_MEASURE( 1.000000000000000100E-005 ), #1054, 'distance_accuracy_value', 'NONE');
#5193 = MECHANICAL_DESIGN_GEOMETRIC_PRESENTATION_REPRESENTATION (  '', ( #934 ), #2945 ) ;
#5194 = PRESENTATION_STYLE_ASSIGNMENT (( #3654 ) ) ;
#5195 = FILL_AREA_STYLE ('',( #1571 ) ) ;
#5196 = FILL_AREA_STYLE_COLOUR ( '', #2521 ) ;
#5197 = DIRECTION ( 'NONE',  ( 0.0000000000000000000, 1.000000000000000000, -0.0000000000000000000 ) ) ;
#5198 = PRESENTATION_STYLE_ASSIGNMENT (( #4358 ) ) ;
#5199 = MECHANICAL_DESIGN_GEOMETRIC_PRESENTATION_REPRESENTATION (  '', ( #1217 ), #1248 ) ;
#5200 = PLANE ( 'NONE',  #1144 ) ;
#5201 = ORIENTED_EDGE ( 'NONE', *, *, #709, .F. ) ;
#5202 = CARTESIAN_POINT ( 'NONE',  ( 3.630000000000000300, 0.1200000000000000100, 1.000000000000000000 ) ) ;
#5203 = DIRECTION ( 'NONE',  ( -0.0000000000000000000, -0.0000000000000000000, -1.000000000000000000 ) ) ;
#5204 = SURFACE_SIDE_STYLE ('',( #157 ) ) ;
#5205 = VECTOR ( 'NONE', #1624, 1000.000000000000000 ) ;
#5206 = VERTEX_POINT ( 'NONE', #5144 ) ;
#5207 = LINE ( 'NONE', #1663, #607 ) ;
#5208 = VECTOR ( 'NONE', #3225, 1000.000000000000000 ) ;
#5209 = ORIENTED_EDGE ( 'NONE', *, *, #3889, .T. ) ;
#5210 = FILL_AREA_STYLE ('',( #2443 ) ) ;
#5211 = SURFACE_STYLE_FILL_AREA ( #2791 ) ;
#5212 = EDGE_LOOP ( 'NONE', ( #2023, #5032, #2413, #378 ) ) ;
#5213 = FILL_AREA_STYLE_COLOUR ( '', #4035 ) ;
#5214 = EDGE_LOOP ( 'NONE', ( #3116, #2782, #2240, #3967 ) ) ;
#5215 = CIRCLE ( 'NONE', #628, 0.1199999999999998800 ) ;
#5216 = CARTESIAN_POINT ( 'NONE',  ( -3.800000000000000300, 0.9300000000000002700, -1.419999999999999900 ) ) ;
#5217 =( NAMED_UNIT ( * ) SI_UNIT ( $, .STERADIAN. ) SOLID_ANGLE_UNIT ( ) );
#5218 = PRESENTATION_LAYER_ASSIGNMENT (  '', '', ( #3803 ) ) ;
#5219 =( LENGTH_UNIT ( ) NAMED_UNIT ( * ) SI_UNIT ( .MILLI., .METRE. ) );
#5220 = SURFACE_STYLE_FILL_AREA ( #406 ) ;
#5221 = ORIENTED_EDGE ( 'NONE', *, *, #4902, .T. ) ;
ENDSEC;
END-ISO-10303-21;
