ISO-10303-21;
HEADER;
FILE_DESCRIPTION (( 'STEP AP214' ),
    '1' );
FILE_NAME ('APC-817C1-SL.STEP',
    '2025-05-22T10:27:55',
    ( '' ),
    ( '' ),
    'SwSTEP 2.0',
    'SolidWorks 2023',
    '' );
FILE_SCHEMA (( 'AUTOMOTIVE_DESIGN' ));
ENDSEC;

DATA;
#1 = AXIS2_PLACEMENT_3D ( 'NONE', #58, #2264, #3525 ) ;
#2 = EDGE_CURVE ( 'NONE', #184, #903, #764, .T. ) ;
#3 = AXIS2_PLACEMENT_3D ( 'NONE', #1895, #2789, #1874 ) ;
#4 = DIRECTION ( 'NONE',  ( 0.3853006803259598212, -0.9227910845583372490, 0.000000000000000000 ) ) ;
#5 = FILL_AREA_STYLE ('',( #2790 ) ) ;
#6 = VERTEX_POINT ( 'NONE', #3899 ) ;
#7 = EDGE_LOOP ( 'NONE', ( #2084, #1314, #1725, #867, #1534, #454 ) ) ;
#8 = FACE_OUTER_BOUND ( 'NONE', #3515, .T. ) ;
#9 = CARTESIAN_POINT ( 'NONE',  ( 3.529196909561967743, 0.3087647209373985402, 1.519999999999999574 ) ) ;
#10 = FACE_OUTER_BOUND ( 'NONE', #3471, .T. ) ;
#11 = EDGE_LOOP ( 'NONE', ( #3166, #1003, #2964, #2450 ) ) ;
#12 = VERTEX_POINT ( 'NONE', #397 ) ;
#13 = SURFACE_STYLE_USAGE ( .BOTH. , #1839 ) ;
#14 = LINE ( 'NONE', #950, #3514 ) ;
#15 = MECHANICAL_DESIGN_GEOMETRIC_PRESENTATION_REPRESENTATION (  '', ( #1737 ), #597 ) ;
#16 = DIRECTION ( 'NONE',  ( 0.3853006803259597102, -0.9227910845583373600, 0.000000000000000000 ) ) ;
#17 = COLOUR_RGB ( '',0.6470588235294117974, 0.6196078431372549211, 0.5882352941176470784 ) ;
#18 = CARTESIAN_POINT ( 'NONE',  ( 3.533162674632499112, 1.844563999893709116, 1.520000000000000018 ) ) ;
#19 = EDGE_CURVE ( 'NONE', #361, #2475, #1624, .T. ) ;
#20 = ORIENTED_EDGE ( 'NONE', *, *, #69, .T. ) ;
#21 = DIRECTION ( 'NONE',  ( 0.000000000000000000, -1.000000000000000000, 0.000000000000000000 ) ) ;
#22 = SURFACE_SIDE_STYLE ('',( #942 ) ) ;
#23 = ADVANCED_FACE ( 'NONE', ( #476 ), #2618, .T. ) ;
#24 = ORIENTED_EDGE ( 'NONE', *, *, #1784, .T. ) ;
#25 = SURFACE_STYLE_FILL_AREA ( #1923 ) ;
#26 = PRESENTATION_STYLE_ASSIGNMENT (( #366 ) ) ;
#27 = CARTESIAN_POINT ( 'NONE',  ( -3.433243094248563665, 1.394563999893710271, 1.520000000000000018 ) ) ;
#28 = ORIENTED_EDGE ( 'NONE', *, *, #2328, .T. ) ;
#29 = COLOUR_RGB ( '',0.6470588235294117974, 0.6196078431372549211, 0.5882352941176470784 ) ;
#30 = CARTESIAN_POINT ( 'NONE',  ( -3.249999999999999556, 3.500000000000000000, -2.290000000000000480 ) ) ;
#31 = DIRECTION ( 'NONE',  ( -1.083679278056636965E-16, -1.000000000000000000, 0.000000000000000000 ) ) ;
#32 = CARTESIAN_POINT ( 'NONE',  ( 3.389506273257252733, 1.594563999893709783, 2.289999999999999591 ) ) ;
#33 = MECHANICAL_DESIGN_GEOMETRIC_PRESENTATION_REPRESENTATION (  '', ( #3811 ), #154 ) ;
#34 = UNCERTAINTY_MEASURE_WITH_UNIT (LENGTH_MEASURE( 1.000000000000000082E-05 ), #2602, 'distance_accuracy_value', 'NONE');
#35 = DIRECTION ( 'NONE',  ( -0.08682659386424779191, -0.9924325091389669673, -0.08682659386424779191 ) ) ;
#36 = FILL_AREA_STYLE ('',( #1619 ) ) ;
#37 = CARTESIAN_POINT ( 'NONE',  ( 4.197016518075225910, 0.08440979590221189821, 0.6200000000000001066 ) ) ;
#38 = DIRECTION ( 'NONE',  ( -0.000000000000000000, 1.000000000000000000, -0.000000000000000000 ) ) ;
#39 = DIRECTION ( 'NONE',  ( -8.469914131292437023E-15, -1.000000000000000000, 0.000000000000000000 ) ) ;
#40 = AXIS2_PLACEMENT_3D ( 'NONE', #3953, #210, #1698 ) ;
#41 = DIRECTION ( 'NONE',  ( 0.000000000000000000, -1.000000000000000000, 0.000000000000000000 ) ) ;
#42 = ORIENTED_EDGE ( 'NONE', *, *, #389, .F. ) ;
#43 = DIRECTION ( 'NONE',  ( 0.000000000000000000, 0.000000000000000000, -1.000000000000000000 ) ) ;
#44 = APPLICATION_PROTOCOL_DEFINITION ( 'draft international standard', 'automotive_design', 1998, #959 ) ;
#45 = SURFACE_STYLE_FILL_AREA ( #5 ) ;
#46 = ORIENTED_EDGE ( 'NONE', *, *, #1924, .T. ) ;
#47 = ORIENTED_EDGE ( 'NONE', *, *, #2731, .T. ) ;
#48 = EDGE_CURVE ( 'NONE', #461, #3614, #3291, .T. ) ;
#49 = SURFACE_SIDE_STYLE ('',( #25 ) ) ;
#50 = LINE ( 'NONE', #345, #1879 ) ;
#51 = VECTOR ( 'NONE', #3369, 1000.000000000000000 ) ;
#52 = DIRECTION ( 'NONE',  ( 0.08715574274765836016, 0.9961946980917455452, 0.000000000000000000 ) ) ;
#53 = ORIENTED_EDGE ( 'NONE', *, *, #1192, .F. ) ;
#54 = STYLED_ITEM ( 'NONE', ( #346 ), #381 ) ;
#55 = LINE ( 'NONE', #3175, #2860 ) ;
#56 = CARTESIAN_POINT ( 'NONE',  ( 4.573773423826661855, 0.1499999999999999667, 1.520000000000000018 ) ) ;
#57 = DIRECTION ( 'NONE',  ( -0.000000000000000000, -0.000000000000000000, -1.000000000000000000 ) ) ;
#58 = CARTESIAN_POINT ( 'NONE',  ( -3.433243094248563665, 1.394563999893710271, 1.920000000000000151 ) ) ;
#59 =( LENGTH_UNIT ( ) NAMED_UNIT ( * ) SI_UNIT ( .MILLI., .METRE. ) );
#60 = VERTEX_POINT ( 'NONE', #1304 ) ;
#61 = PRESENTATION_STYLE_ASSIGNMENT (( #1915 ) ) ;
#62 = COLOUR_RGB ( '',0.6470588235294117974, 0.6196078431372549211, 0.5882352941176470784 ) ;
#63 = CARTESIAN_POINT ( 'NONE',  ( 3.810000000000000053, 1.660154203991497823, -1.920000000000000151 ) ) ;
#64 = FILL_AREA_STYLE_COLOUR ( '', #3789 ) ;
#65 = ORIENTED_EDGE ( 'NONE', *, *, #3867, .T. ) ;
#66 = STYLED_ITEM ( 'NONE', ( #131 ), #1664 ) ;
#67 = ORIENTED_EDGE ( 'NONE', *, *, #1123, .T. ) ;
#68 = CARTESIAN_POINT ( 'NONE',  ( 3.200346355037512858, 1.594563999893707340, 0.6200000000000001066 ) ) ;
#69 = EDGE_CURVE ( 'NONE', #1494, #1539, #2116, .T. ) ;
#70 = VECTOR ( 'NONE', #1319, 1000.000000000000000 ) ;
#71 = FILL_AREA_STYLE ('',( #2850 ) ) ;
#72 = DIRECTION ( 'NONE',  ( -0.000000000000000000, -0.000000000000000000, -1.000000000000000000 ) ) ;
#73 = DIRECTION ( 'NONE',  ( 1.000000000000000000, -1.083679278056636965E-16, 0.000000000000000000 ) ) ;
#74 = STYLED_ITEM ( 'NONE', ( #2128 ), #2003 ) ;
#75 = SURFACE_STYLE_FILL_AREA ( #36 ) ;
#76 =( NAMED_UNIT ( * ) SI_UNIT ( $, .STERADIAN. ) SOLID_ANGLE_UNIT ( ) );
#77 = CARTESIAN_POINT ( 'NONE',  ( -3.810000000000000053, 1.660154203991497823, 1.920000000000000151 ) ) ;
#78 = VECTOR ( 'NONE', #238, 1000.000000000000227 ) ;
#79 = CARTESIAN_POINT ( 'NONE',  ( 4.573773423826661855, -0.1000000000000002137, 1.020000000000000018 ) ) ;
#80 = FACE_OUTER_BOUND ( 'NONE', #3434, .T. ) ;
#81 = VERTEX_POINT ( 'NONE', #819 ) ;
#82 = EDGE_LOOP ( 'NONE', ( #2170, #2235, #1024, #2892 ) ) ;
#83 = UNCERTAINTY_MEASURE_WITH_UNIT (LENGTH_MEASURE( 1.000000000000000082E-05 ), #2281, 'distance_accuracy_value', 'NONE');
#84 = AXIS2_PLACEMENT_3D ( 'NONE', #1062, #2931, #3819 ) ;
#85 = FILL_AREA_STYLE ('',( #2588 ) ) ;
#86 =( NAMED_UNIT ( * ) PLANE_ANGLE_UNIT ( ) SI_UNIT ( $, .RADIAN. ) );
#87 = ORIENTED_EDGE ( 'NONE', *, *, #3544, .T. ) ;
#88 = DIRECTION ( 'NONE',  ( -0.3853006803259595991, -0.9227910845583373600, -0.000000000000000000 ) ) ;
#89 = PLANE ( 'NONE',  #619 ) ;
#90 = SURFACE_STYLE_USAGE ( .BOTH. , #3768 ) ;
#91 = VECTOR ( 'NONE', #869, 1000.000000000000000 ) ;
#92 = EDGE_CURVE ( 'NONE', #197, #780, #3053, .T. ) ;
#93 = PRESENTATION_LAYER_ASSIGNMENT (  '', '', ( #3811 ) ) ;
#94 =( NAMED_UNIT ( * ) SI_UNIT ( $, .STERADIAN. ) SOLID_ANGLE_UNIT ( ) );
#95 = DIRECTION ( 'NONE',  ( -0.000000000000000000, -0.000000000000000000, 1.000000000000000000 ) ) ;
#96 = SURFACE_SIDE_STYLE ('',( #2266 ) ) ;
#97 =( GEOMETRIC_REPRESENTATION_CONTEXT ( 3 ) GLOBAL_UNCERTAINTY_ASSIGNED_CONTEXT ( ( #558 ) ) GLOBAL_UNIT_ASSIGNED_CONTEXT ( ( #2822, #2540, #1280 ) ) REPRESENTATION_CONTEXT ( 'NONE', 'WORKASPACE' ) );
#98 = SHAPE_DEFINITION_REPRESENTATION ( #1911, #1848 ) ;
#99 = MECHANICAL_DESIGN_GEOMETRIC_PRESENTATION_REPRESENTATION (  '', ( #1833 ), #1125 ) ;
#100 = ORIENTED_EDGE ( 'NONE', *, *, #2119, .F. ) ;
#101 = ORIENTED_EDGE ( 'NONE', *, *, #3681, .T. ) ;
#102 = VERTEX_POINT ( 'NONE', #499 ) ;
#103 = SURFACE_STYLE_USAGE ( .BOTH. , #3208 ) ;
#104 = CARTESIAN_POINT ( 'NONE',  ( -4.473853843442727296, 0.1999999999999998723, 1.920000000000000151 ) ) ;
#105 = ORIENTED_EDGE ( 'NONE', *, *, #2122, .T. ) ;
#106 = SURFACE_SIDE_STYLE ('',( #1110 ) ) ;
#107 = PRESENTATION_LAYER_ASSIGNMENT (  '', '', ( #3766 ) ) ;
#108 = CARTESIAN_POINT ( 'NONE',  ( 3.533162674632499112, 1.844563999893710005, 1.920000000000000151 ) ) ;
#109 = STYLED_ITEM ( 'NONE', ( #3179 ), #716 ) ;
#110 = ORIENTED_EDGE ( 'NONE', *, *, #1974, .F. ) ;
#111 = FILL_AREA_STYLE_COLOUR ( '', #2094 ) ;
#112 = ADVANCED_FACE ( 'NONE', ( #1098 ), #841, .F. ) ;
#113 = FILL_AREA_STYLE ('',( #1939 ) ) ;
#114 = SURFACE_SIDE_STYLE ('',( #2930 ) ) ;
#115 = CARTESIAN_POINT ( 'NONE',  ( -3.433243094248563665, 1.594563999893710449, 1.920000000000000151 ) ) ;
#116 = ORIENTED_EDGE ( 'NONE', *, *, #428, .F. ) ;
#117 = ORIENTED_EDGE ( 'NONE', *, *, #3792, .F. ) ;
#118 = EDGE_CURVE ( 'NONE', #462, #2267, #1703, .T. ) ;
#119 = CARTESIAN_POINT ( 'NONE',  ( -3.389506273257251845, 1.594563999893709783, 2.289999999999999591 ) ) ;
#120 = LINE ( 'NONE', #3252, #2111 ) ;
#121 = EDGE_LOOP ( 'NONE', ( #1942, #3844, #3476, #3082 ) ) ;
#122 = ORIENTED_EDGE ( 'NONE', *, *, #1733, .T. ) ;
#123 = SURFACE_STYLE_USAGE ( .BOTH. , #2415 ) ;
#124 = DIRECTION ( 'NONE',  ( -1.000000000000000000, 0.000000000000000000, 0.000000000000000000 ) ) ;
#125 = VECTOR ( 'NONE', #2309, 1000.000000000000114 ) ;
#126 = DIRECTION ( 'NONE',  ( -1.000000000000000000, 0.000000000000000000, 0.000000000000000000 ) ) ;
#127 = FACE_OUTER_BOUND ( 'NONE', #1963, .T. ) ;
#128 = FACE_OUTER_BOUND ( 'NONE', #82, .T. ) ;
#129 = COLOUR_RGB ( '',0.2980392156862745057, 0.2980392156862745057, 0.2980392156862745057 ) ;
#130 = CARTESIAN_POINT ( 'NONE',  ( 4.573773423826661855, 0.1499999999999999667, 1.920000000000000151 ) ) ;
#131 = PRESENTATION_STYLE_ASSIGNMENT (( #2924 ) ) ;
#132 = VECTOR ( 'NONE', #999, 1000.000000000000000 ) ;
#133 = CARTESIAN_POINT ( 'NONE',  ( 3.433243094248563665, 1.394563999893710271, 1.520000000000000018 ) ) ;
#134 = ORIENTED_EDGE ( 'NONE', *, *, #2433, .F. ) ;
#135 = STYLED_ITEM ( 'NONE', ( #2344 ), #1968 ) ;
#136 = EDGE_CURVE ( 'NONE', #2028, #3836, #2680, .T. ) ;
#137 = DIRECTION ( 'NONE',  ( 0.000000000000000000, 1.000000000000000000, 0.000000000000000000 ) ) ;
#138 = EDGE_LOOP ( 'NONE', ( #2377, #1209, #1306, #2604, #1393, #1941 ) ) ;
#139 = PRESENTATION_LAYER_ASSIGNMENT (  '', '', ( #3409 ) ) ;
#140 = VECTOR ( 'NONE', #3234, 1000.000000000000000 ) ;
#141 = CARTESIAN_POINT ( 'NONE',  ( 3.389506273257252733, 1.594563999893709783, 1.520000000000000018 ) ) ;
#142 = SURFACE_STYLE_FILL_AREA ( #85 ) ;
#143 = EDGE_CURVE ( 'NONE', #3655, #2316, #3696, .T. ) ;
#144 =( NAMED_UNIT ( * ) SI_UNIT ( $, .STERADIAN. ) SOLID_ANGLE_UNIT ( ) );
#145 = VERTEX_POINT ( 'NONE', #2076 ) ;
#146 = EDGE_LOOP ( 'NONE', ( #3062, #221, #3521, #794 ) ) ;
#147 = VECTOR ( 'NONE', #3139, 1000.000000000000000 ) ;
#148 = DIRECTION ( 'NONE',  ( 0.000000000000000000, 0.000000000000000000, 1.000000000000000000 ) ) ;
#149 = CARTESIAN_POINT ( 'NONE',  ( -4.573773423826661855, -0.1000000000000002137, -1.920000000000000151 ) ) ;
#150 = UNCERTAINTY_MEASURE_WITH_UNIT (LENGTH_MEASURE( 1.000000000000000082E-05 ), #2697, 'distance_accuracy_value', 'NONE');
#151 = CIRCLE ( 'NONE', #215, 0.1999999999999998723 ) ;
#152 = CARTESIAN_POINT ( 'NONE',  ( -4.573773423826661855, 0.1499999999999999667, -1.920000000000000151 ) ) ;
#153 = CIRCLE ( 'NONE', #610, 0.2999999999999999334 ) ;
#154 =( GEOMETRIC_REPRESENTATION_CONTEXT ( 3 ) GLOBAL_UNCERTAINTY_ASSIGNED_CONTEXT ( ( #3131 ) ) GLOBAL_UNIT_ASSIGNED_CONTEXT ( ( #3058, #1145, #3339 ) ) REPRESENTATION_CONTEXT ( 'NONE', 'WORKASPACE' ) );
#155 = FILL_AREA_STYLE_COLOUR ( '', #2345 ) ;
#156 = UNCERTAINTY_MEASURE_WITH_UNIT (LENGTH_MEASURE( 1.000000000000000082E-05 ), #1661, 'distance_accuracy_value', 'NONE');
#157 = ORIENTED_EDGE ( 'NONE', *, *, #3025, .T. ) ;
#158 = EDGE_CURVE ( 'NONE', #3388, #1626, #2447, .T. ) ;
#159 = AXIS2_PLACEMENT_3D ( 'NONE', #3873, #2908, #2000 ) ;
#160 = FILL_AREA_STYLE ('',( #1559 ) ) ;
#161 = CARTESIAN_POINT ( 'NONE',  ( -3.433243094248563665, 1.394563999893710271, -1.520000000000000018 ) ) ;
#162 = SURFACE_STYLE_USAGE ( .BOTH. , #2319 ) ;
#163 = CARTESIAN_POINT ( 'NONE',  ( -4.573773423826661855, 0.1499999999999999667, -1.920000000000000151 ) ) ;
#164 = VERTEX_POINT ( 'NONE', #2702 ) ;
#165 = MECHANICAL_DESIGN_GEOMETRIC_PRESENTATION_REPRESENTATION (  '', ( #3889 ), #2369 ) ;
#166 = ADVANCED_FACE ( 'NONE', ( #3957 ), #541, .T. ) ;
#167 = CARTESIAN_POINT ( 'NONE',  ( -3.617801311160230959, 1.471624135958901958, -1.920000000000000151 ) ) ;
#168 = SURFACE_STYLE_FILL_AREA ( #3851 ) ;
#169 =( NAMED_UNIT ( * ) SI_UNIT ( $, .STERADIAN. ) SOLID_ANGLE_UNIT ( ) );
#170 = COLOUR_RGB ( '',0.6470588235294117974, 0.6196078431372549211, 0.5882352941176470784 ) ;
#171 = FACE_OUTER_BOUND ( 'NONE', #2320, .T. ) ;
#172 = DIRECTION ( 'NONE',  ( -0.000000000000000000, -0.000000000000000000, 1.000000000000000000 ) ) ;
#173 = MECHANICAL_DESIGN_GEOMETRIC_PRESENTATION_REPRESENTATION (  '', ( #3766 ), #879 ) ;
#174 =( NAMED_UNIT ( * ) PLANE_ANGLE_UNIT ( ) SI_UNIT ( $, .RADIAN. ) );
#175 = ORIENTED_EDGE ( 'NONE', *, *, #404, .F. ) ;
#176 = CIRCLE ( 'NONE', #498, 0.1999999999999996503 ) ;
#177 = DIRECTION ( 'NONE',  ( 0.000000000000000000, 1.000000000000000000, 0.000000000000000000 ) ) ;
#178 = PRESENTATION_LAYER_ASSIGNMENT (  '', '', ( #3708 ) ) ;
#179 = VECTOR ( 'NONE', #1600, 1000.000000000000000 ) ;
#180 = SURFACE_SIDE_STYLE ('',( #1708 ) ) ;
#181 = CARTESIAN_POINT ( 'NONE',  ( -5.074014682674854448, 0.1500000000000000222, -1.920000000000000151 ) ) ;
#182 = CARTESIAN_POINT ( 'NONE',  ( -3.394831883202000355, 1.844563999893709116, 2.443105161170366912 ) ) ;
#183 = EDGE_LOOP ( 'NONE', ( #613, #4015, #533, #2463 ) ) ;
#184 = VERTEX_POINT ( 'NONE', #1889 ) ;
#185 = PLANE ( 'NONE',  #3881 ) ;
#186 = PLANE ( 'NONE',  #3599 ) ;
#187 = EDGE_CURVE ( 'NONE', #1743, #1371, #2842, .T. ) ;
#188 = UNCERTAINTY_MEASURE_WITH_UNIT (LENGTH_MEASURE( 1.000000000000000082E-05 ), #510, 'distance_accuracy_value', 'NONE');
#189 = CIRCLE ( 'NONE', #2127, 0.2999999999999999334 ) ;
#190 =( NAMED_UNIT ( * ) PLANE_ANGLE_UNIT ( ) SI_UNIT ( $, .RADIAN. ) );
#191 = CARTESIAN_POINT ( 'NONE',  ( 4.573773423826661855, -0.1000000000000002137, 1.920000000000000151 ) ) ;
#192 = ADVANCED_FACE ( 'NONE', ( #2482 ), #339, .F. ) ;
#193 = DIRECTION ( 'NONE',  ( -0.000000000000000000, -0.000000000000000000, 1.000000000000000000 ) ) ;
#194 = FILL_AREA_STYLE ('',( #2388 ) ) ;
#195 = DIRECTION ( 'NONE',  ( -1.000000000000000000, 8.469914131292437023E-15, 0.000000000000000000 ) ) ;
#196 = CARTESIAN_POINT ( 'NONE',  ( -3.533162674632499112, 1.544563999893710182, -1.920000000000000151 ) ) ;
#197 = VERTEX_POINT ( 'NONE', #1258 ) ;
#198 = SURFACE_STYLE_USAGE ( .BOTH. , #2040 ) ;
#199 = LINE ( 'NONE', #2205, #1142 ) ;
#200 = VERTEX_POINT ( 'NONE', #2785 ) ;
#201 = VECTOR ( 'NONE', #1164, 1000.000000000000114 ) ;
#202 = EDGE_LOOP ( 'NONE', ( #2993, #3964, #1527, #714, #2101, #3554, #2062, #3069, #122, #3821, #1042, #698 ) ) ;
#203 = DIRECTION ( 'NONE',  ( -0.000000000000000000, -0.000000000000000000, -1.000000000000000000 ) ) ;
#204 = CARTESIAN_POINT ( 'NONE',  ( 3.433243094248563665, 1.394563999893710271, 0.6200000000000001066 ) ) ;
#205 =( NAMED_UNIT ( * ) PLANE_ANGLE_UNIT ( ) SI_UNIT ( $, .RADIAN. ) );
#206 = CARTESIAN_POINT ( 'NONE',  ( -3.249999999999999556, 0.000000000000000000, 2.290000000000000480 ) ) ;
#207 =( LENGTH_UNIT ( ) NAMED_UNIT ( * ) SI_UNIT ( .MILLI., .METRE. ) );
#208 = PRESENTATION_STYLE_ASSIGNMENT (( #2132 ) ) ;
#209 = DIRECTION ( 'NONE',  ( 0.08715574274765836016, -0.9961946980917455452, 0.000000000000000000 ) ) ;
#210 = DIRECTION ( 'NONE',  ( 0.000000000000000000, -2.169739143709707832E-16, 1.000000000000000000 ) ) ;
#211 = ORIENTED_EDGE ( 'NONE', *, *, #2223, .T. ) ;
#212 = CARTESIAN_POINT ( 'NONE',  ( -4.473853843442727296, 0.1999999999999998723, 1.920000000000000151 ) ) ;
#213 = ADVANCED_FACE ( 'NONE', ( #668 ), #1546, .F. ) ;
#214 = DIRECTION ( 'NONE',  ( -0.000000000000000000, -0.000000000000000000, 1.000000000000000000 ) ) ;
#215 = AXIS2_PLACEMENT_3D ( 'NONE', #161, #2256, #1988 ) ;
#216 = APPLICATION_CONTEXT ( 'automotive_design' ) ;
#217 = CARTESIAN_POINT ( 'NONE',  ( -3.389506273257251401, 1.594563999893709783, -1.520000000000000018 ) ) ;
#218 = CARTESIAN_POINT ( 'NONE',  ( 3.215472033098533799, -0.3946564675917794696, 2.255472033098532947 ) ) ;
#219 = FILL_AREA_STYLE ('',( #1129 ) ) ;
#220 = ORIENTED_EDGE ( 'NONE', *, *, #2433, .T. ) ;
#221 = ORIENTED_EDGE ( 'NONE', *, *, #1832, .F. ) ;
#222 = STYLED_ITEM ( 'NONE', ( #1526 ), #3616 ) ;
#223 = DIRECTION ( 'NONE',  ( 1.000000000000000000, 0.000000000000000000, 0.000000000000000000 ) ) ;
#224 = LINE ( 'NONE', #892, #3857 ) ;
#225 = VECTOR ( 'NONE', #3621, 1000.000000000000227 ) ;
#226 = SURFACE_STYLE_FILL_AREA ( #3042 ) ;
#227 = VERTEX_POINT ( 'NONE', #2161 ) ;
#228 = SURFACE_STYLE_FILL_AREA ( #601 ) ;
#229 = LINE ( 'NONE', #1157, #2985 ) ;
#230 = ADVANCED_FACE ( 'NONE', ( #1324 ), #2858, .F. ) ;
#231 = FACE_OUTER_BOUND ( 'NONE', #3420, .T. ) ;
#232 = LINE ( 'NONE', #1774, #886 ) ;
#233 =( GEOMETRIC_REPRESENTATION_CONTEXT ( 3 ) GLOBAL_UNCERTAINTY_ASSIGNED_CONTEXT ( ( #3210 ) ) GLOBAL_UNIT_ASSIGNED_CONTEXT ( ( #898, #2138, #587 ) ) REPRESENTATION_CONTEXT ( 'NONE', 'WORKASPACE' ) );
#234 = SURFACE_STYLE_FILL_AREA ( #3028 ) ;
#235 = EDGE_CURVE ( 'NONE', #2661, #3402, #708, .T. ) ;
#236 = VECTOR ( 'NONE', #2709, 1000.000000000000000 ) ;
#237 = FILL_AREA_STYLE_COLOUR ( '', #3239 ) ;
#238 = DIRECTION ( 'NONE',  ( -0.3853006803259598767, 0.9227910845583372490, 0.000000000000000000 ) ) ;
#239 = VECTOR ( 'NONE', #2159, 1000.000000000000000 ) ;
#240 = CARTESIAN_POINT ( 'NONE',  ( -4.703105161170365811, 0.8451791884718238279, -1.920000000000000151 ) ) ;
#241 = EDGE_CURVE ( 'NONE', #3706, #3499, #1936, .T. ) ;
#242 = ORIENTED_EDGE ( 'NONE', *, *, #359, .T. ) ;
#243 = VERTEX_POINT ( 'NONE', #3000 ) ;
#244 = DIRECTION ( 'NONE',  ( 0.3853006803259597102, 0.9227910845583373600, 0.000000000000000000 ) ) ;
#245 = FILL_AREA_STYLE_COLOUR ( '', #792 ) ;
#246 =( LENGTH_UNIT ( ) NAMED_UNIT ( * ) SI_UNIT ( .MILLI., .METRE. ) );
#247 = PLANE ( 'NONE',  #3502 ) ;
#248 = MECHANICAL_DESIGN_GEOMETRIC_PRESENTATION_REPRESENTATION (  '', ( #2720 ), #3049 ) ;
#249 = ORIENTED_EDGE ( 'NONE', *, *, #821, .F. ) ;
#250 = PRESENTATION_LAYER_ASSIGNMENT (  '', '', ( #2402 ) ) ;
#251 = LINE ( 'NONE', #3045, #2734 ) ;
#252 =( NAMED_UNIT ( * ) PLANE_ANGLE_UNIT ( ) SI_UNIT ( $, .RADIAN. ) );
#253 = VECTOR ( 'NONE', #3507, 1000.000000000000000 ) ;
#254 =( NAMED_UNIT ( * ) PLANE_ANGLE_UNIT ( ) SI_UNIT ( $, .RADIAN. ) );
#255 = PRESENTATION_LAYER_ASSIGNMENT (  '', '', ( #2333 ) ) ;
#256 = LINE ( 'NONE', #2966, #1370 ) ;
#257 = EDGE_LOOP ( 'NONE', ( #2707, #3203, #2351, #2176 ) ) ;
#258 = ORIENTED_EDGE ( 'NONE', *, *, #663, .T. ) ;
#259 = EDGE_CURVE ( 'NONE', #344, #3827, #363, .T. ) ;
#260 = VECTOR ( 'NONE', #4016, 1000.000000000000000 ) ;
#261 = CARTESIAN_POINT ( 'NONE',  ( 3.200346355037512858, 1.844563999893707340, -1.920000000000000151 ) ) ;
#262 = FILL_AREA_STYLE_COLOUR ( '', #2873 ) ;
#263 = VERTEX_POINT ( 'NONE', #1979 ) ;
#264 = EDGE_CURVE ( 'NONE', #424, #3144, #2882, .T. ) ;
#265 = VERTEX_POINT ( 'NONE', #3833 ) ;
#266 = ADVANCED_FACE ( 'NONE', ( #3872 ), #413, .F. ) ;
#267 = DIRECTION ( 'NONE',  ( -0.08715574274765837404, 0.9961946980917455452, -2.161482631205734934E-16 ) ) ;
#268 = DIRECTION ( 'NONE',  ( -0.000000000000000000, -0.000000000000000000, 1.000000000000000000 ) ) ;
#269 = SURFACE_STYLE_USAGE ( .BOTH. , #3683 ) ;
#270 = ORIENTED_EDGE ( 'NONE', *, *, #623, .F. ) ;
#271 = ADVANCED_FACE ( 'NONE', ( #312 ), #247, .F. ) ;
#272 = ORIENTED_EDGE ( 'NONE', *, *, #389, .T. ) ;
#273 =( NAMED_UNIT ( * ) PLANE_ANGLE_UNIT ( ) SI_UNIT ( $, .RADIAN. ) );
#274 =( NAMED_UNIT ( * ) PLANE_ANGLE_UNIT ( ) SI_UNIT ( $, .RADIAN. ) );
#275 =( NAMED_UNIT ( * ) SI_UNIT ( $, .STERADIAN. ) SOLID_ANGLE_UNIT ( ) );
#276 =( NAMED_UNIT ( * ) PLANE_ANGLE_UNIT ( ) SI_UNIT ( $, .RADIAN. ) );
#277 = ORIENTED_EDGE ( 'NONE', *, *, #968, .T. ) ;
#278 = VECTOR ( 'NONE', #3532, 1000.000000000000000 ) ;
#279 = PRESENTATION_STYLE_ASSIGNMENT (( #1807 ) ) ;
#280 = SURFACE_STYLE_USAGE ( .BOTH. , #1808 ) ;
#281 = DIRECTION ( 'NONE',  ( 0.000000000000000000, -1.000000000000000000, 0.000000000000000000 ) ) ;
#282 = EDGE_LOOP ( 'NONE', ( #2080, #501, #2766, #574 ) ) ;
#283 = VECTOR ( 'NONE', #310, 1000.000000000000000 ) ;
#284 = ORIENTED_EDGE ( 'NONE', *, *, #968, .F. ) ;
#285 = EDGE_CURVE ( 'NONE', #1872, #1626, #3350, .T. ) ;
#286 = CARTESIAN_POINT ( 'NONE',  ( -4.573773423826661855, 0.1499999999999999667, 1.920000000000000151 ) ) ;
#287 = STYLED_ITEM ( 'NONE', ( #2014 ), #1044 ) ;
#288 = DIRECTION ( 'NONE',  ( 0.000000000000000000, 1.000000000000000000, 2.169739143709707832E-16 ) ) ;
#289 =( GEOMETRIC_REPRESENTATION_CONTEXT ( 3 ) GLOBAL_UNCERTAINTY_ASSIGNED_CONTEXT ( ( #2382 ) ) GLOBAL_UNIT_ASSIGNED_CONTEXT ( ( #2483, #1220, #3137 ) ) REPRESENTATION_CONTEXT ( 'NONE', 'WORKASPACE' ) );
#290 = EDGE_LOOP ( 'NONE', ( #2846, #2911, #433, #653, #2662, #771 ) ) ;
#291 = EDGE_CURVE ( 'NONE', #3618, #3805, #1592, .T. ) ;
#292 = SURFACE_STYLE_USAGE ( .BOTH. , #3019 ) ;
#293 = PRESENTATION_LAYER_ASSIGNMENT (  '', '', ( #1833 ) ) ;
#294 = FILL_AREA_STYLE_COLOUR ( '', #3186 ) ;
#295 = PRESENTATION_STYLE_ASSIGNMENT (( #3970 ) ) ;
#296 = DIRECTION ( 'NONE',  ( -0.3853006803259598767, 0.9227910845583372490, 0.000000000000000000 ) ) ;
#297 = CARTESIAN_POINT ( 'NONE',  ( -5.074014682674854448, -0.09999999999999999167, 1.920000000000000151 ) ) ;
#298 = FILL_AREA_STYLE_COLOUR ( '', #3309 ) ;
#299 = PRESENTATION_LAYER_ASSIGNMENT (  '', '', ( #1137 ) ) ;
#300 = SURFACE_SIDE_STYLE ('',( #1200 ) ) ;
#301 = ORIENTED_EDGE ( 'NONE', *, *, #1669, .T. ) ;
#302 = LINE ( 'NONE', #1529, #3477 ) ;
#303 = PRESENTATION_LAYER_ASSIGNMENT (  '', '', ( #426 ) ) ;
#304 = VERTEX_POINT ( 'NONE', #2474 ) ;
#305 =( NAMED_UNIT ( * ) SI_UNIT ( $, .STERADIAN. ) SOLID_ANGLE_UNIT ( ) );
#306 = PLANE ( 'NONE',  #2253 ) ;
#307 = ORIENTED_EDGE ( 'NONE', *, *, #118, .T. ) ;
#308 = VERTEX_POINT ( 'NONE', #2733 ) ;
#309 = UNCERTAINTY_MEASURE_WITH_UNIT (LENGTH_MEASURE( 1.000000000000000082E-05 ), #805, 'distance_accuracy_value', 'NONE');
#310 = DIRECTION ( 'NONE',  ( 1.000000000000000000, -1.083679278056636965E-16, 0.000000000000000000 ) ) ;
#311 =( LENGTH_UNIT ( ) NAMED_UNIT ( * ) SI_UNIT ( .MILLI., .METRE. ) );
#312 = FACE_OUTER_BOUND ( 'NONE', #1768, .T. ) ;
#313 = EDGE_LOOP ( 'NONE', ( #258, #2396, #2288, #3102 ) ) ;
#314 = VERTEX_POINT ( 'NONE', #2714 ) ;
#315 = CARTESIAN_POINT ( 'NONE',  ( -4.573773423826661855, 0.1500000000000000222, 1.020000000000000018 ) ) ;
#316 = DIRECTION ( 'NONE',  ( 0.000000000000000000, -0.000000000000000000, 1.000000000000000000 ) ) ;
#317 = EDGE_CURVE ( 'NONE', #3639, #1778, #3661, .T. ) ;
#318 = SURFACE_STYLE_FILL_AREA ( #3113 ) ;
#319 = FACE_OUTER_BOUND ( 'NONE', #2001, .T. ) ;
#320 = ADVANCED_FACE ( 'NONE', ( #10 ), #832, .T. ) ;
#321 = SURFACE_SIDE_STYLE ('',( #1547 ) ) ;
#322 = ORIENTED_EDGE ( 'NONE', *, *, #3463, .F. ) ;
#323 = PRESENTATION_LAYER_ASSIGNMENT (  '', '', ( #66 ) ) ;
#324 = ORIENTED_EDGE ( 'NONE', *, *, #3992, .F. ) ;
#325 = VERTEX_POINT ( 'NONE', #3209 ) ;
#326 = MECHANICAL_DESIGN_GEOMETRIC_PRESENTATION_REPRESENTATION (  '', ( #1609 ), #3597 ) ;
#327 = LINE ( 'NONE', #3478, #283 ) ;
#328 = SURFACE_SIDE_STYLE ('',( #1250 ) ) ;
#329 = DIRECTION ( 'NONE',  ( -1.000000000000000000, 0.000000000000000000, -0.000000000000000000 ) ) ;
#330 = ORIENTED_EDGE ( 'NONE', *, *, #365, .F. ) ;
#331 = STYLED_ITEM ( 'NONE', ( #468 ), #1943 ) ;
#332 = PRESENTATION_STYLE_ASSIGNMENT (( #3213 ) ) ;
#333 = FILL_AREA_STYLE_COLOUR ( '', #3117 ) ;
#334 = CARTESIAN_POINT ( 'NONE',  ( -4.150283335180551703, 0.8451791884718238279, -1.920000000000000151 ) ) ;
#335 = STYLED_ITEM ( 'NONE', ( #1084 ), #2249 ) ;
#336 = ADVANCED_FACE ( 'NONE', ( #1903 ), #3173, .F. ) ;
#337 = CARTESIAN_POINT ( 'NONE',  ( -4.573773423826661855, 0.1499999999999999667, 1.920000000000000151 ) ) ;
#338 =( NAMED_UNIT ( * ) SI_UNIT ( $, .STERADIAN. ) SOLID_ANGLE_UNIT ( ) );
#339 = PLANE ( 'NONE',  #3381 ) ;
#340 = ORIENTED_EDGE ( 'NONE', *, *, #669, .F. ) ;
#341 = PLANE ( 'NONE',  #2401 ) ;
#342 = FACE_OUTER_BOUND ( 'NONE', #1464, .T. ) ;
#343 = SURFACE_STYLE_USAGE ( .BOTH. , #3474 ) ;
#344 = VERTEX_POINT ( 'NONE', #3823 ) ;
#345 = CARTESIAN_POINT ( 'NONE',  ( -4.703105161170365811, 1.844563999893709116, 1.520000000000000018 ) ) ;
#346 = PRESENTATION_STYLE_ASSIGNMENT (( #1883 ) ) ;
#347 = EDGE_LOOP ( 'NONE', ( #3415, #3923, #1700, #3449, #1631, #486, #3211, #1646, #2796 ) ) ;
#348 =( NAMED_UNIT ( * ) SI_UNIT ( $, .STERADIAN. ) SOLID_ANGLE_UNIT ( ) );
#349 = SURFACE_STYLE_FILL_AREA ( #3149 ) ;
#350 =( LENGTH_UNIT ( ) NAMED_UNIT ( * ) SI_UNIT ( .MILLI., .METRE. ) );
#351 = LINE ( 'NONE', #1582, #386 ) ;
#352 = COLOUR_RGB ( '',0.6470588235294117974, 0.6196078431372549211, 0.5882352941176470784 ) ;
#353 = MECHANICAL_DESIGN_GEOMETRIC_PRESENTATION_REPRESENTATION (  '', ( #1320 ), #3163 ) ;
#354 = PLANE ( 'NONE',  #1532 ) ;
#355 = CYLINDRICAL_SURFACE ( 'NONE', #3124, 0.2999999999999999334 ) ;
#356 =( GEOMETRIC_REPRESENTATION_CONTEXT ( 3 ) GLOBAL_UNCERTAINTY_ASSIGNED_CONTEXT ( ( #3780 ) ) GLOBAL_UNIT_ASSIGNED_CONTEXT ( ( #3308, #174, #1115 ) ) REPRESENTATION_CONTEXT ( 'NONE', 'WORKASPACE' ) );
#357 = SURFACE_STYLE_USAGE ( .BOTH. , #321 ) ;
#358 = PRESENTATION_LAYER_ASSIGNMENT (  '', '', ( #3378 ) ) ;
#359 = EDGE_CURVE ( 'NONE', #197, #3839, #3804, .T. ) ;
#360 = FACE_OUTER_BOUND ( 'NONE', #2331, .T. ) ;
#361 = VERTEX_POINT ( 'NONE', #2811 ) ;
#362 = ORIENTED_EDGE ( 'NONE', *, *, #3317, .T. ) ;
#363 = CIRCLE ( 'NONE', #2179, 0.2999999999999997113 ) ;
#364 =( NAMED_UNIT ( * ) PLANE_ANGLE_UNIT ( ) SI_UNIT ( $, .RADIAN. ) );
#365 = EDGE_CURVE ( 'NONE', #2267, #2661, #944, .T. ) ;
#366 = SURFACE_STYLE_USAGE ( .BOTH. , #2549 ) ;
#367 = FILL_AREA_STYLE ('',( #2212 ) ) ;
#368 = AXIS2_PLACEMENT_3D ( 'NONE', #2917, #2010, #1352 ) ;
#369 =( NAMED_UNIT ( * ) SI_UNIT ( $, .STERADIAN. ) SOLID_ANGLE_UNIT ( ) );
#370 = LINE ( 'NONE', #2215, #1929 ) ;
#371 = DIRECTION ( 'NONE',  ( 0.000000000000000000, 0.000000000000000000, 1.000000000000000000 ) ) ;
#372 = MECHANICAL_DESIGN_GEOMETRIC_PRESENTATION_REPRESENTATION (  '', ( #3182 ), #1202 ) ;
#373 = FILL_AREA_STYLE_COLOUR ( '', #1273 ) ;
#374 = CARTESIAN_POINT ( 'NONE',  ( 4.197016518075225910, 0.08440979590221189821, 1.920000000000000151 ) ) ;
#375 = DIRECTION ( 'NONE',  ( -0.3853006803259595991, -0.9227910845583373600, -2.002215937632559559E-16 ) ) ;
#376 = FACE_OUTER_BOUND ( 'NONE', #730, .T. ) ;
#377 = VERTEX_POINT ( 'NONE', #677 ) ;
#378 = DIRECTION ( 'NONE',  ( -0.000000000000000000, -2.169739143709707832E-16, -1.000000000000000000 ) ) ;
#379 = ORIENTED_EDGE ( 'NONE', *, *, #1027, .F. ) ;
#380 = VERTEX_POINT ( 'NONE', #2258 ) ;
#381 = ADVANCED_FACE ( 'NONE', ( #719 ), #3783, .T. ) ;
#382 = FILL_AREA_STYLE_COLOUR ( '', #1695 ) ;
#383 =( NAMED_UNIT ( * ) SI_UNIT ( $, .STERADIAN. ) SOLID_ANGLE_UNIT ( ) );
#384 = ADVANCED_FACE ( 'NONE', ( #3742 ), #961, .T. ) ;
#385 = VERTEX_POINT ( 'NONE', #1991 ) ;
#386 = VECTOR ( 'NONE', #57, 1000.000000000000000 ) ;
#387 = DIRECTION ( 'NONE',  ( 0.000000000000000000, 0.000000000000000000, -1.000000000000000000 ) ) ;
#388 = FACE_OUTER_BOUND ( 'NONE', #1244, .T. ) ;
#389 = EDGE_CURVE ( 'NONE', #2835, #3855, #120, .T. ) ;
#390 = DIRECTION ( 'NONE',  ( 1.303481574384949276E-14, 1.000000000000000000, -0.000000000000000000 ) ) ;
#391 = LINE ( 'NONE', #3156, #3589 ) ;
#392 = ORIENTED_EDGE ( 'NONE', *, *, #3421, .F. ) ;
#393 = SURFACE_SIDE_STYLE ('',( #709 ) ) ;
#394 =( GEOMETRIC_REPRESENTATION_CONTEXT ( 3 ) GLOBAL_UNCERTAINTY_ASSIGNED_CONTEXT ( ( #3122 ) ) GLOBAL_UNIT_ASSIGNED_CONTEXT ( ( #1310, #3457, #620 ) ) REPRESENTATION_CONTEXT ( 'NONE', 'WORKASPACE' ) );
#395 = ORIENTED_EDGE ( 'NONE', *, *, #3938, .F. ) ;
#396 = FILL_AREA_STYLE_COLOUR ( '', #3218 ) ;
#397 = CARTESIAN_POINT ( 'NONE',  ( 3.250000000000000888, 0.000000000000000000, 2.290000000000000480 ) ) ;
#398 = VECTOR ( 'NONE', #2743, 1000.000000000000114 ) ;
#399 = ORIENTED_EDGE ( 'NONE', *, *, #3518, .F. ) ;
#400 = VERTEX_POINT ( 'NONE', #1728 ) ;
#401 = DIRECTION ( 'NONE',  ( 1.000000000000000000, -1.083679278056636965E-16, 0.000000000000000000 ) ) ;
#402 =( NAMED_UNIT ( * ) SI_UNIT ( $, .STERADIAN. ) SOLID_ANGLE_UNIT ( ) );
#403 =( LENGTH_UNIT ( ) NAMED_UNIT ( * ) SI_UNIT ( .MILLI., .METRE. ) );
#404 = EDGE_CURVE ( 'NONE', #3814, #1002, #3864, .T. ) ;
#405 = CARTESIAN_POINT ( 'NONE',  ( 4.573773423826661855, 0.1500000000000002720, -1.920000000000000151 ) ) ;
#406 = LINE ( 'NONE', #2572, #2134 ) ;
#407 = ADVANCED_FACE ( 'NONE', ( #2970 ), #1028, .F. ) ;
#408 = VECTOR ( 'NONE', #3418, 1000.000000000000000 ) ;
#409 = PRODUCT_RELATED_PRODUCT_CATEGORY ( 'part', '', ( #2864 ) ) ;
#410 = PRESENTATION_LAYER_ASSIGNMENT (  '', '', ( #2225 ) ) ;
#411 = CARTESIAN_POINT ( 'NONE',  ( 3.403105161170367321, 1.750000000000000000, -2.289999999999999591 ) ) ;
#412 = CARTESIAN_POINT ( 'NONE',  ( 4.389215206914994560, 0.2729398639348082911, -0.6200000000000001066 ) ) ;
#413 = CYLINDRICAL_SURFACE ( 'NONE', #1331, 0.1999999999999996503 ) ;
#414 = ORIENTED_EDGE ( 'NONE', *, *, #973, .F. ) ;
#415 = COLOUR_RGB ( '',0.6470588235294117974, 0.6196078431372549211, 0.5882352941176470784 ) ;
#416 = VECTOR ( 'NONE', #1064, 1000.000000000000000 ) ;
#417 =( GEOMETRIC_REPRESENTATION_CONTEXT ( 3 ) GLOBAL_UNCERTAINTY_ASSIGNED_CONTEXT ( ( #2831 ) ) GLOBAL_UNIT_ASSIGNED_CONTEXT ( ( #3015, #3925, #3643 ) ) REPRESENTATION_CONTEXT ( 'NONE', 'WORKASPACE' ) );
#418 = PRESENTATION_STYLE_ASSIGNMENT (( #1961 ) ) ;
#419 = DIRECTION ( 'NONE',  ( -0.9227910845583374710, 0.3853006803259596547, 0.000000000000000000 ) ) ;
#420 = ORIENTED_EDGE ( 'NONE', *, *, #3694, .T. ) ;
#421 = PRESENTATION_STYLE_ASSIGNMENT (( #1005 ) ) ;
#422 = FILL_AREA_STYLE_COLOUR ( '', #2938 ) ;
#423 =( LENGTH_UNIT ( ) NAMED_UNIT ( * ) SI_UNIT ( .MILLI., .METRE. ) );
#424 = VERTEX_POINT ( 'NONE', #485 ) ;
#425 = ORIENTED_EDGE ( 'NONE', *, *, #2172, .T. ) ;
#426 = STYLED_ITEM ( 'NONE', ( #1499 ), #320 ) ;
#427 = LINE ( 'NONE', #1378, #3856 ) ;
#428 = EDGE_CURVE ( 'NONE', #2742, #265, #495, .T. ) ;
#429 = SURFACE_SIDE_STYLE ('',( #3909 ) ) ;
#430 = FILL_AREA_STYLE_COLOUR ( '', #514 ) ;
#431 = VECTOR ( 'NONE', #2467, 1000.000000000000000 ) ;
#432 = SURFACE_STYLE_FILL_AREA ( #2600 ) ;
#433 = ORIENTED_EDGE ( 'NONE', *, *, #1892, .T. ) ;
#434 = SURFACE_STYLE_FILL_AREA ( #3510 ) ;
#435 = EDGE_CURVE ( 'NONE', #1022, #2339, #1709, .T. ) ;
#436 = DIRECTION ( 'NONE',  ( -0.000000000000000000, -0.000000000000000000, -1.000000000000000000 ) ) ;
#437 = VECTOR ( 'NONE', #1616, 1000.000000000000000 ) ;
#438 = LINE ( 'NONE', #2274, #278 ) ;
#439 = UNCERTAINTY_MEASURE_WITH_UNIT (LENGTH_MEASURE( 1.000000000000000082E-05 ), #1127, 'distance_accuracy_value', 'NONE');
#440 = VECTOR ( 'NONE', #3428, 1000.000000000000000 ) ;
#441 = EDGE_LOOP ( 'NONE', ( #615, #2276, #3729, #392 ) ) ;
#442 = CARTESIAN_POINT ( 'NONE',  ( 3.617801311160230959, 1.471624135958901958, -1.920000000000000151 ) ) ;
#443 = SURFACE_STYLE_USAGE ( .BOTH. , #3279 ) ;
#444 = ORIENTED_EDGE ( 'NONE', *, *, #291, .T. ) ;
#445 = ORIENTED_EDGE ( 'NONE', *, *, #562, .T. ) ;
#446 = DIRECTION ( 'NONE',  ( 0.000000000000000000, -0.000000000000000000, 1.000000000000000000 ) ) ;
#447 = PRESENTATION_LAYER_ASSIGNMENT (  '', '', ( #2195 ) ) ;
#448 = SURFACE_STYLE_USAGE ( .BOTH. , #3906 ) ;
#449 = DIRECTION ( 'NONE',  ( 0.000000000000000000, -0.000000000000000000, 1.000000000000000000 ) ) ;
#450 = AXIS2_PLACEMENT_3D ( 'NONE', #2736, #3390, #3664 ) ;
#451 = LINE ( 'NONE', #775, #1658 ) ;
#452 =( NAMED_UNIT ( * ) PLANE_ANGLE_UNIT ( ) SI_UNIT ( $, .RADIAN. ) );
#453 = SURFACE_STYLE_USAGE ( .BOTH. , #728 ) ;
#454 = ORIENTED_EDGE ( 'NONE', *, *, #3031, .T. ) ;
#455 = VECTOR ( 'NONE', #2361, 1000.000000000000227 ) ;
#456 = ORIENTED_EDGE ( 'NONE', *, *, #3190, .F. ) ;
#457 = DIRECTION ( 'NONE',  ( -0.3853006803259595991, -0.9227910845583373600, 0.000000000000000000 ) ) ;
#458 = EDGE_CURVE ( 'NONE', #595, #780, #3960, .T. ) ;
#459 = ORIENTED_EDGE ( 'NONE', *, *, #1689, .F. ) ;
#460 = CARTESIAN_POINT ( 'NONE',  ( 4.573773423826661855, -0.1000000000000002137, 1.920000000000000151 ) ) ;
#461 = VERTEX_POINT ( 'NONE', #2355 ) ;
#462 = VERTEX_POINT ( 'NONE', #736 ) ;
#463 = DIRECTION ( 'NONE',  ( -1.000000000000000000, 1.303481574384949276E-14, -2.828214995047381501E-30 ) ) ;
#464 = VECTOR ( 'NONE', #3472, 1000.000000000000000 ) ;
#465 = LINE ( 'NONE', #508, #1540 ) ;
#466 = CARTESIAN_POINT ( 'NONE',  ( -4.573773423826661855, 0.1499999999999999667, -0.6200000000000001066 ) ) ;
#467 = CARTESIAN_POINT ( 'NONE',  ( -3.433243094248563665, 1.394563999893710271, -1.920000000000000151 ) ) ;
#468 = PRESENTATION_STYLE_ASSIGNMENT (( #2956 ) ) ;
#469 = UNCERTAINTY_MEASURE_WITH_UNIT (LENGTH_MEASURE( 1.000000000000000082E-05 ), #3070, 'distance_accuracy_value', 'NONE');
#470 = DIRECTION ( 'NONE',  ( -0.000000000000000000, -0.000000000000000000, -1.000000000000000000 ) ) ;
#471 = CARTESIAN_POINT ( 'NONE',  ( 3.617801311160230959, 1.471624135958901958, -1.520000000000000018 ) ) ;
#472 = AXIS2_PLACEMENT_3D ( 'NONE', #3367, #2694, #2448 ) ;
#473 = SURFACE_SIDE_STYLE ('',( #1095 ) ) ;
#474 = ORIENTED_EDGE ( 'NONE', *, *, #537, .T. ) ;
#475 =( GEOMETRIC_REPRESENTATION_CONTEXT ( 3 ) GLOBAL_UNCERTAINTY_ASSIGNED_CONTEXT ( ( #3466 ) ) GLOBAL_UNIT_ASSIGNED_CONTEXT ( ( #1410, #2197, #3750 ) ) REPRESENTATION_CONTEXT ( 'NONE', 'WORKASPACE' ) );
#476 = FACE_OUTER_BOUND ( 'NONE', #556, .T. ) ;
#477 = CARTESIAN_POINT ( 'NONE',  ( 5.074014682674854448, -0.09999999999999999167, -1.020000000000000018 ) ) ;
#478 = UNCERTAINTY_MEASURE_WITH_UNIT (LENGTH_MEASURE( 1.000000000000000082E-05 ), #876, 'distance_accuracy_value', 'NONE');
#479 =( GEOMETRIC_REPRESENTATION_CONTEXT ( 3 ) GLOBAL_UNCERTAINTY_ASSIGNED_CONTEXT ( ( #1985 ) ) GLOBAL_UNIT_ASSIGNED_CONTEXT ( ( #3233, #1350, #2295 ) ) REPRESENTATION_CONTEXT ( 'NONE', 'WORKASPACE' ) );
#480 = VECTOR ( 'NONE', #3948, 1000.000000000000000 ) ;
#481 = ADVANCED_FACE ( 'NONE', ( #806 ), #2590, .F. ) ;
#482 = FILL_AREA_STYLE ('',( #2744 ) ) ;
#483 = FILL_AREA_STYLE ('',( #1782 ) ) ;
#484 = CARTESIAN_POINT ( 'NONE',  ( -3.249999999999999556, 0.000000000000000000, -2.290000000000000480 ) ) ;
#485 = CARTESIAN_POINT ( 'NONE',  ( 3.389506273257252733, 1.594563999893709783, -1.520000000000000018 ) ) ;
#486 = ORIENTED_EDGE ( 'NONE', *, *, #3241, .F. ) ;
#487 = ORIENTED_EDGE ( 'NONE', *, *, #3351, .F. ) ;
#488 = EDGE_CURVE ( 'NONE', #263, #2608, #2580, .T. ) ;
#489 = CARTESIAN_POINT ( 'NONE',  ( 5.074014682674854448, -0.09999999999999999167, 1.920000000000000151 ) ) ;
#490 = DIRECTION ( 'NONE',  ( 1.000000000000000000, -1.083679278056636965E-16, 0.000000000000000000 ) ) ;
#491 = DIRECTION ( 'NONE',  ( -0.08682659386424779191, -0.9924325091389669673, 0.08682659386424779191 ) ) ;
#492 = PRESENTATION_LAYER_ASSIGNMENT (  '', '', ( #3240 ) ) ;
#493 = CARTESIAN_POINT ( 'NONE',  ( 4.150283335180551703, 0.8451791884718238279, 1.920000000000000151 ) ) ;
#494 = DIRECTION ( 'NONE',  ( -0.9961946980917455452, -0.08715574274765836016, 0.000000000000000000 ) ) ;
#495 = CIRCLE ( 'NONE', #1771, 0.2999999999999999334 ) ;
#496 = ORIENTED_EDGE ( 'NONE', *, *, #2628, .F. ) ;
#497 = CARTESIAN_POINT ( 'NONE',  ( 3.403105161170367765, 1.750000000000000000, -2.443105161170367357 ) ) ;
#498 = AXIS2_PLACEMENT_3D ( 'NONE', #1511, #2728, #3982 ) ;
#499 = CARTESIAN_POINT ( 'NONE',  ( -4.573773423826661855, 0.1499999999999999667, 1.520000000000000018 ) ) ;
#500 = DIRECTION ( 'NONE',  ( -1.000000000000000000, 0.000000000000000000, 0.000000000000000000 ) ) ;
#501 = ORIENTED_EDGE ( 'NONE', *, *, #3784, .T. ) ;
#502 = MECHANICAL_DESIGN_GEOMETRIC_PRESENTATION_REPRESENTATION (  '', ( #4035 ), #3771 ) ;
#503 = CARTESIAN_POINT ( 'NONE',  ( 3.810000000000000053, 1.660154203991497823, -1.920000000000000151 ) ) ;
#504 = FILL_AREA_STYLE_COLOUR ( '', #2380 ) ;
#505 = ORIENTED_EDGE ( 'NONE', *, *, #1518, .T. ) ;
#506 = ORIENTED_EDGE ( 'NONE', *, *, #3394, .T. ) ;
#507 = DIRECTION ( 'NONE',  ( 0.000000000000000000, 0.000000000000000000, 1.000000000000000000 ) ) ;
#508 = CARTESIAN_POINT ( 'NONE',  ( 4.573773423826661855, -0.1000000000000002137, -1.020000000000000018 ) ) ;
#509 = SURFACE_STYLE_FILL_AREA ( #2081 ) ;
#510 =( LENGTH_UNIT ( ) NAMED_UNIT ( * ) SI_UNIT ( .MILLI., .METRE. ) );
#511 =( NAMED_UNIT ( * ) SI_UNIT ( $, .STERADIAN. ) SOLID_ANGLE_UNIT ( ) );
#512 = EDGE_CURVE ( 'NONE', #2885, #908, #2103, .T. ) ;
#513 = UNCERTAINTY_MEASURE_WITH_UNIT (LENGTH_MEASURE( 1.000000000000000082E-05 ), #1112, 'distance_accuracy_value', 'NONE');
#514 = COLOUR_RGB ( '',0.2980392156862745057, 0.2980392156862745057, 0.2980392156862745057 ) ;
#515 = CARTESIAN_POINT ( 'NONE',  ( 4.473853843442727296, -0.1000000000000000472, 1.920000000000000151 ) ) ;
#516 = EDGE_CURVE ( 'NONE', #1778, #2989, #3962, .T. ) ;
#517 = DIRECTION ( 'NONE',  ( -0.000000000000000000, -0.000000000000000000, -1.000000000000000000 ) ) ;
#518 = PRESENTATION_STYLE_ASSIGNMENT (( #2033 ) ) ;
#519 = CARTESIAN_POINT ( 'NONE',  ( 4.473853843442727296, 0.1999999999999998723, 0.6200000000000001066 ) ) ;
#520 = PLANE ( 'NONE',  #3684 ) ;
#521 = PRESENTATION_LAYER_ASSIGNMENT (  '', '', ( #135 ) ) ;
#522 = DIRECTION ( 'NONE',  ( -0.000000000000000000, -0.000000000000000000, 1.000000000000000000 ) ) ;
#523 = PLANE ( 'NONE',  #2300 ) ;
#524 = FILL_AREA_STYLE ('',( #1492 ) ) ;
#525 = CARTESIAN_POINT ( 'NONE',  ( 4.573773423826661855, 0.3500000000000000333, 0.6200000000000001066 ) ) ;
#526 = ORIENTED_EDGE ( 'NONE', *, *, #1815, .T. ) ;
#527 =( GEOMETRIC_REPRESENTATION_CONTEXT ( 3 ) GLOBAL_UNCERTAINTY_ASSIGNED_CONTEXT ( ( #552 ) ) GLOBAL_UNIT_ASSIGNED_CONTEXT ( ( #824, #1452, #2708 ) ) REPRESENTATION_CONTEXT ( 'NONE', 'WORKASPACE' ) );
#528 = ORIENTED_EDGE ( 'NONE', *, *, #259, .T. ) ;
#529 = SURFACE_STYLE_FILL_AREA ( #3659 ) ;
#530 = ADVANCED_FACE ( 'NONE', ( #594 ), #1761, .F. ) ;
#531 = DIRECTION ( 'NONE',  ( -1.000000000000000000, -8.469914131292437023E-15, 0.000000000000000000 ) ) ;
#532 = DIRECTION ( 'NONE',  ( -1.000000000000000000, 0.000000000000000000, 0.000000000000000000 ) ) ;
#533 = ORIENTED_EDGE ( 'NONE', *, *, #2251, .T. ) ;
#534 =( GEOMETRIC_REPRESENTATION_CONTEXT ( 3 ) GLOBAL_UNCERTAINTY_ASSIGNED_CONTEXT ( ( #733 ) ) GLOBAL_UNIT_ASSIGNED_CONTEXT ( ( #3755, #3079, #1203 ) ) REPRESENTATION_CONTEXT ( 'NONE', 'WORKASPACE' ) );
#535 = DIRECTION ( 'NONE',  ( -1.000000000000000000, -0.000000000000000000, -0.000000000000000000 ) ) ;
#536 = FACE_OUTER_BOUND ( 'NONE', #1245, .T. ) ;
#537 = EDGE_CURVE ( 'NONE', #2792, #3814, #176, .T. ) ;
#538 = LINE ( 'NONE', #1819, #2533 ) ;
#539 =( LENGTH_UNIT ( ) NAMED_UNIT ( * ) SI_UNIT ( .MILLI., .METRE. ) );
#540 = EDGE_CURVE ( 'NONE', #3322, #3437, #2770, .T. ) ;
#541 = CYLINDRICAL_SURFACE ( 'NONE', #632, 0.2999999999999999334 ) ;
#542 = ORIENTED_EDGE ( 'NONE', *, *, #1644, .T. ) ;
#543 = PRODUCT_DEFINITION_FORMATION_WITH_SPECIFIED_SOURCE ( 'ANY', '', #2864, .NOT_KNOWN. ) ;
#544 = VECTOR ( 'NONE', #862, 1000.000000000000114 ) ;
#545 = CARTESIAN_POINT ( 'NONE',  ( -4.573773423826661855, -0.1000000000000002137, 0.6200000000000001066 ) ) ;
#546 = DIRECTION ( 'NONE',  ( 1.000000000000000000, 1.083679278056636965E-16, 0.000000000000000000 ) ) ;
#547 = COLOUR_RGB ( '',0.6470588235294117974, 0.6196078431372549211, 0.5882352941176470784 ) ;
#548 = VERTEX_POINT ( 'NONE', #2420 ) ;
#549 = ORIENTED_EDGE ( 'NONE', *, *, #2556, .F. ) ;
#550 = STYLED_ITEM ( 'NONE', ( #899 ), #3594 ) ;
#551 = DIRECTION ( 'NONE',  ( 8.875607892098412467E-17, 7.517563670909502788E-31, 1.000000000000000000 ) ) ;
#552 = UNCERTAINTY_MEASURE_WITH_UNIT (LENGTH_MEASURE( 1.000000000000000082E-05 ), #824, 'distance_accuracy_value', 'NONE');
#553 = CARTESIAN_POINT ( 'NONE',  ( -4.573773423826661855, 0.1499999999999999667, -1.020000000000000018 ) ) ;
#554 = PRESENTATION_LAYER_ASSIGNMENT (  '', '', ( #2896 ) ) ;
#555 = DIRECTION ( 'NONE',  ( 0.000000000000000000, 1.000000000000000000, 0.000000000000000000 ) ) ;
#556 = EDGE_LOOP ( 'NONE', ( #3090, #1017, #1720, #3344, #1665, #414, #1621, #3128, #1361, #3717, #2254, #324 ) ) ;
#557 = LINE ( 'NONE', #1213, #260 ) ;
#558 = UNCERTAINTY_MEASURE_WITH_UNIT (LENGTH_MEASURE( 1.000000000000000082E-05 ), #2822, 'distance_accuracy_value', 'NONE');
#559 = MECHANICAL_DESIGN_GEOMETRIC_PRESENTATION_REPRESENTATION (  '', ( #3626 ), #628 ) ;
#560 =( NAMED_UNIT ( * ) PLANE_ANGLE_UNIT ( ) SI_UNIT ( $, .RADIAN. ) );
#561 = DIRECTION ( 'NONE',  ( -0.000000000000000000, -0.000000000000000000, 1.000000000000000000 ) ) ;
#562 = EDGE_CURVE ( 'NONE', #3012, #852, #3675, .T. ) ;
#563 = DIRECTION ( 'NONE',  ( 0.000000000000000000, -1.000000000000000000, 0.000000000000000000 ) ) ;
#564 = DIRECTION ( 'NONE',  ( -0.3853006803259598767, 0.9227910845583372490, -0.000000000000000000 ) ) ;
#565 = EDGE_CURVE ( 'NONE', #164, #1762, #199, .T. ) ;
#566 = DIRECTION ( 'NONE',  ( 1.000000000000000000, 0.000000000000000000, 0.000000000000000000 ) ) ;
#567 = SURFACE_STYLE_FILL_AREA ( #3379 ) ;
#568 = ORIENTED_EDGE ( 'NONE', *, *, #1811, .T. ) ;
#569 = ADVANCED_FACE ( 'NONE', ( #1533 ), #306, .F. ) ;
#570 = CARTESIAN_POINT ( 'NONE',  ( -4.573773423826661855, 0.3500000000000000333, 1.920000000000000151 ) ) ;
#571 = SURFACE_STYLE_FILL_AREA ( #2991 ) ;
#572 = VECTOR ( 'NONE', #3667, 1000.000000000000000 ) ;
#573 = VERTEX_POINT ( 'NONE', #2169 ) ;
#574 = ORIENTED_EDGE ( 'NONE', *, *, #317, .T. ) ;
#575 =( LENGTH_UNIT ( ) NAMED_UNIT ( * ) SI_UNIT ( .MILLI., .METRE. ) );
#576 = SURFACE_STYLE_FILL_AREA ( #2732 ) ;
#577 =( NAMED_UNIT ( * ) SI_UNIT ( $, .STERADIAN. ) SOLID_ANGLE_UNIT ( ) );
#578 = ORIENTED_EDGE ( 'NONE', *, *, #3535, .F. ) ;
#579 = VERTEX_POINT ( 'NONE', #635 ) ;
#580 = PRESENTATION_LAYER_ASSIGNMENT (  '', '', ( #2330 ) ) ;
#581 = CARTESIAN_POINT ( 'NONE',  ( 3.433243094248563665, 1.594563999893710449, 1.920000000000000151 ) ) ;
#582 = PLANE ( 'NONE',  #2190 ) ;
#583 = VECTOR ( 'NONE', #3094, 1000.000000000000000 ) ;
#584 = CARTESIAN_POINT ( 'NONE',  ( -3.249999999999999556, 3.500000000000000000, 2.290000000000000480 ) ) ;
#585 = SURFACE_STYLE_USAGE ( .BOTH. , #3695 ) ;
#586 = ADVANCED_FACE ( 'NONE', ( #1856 ), #1875, .T. ) ;
#587 =( NAMED_UNIT ( * ) SI_UNIT ( $, .STERADIAN. ) SOLID_ANGLE_UNIT ( ) );
#588 = CARTESIAN_POINT ( 'NONE',  ( 4.573773423826661855, -0.1000000000000002137, -1.020000000000000018 ) ) ;
#589 = ORIENTED_EDGE ( 'NONE', *, *, #1811, .F. ) ;
#590 = AXIS2_PLACEMENT_3D ( 'NONE', #2478, #3426, #1842 ) ;
#591 = VECTOR ( 'NONE', #1885, 1000.000000000000227 ) ;
#592 = SURFACE_SIDE_STYLE ('',( #3701 ) ) ;
#593 = FILL_AREA_STYLE ('',( #3800 ) ) ;
#594 = FACE_OUTER_BOUND ( 'NONE', #1272, .T. ) ;
#595 = VERTEX_POINT ( 'NONE', #1445 ) ;
#596 = ORIENTED_EDGE ( 'NONE', *, *, #1980, .F. ) ;
#597 =( GEOMETRIC_REPRESENTATION_CONTEXT ( 3 ) GLOBAL_UNCERTAINTY_ASSIGNED_CONTEXT ( ( #2470 ) ) GLOBAL_UNIT_ASSIGNED_CONTEXT ( ( #1189, #3088, #1290 ) ) REPRESENTATION_CONTEXT ( 'NONE', 'WORKASPACE' ) );
#598 = UNCERTAINTY_MEASURE_WITH_UNIT (LENGTH_MEASURE( 1.000000000000000082E-05 ), #311, 'distance_accuracy_value', 'NONE');
#599 = CARTESIAN_POINT ( 'NONE',  ( -3.249999999999999556, 1.750000000000000000, 2.443105161170367357 ) ) ;
#600 = MECHANICAL_DESIGN_GEOMETRIC_PRESENTATION_REPRESENTATION (  '', ( #3534 ), #527 ) ;
#601 = FILL_AREA_STYLE ('',( #1752 ) ) ;
#602 = CARTESIAN_POINT ( 'NONE',  ( 3.617801311160230959, 1.471624135958902180, 1.920000000000000151 ) ) ;
#603 = FACE_OUTER_BOUND ( 'NONE', #2189, .T. ) ;
#604 = CARTESIAN_POINT ( 'NONE',  ( -4.473853843442727296, -0.1000000000000000472, -1.920000000000000151 ) ) ;
#605 = CARTESIAN_POINT ( 'NONE',  ( 4.473853843442727296, 0.1999999999999998723, -1.920000000000000151 ) ) ;
#606 = DIRECTION ( 'NONE',  ( -8.875607892098418630E-17, -0.000000000000000000, -1.000000000000000000 ) ) ;
#607 = ORIENTED_EDGE ( 'NONE', *, *, #285, .T. ) ;
#608 = DIRECTION ( 'NONE',  ( -1.000000000000000000, 1.303481574384949276E-14, 0.000000000000000000 ) ) ;
#609 =( NAMED_UNIT ( * ) PLANE_ANGLE_UNIT ( ) SI_UNIT ( $, .RADIAN. ) );
#610 = AXIS2_PLACEMENT_3D ( 'NONE', #1480, #3711, #2135 ) ;
#611 = PLANE ( 'NONE',  #2017 ) ;
#612 = SURFACE_STYLE_USAGE ( .BOTH. , #3361 ) ;
#613 = ORIENTED_EDGE ( 'NONE', *, *, #3681, .F. ) ;
#614 = VECTOR ( 'NONE', #3936, 1000.000000000000000 ) ;
#615 = ORIENTED_EDGE ( 'NONE', *, *, #2246, .F. ) ;
#616 = EDGE_CURVE ( 'NONE', #1293, #60, #2721, .T. ) ;
#617 = CIRCLE ( 'NONE', #1444, 0.2999999999999999334 ) ;
#618 = CARTESIAN_POINT ( 'NONE',  ( 3.533162674632499112, 1.844563999893710005, -0.6200000000000001066 ) ) ;
#619 = AXIS2_PLACEMENT_3D ( 'NONE', #1318, #31, #490 ) ;
#620 =( NAMED_UNIT ( * ) SI_UNIT ( $, .STERADIAN. ) SOLID_ANGLE_UNIT ( ) );
#621 = PRESENTATION_LAYER_ASSIGNMENT (  '', '', ( #1320 ) ) ;
#622 = ORIENTED_EDGE ( 'NONE', *, *, #2538, .T. ) ;
#623 = EDGE_CURVE ( 'NONE', #3274, #3358, #2074, .T. ) ;
#624 = PLANE ( 'NONE',  #2663 ) ;
#625 = AXIS2_PLACEMENT_3D ( 'NONE', #3542, #1655, #126 ) ;
#626 =( NAMED_UNIT ( * ) PLANE_ANGLE_UNIT ( ) SI_UNIT ( $, .RADIAN. ) );
#627 =( NAMED_UNIT ( * ) SI_UNIT ( $, .STERADIAN. ) SOLID_ANGLE_UNIT ( ) );
#628 =( GEOMETRIC_REPRESENTATION_CONTEXT ( 3 ) GLOBAL_UNCERTAINTY_ASSIGNED_CONTEXT ( ( #3879 ) ) GLOBAL_UNIT_ASSIGNED_CONTEXT ( ( #863, #3059, #3941 ) ) REPRESENTATION_CONTEXT ( 'NONE', 'WORKASPACE' ) );
#629 = FACE_OUTER_BOUND ( 'NONE', #1063, .T. ) ;
#630 = CARTESIAN_POINT ( 'NONE',  ( -4.573773423826661855, 0.1499999999999999667, -1.920000000000000151 ) ) ;
#631 =( LENGTH_UNIT ( ) NAMED_UNIT ( * ) SI_UNIT ( .MILLI., .METRE. ) );
#632 = AXIS2_PLACEMENT_3D ( 'NONE', #605, #3096, #651 ) ;
#633 = FACE_OUTER_BOUND ( 'NONE', #3563, .T. ) ;
#634 = VERTEX_POINT ( 'NONE', #584 ) ;
#635 = CARTESIAN_POINT ( 'NONE',  ( 5.074014682674854448, -0.1000000000000002137, 1.520000000000000018 ) ) ;
#636 = ORIENTED_EDGE ( 'NONE', *, *, #687, .F. ) ;
#637 = COLOUR_RGB ( '',0.6470588235294117974, 0.6196078431372549211, 0.5882352941176470784 ) ;
#638 = UNCERTAINTY_MEASURE_WITH_UNIT (LENGTH_MEASURE( 1.000000000000000082E-05 ), #2630, 'distance_accuracy_value', 'NONE');
#639 = CARTESIAN_POINT ( 'NONE',  ( 4.573773423826661855, -0.1000000000000002137, 0.6200000000000001066 ) ) ;
#640 = DIRECTION ( 'NONE',  ( 0.9961946980917455452, -0.08715574274765836016, -9.432982147507528301E-17 ) ) ;
#641 = EDGE_CURVE ( 'NONE', #1687, #872, #3115, .T. ) ;
#642 = VERTEX_POINT ( 'NONE', #2387 ) ;
#643 =( LENGTH_UNIT ( ) NAMED_UNIT ( * ) SI_UNIT ( .MILLI., .METRE. ) );
#644 = CARTESIAN_POINT ( 'NONE',  ( 4.389215206914994560, 0.2729398639348082911, 1.920000000000000151 ) ) ;
#645 = COLOUR_RGB ( '',0.6470588235294117974, 0.6196078431372549211, 0.5882352941176470784 ) ;
#646 = EDGE_CURVE ( 'NONE', #3839, #3380, #3026, .T. ) ;
#647 = UNCERTAINTY_MEASURE_WITH_UNIT (LENGTH_MEASURE( 1.000000000000000082E-05 ), #3480, 'distance_accuracy_value', 'NONE');
#648 = LINE ( 'NONE', #3408, #3422 ) ;
#649 = CARTESIAN_POINT ( 'NONE',  ( -4.573773423826661855, -0.1000000000000002137, -1.020000000000000018 ) ) ;
#650 = CARTESIAN_POINT ( 'NONE',  ( 3.433243094248563665, 1.594563999893710449, -0.6200000000000001066 ) ) ;
#651 = DIRECTION ( 'NONE',  ( -1.000000000000000000, 0.000000000000000000, 0.000000000000000000 ) ) ;
#652 = CARTESIAN_POINT ( 'NONE',  ( 5.074014682674854448, -0.09999999999999999167, 1.520000000000000018 ) ) ;
#653 = ORIENTED_EDGE ( 'NONE', *, *, #1322, .F. ) ;
#654 =( NAMED_UNIT ( * ) PLANE_ANGLE_UNIT ( ) SI_UNIT ( $, .RADIAN. ) );
#655 =( GEOMETRIC_REPRESENTATION_CONTEXT ( 3 ) GLOBAL_UNCERTAINTY_ASSIGNED_CONTEXT ( ( #2315 ) ) GLOBAL_UNIT_ASSIGNED_CONTEXT ( ( #3468, #2219, #994 ) ) REPRESENTATION_CONTEXT ( 'NONE', 'WORKASPACE' ) );
#656 = DIRECTION ( 'NONE',  ( 0.000000000000000000, 0.000000000000000000, 1.000000000000000000 ) ) ;
#657 = SURFACE_STYLE_USAGE ( .BOTH. , #22 ) ;
#658 = EDGE_LOOP ( 'NONE', ( #2124, #3118, #1568, #596 ) ) ;
#659 = ORIENTED_EDGE ( 'NONE', *, *, #2485, .F. ) ;
#660 = SURFACE_SIDE_STYLE ('',( #3497 ) ) ;
#661 = ORIENTED_EDGE ( 'NONE', *, *, #4022, .T. ) ;
#662 = CARTESIAN_POINT ( 'NONE',  ( -3.617801311160230959, 1.471624135958901958, 0.6200000000000001066 ) ) ;
#663 = EDGE_CURVE ( 'NONE', #3010, #3814, #2115, .T. ) ;
#664 = COLOUR_RGB ( '',0.6470588235294117974, 0.6196078431372549211, 0.5882352941176470784 ) ;
#665 = LINE ( 'NONE', #32, #70 ) ;
#666 = PRESENTATION_LAYER_ASSIGNMENT (  '', '', ( #2211 ) ) ;
#667 = EDGE_CURVE ( 'NONE', #304, #908, #2437, .T. ) ;
#668 = FACE_OUTER_BOUND ( 'NONE', #138, .T. ) ;
#669 = EDGE_CURVE ( 'NONE', #1148, #145, #232, .T. ) ;
#670 =( NAMED_UNIT ( * ) PLANE_ANGLE_UNIT ( ) SI_UNIT ( $, .RADIAN. ) );
#671 =( NAMED_UNIT ( * ) PLANE_ANGLE_UNIT ( ) SI_UNIT ( $, .RADIAN. ) );
#672 = EDGE_LOOP ( 'NONE', ( #3436, #2104, #1730, #2042 ) ) ;
#673 = AXIS2_PLACEMENT_3D ( 'NONE', #2248, #3815, #1591 ) ;
#674 = CARTESIAN_POINT ( 'NONE',  ( 4.573773423826661855, -0.1000000000000002137, -0.6200000000000001066 ) ) ;
#675 = LINE ( 'NONE', #1577, #2609 ) ;
#676 = VECTOR ( 'NONE', #1485, 1000.000000000000227 ) ;
#677 = CARTESIAN_POINT ( 'NONE',  ( 4.150283335180552591, 0.8451791884718236059, 1.519999999999999796 ) ) ;
#678 = VECTOR ( 'NONE', #3296, 1000.000000000000000 ) ;
#679 = PLANE ( 'NONE',  #2070 ) ;
#680 = SURFACE_SIDE_STYLE ('',( #3482 ) ) ;
#681 = VECTOR ( 'NONE', #3787, 1000.000000000000227 ) ;
#682 = FACE_OUTER_BOUND ( 'NONE', #146, .T. ) ;
#683 = FILL_AREA_STYLE_COLOUR ( '', #3397 ) ;
#684 = PRESENTATION_STYLE_ASSIGNMENT (( #453 ) ) ;
#685 = VERTEX_POINT ( 'NONE', #857 ) ;
#686 = CARTESIAN_POINT ( 'NONE',  ( 3.403105161170367321, 1.750000000000000000, 2.289999999999999591 ) ) ;
#687 = EDGE_CURVE ( 'NONE', #780, #1047, #1218, .T. ) ;
#688 = PRESENTATION_LAYER_ASSIGNMENT (  '', '', ( #3697 ) ) ;
#689 = DIRECTION ( 'NONE',  ( 1.000000000000000000, 0.000000000000000000, -0.000000000000000000 ) ) ;
#690 = DIRECTION ( 'NONE',  ( 1.000000000000000000, 0.000000000000000000, 0.000000000000000000 ) ) ;
#691 = ORIENTED_EDGE ( 'NONE', *, *, #3938, .T. ) ;
#692 = ORIENTED_EDGE ( 'NONE', *, *, #1917, .F. ) ;
#693 = PRESENTATION_LAYER_ASSIGNMENT (  '', '', ( #3570 ) ) ;
#694 = ADVANCED_FACE ( 'NONE', ( #1197 ), #839, .F. ) ;
#695 = LINE ( 'NONE', #639, #2160 ) ;
#696 =( NAMED_UNIT ( * ) PLANE_ANGLE_UNIT ( ) SI_UNIT ( $, .RADIAN. ) );
#697 = PRESENTATION_LAYER_ASSIGNMENT (  '', '', ( #54 ) ) ;
#698 = ORIENTED_EDGE ( 'NONE', *, *, #3792, .T. ) ;
#699 = PRESENTATION_LAYER_ASSIGNMENT (  '', '', ( #3182 ) ) ;
#700 = LINE ( 'NONE', #1930, #3651 ) ;
#701 = CARTESIAN_POINT ( 'NONE',  ( 5.074014682674854448, -0.09999999999999999167, -1.520000000000000018 ) ) ;
#702 = LINE ( 'NONE', #3425, #3255 ) ;
#703 =( LENGTH_UNIT ( ) NAMED_UNIT ( * ) SI_UNIT ( .MILLI., .METRE. ) );
#704 = MECHANICAL_DESIGN_GEOMETRIC_PRESENTATION_REPRESENTATION (  '', ( #3710 ), #1718 ) ;
#705 = MECHANICAL_DESIGN_GEOMETRIC_PRESENTATION_REPRESENTATION (  '', ( #2462 ), #2302 ) ;
#706 = PLANE ( 'NONE',  #2843 ) ;
#707 = SURFACE_SIDE_STYLE ('',( #3200 ) ) ;
#708 = LINE ( 'NONE', #1343, #1263 ) ;
#709 = SURFACE_STYLE_FILL_AREA ( #1914 ) ;
#710 = ORIENTED_EDGE ( 'NONE', *, *, #2214, .T. ) ;
#711 = CARTESIAN_POINT ( 'NONE',  ( 4.703105161170367587, 0.8451791884718238279, 1.519999999999999796 ) ) ;
#712 = EDGE_CURVE ( 'NONE', #1267, #1008, #4038, .T. ) ;
#713 = CARTESIAN_POINT ( 'NONE',  ( -5.074014682674854448, 0.1500000000000000222, 1.920000000000000151 ) ) ;
#714 = ORIENTED_EDGE ( 'NONE', *, *, #1149, .F. ) ;
#715 =( GEOMETRIC_REPRESENTATION_CONTEXT ( 3 ) GLOBAL_UNCERTAINTY_ASSIGNED_CONTEXT ( ( #2023 ) ) GLOBAL_UNIT_ASSIGNED_CONTEXT ( ( #3690, #252, #627 ) ) REPRESENTATION_CONTEXT ( 'NONE', 'WORKASPACE' ) );
#716 = ADVANCED_FACE ( 'NONE', ( #3506 ), #706, .F. ) ;
#717 = DIRECTION ( 'NONE',  ( -0.000000000000000000, -0.000000000000000000, 1.000000000000000000 ) ) ;
#718 = SURFACE_STYLE_FILL_AREA ( #1412 ) ;
#719 = FACE_OUTER_BOUND ( 'NONE', #2791, .T. ) ;
#720 = EDGE_CURVE ( 'NONE', #3527, #1792, #3199, .T. ) ;
#721 = ADVANCED_FACE ( 'NONE', ( #319 ), #3794, .F. ) ;
#722 = DIRECTION ( 'NONE',  ( 1.000000000000000000, 0.000000000000000000, 0.000000000000000000 ) ) ;
#723 = PRESENTATION_LAYER_ASSIGNMENT (  '', '', ( #331 ) ) ;
#724 = CARTESIAN_POINT ( 'NONE',  ( 0.000000000000000000, 0.000000000000000000, 0.000000000000000000 ) ) ;
#725 = FILL_AREA_STYLE ('',( #373 ) ) ;
#726 = DIRECTION ( 'NONE',  ( 0.08715574274765836016, 0.9961946980917455452, 0.000000000000000000 ) ) ;
#727 = ORIENTED_EDGE ( 'NONE', *, *, #48, .T. ) ;
#728 = SURFACE_SIDE_STYLE ('',( #434 ) ) ;
#729 = ORIENTED_EDGE ( 'NONE', *, *, #158, .T. ) ;
#730 = EDGE_LOOP ( 'NONE', ( #1970, #786, #948, #3723 ) ) ;
#731 = CARTESIAN_POINT ( 'NONE',  ( -3.533162674632499112, 1.544563999893710182, -1.520000000000000018 ) ) ;
#732 = VERTEX_POINT ( 'NONE', #969 ) ;
#733 = UNCERTAINTY_MEASURE_WITH_UNIT (LENGTH_MEASURE( 1.000000000000000082E-05 ), #3755, 'distance_accuracy_value', 'NONE');
#734 = PLANE ( 'NONE',  #3023 ) ;
#735 = DIRECTION ( 'NONE',  ( 0.000000000000000000, 1.000000000000000000, -2.169739143709707832E-16 ) ) ;
#736 = CARTESIAN_POINT ( 'NONE',  ( -3.389506273257251401, 1.594563999893709783, 1.520000000000000018 ) ) ;
#737 = ORIENTED_EDGE ( 'NONE', *, *, #1998, .F. ) ;
#738 = LINE ( 'NONE', #1337, #3235 ) ;
#739 = SURFACE_SIDE_STYLE ('',( #1090 ) ) ;
#740 = VECTOR ( 'NONE', #3430, 1000.000000000000000 ) ;
#741 = DIRECTION ( 'NONE',  ( -1.000000000000000000, 0.000000000000000000, 0.000000000000000000 ) ) ;
#742 =( NAMED_UNIT ( * ) SI_UNIT ( $, .STERADIAN. ) SOLID_ANGLE_UNIT ( ) );
#743 = CARTESIAN_POINT ( 'NONE',  ( 3.250000000000000888, 3.500000000000000000, -2.290000000000000480 ) ) ;
#744 = CIRCLE ( 'NONE', #1058, 0.1999999999999998723 ) ;
#745 = FILL_AREA_STYLE ('',( #396 ) ) ;
#746 = COLOUR_RGB ( '',0.6470588235294117974, 0.6196078431372549211, 0.5882352941176470784 ) ;
#747 = EDGE_LOOP ( 'NONE', ( #3099, #4032, #2227, #1891 ) ) ;
#748 = PRESENTATION_STYLE_ASSIGNMENT (( #767 ) ) ;
#749 = FACE_OUTER_BOUND ( 'NONE', #2772, .T. ) ;
#750 =( NAMED_UNIT ( * ) PLANE_ANGLE_UNIT ( ) SI_UNIT ( $, .RADIAN. ) );
#751 = ORIENTED_EDGE ( 'NONE', *, *, #3512, .T. ) ;
#752 = COLOUR_RGB ( '',0.6470588235294117974, 0.6196078431372549211, 0.5882352941176470784 ) ;
#753 = UNCERTAINTY_MEASURE_WITH_UNIT (LENGTH_MEASURE( 1.000000000000000082E-05 ), #1482, 'distance_accuracy_value', 'NONE');
#754 = FILL_AREA_STYLE ('',( #1051 ) ) ;
#755 =( GEOMETRIC_REPRESENTATION_CONTEXT ( 3 ) GLOBAL_UNCERTAINTY_ASSIGNED_CONTEXT ( ( #3582 ) ) GLOBAL_UNIT_ASSIGNED_CONTEXT ( ( #3243, #1056, #742 ) ) REPRESENTATION_CONTEXT ( 'NONE', 'WORKASPACE' ) );
#756 =( NAMED_UNIT ( * ) PLANE_ANGLE_UNIT ( ) SI_UNIT ( $, .RADIAN. ) );
#757 =( NAMED_UNIT ( * ) PLANE_ANGLE_UNIT ( ) SI_UNIT ( $, .RADIAN. ) );
#758 = COLOUR_RGB ( '',0.6470588235294117974, 0.6196078431372549211, 0.5882352941176470784 ) ;
#759 = DIRECTION ( 'NONE',  ( -0.000000000000000000, -0.000000000000000000, -1.000000000000000000 ) ) ;
#760 = ADVANCED_FACE ( 'NONE', ( #682 ), #354, .T. ) ;
#761 = DIRECTION ( 'NONE',  ( -1.000000000000000000, 0.000000000000000000, 0.000000000000000000 ) ) ;
#762 = LINE ( 'NONE', #152, #2363 ) ;
#763 = ORIENTED_EDGE ( 'NONE', *, *, #1027, .T. ) ;
#764 = LINE ( 'NONE', #713, #3825 ) ;
#765 =( NAMED_UNIT ( * ) PLANE_ANGLE_UNIT ( ) SI_UNIT ( $, .RADIAN. ) );
#766 = ORIENTED_EDGE ( 'NONE', *, *, #2, .F. ) ;
#767 = SURFACE_STYLE_USAGE ( .BOTH. , #3277 ) ;
#768 =( NAMED_UNIT ( * ) PLANE_ANGLE_UNIT ( ) SI_UNIT ( $, .RADIAN. ) );
#769 = COLOUR_RGB ( '',0.6470588235294117974, 0.6196078431372549211, 0.5882352941176470784 ) ;
#770 = SURFACE_STYLE_USAGE ( .BOTH. , #1967 ) ;
#771 = ORIENTED_EDGE ( 'NONE', *, *, #2784, .T. ) ;
#772 =( NAMED_UNIT ( * ) PLANE_ANGLE_UNIT ( ) SI_UNIT ( $, .RADIAN. ) );
#773 = DIRECTION ( 'NONE',  ( -8.469914131292437023E-15, -1.000000000000000000, 0.000000000000000000 ) ) ;
#774 = EDGE_CURVE ( 'NONE', #3078, #400, #3837, .T. ) ;
#775 = CARTESIAN_POINT ( 'NONE',  ( 5.074014682674854448, -0.09999999999999999167, 1.920000000000000151 ) ) ;
#776 = CARTESIAN_POINT ( 'NONE',  ( 4.703105161170367587, 1.844563999893709116, 1.520000000000000018 ) ) ;
#777 = EDGE_CURVE ( 'NONE', #872, #377, #2327, .T. ) ;
#778 = SURFACE_STYLE_FILL_AREA ( #3289 ) ;
#779 = VECTOR ( 'NONE', #1765, 1000.000000000000000 ) ;
#780 = VERTEX_POINT ( 'NONE', #1660 ) ;
#781 = FILL_AREA_STYLE_COLOUR ( '', #983 ) ;
#782 = ADVANCED_FACE ( 'NONE', ( #1035 ), #3263, .F. ) ;
#783 = AXIS2_PLACEMENT_3D ( 'NONE', #3360, #1128, #546 ) ;
#784 = LINE ( 'NONE', #1026, #1247 ) ;
#785 = DIRECTION ( 'NONE',  ( 8.469914131292437023E-15, -1.000000000000000000, 0.000000000000000000 ) ) ;
#786 = ORIENTED_EDGE ( 'NONE', *, *, #2324, .F. ) ;
#787 = CARTESIAN_POINT ( 'NONE',  ( 4.473853843442727296, 0.1999999999999998723, -1.920000000000000151 ) ) ;
#788 = SURFACE_SIDE_STYLE ('',( #509 ) ) ;
#789 = DIRECTION ( 'NONE',  ( -0.000000000000000000, -0.000000000000000000, 1.000000000000000000 ) ) ;
#790 = UNCERTAINTY_MEASURE_WITH_UNIT (LENGTH_MEASURE( 1.000000000000000082E-05 ), #350, 'distance_accuracy_value', 'NONE');
#791 = LINE ( 'NONE', #776, #1279 ) ;
#792 = COLOUR_RGB ( '',0.6470588235294117974, 0.6196078431372549211, 0.5882352941176470784 ) ;
#793 = FILL_AREA_STYLE ('',( #3931 ) ) ;
#794 = ORIENTED_EDGE ( 'NONE', *, *, #3052, .T. ) ;
#795 = VECTOR ( 'NONE', #2646, 1000.000000000000000 ) ;
#796 = FILL_AREA_STYLE_COLOUR ( '', #3153 ) ;
#797 = EDGE_CURVE ( 'NONE', #2661, #3662, #3627, .T. ) ;
#798 =( NAMED_UNIT ( * ) SI_UNIT ( $, .STERADIAN. ) SOLID_ANGLE_UNIT ( ) );
#799 = PRESENTATION_LAYER_ASSIGNMENT (  '', '', ( #1447 ) ) ;
#800 = CARTESIAN_POINT ( 'NONE',  ( 4.573773423826661855, -0.1000000000000002137, 1.020000000000000018 ) ) ;
#801 = EDGE_CURVE ( 'NONE', #461, #1029, #2308, .T. ) ;
#802 = AXIS2_PLACEMENT_3D ( 'NONE', #167, #3501, #88 ) ;
#803 = CARTESIAN_POINT ( 'NONE',  ( 3.433243094248563665, 1.594563999893710449, 0.6200000000000001066 ) ) ;
#804 = EDGE_CURVE ( 'NONE', #3411, #2771, #3220, .T. ) ;
#805 =( LENGTH_UNIT ( ) NAMED_UNIT ( * ) SI_UNIT ( .MILLI., .METRE. ) );
#806 = FACE_OUTER_BOUND ( 'NONE', #3539, .T. ) ;
#807 = ORIENTED_EDGE ( 'NONE', *, *, #3613, .T. ) ;
#808 = ORIENTED_EDGE ( 'NONE', *, *, #562, .F. ) ;
#809 = VECTOR ( 'NONE', #936, 1000.000000000000000 ) ;
#810 =( NAMED_UNIT ( * ) SI_UNIT ( $, .STERADIAN. ) SOLID_ANGLE_UNIT ( ) );
#811 = DIRECTION ( 'NONE',  ( 0.000000000000000000, 0.000000000000000000, 1.000000000000000000 ) ) ;
#812 = CARTESIAN_POINT ( 'NONE',  ( 4.573773423826661855, 0.3500000000000000333, -1.920000000000000151 ) ) ;
#813 = DIRECTION ( 'NONE',  ( -0.9961946980917455452, 0.08715574274765836016, 0.000000000000000000 ) ) ;
#814 =( GEOMETRIC_REPRESENTATION_CONTEXT ( 3 ) GLOBAL_UNCERTAINTY_ASSIGNED_CONTEXT ( ( #3826 ) ) GLOBAL_UNIT_ASSIGNED_CONTEXT ( ( #207, #1138, #76 ) ) REPRESENTATION_CONTEXT ( 'NONE', 'WORKASPACE' ) );
#815 = DIRECTION ( 'NONE',  ( -0.000000000000000000, -0.000000000000000000, -1.000000000000000000 ) ) ;
#816 = LINE ( 'NONE', #3546, #2060 ) ;
#817 =( GEOMETRIC_REPRESENTATION_CONTEXT ( 3 ) GLOBAL_UNCERTAINTY_ASSIGNED_CONTEXT ( ( #2669 ) ) GLOBAL_UNIT_ASSIGNED_CONTEXT ( ( #3321, #3580, #1085 ) ) REPRESENTATION_CONTEXT ( 'NONE', 'WORKASPACE' ) );
#818 = CARTESIAN_POINT ( 'NONE',  ( 4.573773423826661855, -0.1000000000000002137, 0.6200000000000001066 ) ) ;
#819 = CARTESIAN_POINT ( 'NONE',  ( 5.074014682674854448, 0.1500000000000000222, 1.520000000000000018 ) ) ;
#820 = DIRECTION ( 'NONE',  ( -1.000000000000000000, 0.000000000000000000, 0.000000000000000000 ) ) ;
#821 = EDGE_CURVE ( 'NONE', #3251, #977, #3591, .T. ) ;
#822 = VECTOR ( 'NONE', #3130, 1000.000000000000000 ) ;
#823 = SURFACE_STYLE_USAGE ( .BOTH. , #2354 ) ;
#824 =( LENGTH_UNIT ( ) NAMED_UNIT ( * ) SI_UNIT ( .MILLI., .METRE. ) );
#825 = SURFACE_STYLE_USAGE ( .BOTH. , #1493 ) ;
#826 = ORIENTED_EDGE ( 'NONE', *, *, #3443, .T. ) ;
#827 = ORIENTED_EDGE ( 'NONE', *, *, #1374, .T. ) ;
#828 = EDGE_CURVE ( 'NONE', #579, #3614, #451, .T. ) ;
#829 = CARTESIAN_POINT ( 'NONE',  ( 0.000000000000000000, 3.500000000000000000, 0.000000000000000000 ) ) ;
#830 = SURFACE_STYLE_FILL_AREA ( #3966 ) ;
#831 = CARTESIAN_POINT ( 'NONE',  ( 3.200346355037512858, 1.844563999893707340, -0.6200000000000001066 ) ) ;
#832 = PLANE ( 'NONE',  #3829 ) ;
#833 = ORIENTED_EDGE ( 'NONE', *, *, #1516, .F. ) ;
#834 = STYLED_ITEM ( 'NONE', ( #2502 ), #2973 ) ;
#835 = COLOUR_RGB ( '',0.6470588235294117974, 0.6196078431372549211, 0.5882352941176470784 ) ;
#836 = ADVANCED_FACE ( 'NONE', ( #171 ), #1400, .F. ) ;
#837 = CARTESIAN_POINT ( 'NONE',  ( 4.573773423826661855, 0.1499999999999999667, -1.520000000000000018 ) ) ;
#838 = VECTOR ( 'NONE', #2430, 1000.000000000000000 ) ;
#839 = PLANE ( 'NONE',  #947 ) ;
#840 =( GEOMETRIC_REPRESENTATION_CONTEXT ( 3 ) GLOBAL_UNCERTAINTY_ASSIGNED_CONTEXT ( ( #309 ) ) GLOBAL_UNIT_ASSIGNED_CONTEXT ( ( #805, #2145, #2827 ) ) REPRESENTATION_CONTEXT ( 'NONE', 'WORKASPACE' ) );
#841 = PLANE ( 'NONE',  #2963 ) ;
#842 = LINE ( 'NONE', #3668, #1900 ) ;
#843 = DIRECTION ( 'NONE',  ( 0.000000000000000000, 1.000000000000000000, 0.000000000000000000 ) ) ;
#844 = SURFACE_SIDE_STYLE ('',( #1204 ) ) ;
#845 =( NAMED_UNIT ( * ) PLANE_ANGLE_UNIT ( ) SI_UNIT ( $, .RADIAN. ) );
#846 = ORIENTED_EDGE ( 'NONE', *, *, #428, .T. ) ;
#847 = ORIENTED_EDGE ( 'NONE', *, *, #3394, .F. ) ;
#848 = LINE ( 'NONE', #1150, #225 ) ;
#849 = CARTESIAN_POINT ( 'NONE',  ( -3.810000000000000053, 1.660154203991497823, -1.920000000000000151 ) ) ;
#850 =( NAMED_UNIT ( * ) PLANE_ANGLE_UNIT ( ) SI_UNIT ( $, .RADIAN. ) );
#851 = CARTESIAN_POINT ( 'NONE',  ( 3.250000000000000444, 0.000000000000000000, -2.289999999999999591 ) ) ;
#852 = VERTEX_POINT ( 'NONE', #3952 ) ;
#853 = SURFACE_STYLE_USAGE ( .BOTH. , #1156 ) ;
#854 = CARTESIAN_POINT ( 'NONE',  ( 3.403105161170367321, 1.750000000000000000, -2.289999999999999591 ) ) ;
#855 = EDGE_CURVE ( 'NONE', #1495, #263, #1818, .T. ) ;
#856 = AXIS2_PLACEMENT_3D ( 'NONE', #196, #522, #2414 ) ;
#857 = CARTESIAN_POINT ( 'NONE',  ( 3.389506273257253177, 1.594563999893709783, -0.6199999999999999956 ) ) ;
#858 = PRESENTATION_STYLE_ASSIGNMENT (( #2412 ) ) ;
#859 = FILL_AREA_STYLE_COLOUR ( '', #415 ) ;
#860 = PRESENTATION_LAYER_ASSIGNMENT (  '', '', ( #3744 ) ) ;
#861 = VERTEX_POINT ( 'NONE', #894 ) ;
#862 = DIRECTION ( 'NONE',  ( 0.3853006803259595991, -0.9227910845583373600, -2.002215937632559559E-16 ) ) ;
#863 =( LENGTH_UNIT ( ) NAMED_UNIT ( * ) SI_UNIT ( .MILLI., .METRE. ) );
#864 = LINE ( 'NONE', #1510, #1039 ) ;
#865 = CARTESIAN_POINT ( 'NONE',  ( -4.197016518075225910, 0.08440979590221189821, -1.920000000000000151 ) ) ;
#866 = ORIENTED_EDGE ( 'NONE', *, *, #801, .F. ) ;
#867 = ORIENTED_EDGE ( 'NONE', *, *, #2978, .F. ) ;
#868 = LINE ( 'NONE', #1764, #480 ) ;
#869 = DIRECTION ( 'NONE',  ( 1.000000000000000000, -1.303481574384949276E-14, -0.000000000000000000 ) ) ;
#870 = CARTESIAN_POINT ( 'NONE',  ( -4.703105161170365811, 1.844563999893709116, 1.520000000000000018 ) ) ;
#871 =( LENGTH_UNIT ( ) NAMED_UNIT ( * ) SI_UNIT ( .MILLI., .METRE. ) );
#872 = VERTEX_POINT ( 'NONE', #3354 ) ;
#873 =( NAMED_UNIT ( * ) SI_UNIT ( $, .STERADIAN. ) SOLID_ANGLE_UNIT ( ) );
#874 = ADVANCED_FACE ( 'NONE', ( #2405 ), #3995, .F. ) ;
#875 = VECTOR ( 'NONE', #1020, 1000.000000000000000 ) ;
#876 =( LENGTH_UNIT ( ) NAMED_UNIT ( * ) SI_UNIT ( .MILLI., .METRE. ) );
#877 = ADVANCED_FACE ( 'NONE', ( #536 ), #582, .T. ) ;
#878 = SURFACE_SIDE_STYLE ('',( #3050 ) ) ;
#879 =( GEOMETRIC_REPRESENTATION_CONTEXT ( 3 ) GLOBAL_UNCERTAINTY_ASSIGNED_CONTEXT ( ( #3870 ) ) GLOBAL_UNIT_ASSIGNED_CONTEXT ( ( #423, #750, #3847 ) ) REPRESENTATION_CONTEXT ( 'NONE', 'WORKASPACE' ) );
#880 = VERTEX_POINT ( 'NONE', #3807 ) ;
#881 = COLOUR_RGB ( '',0.6470588235294117974, 0.6196078431372549211, 0.5882352941176470784 ) ;
#882 = FILL_AREA_STYLE ('',( #2201 ) ) ;
#883 = ORIENTED_EDGE ( 'NONE', *, *, #1521, .T. ) ;
#884 = LINE ( 'NONE', #3917, #544 ) ;
#885 = DIRECTION ( 'NONE',  ( -0.000000000000000000, 1.000000000000000000, -0.000000000000000000 ) ) ;
#886 = VECTOR ( 'NONE', #3648, 1000.000000000000000 ) ;
#887 = SURFACE_STYLE_FILL_AREA ( #1146 ) ;
#888 = ORIENTED_EDGE ( 'NONE', *, *, #949, .T. ) ;
#889 = ORIENTED_EDGE ( 'NONE', *, *, #2731, .F. ) ;
#890 = AXIS2_PLACEMENT_3D ( 'NONE', #515, #2109, #3021 ) ;
#891 =( NAMED_UNIT ( * ) SI_UNIT ( $, .STERADIAN. ) SOLID_ANGLE_UNIT ( ) );
#892 = CARTESIAN_POINT ( 'NONE',  ( 3.810000000000000053, 1.660154203991497823, 0.6200000000000001066 ) ) ;
#893 = EDGE_LOOP ( 'NONE', ( #3442, #1919, #284, #1938 ) ) ;
#894 = CARTESIAN_POINT ( 'NONE',  ( 4.573773423826661855, 0.1499999999999999667, -0.6200000000000001066 ) ) ;
#895 = VECTOR ( 'NONE', #3773, 1000.000000000000000 ) ;
#896 = DIRECTION ( 'NONE',  ( 0.000000000000000000, -0.9961946980917455452, 0.08715574274765836016 ) ) ;
#897 = CARTESIAN_POINT ( 'NONE',  ( 3.389506273257253177, 1.594563999893709783, 0.6199999999999999956 ) ) ;
#898 =( LENGTH_UNIT ( ) NAMED_UNIT ( * ) SI_UNIT ( .MILLI., .METRE. ) );
#899 = PRESENTATION_STYLE_ASSIGNMENT (( #357 ) ) ;
#900 = EDGE_CURVE ( 'NONE', #1205, #3983, #370, .T. ) ;
#901 = ORIENTED_EDGE ( 'NONE', *, *, #291, .F. ) ;
#902 = PLANE ( 'NONE',  #2217 ) ;
#903 = VERTEX_POINT ( 'NONE', #2838 ) ;
#904 =( GEOMETRIC_REPRESENTATION_CONTEXT ( 3 ) GLOBAL_UNCERTAINTY_ASSIGNED_CONTEXT ( ( #638 ) ) GLOBAL_UNIT_ASSIGNED_CONTEXT ( ( #2630, #757, #2901 ) ) REPRESENTATION_CONTEXT ( 'NONE', 'WORKASPACE' ) );
#905 = PRESENTATION_STYLE_ASSIGNMENT (( #976 ) ) ;
#906 = ORIENTED_EDGE ( 'NONE', *, *, #2024, .F. ) ;
#907 = COLOUR_RGB ( '',0.6470588235294117974, 0.6196078431372549211, 0.5882352941176470784 ) ;
#908 = VERTEX_POINT ( 'NONE', #56 ) ;
#909 = VECTOR ( 'NONE', #268, 1000.000000000000000 ) ;
#910 = CARTESIAN_POINT ( 'NONE',  ( 4.473853843442727296, -0.1000000000000000472, -0.6200000000000001066 ) ) ;
#911 = ORIENTED_EDGE ( 'NONE', *, *, #1892, .F. ) ;
#912 = DIRECTION ( 'NONE',  ( -1.000000000000000000, 0.000000000000000000, 0.000000000000000000 ) ) ;
#913 = DIRECTION ( 'NONE',  ( 0.000000000000000000, 0.000000000000000000, -1.000000000000000000 ) ) ;
#914 = LINE ( 'NONE', #2156, #440 ) ;
#915 = CARTESIAN_POINT ( 'NONE',  ( 3.810000000000000053, 1.660154203991497823, -0.6200000000000001066 ) ) ;
#916 = DIRECTION ( 'NONE',  ( 0.000000000000000000, 1.000000000000000000, 0.000000000000000000 ) ) ;
#917 = DIRECTION ( 'NONE',  ( 0.3853006803259598212, -0.9227910845583372490, 0.000000000000000000 ) ) ;
#918 = ORIENTED_EDGE ( 'NONE', *, *, #712, .F. ) ;
#919 = EDGE_CURVE ( 'NONE', #1687, #2608, #3108, .T. ) ;
#920 = PRESENTATION_STYLE_ASSIGNMENT (( #1224 ) ) ;
#921 = PRESENTATION_LAYER_ASSIGNMENT (  '', '', ( #2089 ) ) ;
#922 = PRESENTATION_STYLE_ASSIGNMENT (( #941 ) ) ;
#923 = ORIENTED_EDGE ( 'NONE', *, *, #1374, .F. ) ;
#924 = AXIS2_PLACEMENT_3D ( 'NONE', #812, #3988, #3622 ) ;
#925 = DIRECTION ( 'NONE',  ( 1.000000000000000000, -9.032596777496193475E-17, 0.000000000000000000 ) ) ;
#926 = FACE_OUTER_BOUND ( 'NONE', #1336, .T. ) ;
#927 = FILL_AREA_STYLE_COLOUR ( '', #2576 ) ;
#928 = AXIS2_PLACEMENT_3D ( 'NONE', #588, #3752, #1260 ) ;
#929 = ORIENTED_EDGE ( 'NONE', *, *, #3031, .F. ) ;
#930 = FACE_OUTER_BOUND ( 'NONE', #3138, .T. ) ;
#931 = MECHANICAL_DESIGN_GEOMETRIC_PRESENTATION_REPRESENTATION (  '', ( #3305 ), #3562 ) ;
#932 = LINE ( 'NONE', #3767, #437 ) ;
#933 = PRESENTATION_STYLE_ASSIGNMENT (( #90 ) ) ;
#934 =( NAMED_UNIT ( * ) PLANE_ANGLE_UNIT ( ) SI_UNIT ( $, .RADIAN. ) );
#935 = DIRECTION ( 'NONE',  ( 0.000000000000000000, 0.000000000000000000, -1.000000000000000000 ) ) ;
#936 = DIRECTION ( 'NONE',  ( -1.000000000000000000, 0.000000000000000000, 0.000000000000000000 ) ) ;
#937 =( NAMED_UNIT ( * ) SI_UNIT ( $, .STERADIAN. ) SOLID_ANGLE_UNIT ( ) );
#938 = LINE ( 'NONE', #652, #2826 ) ;
#939 = ORIENTED_EDGE ( 'NONE', *, *, #616, .T. ) ;
#940 = CARTESIAN_POINT ( 'NONE',  ( -3.533162674632499112, 1.544563999893710182, 0.6200000000000001066 ) ) ;
#941 = SURFACE_STYLE_USAGE ( .BOTH. , #3778 ) ;
#942 = SURFACE_STYLE_FILL_AREA ( #3120 ) ;
#943 = ORIENTED_EDGE ( 'NONE', *, *, #1551, .T. ) ;
#944 = CIRCLE ( 'NONE', #1847, 0.1999999999999998723 ) ;
#945 = EDGE_LOOP ( 'NONE', ( #2105, #807, #1779, #1221 ) ) ;
#946 = EDGE_CURVE ( 'NONE', #1205, #2972, #1542, .T. ) ;
#947 = AXIS2_PLACEMENT_3D ( 'NONE', #604, #3095, #2783 ) ;
#948 = ORIENTED_EDGE ( 'NONE', *, *, #2704, .F. ) ;
#949 = EDGE_CURVE ( 'NONE', #184, #102, #14, .T. ) ;
#950 = CARTESIAN_POINT ( 'NONE',  ( -4.573773423826661855, 0.1499999999999999667, 1.520000000000000018 ) ) ;
#951 = EDGE_CURVE ( 'NONE', #3362, #2378, #3330, .T. ) ;
#952 = UNCERTAINTY_MEASURE_WITH_UNIT (LENGTH_MEASURE( 1.000000000000000082E-05 ), #2579, 'distance_accuracy_value', 'NONE');
#953 =( NAMED_UNIT ( * ) SI_UNIT ( $, .STERADIAN. ) SOLID_ANGLE_UNIT ( ) );
#954 = DIRECTION ( 'NONE',  ( -0.000000000000000000, -0.000000000000000000, 1.000000000000000000 ) ) ;
#955 = ORIENTED_EDGE ( 'NONE', *, *, #3375, .T. ) ;
#956 = LINE ( 'NONE', #2525, #147 ) ;
#957 =( LENGTH_UNIT ( ) NAMED_UNIT ( * ) SI_UNIT ( .MILLI., .METRE. ) );
#958 = ORIENTED_EDGE ( 'NONE', *, *, #264, .F. ) ;
#959 = APPLICATION_CONTEXT ( 'automotive_design' ) ;
#960 = CARTESIAN_POINT ( 'NONE',  ( 3.533162674632499112, 1.544563999893710182, 1.920000000000000151 ) ) ;
#961 = PLANE ( 'NONE',  #368 ) ;
#962 = COLOUR_RGB ( '',0.6470588235294117974, 0.6196078431372549211, 0.5882352941176470784 ) ;
#963 = CARTESIAN_POINT ( 'NONE',  ( 3.617801311160230959, 1.471624135958901958, 1.920000000000000151 ) ) ;
#964 = CARTESIAN_POINT ( 'NONE',  ( 4.573773423826661855, 0.3500000000000000333, 1.920000000000000151 ) ) ;
#965 = CARTESIAN_POINT ( 'NONE',  ( 4.473853843442727296, -0.1000000000000000472, 0.6200000000000001066 ) ) ;
#966 = EDGE_CURVE ( 'NONE', #314, #3583, #3445, .T. ) ;
#967 = CYLINDRICAL_SURFACE ( 'NONE', #2856, 0.2999999999999999334 ) ;
#968 = EDGE_CURVE ( 'NONE', #579, #2885, #1233, .T. ) ;
#969 = CARTESIAN_POINT ( 'NONE',  ( 4.389215206914994560, 0.2729398639348082911, -1.920000000000000151 ) ) ;
#970 = EDGE_CURVE ( 'NONE', #1626, #1495, #988, .T. ) ;
#971 = SURFACE_STYLE_USAGE ( .BOTH. , #707 ) ;
#972 = DIRECTION ( 'NONE',  ( -0.000000000000000000, 2.169739143709707832E-16, -1.000000000000000000 ) ) ;
#973 = EDGE_CURVE ( 'NONE', #1476, #1371, #932, .T. ) ;
#974 = SURFACE_STYLE_FILL_AREA ( #745 ) ;
#975 =( NAMED_UNIT ( * ) SI_UNIT ( $, .STERADIAN. ) SOLID_ANGLE_UNIT ( ) );
#976 = SURFACE_STYLE_USAGE ( .BOTH. , #3756 ) ;
#977 = VERTEX_POINT ( 'NONE', #2177 ) ;
#978 = ORIENTED_EDGE ( 'NONE', *, *, #1815, .F. ) ;
#979 =( GEOMETRIC_REPRESENTATION_CONTEXT ( 3 ) GLOBAL_UNCERTAINTY_ASSIGNED_CONTEXT ( ( #34 ) ) GLOBAL_UNIT_ASSIGNED_CONTEXT ( ( #2602, #2862, #3226 ) ) REPRESENTATION_CONTEXT ( 'NONE', 'WORKASPACE' ) );
#980 = DIRECTION ( 'NONE',  ( -0.08715574274765836016, 0.9961946980917455452, -0.000000000000000000 ) ) ;
#981 = PLANE ( 'NONE',  #2142 ) ;
#982 = VECTOR ( 'NONE', #2793, 1000.000000000000000 ) ;
#983 = COLOUR_RGB ( '',0.6470588235294117974, 0.6196078431372549211, 0.5882352941176470784 ) ;
#984 = SURFACE_SIDE_STYLE ('',( #2175 ) ) ;
#985 = ORIENTED_EDGE ( 'NONE', *, *, #2509, .T. ) ;
#986 = DIRECTION ( 'NONE',  ( -0.000000000000000000, -0.000000000000000000, 1.000000000000000000 ) ) ;
#987 = CARTESIAN_POINT ( 'NONE',  ( -4.573773423826661855, -0.1000000000000002137, 1.920000000000000151 ) ) ;
#988 = LINE ( 'NONE', #965, #822 ) ;
#989 = CARTESIAN_POINT ( 'NONE',  ( 4.703105161170367587, 0.8451791884718238279, 1.920000000000000151 ) ) ;
#990 = VECTOR ( 'NONE', #606, 1000.000000000000000 ) ;
#991 = EDGE_CURVE ( 'NONE', #3274, #2605, #702, .T. ) ;
#992 = COLOUR_RGB ( '',0.6470588235294117974, 0.6196078431372549211, 0.5882352941176470784 ) ;
#993 = DIRECTION ( 'NONE',  ( -1.000000000000000000, 1.303481574384949276E-14, 0.000000000000000000 ) ) ;
#994 =( NAMED_UNIT ( * ) SI_UNIT ( $, .STERADIAN. ) SOLID_ANGLE_UNIT ( ) );
#995 = FILL_AREA_STYLE_COLOUR ( '', #170 ) ;
#996 = PLANE ( 'NONE',  #40 ) ;
#997 = ADVANCED_FACE ( 'NONE', ( #1864 ), #89, .F. ) ;
#998 =( LENGTH_UNIT ( ) NAMED_UNIT ( * ) SI_UNIT ( .MILLI., .METRE. ) );
#999 = DIRECTION ( 'NONE',  ( -9.469014606860301471E-17, -0.000000000000000000, 1.000000000000000000 ) ) ;
#1000 =( LENGTH_UNIT ( ) NAMED_UNIT ( * ) SI_UNIT ( .MILLI., .METRE. ) );
#1001 = SURFACE_SIDE_STYLE ('',( #3271 ) ) ;
#1002 = VERTEX_POINT ( 'NONE', #2284 ) ;
#1003 = ORIENTED_EDGE ( 'NONE', *, *, #1523, .F. ) ;
#1004 =( GEOMETRIC_REPRESENTATION_CONTEXT ( 3 ) GLOBAL_UNCERTAINTY_ASSIGNED_CONTEXT ( ( #1030 ) ) GLOBAL_UNIT_ASSIGNED_CONTEXT ( ( #3089, #2153, #3646 ) ) REPRESENTATION_CONTEXT ( 'NONE', 'WORKASPACE' ) );
#1005 = SURFACE_STYLE_USAGE ( .BOTH. , #3516 ) ;
#1006 = FILL_AREA_STYLE ('',( #3440 ) ) ;
#1007 = STYLED_ITEM ( 'NONE', ( #2061 ), #481 ) ;
#1008 = VERTEX_POINT ( 'NONE', #405 ) ;
#1009 = COLOUR_RGB ( '',0.6470588235294117974, 0.6196078431372549211, 0.5882352941176470784 ) ;
#1010 = SURFACE_SIDE_STYLE ('',( #2237 ) ) ;
#1011 =( NAMED_UNIT ( * ) SI_UNIT ( $, .STERADIAN. ) SOLID_ANGLE_UNIT ( ) );
#1012 = FACE_OUTER_BOUND ( 'NONE', #2777, .T. ) ;
#1013 = COLOUR_RGB ( '',0.6470588235294117974, 0.6196078431372549211, 0.5882352941176470784 ) ;
#1014 = PRESENTATION_LAYER_ASSIGNMENT (  '', '', ( #2720 ) ) ;
#1015 = CARTESIAN_POINT ( 'NONE',  ( 3.617801311160230959, 1.471624135958901958, -1.920000000000000151 ) ) ;
#1016 =( NAMED_UNIT ( * ) PLANE_ANGLE_UNIT ( ) SI_UNIT ( $, .RADIAN. ) );
#1017 = ORIENTED_EDGE ( 'NONE', *, *, #1784, .F. ) ;
#1018 = PLANE ( 'NONE',  #2158 ) ;
#1019 = EDGE_CURVE ( 'NONE', #1513, #3388, #2596, .T. ) ;
#1020 = DIRECTION ( 'NONE',  ( 1.000000000000000000, 0.000000000000000000, 0.000000000000000000 ) ) ;
#1021 = LINE ( 'NONE', #1918, #3549 ) ;
#1022 = VERTEX_POINT ( 'NONE', #3566 ) ;
#1023 = VECTOR ( 'NONE', #172, 1000.000000000000000 ) ;
#1024 = ORIENTED_EDGE ( 'NONE', *, *, #3567, .T. ) ;
#1025 = CIRCLE ( 'NONE', #3337, 0.2999999999999999334 ) ;
#1026 = CARTESIAN_POINT ( 'NONE',  ( 3.533162674632499112, 1.844563999893710005, -1.920000000000000151 ) ) ;
#1027 = EDGE_CURVE ( 'NONE', #3274, #2625, #1656, .T. ) ;
#1028 = PLANE ( 'NONE',  #1651 ) ;
#1029 = VERTEX_POINT ( 'NONE', #3216 ) ;
#1030 = UNCERTAINTY_MEASURE_WITH_UNIT (LENGTH_MEASURE( 1.000000000000000082E-05 ), #3089, 'distance_accuracy_value', 'NONE');
#1031 = CARTESIAN_POINT ( 'NONE',  ( -4.573773423826661855, 0.1499999999999999667, 1.920000000000000151 ) ) ;
#1032 =( LENGTH_UNIT ( ) NAMED_UNIT ( * ) SI_UNIT ( .MILLI., .METRE. ) );
#1033 = SURFACE_STYLE_USAGE ( .BOTH. , #2977 ) ;
#1034 = STYLED_ITEM ( 'NONE', ( #1601 ), #1865 ) ;
#1035 = FACE_OUTER_BOUND ( 'NONE', #1679, .T. ) ;
#1036 =( NAMED_UNIT ( * ) SI_UNIT ( $, .STERADIAN. ) SOLID_ANGLE_UNIT ( ) );
#1037 = SURFACE_STYLE_USAGE ( .BOTH. , #1662 ) ;
#1038 = DIRECTION ( 'NONE',  ( -0.000000000000000000, -0.000000000000000000, 1.000000000000000000 ) ) ;
#1039 = VECTOR ( 'NONE', #3383, 1000.000000000000000 ) ;
#1040 = PLANE ( 'NONE',  #2428 ) ;
#1041 = DIRECTION ( 'NONE',  ( -0.08715574274765836016, 0.9961946980917455452, -0.000000000000000000 ) ) ;
#1042 = ORIENTED_EDGE ( 'NONE', *, *, #4013, .F. ) ;
#1043 = UNCERTAINTY_MEASURE_WITH_UNIT (LENGTH_MEASURE( 1.000000000000000082E-05 ), #2797, 'distance_accuracy_value', 'NONE');
#1044 = ADVANCED_FACE ( 'NONE', ( #127 ), #185, .T. ) ;
#1045 = SURFACE_STYLE_FILL_AREA ( #2950 ) ;
#1046 = DIRECTION ( 'NONE',  ( 0.000000000000000000, 0.000000000000000000, -1.000000000000000000 ) ) ;
#1047 = VERTEX_POINT ( 'NONE', #3869 ) ;
#1048 = AXIS2_PLACEMENT_3D ( 'NONE', #3491, #3841, #690 ) ;
#1049 = DIRECTION ( 'NONE',  ( -0.3853006803259598767, -0.9227910845583372490, -0.000000000000000000 ) ) ;
#1050 = ADVANCED_FACE ( 'NONE', ( #1338 ), #2955, .F. ) ;
#1051 = FILL_AREA_STYLE_COLOUR ( '', #2631 ) ;
#1052 = VECTOR ( 'NONE', #925, 1000.000000000000000 ) ;
#1053 = CARTESIAN_POINT ( 'NONE',  ( -3.810000000000000053, 1.660154203991497823, 0.6200000000000001066 ) ) ;
#1054 = COLOUR_RGB ( '',0.2980392156862745057, 0.2980392156862745057, 0.2980392156862745057 ) ;
#1055 = AXIS2_PLACEMENT_3D ( 'NONE', #1869, #2460, #935 ) ;
#1056 =( NAMED_UNIT ( * ) PLANE_ANGLE_UNIT ( ) SI_UNIT ( $, .RADIAN. ) );
#1057 =( NAMED_UNIT ( * ) SI_UNIT ( $, .STERADIAN. ) SOLID_ANGLE_UNIT ( ) );
#1058 = AXIS2_PLACEMENT_3D ( 'NONE', #3835, #3528, #1937 ) ;
#1059 = ORIENTED_EDGE ( 'NONE', *, *, #1733, .F. ) ;
#1060 = DIRECTION ( 'NONE',  ( -1.000000000000000000, 0.000000000000000000, 0.000000000000000000 ) ) ;
#1061 = AXIS2_PLACEMENT_3D ( 'NONE', #829, #2359, #1134 ) ;
#1062 = CARTESIAN_POINT ( 'NONE',  ( 3.533162674632499112, 1.544563999893710182, -1.920000000000000151 ) ) ;
#1063 = EDGE_LOOP ( 'NONE', ( #1455, #2149, #3703, #1814 ) ) ;
#1064 = DIRECTION ( 'NONE',  ( -0.000000000000000000, -0.000000000000000000, 1.000000000000000000 ) ) ;
#1065 = DIRECTION ( 'NONE',  ( -1.000000000000000000, 0.000000000000000000, -0.000000000000000000 ) ) ;
#1066 = EDGE_CURVE ( 'NONE', #3273, #1096, #1395, .T. ) ;
#1067 = ORIENTED_EDGE ( 'NONE', *, *, #1501, .F. ) ;
#1068 = AXIS2_PLACEMENT_3D ( 'NONE', #1386, #2637, #2866 ) ;
#1069 = UNCERTAINTY_MEASURE_WITH_UNIT (LENGTH_MEASURE( 1.000000000000000082E-05 ), #631, 'distance_accuracy_value', 'NONE');
#1070 = CARTESIAN_POINT ( 'NONE',  ( -4.473853843442727296, -0.1000000000000002137, -1.920000000000000151 ) ) ;
#1071 = VECTOR ( 'NONE', #555, 1000.000000000000000 ) ;
#1072 = CARTESIAN_POINT ( 'NONE',  ( 4.473853843442727296, -0.1000000000000000472, -1.920000000000000151 ) ) ;
#1073 = ADVANCED_FACE ( 'NONE', ( #1012 ), #2262, .T. ) ;
#1074 = MECHANICAL_DESIGN_GEOMETRIC_PRESENTATION_REPRESENTATION (  '', ( #54 ), #1916 ) ;
#1075 = UNCERTAINTY_MEASURE_WITH_UNIT (LENGTH_MEASURE( 1.000000000000000082E-05 ), #1377, 'distance_accuracy_value', 'NONE');
#1076 = CARTESIAN_POINT ( 'NONE',  ( -4.473853843442727296, 0.1999999999999998723, 0.6200000000000001066 ) ) ;
#1077 = VECTOR ( 'NONE', #3431, 1000.000000000000000 ) ;
#1078 = EDGE_CURVE ( 'NONE', #1653, #1530, #2399, .T. ) ;
#1079 = EDGE_LOOP ( 'NONE', ( #1227, #901, #2918, #2012 ) ) ;
#1080 = ORIENTED_EDGE ( 'NONE', *, *, #3765, .T. ) ;
#1081 =( NAMED_UNIT ( * ) PLANE_ANGLE_UNIT ( ) SI_UNIT ( $, .RADIAN. ) );
#1082 =( NAMED_UNIT ( * ) PLANE_ANGLE_UNIT ( ) SI_UNIT ( $, .RADIAN. ) );
#1083 = CARTESIAN_POINT ( 'NONE',  ( -3.394831883202000355, 1.844563999893710005, 0.6199999999999998845 ) ) ;
#1084 = PRESENTATION_STYLE_ASSIGNMENT (( #162 ) ) ;
#1085 =( NAMED_UNIT ( * ) SI_UNIT ( $, .STERADIAN. ) SOLID_ANGLE_UNIT ( ) );
#1086 = ORIENTED_EDGE ( 'NONE', *, *, #3544, .F. ) ;
#1087 = VERTEX_POINT ( 'NONE', #1746 ) ;
#1088 = DIRECTION ( 'NONE',  ( 1.000000000000000000, 1.083679278056636965E-16, 0.000000000000000000 ) ) ;
#1089 = LINE ( 'NONE', #1031, #2367 ) ;
#1090 = SURFACE_STYLE_FILL_AREA ( #2976 ) ;
#1091 = SURFACE_STYLE_FILL_AREA ( #3588 ) ;
#1092 = VECTOR ( 'NONE', #371, 1000.000000000000000 ) ;
#1093 = SURFACE_STYLE_USAGE ( .BOTH. , #429 ) ;
#1094 = SURFACE_STYLE_FILL_AREA ( #3264 ) ;
#1095 = SURFACE_STYLE_FILL_AREA ( #793 ) ;
#1096 = VERTEX_POINT ( 'NONE', #286 ) ;
#1097 = MECHANICAL_DESIGN_GEOMETRIC_PRESENTATION_REPRESENTATION (  '', ( #2870 ), #840 ) ;
#1098 = FACE_OUTER_BOUND ( 'NONE', #3824, .T. ) ;
#1099 = DIRECTION ( 'NONE',  ( 1.000000000000000000, 0.000000000000000000, 0.000000000000000000 ) ) ;
#1100 = ADVANCED_FACE ( 'NONE', ( #2666 ), #3040, .F. ) ;
#1101 =( NAMED_UNIT ( * ) SI_UNIT ( $, .STERADIAN. ) SOLID_ANGLE_UNIT ( ) );
#1102 = ORIENTED_EDGE ( 'NONE', *, *, #540, .T. ) ;
#1103 = SURFACE_STYLE_USAGE ( .BOTH. , #2442 ) ;
#1104 = FILL_AREA_STYLE_COLOUR ( '', #3029 ) ;
#1105 = DIRECTION ( 'NONE',  ( -1.000000000000000000, 0.000000000000000000, 0.000000000000000000 ) ) ;
#1106 = ORIENTED_EDGE ( 'NONE', *, *, #1501, .T. ) ;
#1107 = ORIENTED_EDGE ( 'NONE', *, *, #1618, .T. ) ;
#1108 = PLANE ( 'NONE',  #3192 ) ;
#1109 = LINE ( 'NONE', #1188, #3939 ) ;
#1110 = SURFACE_STYLE_FILL_AREA ( #3927 ) ;
#1111 = UNCERTAINTY_MEASURE_WITH_UNIT (LENGTH_MEASURE( 1.000000000000000082E-05 ), #3772, 'distance_accuracy_value', 'NONE');
#1112 =( LENGTH_UNIT ( ) NAMED_UNIT ( * ) SI_UNIT ( .MILLI., .METRE. ) );
#1113 = PRESENTATION_LAYER_ASSIGNMENT (  '', '', ( #2886 ) ) ;
#1114 = MECHANICAL_DESIGN_GEOMETRIC_PRESENTATION_REPRESENTATION (  '', ( #1894 ), #1749 ) ;
#1115 =( NAMED_UNIT ( * ) SI_UNIT ( $, .STERADIAN. ) SOLID_ANGLE_UNIT ( ) );
#1116 = ORIENTED_EDGE ( 'NONE', *, *, #458, .T. ) ;
#1117 = ORIENTED_EDGE ( 'NONE', *, *, #2848, .T. ) ;
#1118 =( GEOMETRIC_REPRESENTATION_CONTEXT ( 3 ) GLOBAL_UNCERTAINTY_ASSIGNED_CONTEXT ( ( #2208 ) ) GLOBAL_UNIT_ASSIGNED_CONTEXT ( ( #2030, #2271, #975 ) ) REPRESENTATION_CONTEXT ( 'NONE', 'WORKASPACE' ) );
#1119 = AXIS2_PLACEMENT_3D ( 'NONE', #1745, #2689, #507 ) ;
#1120 = CARTESIAN_POINT ( 'NONE',  ( 3.403105161170367765, 1.750000000000000000, 2.443105161170367357 ) ) ;
#1121 = MECHANICAL_DESIGN_GEOMETRIC_PRESENTATION_REPRESENTATION (  '', ( #3619 ), #3489 ) ;
#1122 = LINE ( 'NONE', #4001, #2562 ) ;
#1123 = EDGE_CURVE ( 'NONE', #1266, #2711, #1731, .T. ) ;
#1124 =( NAMED_UNIT ( * ) PLANE_ANGLE_UNIT ( ) SI_UNIT ( $, .RADIAN. ) );
#1125 =( GEOMETRIC_REPRESENTATION_CONTEXT ( 3 ) GLOBAL_UNCERTAINTY_ASSIGNED_CONTEXT ( ( #2508 ) ) GLOBAL_UNIT_ASSIGNED_CONTEXT ( ( #1317, #1634, #1011 ) ) REPRESENTATION_CONTEXT ( 'NONE', 'WORKASPACE' ) );
#1126 = FACE_OUTER_BOUND ( 'NONE', #2421, .T. ) ;
#1127 =( LENGTH_UNIT ( ) NAMED_UNIT ( * ) SI_UNIT ( .MILLI., .METRE. ) );
#1128 = DIRECTION ( 'NONE',  ( 1.083679278056636965E-16, -1.000000000000000000, 0.000000000000000000 ) ) ;
#1129 = FILL_AREA_STYLE_COLOUR ( '', #637 ) ;
#1130 = EDGE_CURVE ( 'NONE', #634, #2028, #1109, .T. ) ;
#1131 = EDGE_LOOP ( 'NONE', ( #2677, #2513, #1858, #1512, #505, #3280, #2107 ) ) ;
#1132 = ORIENTED_EDGE ( 'NONE', *, *, #2223, .F. ) ;
#1133 = CARTESIAN_POINT ( 'NONE',  ( 4.573773423826661855, 0.3500000000000000333, -0.6200000000000001066 ) ) ;
#1134 = DIRECTION ( 'NONE',  ( 0.000000000000000000, -0.000000000000000000, 1.000000000000000000 ) ) ;
#1135 = SURFACE_SIDE_STYLE ('',( #830 ) ) ;
#1136 = SURFACE_STYLE_USAGE ( .BOTH. , #2695 ) ;
#1137 = STYLED_ITEM ( 'NONE', ( #418 ), #23 ) ;
#1138 =( NAMED_UNIT ( * ) PLANE_ANGLE_UNIT ( ) SI_UNIT ( $, .RADIAN. ) );
#1139 = CARTESIAN_POINT ( 'NONE',  ( 3.879366110054072170, 0.8451791884718238279, -1.920000000000000151 ) ) ;
#1140 = VECTOR ( 'NONE', #1469, 1000.000000000000000 ) ;
#1141 = SURFACE_STYLE_USAGE ( .BOTH. , #3897 ) ;
#1142 = VECTOR ( 'NONE', #3739, 1000.000000000000114 ) ;
#1143 = CARTESIAN_POINT ( 'NONE',  ( -3.403105161170366433, 1.750000000000000000, -2.289999999999999591 ) ) ;
#1144 = EDGE_CURVE ( 'NONE', #2747, #903, #2750, .T. ) ;
#1145 =( NAMED_UNIT ( * ) PLANE_ANGLE_UNIT ( ) SI_UNIT ( $, .RADIAN. ) );
#1146 = FILL_AREA_STYLE ('',( #3702 ) ) ;
#1147 = ORIENTED_EDGE ( 'NONE', *, *, #1198, .F. ) ;
#1148 = VERTEX_POINT ( 'NONE', #3329 ) ;
#1149 = EDGE_CURVE ( 'NONE', #3144, #1087, #4011, .T. ) ;
#1150 = CARTESIAN_POINT ( 'NONE',  ( -3.617801311160230959, 1.471624135958901958, -0.6200000000000001066 ) ) ;
#1151 = FACE_OUTER_BOUND ( 'NONE', #1131, .T. ) ;
#1152 = CARTESIAN_POINT ( 'NONE',  ( -4.573773423826661855, 0.3500000000000000333, 1.920000000000000151 ) ) ;
#1153 = ORIENTED_EDGE ( 'NONE', *, *, #488, .T. ) ;
#1154 = VECTOR ( 'NONE', #913, 1000.000000000000000 ) ;
#1155 = UNCERTAINTY_MEASURE_WITH_UNIT (LENGTH_MEASURE( 1.000000000000000082E-05 ), #59, 'distance_accuracy_value', 'NONE');
#1156 = SURFACE_SIDE_STYLE ('',( #1440 ) ) ;
#1157 = CARTESIAN_POINT ( 'NONE',  ( -3.810000000000000053, 1.660154203991497823, -1.520000000000000018 ) ) ;
#1158 = FILL_AREA_STYLE_COLOUR ( '', #29 ) ;
#1159 =( GEOMETRIC_REPRESENTATION_CONTEXT ( 3 ) GLOBAL_UNCERTAINTY_ASSIGNED_CONTEXT ( ( #478 ) ) GLOBAL_UNIT_ASSIGNED_CONTEXT ( ( #876, #274, #2133 ) ) REPRESENTATION_CONTEXT ( 'NONE', 'WORKASPACE' ) );
#1160 = CARTESIAN_POINT ( 'NONE',  ( -3.249999999999999556, 0.000000000000000000, -2.290000000000000480 ) ) ;
#1161 = LINE ( 'NONE', #477, #3557 ) ;
#1162 = ORIENTED_EDGE ( 'NONE', *, *, #1236, .F. ) ;
#1163 = FACE_OUTER_BOUND ( 'NONE', #747, .T. ) ;
#1164 = DIRECTION ( 'NONE',  ( -0.08682659386424780579, -0.9924325091389669673, -0.08682659386424779191 ) ) ;
#1165 = CARTESIAN_POINT ( 'NONE',  ( 5.074014682674854448, -0.09999999999999999167, -1.920000000000000151 ) ) ;
#1166 = ORIENTED_EDGE ( 'NONE', *, *, #3351, .T. ) ;
#1167 = VERTEX_POINT ( 'NONE', #2067 ) ;
#1168 = FILL_AREA_STYLE_COLOUR ( '', #746 ) ;
#1169 = CARTESIAN_POINT ( 'NONE',  ( -3.200346355037512858, 1.594563999893707340, 0.6200000000000001066 ) ) ;
#1170 = FILL_AREA_STYLE_COLOUR ( '', #3956 ) ;
#1171 = ORIENTED_EDGE ( 'NONE', *, *, #1640, .T. ) ;
#1172 = EDGE_CURVE ( 'NONE', #595, #2792, #3348, .T. ) ;
#1173 = CARTESIAN_POINT ( 'NONE',  ( -3.394831883202000355, 1.844563999893709116, 1.520000000000000018 ) ) ;
#1174 =( NAMED_UNIT ( * ) PLANE_ANGLE_UNIT ( ) SI_UNIT ( $, .RADIAN. ) );
#1175 = PRESENTATION_STYLE_ASSIGNMENT (( #3073 ) ) ;
#1176 = MECHANICAL_DESIGN_GEOMETRIC_PRESENTATION_REPRESENTATION (  '', ( #2886 ), #1246 ) ;
#1177 = DIRECTION ( 'NONE',  ( 1.000000000000000000, -0.000000000000000000, -0.000000000000000000 ) ) ;
#1178 = COLOUR_RGB ( '',0.6470588235294117974, 0.6196078431372549211, 0.5882352941176470784 ) ;
#1179 = CARTESIAN_POINT ( 'NONE',  ( -4.197016518075225910, 0.08440979590221189821, -1.920000000000000151 ) ) ;
#1180 = EDGE_LOOP ( 'NONE', ( #3707, #3083, #1486, #1809 ) ) ;
#1181 = PLANE ( 'NONE',  #1055 ) ;
#1182 = CARTESIAN_POINT ( 'NONE',  ( -3.433243094248563665, 1.594563999893710449, -1.920000000000000151 ) ) ;
#1183 = FILL_AREA_STYLE ('',( #262 ) ) ;
#1184 = DIRECTION ( 'NONE',  ( -0.000000000000000000, -0.000000000000000000, -1.000000000000000000 ) ) ;
#1185 = EDGE_LOOP ( 'NONE', ( #906, #2869, #1080, #249 ) ) ;
#1186 = ORIENTED_EDGE ( 'NONE', *, *, #259, .F. ) ;
#1187 = PRESENTATION_LAYER_ASSIGNMENT (  '', '', ( #550 ) ) ;
#1188 = CARTESIAN_POINT ( 'NONE',  ( -3.403105161170366433, 3.500000000000000000, 2.290000000000000480 ) ) ;
#1189 =( LENGTH_UNIT ( ) NAMED_UNIT ( * ) SI_UNIT ( .MILLI., .METRE. ) );
#1190 = ORIENTED_EDGE ( 'NONE', *, *, #1712, .T. ) ;
#1191 = VERTEX_POINT ( 'NONE', #1576 ) ;
#1192 = EDGE_CURVE ( 'NONE', #3499, #3728, #2493, .T. ) ;
#1193 = DIRECTION ( 'NONE',  ( -0.000000000000000000, -0.000000000000000000, -1.000000000000000000 ) ) ;
#1194 = DIRECTION ( 'NONE',  ( -0.000000000000000000, -0.000000000000000000, -1.000000000000000000 ) ) ;
#1195 = COLOUR_RGB ( '',0.2980392156862745057, 0.2980392156862745057, 0.2980392156862745057 ) ;
#1196 = SURFACE_SIDE_STYLE ('',( #2113 ) ) ;
#1197 = FACE_OUTER_BOUND ( 'NONE', #1652, .T. ) ;
#1198 = EDGE_CURVE ( 'NONE', #380, #3499, #2293, .T. ) ;
#1199 = SURFACE_STYLE_FILL_AREA ( #2765 ) ;
#1200 = SURFACE_STYLE_FILL_AREA ( #1871 ) ;
#1201 = VERTEX_POINT ( 'NONE', #618 ) ;
#1202 =( GEOMETRIC_REPRESENTATION_CONTEXT ( 3 ) GLOBAL_UNCERTAINTY_ASSIGNED_CONTEXT ( ( #1976 ) ) GLOBAL_UNIT_ASSIGNED_CONTEXT ( ( #2394, #845, #3414 ) ) REPRESENTATION_CONTEXT ( 'NONE', 'WORKASPACE' ) );
#1203 =( NAMED_UNIT ( * ) SI_UNIT ( $, .STERADIAN. ) SOLID_ANGLE_UNIT ( ) );
#1204 = SURFACE_STYLE_FILL_AREA ( #2065 ) ;
#1205 = VERTEX_POINT ( 'NONE', #2173 ) ;
#1206 = FILL_AREA_STYLE ('',( #1283 ) ) ;
#1207 = CARTESIAN_POINT ( 'NONE',  ( -4.703105161170365811, 0.8451791884718238279, -1.920000000000000151 ) ) ;
#1208 = VERTEX_POINT ( 'NONE', #1210 ) ;
#1209 = ORIENTED_EDGE ( 'NONE', *, *, #641, .F. ) ;
#1210 = CARTESIAN_POINT ( 'NONE',  ( -3.249999999999999556, 0.000000000000000000, 2.290000000000000480 ) ) ;
#1211 = ORIENTED_EDGE ( 'NONE', *, *, #1998, .T. ) ;
#1212 = CIRCLE ( 'NONE', #2466, 0.1999999999999996503 ) ;
#1213 = CARTESIAN_POINT ( 'NONE',  ( 3.879366110054072170, 0.8451791884718238279, 1.920000000000000151 ) ) ;
#1214 = SURFACE_STYLE_FILL_AREA ( #1734 ) ;
#1215 = CYLINDRICAL_SURFACE ( 'NONE', #590, 0.2999999999999999334 ) ;
#1216 = VECTOR ( 'NONE', #561, 1000.000000000000000 ) ;
#1217 = EDGE_CURVE ( 'NONE', #265, #400, #4033, .T. ) ;
#1218 = LINE ( 'NONE', #630, #1528 ) ;
#1219 = EDGE_CURVE ( 'NONE', #1495, #461, #695, .T. ) ;
#1220 =( NAMED_UNIT ( * ) PLANE_ANGLE_UNIT ( ) SI_UNIT ( $, .RADIAN. ) );
#1221 = ORIENTED_EDGE ( 'NONE', *, *, #1689, .T. ) ;
#1222 = EDGE_CURVE ( 'NONE', #2711, #1476, #1859, .T. ) ;
#1223 = EDGE_CURVE ( 'NONE', #977, #4002, #3495, .T. ) ;
#1224 = SURFACE_STYLE_USAGE ( .BOTH. , #1264 ) ;
#1225 = CARTESIAN_POINT ( 'NONE',  ( -3.810000000000000053, 1.660154203991497823, 1.920000000000000151 ) ) ;
#1226 = ORIENTED_EDGE ( 'NONE', *, *, #1618, .F. ) ;
#1227 = ORIENTED_EDGE ( 'NONE', *, *, #1467, .T. ) ;
#1228 = COLOUR_RGB ( '',0.6470588235294117974, 0.6196078431372549211, 0.5882352941176470784 ) ;
#1229 = CARTESIAN_POINT ( 'NONE',  ( -4.473853843442727296, -0.1000000000000000472, -0.6200000000000001066 ) ) ;
#1230 = LINE ( 'NONE', #1270, #1675 ) ;
#1231 = ORIENTED_EDGE ( 'NONE', *, *, #3932, .T. ) ;
#1232 = STYLED_ITEM ( 'NONE', ( #1328 ), #2527 ) ;
#1233 = LINE ( 'NONE', #2535, #2593 ) ;
#1234 = FILL_AREA_STYLE_COLOUR ( '', #3051 ) ;
#1235 =( LENGTH_UNIT ( ) NAMED_UNIT ( * ) SI_UNIT ( .MILLI., .METRE. ) );
#1236 = EDGE_CURVE ( 'NONE', #3010, #3380, #2471, .T. ) ;
#1237 = DIRECTION ( 'NONE',  ( -0.000000000000000000, -0.000000000000000000, -1.000000000000000000 ) ) ;
#1238 = ORIENTED_EDGE ( 'NONE', *, *, #1223, .T. ) ;
#1239 = CARTESIAN_POINT ( 'NONE',  ( -5.074014682674854448, 0.1500000000000000777, -1.520000000000000018 ) ) ;
#1240 =( GEOMETRIC_REPRESENTATION_CONTEXT ( 3 ) GLOBAL_UNCERTAINTY_ASSIGNED_CONTEXT ( ( #1409 ) ) GLOBAL_UNIT_ASSIGNED_CONTEXT ( ( #1248, #364, #1880 ) ) REPRESENTATION_CONTEXT ( 'NONE', 'WORKASPACE' ) );
#1241 = STYLED_ITEM ( 'NONE', ( #1705 ), #2603 ) ;
#1242 = EDGE_CURVE ( 'NONE', #3983, #2312, #1269, .T. ) ;
#1243 = FILL_AREA_STYLE ('',( #64 ) ) ;
#1244 = EDGE_LOOP ( 'NONE', ( #1507, #2897, #2551, #3300 ) ) ;
#1245 = EDGE_LOOP ( 'NONE', ( #2943, #2395, #1824, #65, #1433, #105, #1812, #2786, #2914, #3167, #3937, #3401 ) ) ;
#1246 =( GEOMETRIC_REPRESENTATION_CONTEXT ( 3 ) GLOBAL_UNCERTAINTY_ASSIGNED_CONTEXT ( ( #1278 ) ) GLOBAL_UNIT_ASSIGNED_CONTEXT ( ( #2813, #1816, #402 ) ) REPRESENTATION_CONTEXT ( 'NONE', 'WORKASPACE' ) );
#1247 = VECTOR ( 'NONE', #717, 1000.000000000000000 ) ;
#1248 =( LENGTH_UNIT ( ) NAMED_UNIT ( * ) SI_UNIT ( .MILLI., .METRE. ) );
#1249 = EDGE_CURVE ( 'NONE', #3310, #462, #2510, .T. ) ;
#1250 = SURFACE_STYLE_FILL_AREA ( #1006 ) ;
#1251 = DIRECTION ( 'NONE',  ( -0.000000000000000000, -2.169739143709707832E-16, 1.000000000000000000 ) ) ;
#1252 = MECHANICAL_DESIGN_GEOMETRIC_PRESENTATION_REPRESENTATION (  '', ( #1447 ), #2696 ) ;
#1253 = ORIENTED_EDGE ( 'NONE', *, *, #2272, .T. ) ;
#1254 = CARTESIAN_POINT ( 'NONE',  ( 5.074014682674854448, -0.09999999999999999167, -1.920000000000000151 ) ) ;
#1255 = FACE_OUTER_BOUND ( 'NONE', #2154, .T. ) ;
#1256 = PRESENTATION_LAYER_ASSIGNMENT (  '', '', ( #3626 ) ) ;
#1257 = LINE ( 'NONE', #3812, #895 ) ;
#1258 = CARTESIAN_POINT ( 'NONE',  ( -4.573773423826661855, -0.1000000000000002137, -1.920000000000000151 ) ) ;
#1259 = VECTOR ( 'NONE', #2368, 1000.000000000000114 ) ;
#1260 = DIRECTION ( 'NONE',  ( 1.000000000000000000, 0.000000000000000000, 0.000000000000000000 ) ) ;
#1261 = VERTEX_POINT ( 'NONE', #1514 ) ;
#1262 = LINE ( 'NONE', #3776, #464 ) ;
#1263 = VECTOR ( 'NONE', #375, 1000.000000000000114 ) ;
#1264 = SURFACE_SIDE_STYLE ('',( #4029 ) ) ;
#1265 =( NAMED_UNIT ( * ) SI_UNIT ( $, .STERADIAN. ) SOLID_ANGLE_UNIT ( ) );
#1266 = VERTEX_POINT ( 'NONE', #2548 ) ;
#1267 = VERTEX_POINT ( 'NONE', #1536 ) ;
#1268 = EDGE_CURVE ( 'NONE', #2972, #1047, #327, .T. ) ;
#1269 = LINE ( 'NONE', #1289, #1052 ) ;
#1270 = CARTESIAN_POINT ( 'NONE',  ( 3.403105161170367765, 1.750000000000000000, -0.6200000000000001066 ) ) ;
#1271 =( NAMED_UNIT ( * ) PLANE_ANGLE_UNIT ( ) SI_UNIT ( $, .RADIAN. ) );
#1272 = EDGE_LOOP ( 'NONE', ( #425, #3493, #659, #526 ) ) ;
#1273 = COLOUR_RGB ( '',0.6470588235294117974, 0.6196078431372549211, 0.5882352941176470784 ) ;
#1274 = DIRECTION ( 'NONE',  ( 0.000000000000000000, 0.000000000000000000, -1.000000000000000000 ) ) ;
#1275 = DIRECTION ( 'NONE',  ( -1.000000000000000000, 0.000000000000000000, 0.000000000000000000 ) ) ;
#1276 = FILL_AREA_STYLE ('',( #1298 ) ) ;
#1277 = AXIS2_PLACEMENT_3D ( 'NONE', #1297, #3746, #1275 ) ;
#1278 = UNCERTAINTY_MEASURE_WITH_UNIT (LENGTH_MEASURE( 1.000000000000000082E-05 ), #2813, 'distance_accuracy_value', 'NONE');
#1279 = VECTOR ( 'NONE', #761, 1000.000000000000000 ) ;
#1280 =( NAMED_UNIT ( * ) SI_UNIT ( $, .STERADIAN. ) SOLID_ANGLE_UNIT ( ) );
#1281 = ORIENTED_EDGE ( 'NONE', *, *, #1593, .T. ) ;
#1282 = LINE ( 'NONE', #497, #1309 ) ;
#1283 = FILL_AREA_STYLE_COLOUR ( '', #2929 ) ;
#1284 = DIRECTION ( 'NONE',  ( 1.000000000000000000, 0.000000000000000000, 0.000000000000000000 ) ) ;
#1285 = ORIENTED_EDGE ( 'NONE', *, *, #3325, .T. ) ;
#1286 = ORIENTED_EDGE ( 'NONE', *, *, #1685, .T. ) ;
#1287 = PRESENTATION_LAYER_ASSIGNMENT (  '', '', ( #1609 ) ) ;
#1288 = MECHANICAL_DESIGN_GEOMETRIC_PRESENTATION_REPRESENTATION (  '', ( #2200 ), #1796 ) ;
#1289 = CARTESIAN_POINT ( 'NONE',  ( -4.473853843442727296, -0.1000000000000000472, -1.020000000000000018 ) ) ;
#1290 =( NAMED_UNIT ( * ) SI_UNIT ( $, .STERADIAN. ) SOLID_ANGLE_UNIT ( ) );
#1291 = DIRECTION ( 'NONE',  ( 0.000000000000000000, 1.000000000000000000, 0.000000000000000000 ) ) ;
#1292 = EDGE_CURVE ( 'NONE', #3728, #861, #3145, .T. ) ;
#1293 = VERTEX_POINT ( 'NONE', #2191 ) ;
#1294 = VECTOR ( 'NONE', #3260, 1000.000000000000000 ) ;
#1295 = ORIENTED_EDGE ( 'NONE', *, *, #3816, .T. ) ;
#1296 = FACE_OUTER_BOUND ( 'NONE', #202, .T. ) ;
#1297 = CARTESIAN_POINT ( 'NONE',  ( 3.433243094248563665, 1.394563999893710271, -0.6200000000000001066 ) ) ;
#1298 = FILL_AREA_STYLE_COLOUR ( '', #3340 ) ;
#1299 = ADVANCED_FACE ( 'NONE', ( #8 ), #3802, .F. ) ;
#1300 = MECHANICAL_DESIGN_GEOMETRIC_PRESENTATION_REPRESENTATION (  '', ( #2330 ), #1948 ) ;
#1301 = SURFACE_STYLE_USAGE ( .BOTH. , #96 ) ;
#1302 =( NAMED_UNIT ( * ) PLANE_ANGLE_UNIT ( ) SI_UNIT ( $, .RADIAN. ) );
#1303 = ORIENTED_EDGE ( 'NONE', *, *, #1712, .F. ) ;
#1304 = CARTESIAN_POINT ( 'NONE',  ( -5.074014682674854448, -0.1000000000000002137, 1.020000000000000018 ) ) ;
#1305 =( LENGTH_UNIT ( ) NAMED_UNIT ( * ) SI_UNIT ( .MILLI., .METRE. ) );
#1306 = ORIENTED_EDGE ( 'NONE', *, *, #919, .T. ) ;
#1307 = ORIENTED_EDGE ( 'NONE', *, *, #1172, .F. ) ;
#1308 = MECHANICAL_DESIGN_GEOMETRIC_PRESENTATION_REPRESENTATION (  '', ( #1241 ), #2424 ) ;
#1309 = VECTOR ( 'NONE', #3004, 1000.000000000000114 ) ;
#1310 =( LENGTH_UNIT ( ) NAMED_UNIT ( * ) SI_UNIT ( .MILLI., .METRE. ) );
#1311 = AXIS2_PLACEMENT_3D ( 'NONE', #3901, #2641, #3822 ) ;
#1312 = PLANE ( 'NONE',  #2500 ) ;
#1313 = UNCERTAINTY_MEASURE_WITH_UNIT (LENGTH_MEASURE( 1.000000000000000082E-05 ), #1000, 'distance_accuracy_value', 'NONE');
#1314 = ORIENTED_EDGE ( 'NONE', *, *, #1397, .F. ) ;
#1315 = COLOUR_RGB ( '',0.6470588235294117974, 0.6196078431372549211, 0.5882352941176470784 ) ;
#1316 =( NAMED_UNIT ( * ) PLANE_ANGLE_UNIT ( ) SI_UNIT ( $, .RADIAN. ) );
#1317 =( LENGTH_UNIT ( ) NAMED_UNIT ( * ) SI_UNIT ( .MILLI., .METRE. ) );
#1318 = CARTESIAN_POINT ( 'NONE',  ( -4.573773423826661855, 0.1499999999999999667, -1.920000000000000151 ) ) ;
#1319 = DIRECTION ( 'NONE',  ( -9.469014606860313797E-17, -1.234268606762436356E-30, 1.000000000000000000 ) ) ;
#1320 = STYLED_ITEM ( 'NONE', ( #684 ), #3689 ) ;
#1321 = VECTOR ( 'NONE', #3571, 1000.000000000000000 ) ;
#1322 = EDGE_CURVE ( 'NONE', #265, #2316, #1333, .T. ) ;
#1323 = DIRECTION ( 'NONE',  ( -1.000000000000000000, 0.000000000000000000, 0.000000000000000000 ) ) ;
#1324 = FACE_OUTER_BOUND ( 'NONE', #2185, .T. ) ;
#1325 = CARTESIAN_POINT ( 'NONE',  ( -3.533162674632499112, 1.844563999893710005, 0.6200000000000001066 ) ) ;
#1326 = LINE ( 'NONE', #686, #132 ) ;
#1327 = ORIENTED_EDGE ( 'NONE', *, *, #2172, .F. ) ;
#1328 = PRESENTATION_STYLE_ASSIGNMENT (( #2867 ) ) ;
#1329 = ORIENTED_EDGE ( 'NONE', *, *, #991, .F. ) ;
#1330 = ORIENTED_EDGE ( 'NONE', *, *, #1636, .T. ) ;
#1331 = AXIS2_PLACEMENT_3D ( 'NONE', #1791, #3419, #2129 ) ;
#1332 = UNCERTAINTY_MEASURE_WITH_UNIT (LENGTH_MEASURE( 1.000000000000000082E-05 ), #1508, 'distance_accuracy_value', 'NONE');
#1333 = LINE ( 'NONE', #1945, #3423 ) ;
#1334 = PRESENTATION_STYLE_ASSIGNMENT (( #103 ) ) ;
#1335 = DIRECTION ( 'NONE',  ( 0.000000000000000000, 0.000000000000000000, 1.000000000000000000 ) ) ;
#1336 = EDGE_LOOP ( 'NONE', ( #3604, #1226, #2531, #1490 ) ) ;
#1337 = CARTESIAN_POINT ( 'NONE',  ( 3.403105161170367765, 1.750000000000000000, 0.6200000000000001066 ) ) ;
#1338 = FACE_OUTER_BOUND ( 'NONE', #1079, .T. ) ;
#1339 = DIRECTION ( 'NONE',  ( -0.08715574274765836016, -0.9961946980917455452, 0.000000000000000000 ) ) ;
#1340 =( NAMED_UNIT ( * ) PLANE_ANGLE_UNIT ( ) SI_UNIT ( $, .RADIAN. ) );
#1341 = CARTESIAN_POINT ( 'NONE',  ( -5.074014682674854448, -0.09999999999999999167, 1.920000000000000151 ) ) ;
#1342 = PRESENTATION_STYLE_ASSIGNMENT (( #971 ) ) ;
#1343 = CARTESIAN_POINT ( 'NONE',  ( -3.617801311160230959, 1.471624135958901958, 1.520000000000000018 ) ) ;
#1344 = EDGE_CURVE ( 'NONE', #548, #164, #151, .T. ) ;
#1345 = CARTESIAN_POINT ( 'NONE',  ( -4.473853843442727296, -0.1000000000000002137, 0.6200000000000001066 ) ) ;
#1346 = ORIENTED_EDGE ( 'NONE', *, *, #712, .T. ) ;
#1347 =( NAMED_UNIT ( * ) SI_UNIT ( $, .STERADIAN. ) SOLID_ANGLE_UNIT ( ) );
#1348 = EDGE_LOOP ( 'NONE', ( #2063, #3513, #883, #3834 ) ) ;
#1349 = ORIENTED_EDGE ( 'NONE', *, *, #3634, .T. ) ;
#1350 =( NAMED_UNIT ( * ) PLANE_ANGLE_UNIT ( ) SI_UNIT ( $, .RADIAN. ) );
#1351 = DIRECTION ( 'NONE',  ( -0.000000000000000000, -0.000000000000000000, -1.000000000000000000 ) ) ;
#1352 = DIRECTION ( 'NONE',  ( -1.000000000000000000, 0.000000000000000000, 0.000000000000000000 ) ) ;
#1353 = ORIENTED_EDGE ( 'NONE', *, *, #1222, .T. ) ;
#1354 = SURFACE_STYLE_FILL_AREA ( #2954 ) ;
#1355 = FILL_AREA_STYLE_COLOUR ( '', #352 ) ;
#1356 =( GEOMETRIC_REPRESENTATION_CONTEXT ( 3 ) GLOBAL_UNCERTAINTY_ASSIGNED_CONTEXT ( ( #2932 ) ) GLOBAL_UNIT_ASSIGNED_CONTEXT ( ( #703, #3831, #2263 ) ) REPRESENTATION_CONTEXT ( 'NONE', 'WORKASPACE' ) );
#1357 = STYLED_ITEM ( 'NONE', ( #4030 ), #2503 ) ;
#1358 = CARTESIAN_POINT ( 'NONE',  ( -3.617801311160230959, 1.471624135958902180, 1.920000000000000151 ) ) ;
#1359 = LINE ( 'NONE', #1999, #1413 ) ;
#1360 = PRESENTATION_LAYER_ASSIGNMENT (  '', '', ( #3141 ) ) ;
#1361 = ORIENTED_EDGE ( 'NONE', *, *, #3663, .F. ) ;
#1362 = CARTESIAN_POINT ( 'NONE',  ( 3.810000000000000053, 1.660154203991497823, -0.6200000000000001066 ) ) ;
#1363 = ORIENTED_EDGE ( 'NONE', *, *, #3212, .T. ) ;
#1364 = ORIENTED_EDGE ( 'NONE', *, *, #2883, .F. ) ;
#1365 = UNCERTAINTY_MEASURE_WITH_UNIT (LENGTH_MEASURE( 1.000000000000000082E-05 ), #1305, 'distance_accuracy_value', 'NONE');
#1366 = ADVANCED_FACE ( 'NONE', ( #2893 ), #3578, .F. ) ;
#1367 = FILL_AREA_STYLE ('',( #1650 ) ) ;
#1368 = PRESENTATION_STYLE_ASSIGNMENT (( #443 ) ) ;
#1369 = EDGE_LOOP ( 'NONE', ( #1117, #1594, #2585, #589 ) ) ;
#1370 = VECTOR ( 'NONE', #1723, 1000.000000000000000 ) ;
#1371 = VERTEX_POINT ( 'NONE', #1083 ) ;
#1372 = CARTESIAN_POINT ( 'NONE',  ( -3.200346355037512858, 1.594563999893707340, -1.520000000000000018 ) ) ;
#1373 =( NAMED_UNIT ( * ) SI_UNIT ( $, .STERADIAN. ) SOLID_ANGLE_UNIT ( ) );
#1374 = EDGE_CURVE ( 'NONE', #1454, #1201, #784, .T. ) ;
#1375 = LINE ( 'NONE', #701, #2307 ) ;
#1376 = STYLED_ITEM ( 'NONE', ( #421 ), #1366 ) ;
#1377 =( LENGTH_UNIT ( ) NAMED_UNIT ( * ) SI_UNIT ( .MILLI., .METRE. ) );
#1378 = CARTESIAN_POINT ( 'NONE',  ( -4.573773423826661855, -0.1000000000000002137, -1.520000000000000018 ) ) ;
#1379 = STYLED_ITEM ( 'NONE', ( #61 ), #3091 ) ;
#1380 = VECTOR ( 'NONE', #1088, 1000.000000000000000 ) ;
#1381 = LINE ( 'NONE', #2329, #2472 ) ;
#1382 = CARTESIAN_POINT ( 'NONE',  ( -3.403105161170366433, 1.750000000000000000, -2.289999999999999591 ) ) ;
#1383 = VECTOR ( 'NONE', #195, 1000.000000000000000 ) ;
#1384 = CYLINDRICAL_SURFACE ( 'NONE', #2294, 0.1999999999999996503 ) ;
#1385 = COLOUR_RGB ( '',0.6470588235294117974, 0.6196078431372549211, 0.5882352941176470784 ) ;
#1386 = CARTESIAN_POINT ( 'NONE',  ( -4.573773423826661855, 0.3500000000000000333, 0.6200000000000001066 ) ) ;
#1387 = VERTEX_POINT ( 'NONE', #1649 ) ;
#1388 = SURFACE_SIDE_STYLE ('',( #2240 ) ) ;
#1389 =( LENGTH_UNIT ( ) NAMED_UNIT ( * ) SI_UNIT ( .MILLI., .METRE. ) );
#1390 = DIRECTION ( 'NONE',  ( 0.08682659386424779191, -0.9924325091389669673, 0.08682659386424779191 ) ) ;
#1391 = ORIENTED_EDGE ( 'NONE', *, *, #3400, .T. ) ;
#1392 = PRESENTATION_LAYER_ASSIGNMENT (  '', '', ( #2517 ) ) ;
#1393 = ORIENTED_EDGE ( 'NONE', *, *, #966, .F. ) ;
#1394 = ADVANCED_FACE ( 'NONE', ( #3536 ), #734, .F. ) ;
#1395 = LINE ( 'NONE', #3303, #3947 ) ;
#1396 = DIRECTION ( 'NONE',  ( 0.000000000000000000, 0.000000000000000000, 1.000000000000000000 ) ) ;
#1397 = EDGE_CURVE ( 'NONE', #1857, #861, #2622, .T. ) ;
#1398 = VECTOR ( 'NONE', #2244, 1000.000000000000227 ) ;
#1399 = UNCERTAINTY_MEASURE_WITH_UNIT (LENGTH_MEASURE( 1.000000000000000082E-05 ), #575, 'distance_accuracy_value', 'NONE');
#1400 = PLANE ( 'NONE',  #890 ) ;
#1401 = EDGE_CURVE ( 'NONE', #2526, #573, #2318, .T. ) ;
#1402 = DIRECTION ( 'NONE',  ( 1.000000000000000000, 9.032596777496193475E-17, 0.000000000000000000 ) ) ;
#1403 = PRESENTATION_LAYER_ASSIGNMENT (  '', '', ( #3710 ) ) ;
#1404 =( NAMED_UNIT ( * ) SI_UNIT ( $, .STERADIAN. ) SOLID_ANGLE_UNIT ( ) );
#1405 = MECHANICAL_DESIGN_GEOMETRIC_PRESENTATION_REPRESENTATION (  '', ( #3708 ), #2385 ) ;
#1406 = PRESENTATION_STYLE_ASSIGNMENT (( #2740 ) ) ;
#1407 = DIRECTION ( 'NONE',  ( 0.000000000000000000, 1.000000000000000000, 0.000000000000000000 ) ) ;
#1408 = CARTESIAN_POINT ( 'NONE',  ( 3.403105161170367765, 1.749999999999996003, 1.520000000000000018 ) ) ;
#1409 = UNCERTAINTY_MEASURE_WITH_UNIT (LENGTH_MEASURE( 1.000000000000000082E-05 ), #1248, 'distance_accuracy_value', 'NONE');
#1410 =( LENGTH_UNIT ( ) NAMED_UNIT ( * ) SI_UNIT ( .MILLI., .METRE. ) );
#1411 = FACE_OUTER_BOUND ( 'NONE', #1851, .T. ) ;
#1412 = FILL_AREA_STYLE ('',( #422 ) ) ;
#1413 = VECTOR ( 'NONE', #1424, 1000.000000000000000 ) ;
#1414 = DIRECTION ( 'NONE',  ( -0.000000000000000000, -0.000000000000000000, 1.000000000000000000 ) ) ;
#1415 = VERTEX_POINT ( 'NONE', #217 ) ;
#1416 = ORIENTED_EDGE ( 'NONE', *, *, #804, .F. ) ;
#1417 = PRESENTATION_STYLE_ASSIGNMENT (( #2304 ) ) ;
#1418 = FILL_AREA_STYLE_COLOUR ( '', #1552 ) ;
#1419 = AXIS2_PLACEMENT_3D ( 'NONE', #2464, #689, #3185 ) ;
#1420 = VECTOR ( 'NONE', #3880, 1000.000000000000000 ) ;
#1421 =( GEOMETRIC_REPRESENTATION_CONTEXT ( 3 ) GLOBAL_UNCERTAINTY_ASSIGNED_CONTEXT ( ( #1043 ) ) GLOBAL_UNIT_ASSIGNED_CONTEXT ( ( #2797, #2716, #873 ) ) REPRESENTATION_CONTEXT ( 'NONE', 'WORKASPACE' ) );
#1422 = DIRECTION ( 'NONE',  ( 0.000000000000000000, 1.000000000000000000, 0.000000000000000000 ) ) ;
#1423 = VECTOR ( 'NONE', #2473, 1000.000000000000000 ) ;
#1424 = DIRECTION ( 'NONE',  ( -9.469014606860301471E-17, -0.000000000000000000, -1.000000000000000000 ) ) ;
#1425 = ORIENTED_EDGE ( 'NONE', *, *, #3212, .F. ) ;
#1426 = SURFACE_SIDE_STYLE ('',( #778 ) ) ;
#1427 = ADVANCED_FACE ( 'NONE', ( #1411 ), #3918, .F. ) ;
#1428 = CARTESIAN_POINT ( 'NONE',  ( -3.810000000000000053, 1.660154203991497823, -1.920000000000000151 ) ) ;
#1429 = CARTESIAN_POINT ( 'NONE',  ( 4.473853843442727296, -0.1000000000000002137, -0.6200000000000001066 ) ) ;
#1430 = LINE ( 'NONE', #2682, #614 ) ;
#1431 = PRESENTATION_LAYER_ASSIGNMENT (  '', '', ( #1232 ) ) ;
#1432 = CARTESIAN_POINT ( 'NONE',  ( -4.573773423826661855, -0.1000000000000002137, 1.020000000000000018 ) ) ;
#1433 = ORIENTED_EDGE ( 'NONE', *, *, #2038, .T. ) ;
#1434 = ORIENTED_EDGE ( 'NONE', *, *, #241, .F. ) ;
#1435 = DIRECTION ( 'NONE',  ( -0.000000000000000000, -0.000000000000000000, -1.000000000000000000 ) ) ;
#1436 =( NAMED_UNIT ( * ) SI_UNIT ( $, .STERADIAN. ) SOLID_ANGLE_UNIT ( ) );
#1437 = PLANE ( 'NONE',  #2072 ) ;
#1438 = STYLED_ITEM ( 'NONE', ( #3404 ), #1073 ) ;
#1439 = UNCERTAINTY_MEASURE_WITH_UNIT (LENGTH_MEASURE( 1.000000000000000082E-05 ), #3148, 'distance_accuracy_value', 'NONE');
#1440 = SURFACE_STYLE_FILL_AREA ( #4019 ) ;
#1441 = SURFACE_STYLE_FILL_AREA ( #3003 ) ;
#1442 = MECHANICAL_DESIGN_GEOMETRIC_PRESENTATION_REPRESENTATION (  '', ( #3295 ), #1240 ) ;
#1443 = EDGE_CURVE ( 'NONE', #573, #2229, #3319, .T. ) ;
#1444 = AXIS2_PLACEMENT_3D ( 'NONE', #787, #3946, #223 ) ;
#1445 = CARTESIAN_POINT ( 'NONE',  ( -4.389215206914994560, 0.2729398639348085132, -1.920000000000000151 ) ) ;
#1446 = SURFACE_SIDE_STYLE ('',( #1465 ) ) ;
#1447 = STYLED_ITEM ( 'NONE', ( #1775 ), #3590 ) ;
#1448 = CARTESIAN_POINT ( 'NONE',  ( 3.810000000000000053, 1.660154203991497823, 0.6200000000000001066 ) ) ;
#1449 =( GEOMETRIC_REPRESENTATION_CONTEXT ( 3 ) GLOBAL_UNCERTAINTY_ASSIGNED_CONTEXT ( ( #1399 ) ) GLOBAL_UNIT_ASSIGNED_CONTEXT ( ( #575, #205, #3087 ) ) REPRESENTATION_CONTEXT ( 'NONE', 'WORKASPACE' ) );
#1450 = CARTESIAN_POINT ( 'NONE',  ( 5.074014682674854448, 0.1500000000000000222, 1.020000000000000018 ) ) ;
#1451 = PRESENTATION_STYLE_ASSIGNMENT (( #3298 ) ) ;
#1452 =( NAMED_UNIT ( * ) PLANE_ANGLE_UNIT ( ) SI_UNIT ( $, .RADIAN. ) );
#1453 = CARTESIAN_POINT ( 'NONE',  ( 4.573773423826661855, 0.1499999999999999667, -1.520000000000000018 ) ) ;
#1454 = VERTEX_POINT ( 'NONE', #2100 ) ;
#1455 = ORIENTED_EDGE ( 'NONE', *, *, #2704, .T. ) ;
#1456 = LINE ( 'NONE', #2379, #3494 ) ;
#1457 = PRESENTATION_STYLE_ASSIGNMENT (( #1473 ) ) ;
#1458 = DIRECTION ( 'NONE',  ( -0.3853006803259598767, 0.9227910845583372490, -0.000000000000000000 ) ) ;
#1459 = VECTOR ( 'NONE', #1237, 1000.000000000000000 ) ;
#1460 = FILL_AREA_STYLE_COLOUR ( '', #1195 ) ;
#1461 = ORIENTED_EDGE ( 'NONE', *, *, #4013, .T. ) ;
#1462 = MECHANICAL_DESIGN_GEOMETRIC_PRESENTATION_REPRESENTATION (  '', ( #3570 ), #1769 ) ;
#1463 = SURFACE_SIDE_STYLE ('',( #228 ) ) ;
#1464 = EDGE_LOOP ( 'NONE', ( #3779, #3371, #1921, #445 ) ) ;
#1465 = SURFACE_STYLE_FILL_AREA ( #194 ) ;
#1466 = SURFACE_SIDE_STYLE ('',( #567 ) ) ;
#1467 = EDGE_CURVE ( 'NONE', #548, #3805, #2039, .T. ) ;
#1468 = DIRECTION ( 'NONE',  ( 0.000000000000000000, -1.000000000000000000, 2.169739143709707832E-16 ) ) ;
#1469 = DIRECTION ( 'NONE',  ( -0.000000000000000000, 1.000000000000000000, -0.000000000000000000 ) ) ;
#1470 = VERTEX_POINT ( 'NONE', #803 ) ;
#1471 = ORIENTED_EDGE ( 'NONE', *, *, #3052, .F. ) ;
#1472 = UNCERTAINTY_MEASURE_WITH_UNIT (LENGTH_MEASURE( 1.000000000000000082E-05 ), #2167, 'distance_accuracy_value', 'NONE');
#1473 = SURFACE_STYLE_USAGE ( .BOTH. , #1135 ) ;
#1474 = LINE ( 'NONE', #3989, #1423 ) ;
#1475 = DIRECTION ( 'NONE',  ( 1.000000000000000000, 0.000000000000000000, 0.000000000000000000 ) ) ;
#1476 = VERTEX_POINT ( 'NONE', #2416 ) ;
#1477 = FILL_AREA_STYLE_COLOUR ( '', #3068 ) ;
#1478 = DIRECTION ( 'NONE',  ( 0.000000000000000000, 1.000000000000000000, 0.000000000000000000 ) ) ;
#1479 = COLOUR_RGB ( '',0.6470588235294117974, 0.6196078431372549211, 0.5882352941176470784 ) ;
#1480 = CARTESIAN_POINT ( 'NONE',  ( -4.473853843442727296, 0.1999999999999998723, -1.920000000000000151 ) ) ;
#1481 = DIRECTION ( 'NONE',  ( 0.000000000000000000, -0.08715574274765836016, -0.9961946980917455452 ) ) ;
#1482 =( LENGTH_UNIT ( ) NAMED_UNIT ( * ) SI_UNIT ( .MILLI., .METRE. ) );
#1483 =( NAMED_UNIT ( * ) PLANE_ANGLE_UNIT ( ) SI_UNIT ( $, .RADIAN. ) );
#1484 = MECHANICAL_DESIGN_GEOMETRIC_PRESENTATION_REPRESENTATION (  '', ( #74 ), #2484 ) ;
#1485 = DIRECTION ( 'NONE',  ( 0.3853006803259597102, -0.9227910845583373600, 0.000000000000000000 ) ) ;
#1486 = ORIENTED_EDGE ( 'NONE', *, *, #900, .T. ) ;
#1487 = SURFACE_SIDE_STYLE ('',( #1550 ) ) ;
#1488 =( GEOMETRIC_REPRESENTATION_CONTEXT ( 3 ) GLOBAL_UNCERTAINTY_ASSIGNED_CONTEXT ( ( #1788 ) ) GLOBAL_UNIT_ASSIGNED_CONTEXT ( ( #2912, #765, #1347 ) ) REPRESENTATION_CONTEXT ( 'NONE', 'WORKASPACE' ) );
#1489 = ADVANCED_FACE ( 'NONE', ( #2373 ), #3652, .F. ) ;
#1490 = ORIENTED_EDGE ( 'NONE', *, *, #667, .F. ) ;
#1491 = DIRECTION ( 'NONE',  ( -1.000000000000000000, 0.000000000000000000, 0.000000000000000000 ) ) ;
#1492 = FILL_AREA_STYLE_COLOUR ( '', #2488 ) ;
#1493 = SURFACE_SIDE_STYLE ('',( #3061 ) ) ;
#1494 = VERTEX_POINT ( 'NONE', #2726 ) ;
#1495 = VERTEX_POINT ( 'NONE', #3979 ) ;
#1496 = ADVANCED_FACE ( 'NONE', ( #1163 ), #3382, .F. ) ;
#1497 = LINE ( 'NONE', #3366, #2234 ) ;
#1498 = SURFACE_STYLE_USAGE ( .BOTH. , #3949 ) ;
#1499 = PRESENTATION_STYLE_ASSIGNMENT (( #269 ) ) ;
#1500 = ORIENTED_EDGE ( 'NONE', *, *, #2586, .T. ) ;
#1501 = EDGE_CURVE ( 'NONE', #3639, #1267, #2598, .T. ) ;
#1502 = PRESENTATION_STYLE_ASSIGNMENT (( #2086 ) ) ;
#1503 = DIRECTION ( 'NONE',  ( 0.000000000000000000, 0.08715574274765836016, 0.9961946980917455452 ) ) ;
#1504 = VECTOR ( 'NONE', #3065, 1000.000000000000000 ) ;
#1505 = FACE_OUTER_BOUND ( 'NONE', #121, .T. ) ;
#1506 = CIRCLE ( 'NONE', #3485, 0.1999999999999996503 ) ;
#1507 = ORIENTED_EDGE ( 'NONE', *, *, #3598, .T. ) ;
#1508 =( LENGTH_UNIT ( ) NAMED_UNIT ( * ) SI_UNIT ( .MILLI., .METRE. ) );
#1509 = AXIS2_PLACEMENT_3D ( 'NONE', #1603, #3181, #2941 ) ;
#1510 = CARTESIAN_POINT ( 'NONE',  ( -3.389506273257251845, 1.594563999893709783, -2.289999999999999591 ) ) ;
#1511 = CARTESIAN_POINT ( 'NONE',  ( -4.573773423826661855, 0.3500000000000000333, -0.6200000000000001066 ) ) ;
#1512 = ORIENTED_EDGE ( 'NONE', *, *, #2927, .T. ) ;
#1513 = VERTEX_POINT ( 'NONE', #374 ) ;
#1514 = CARTESIAN_POINT ( 'NONE',  ( -4.150283335180551703, 0.8451791884718238279, -1.519999999999999796 ) ) ;
#1515 = FACE_OUTER_BOUND ( 'NONE', #2011, .T. ) ;
#1516 = EDGE_CURVE ( 'NONE', #2475, #2339, #1602, .T. ) ;
#1517 = CARTESIAN_POINT ( 'NONE',  ( -4.703105161170365811, 1.844563999893709116, -1.520000000000000018 ) ) ;
#1518 = EDGE_CURVE ( 'NONE', #325, #304, #1956, .T. ) ;
#1519 = MECHANICAL_DESIGN_GEOMETRIC_PRESENTATION_REPRESENTATION (  '', ( #3697 ), #2837 ) ;
#1520 =( NAMED_UNIT ( * ) SI_UNIT ( $, .STERADIAN. ) SOLID_ANGLE_UNIT ( ) );
#1521 = EDGE_CURVE ( 'NONE', #6, #102, #391, .T. ) ;
#1522 = FILL_AREA_STYLE ('',( #4037 ) ) ;
#1523 = EDGE_CURVE ( 'NONE', #60, #2835, #1257, .T. ) ;
#1524 = DIRECTION ( 'NONE',  ( -0.000000000000000000, -0.000000000000000000, -1.000000000000000000 ) ) ;
#1525 = VECTOR ( 'NONE', #1046, 1000.000000000000000 ) ;
#1526 = PRESENTATION_STYLE_ASSIGNMENT (( #2521 ) ) ;
#1527 = ORIENTED_EDGE ( 'NONE', *, *, #3162, .T. ) ;
#1528 = VECTOR ( 'NONE', #3074, 1000.000000000000000 ) ;
#1529 = CARTESIAN_POINT ( 'NONE',  ( -4.150283335180551703, 0.8451791884718238279, 1.920000000000000151 ) ) ;
#1530 = VERTEX_POINT ( 'NONE', #2857 ) ;
#1531 = DIRECTION ( 'NONE',  ( -0.9227910845583373600, -0.3853006803259598767, 0.000000000000000000 ) ) ;
#1532 = AXIS2_PLACEMENT_3D ( 'NONE', #3852, #1422, #3545 ) ;
#1533 = FACE_OUTER_BOUND ( 'NONE', #3573, .T. ) ;
#1534 = ORIENTED_EDGE ( 'NONE', *, *, #2556, .T. ) ;
#1535 = VERTEX_POINT ( 'NONE', #412 ) ;
#1536 = CARTESIAN_POINT ( 'NONE',  ( 4.573773423826661855, -0.1000000000000002137, -1.920000000000000151 ) ) ;
#1537 = LINE ( 'NONE', #9, #1810 ) ;
#1538 =( NAMED_UNIT ( * ) PLANE_ANGLE_UNIT ( ) SI_UNIT ( $, .RADIAN. ) );
#1539 = VERTEX_POINT ( 'NONE', #2539 ) ;
#1540 = VECTOR ( 'NONE', #2996, 1000.000000000000000 ) ;
#1541 = LINE ( 'NONE', #1517, #838 ) ;
#1542 = LINE ( 'NONE', #2798, #179 ) ;
#1543 = AXIS2_PLACEMENT_3D ( 'NONE', #1795, #2718, #3731 ) ;
#1544 = SURFACE_SIDE_STYLE ('',( #318 ) ) ;
#1545 = SURFACE_STYLE_USAGE ( .BOTH. , #1954 ) ;
#1546 = PLANE ( 'NONE',  #1647 ) ;
#1547 = SURFACE_STYLE_FILL_AREA ( #1850 ) ;
#1548 = STYLED_ITEM ( 'NONE', ( #905 ), #2404 ) ;
#1549 = ORIENTED_EDGE ( 'NONE', *, *, #991, .T. ) ;
#1550 = SURFACE_STYLE_FILL_AREA ( #882 ) ;
#1551 = EDGE_CURVE ( 'NONE', #385, #2378, #2519, .T. ) ;
#1552 = COLOUR_RGB ( '',0.6470588235294117974, 0.6196078431372549211, 0.5882352941176470784 ) ;
#1553 = ORIENTED_EDGE ( 'NONE', *, *, #1019, .F. ) ;
#1554 = UNCERTAINTY_MEASURE_WITH_UNIT (LENGTH_MEASURE( 1.000000000000000082E-05 ), #3302, 'distance_accuracy_value', 'NONE');
#1555 = CARTESIAN_POINT ( 'NONE',  ( -4.573773423826661855, 0.1499999999999999667, 1.920000000000000151 ) ) ;
#1556 = PRESENTATION_LAYER_ASSIGNMENT (  '', '', ( #2870 ) ) ;
#1557 = VERTEX_POINT ( 'NONE', #3795 ) ;
#1558 = SURFACE_STYLE_USAGE ( .BOTH. , #1544 ) ;
#1559 = FILL_AREA_STYLE_COLOUR ( '', #1315 ) ;
#1560 = SURFACE_SIDE_STYLE ('',( #2194 ) ) ;
#1561 =( NAMED_UNIT ( * ) SI_UNIT ( $, .STERADIAN. ) SOLID_ANGLE_UNIT ( ) );
#1562 = LINE ( 'NONE', #3132, #740 ) ;
#1563 = DIRECTION ( 'NONE',  ( -0.000000000000000000, -0.000000000000000000, -1.000000000000000000 ) ) ;
#1564 = CARTESIAN_POINT ( 'NONE',  ( 4.573773423826661855, -0.1000000000000002137, -1.920000000000000151 ) ) ;
#1565 = VERTEX_POINT ( 'NONE', #1641 ) ;
#1566 =( NAMED_UNIT ( * ) PLANE_ANGLE_UNIT ( ) SI_UNIT ( $, .RADIAN. ) );
#1567 = ADVANCED_FACE ( 'NONE', ( #2905 ), #355, .T. ) ;
#1568 = ORIENTED_EDGE ( 'NONE', *, *, #1614, .F. ) ;
#1569 = SURFACE_SIDE_STYLE ('',( #3754 ) ) ;
#1570 = FILL_AREA_STYLE_COLOUR ( '', #2854 ) ;
#1571 = COLOUR_RGB ( '',0.6470588235294117974, 0.6196078431372549211, 0.5882352941176470784 ) ;
#1572 = VECTOR ( 'NONE', #35, 1000.000000000000114 ) ;
#1573 = PRESENTATION_STYLE_ASSIGNMENT (( #343 ) ) ;
#1574 = EDGE_LOOP ( 'NONE', ( #2592, #1307, #1116, #3288, #101, #175 ) ) ;
#1575 = MECHANICAL_DESIGN_GEOMETRIC_PRESENTATION_REPRESENTATION (  '', ( #3370 ), #3160 ) ;
#1576 = CARTESIAN_POINT ( 'NONE',  ( 5.074014682674854448, 0.1500000000000000222, -1.020000000000000018 ) ) ;
#1577 = CARTESIAN_POINT ( 'NONE',  ( -4.573773423826661855, -0.1000000000000002137, 1.520000000000000018 ) ) ;
#1578 = VECTOR ( 'NONE', #2268, 1000.000000000000227 ) ;
#1579 = ORIENTED_EDGE ( 'NONE', *, *, #1172, .T. ) ;
#1580 = CARTESIAN_POINT ( 'NONE',  ( -4.573773423826661855, -0.1000000000000000333, 1.020000000000000018 ) ) ;
#1581 = DIRECTION ( 'NONE',  ( 1.000000000000000000, 0.000000000000000000, 0.000000000000000000 ) ) ;
#1582 = CARTESIAN_POINT ( 'NONE',  ( -3.403105161170366433, 1.750000000000000000, 2.289999999999999591 ) ) ;
#1583 = MECHANICAL_DESIGN_GEOMETRIC_PRESENTATION_REPRESENTATION (  '', ( #3378 ), #233 ) ;
#1584 = SURFACE_STYLE_FILL_AREA ( #1912 ) ;
#1585 = FILL_AREA_STYLE ('',( #3155 ) ) ;
#1586 = PRESENTATION_STYLE_ASSIGNMENT (( #2574 ) ) ;
#1587 = DIRECTION ( 'NONE',  ( 1.000000000000000000, 0.000000000000000000, 0.000000000000000000 ) ) ;
#1588 =( NAMED_UNIT ( * ) PLANE_ANGLE_UNIT ( ) SI_UNIT ( $, .RADIAN. ) );
#1589 = COLOUR_RGB ( '',0.6470588235294117974, 0.6196078431372549211, 0.5882352941176470784 ) ;
#1590 = PRESENTATION_STYLE_ASSIGNMENT (( #2523 ) ) ;
#1591 = DIRECTION ( 'NONE',  ( 1.000000000000000000, 0.000000000000000000, 0.000000000000000000 ) ) ;
#1592 = CIRCLE ( 'NONE', #3312, 0.1999999999999996503 ) ;
#1593 = EDGE_CURVE ( 'NONE', #3251, #1627, #791, .T. ) ;
#1594 = ORIENTED_EDGE ( 'NONE', *, *, #1974, .T. ) ;
#1595 = ORIENTED_EDGE ( 'NONE', *, *, #3162, .F. ) ;
#1596 = EDGE_CURVE ( 'NONE', #3189, #3437, #1697, .T. ) ;
#1597 = ORIENTED_EDGE ( 'NONE', *, *, #3325, .F. ) ;
#1598 = VECTOR ( 'NONE', #1639, 1000.000000000000000 ) ;
#1599 = DIRECTION ( 'NONE',  ( 0.000000000000000000, 0.000000000000000000, -1.000000000000000000 ) ) ;
#1600 = DIRECTION ( 'NONE',  ( 0.000000000000000000, 1.000000000000000000, 0.000000000000000000 ) ) ;
#1601 = PRESENTATION_STYLE_ASSIGNMENT (( #1908 ) ) ;
#1602 = LINE ( 'NONE', #3134, #2851 ) ;
#1603 = CARTESIAN_POINT ( 'NONE',  ( -4.473853843442727296, -0.1000000000000000472, 1.920000000000000151 ) ) ;
#1604 = LINE ( 'NONE', #2584, #1420 ) ;
#1605 =( NAMED_UNIT ( * ) SI_UNIT ( $, .STERADIAN. ) SOLID_ANGLE_UNIT ( ) );
#1606 = ORIENTED_EDGE ( 'NONE', *, *, #1401, .T. ) ;
#1607 = VERTEX_POINT ( 'NONE', #2961 ) ;
#1608 = UNCERTAINTY_MEASURE_WITH_UNIT (LENGTH_MEASURE( 1.000000000000000082E-05 ), #998, 'distance_accuracy_value', 'NONE');
#1609 = STYLED_ITEM ( 'NONE', ( #3686 ), #2780 ) ;
#1610 = VECTOR ( 'NONE', #1396, 1000.000000000000000 ) ;
#1611 = DIRECTION ( 'NONE',  ( -1.000000000000000000, 0.000000000000000000, 0.000000000000000000 ) ) ;
#1612 = ORIENTED_EDGE ( 'NONE', *, *, #435, .T. ) ;
#1613 = ORIENTED_EDGE ( 'NONE', *, *, #855, .F. ) ;
#1614 = EDGE_CURVE ( 'NONE', #12, #1729, #1359, .T. ) ;
#1615 = DIRECTION ( 'NONE',  ( 0.000000000000000000, -1.000000000000000000, 0.000000000000000000 ) ) ;
#1616 = DIRECTION ( 'NONE',  ( 0.08715574274765836016, 0.9961946980917455452, -0.000000000000000000 ) ) ;
#1617 = VECTOR ( 'NONE', #1966, 1000.000000000000000 ) ;
#1618 = EDGE_CURVE ( 'NONE', #2885, #325, #3871, .T. ) ;
#1619 = FILL_AREA_STYLE_COLOUR ( '', #3250 ) ;
#1620 = CARTESIAN_POINT ( 'NONE',  ( 3.533162674632499112, 1.544563999893710182, -1.920000000000000151 ) ) ;
#1621 = ORIENTED_EDGE ( 'NONE', *, *, #1222, .F. ) ;
#1622 = SURFACE_STYLE_USAGE ( .BOTH. , #393 ) ;
#1623 = LINE ( 'NONE', #3552, #1901 ) ;
#1624 = LINE ( 'NONE', #3858, #1840 ) ;
#1625 = DIRECTION ( 'NONE',  ( -1.000000000000000000, 8.469914131292437023E-15, 0.000000000000000000 ) ) ;
#1626 = VERTEX_POINT ( 'NONE', #3930 ) ;
#1627 = VERTEX_POINT ( 'NONE', #3910 ) ;
#1628 = VECTOR ( 'NONE', #2818, 1000.000000000000000 ) ;
#1629 =( NAMED_UNIT ( * ) SI_UNIT ( $, .STERADIAN. ) SOLID_ANGLE_UNIT ( ) );
#1630 = CARTESIAN_POINT ( 'NONE',  ( 3.617801311160230959, 1.471624135958902180, 1.520000000000000018 ) ) ;
#1631 = ORIENTED_EDGE ( 'NONE', *, *, #2397, .F. ) ;
#1632 = VECTOR ( 'NONE', #463, 1000.000000000000000 ) ;
#1633 = CARTESIAN_POINT ( 'NONE',  ( 3.810000000000000053, 1.660154203991497823, -1.520000000000000018 ) ) ;
#1634 =( NAMED_UNIT ( * ) PLANE_ANGLE_UNIT ( ) SI_UNIT ( $, .RADIAN. ) );
#1635 =( NAMED_UNIT ( * ) SI_UNIT ( $, .STERADIAN. ) SOLID_ANGLE_UNIT ( ) );
#1636 = EDGE_CURVE ( 'NONE', #3737, #1530, #189, .T. ) ;
#1637 = VECTOR ( 'NONE', #2077, 1000.000000000000000 ) ;
#1638 = VECTOR ( 'NONE', #3586, 1000.000000000000227 ) ;
#1639 = DIRECTION ( 'NONE',  ( -9.469014606860301471E-17, -0.000000000000000000, -1.000000000000000000 ) ) ;
#1640 = EDGE_CURVE ( 'NONE', #1096, #102, #1381, .T. ) ;
#1641 = CARTESIAN_POINT ( 'NONE',  ( 3.879366110054072170, 0.8451791884718238279, 1.519999999999999796 ) ) ;
#1642 = DIRECTION ( 'NONE',  ( 0.000000000000000000, 0.000000000000000000, -1.000000000000000000 ) ) ;
#1643 = ORIENTED_EDGE ( 'NONE', *, *, #1838, .F. ) ;
#1644 = EDGE_CURVE ( 'NONE', #385, #2229, #2940, .T. ) ;
#1645 = VECTOR ( 'NONE', #1721, 1000.000000000000000 ) ;
#1646 = ORIENTED_EDGE ( 'NONE', *, *, #1644, .F. ) ;
#1647 = AXIS2_PLACEMENT_3D ( 'NONE', #3751, #3736, #917 ) ;
#1648 = UNCERTAINTY_MEASURE_WITH_UNIT (LENGTH_MEASURE( 1.000000000000000082E-05 ), #4036, 'distance_accuracy_value', 'NONE');
#1649 = CARTESIAN_POINT ( 'NONE',  ( -4.150283335180551703, 0.8451791884718238279, 1.519999999999999796 ) ) ;
#1650 = FILL_AREA_STYLE_COLOUR ( '', #17 ) ;
#1651 = AXIS2_PLACEMENT_3D ( 'NONE', #3886, #785, #2025 ) ;
#1652 = EDGE_LOOP ( 'NONE', ( #2334, #3055, #4010, #2875, #242, #3253, #1162, #399 ) ) ;
#1653 = VERTEX_POINT ( 'NONE', #2674 ) ;
#1654 = VECTOR ( 'NONE', #1524, 1000.000000000000000 ) ;
#1655 = DIRECTION ( 'NONE',  ( -0.000000000000000000, -0.000000000000000000, 1.000000000000000000 ) ) ;
#1656 = LINE ( 'NONE', #1995, #2228 ) ;
#1657 = LINE ( 'NONE', #2597, #1610 ) ;
#1658 = VECTOR ( 'NONE', #470, 1000.000000000000000 ) ;
#1659 = EDGE_CURVE ( 'NONE', #3706, #1267, #816, .T. ) ;
#1660 = CARTESIAN_POINT ( 'NONE',  ( -4.573773423826661855, 0.1499999999999999667, -1.920000000000000151 ) ) ;
#1661 =( LENGTH_UNIT ( ) NAMED_UNIT ( * ) SI_UNIT ( .MILLI., .METRE. ) );
#1662 = SURFACE_SIDE_STYLE ('',( #432 ) ) ;
#1663 = DIRECTION ( 'NONE',  ( 0.000000000000000000, -0.08715574274765836016, 0.9961946980917455452 ) ) ;
#1664 = ADVANCED_FACE ( 'NONE', ( #1717 ), #2365, .T. ) ;
#1665 = ORIENTED_EDGE ( 'NONE', *, *, #3567, .F. ) ;
#1666 = FILL_AREA_STYLE_COLOUR ( '', #3011 ) ;
#1667 =( GEOMETRIC_REPRESENTATION_CONTEXT ( 3 ) GLOBAL_UNCERTAINTY_ASSIGNED_CONTEXT ( ( #3272 ) ) GLOBAL_UNIT_ASSIGNED_CONTEXT ( ( #2821, #1016, #338 ) ) REPRESENTATION_CONTEXT ( 'NONE', 'WORKASPACE' ) );
#1668 = VERTEX_POINT ( 'NONE', #3896 ) ;
#1669 = EDGE_CURVE ( 'NONE', #3411, #3358, #3592, .T. ) ;
#1670 = DIRECTION ( 'NONE',  ( 0.9227910845583374710, 0.3853006803259596547, 0.000000000000000000 ) ) ;
#1671 = ORIENTED_EDGE ( 'NONE', *, *, #1078, .F. ) ;
#1672 = PRESENTATION_STYLE_ASSIGNMENT (( #448 ) ) ;
#1673 =( GEOMETRIC_REPRESENTATION_CONTEXT ( 3 ) GLOBAL_UNCERTAINTY_ASSIGNED_CONTEXT ( ( #3386 ) ) GLOBAL_UNIT_ASSIGNED_CONTEXT ( ( #2769, #670, #1830 ) ) REPRESENTATION_CONTEXT ( 'NONE', 'WORKASPACE' ) );
#1674 = UNCERTAINTY_MEASURE_WITH_UNIT (LENGTH_MEASURE( 1.000000000000000082E-05 ), #3452, 'distance_accuracy_value', 'NONE');
#1675 = VECTOR ( 'NONE', #3146, 1000.000000000000000 ) ;
#1676 = MECHANICAL_DESIGN_GEOMETRIC_PRESENTATION_REPRESENTATION (  '', ( #3141 ), #394 ) ;
#1677 = VERTEX_POINT ( 'NONE', #2981 ) ;
#1678 = ADVANCED_FACE ( 'NONE', ( #1735 ), #3628, .F. ) ;
#1679 = EDGE_LOOP ( 'NONE', ( #847, #826, #3453, #2143 ) ) ;
#1680 = FILL_AREA_STYLE ('',( #155 ) ) ;
#1681 = ORIENTED_EDGE ( 'NONE', *, *, #3658, .T. ) ;
#1682 = UNCERTAINTY_MEASURE_WITH_UNIT (LENGTH_MEASURE( 1.000000000000000082E-05 ), #3315, 'distance_accuracy_value', 'NONE');
#1683 = EDGE_CURVE ( 'NONE', #1261, #1653, #229, .T. ) ;
#1684 = CARTESIAN_POINT ( 'NONE',  ( 4.150283335180551703, 0.8451791884718238279, -1.920000000000000151 ) ) ;
#1685 = EDGE_CURVE ( 'NONE', #344, #1677, #538, .T. ) ;
#1686 = DIRECTION ( 'NONE',  ( -0.000000000000000000, -0.000000000000000000, -1.000000000000000000 ) ) ;
#1687 = VERTEX_POINT ( 'NONE', #3071 ) ;
#1688 = ORIENTED_EDGE ( 'NONE', *, *, #2093, .T. ) ;
#1689 = EDGE_CURVE ( 'NONE', #3614, #3323, #3048, .T. ) ;
#1690 = LINE ( 'NONE', #3564, #795 ) ;
#1691 = COLOUR_RGB ( '',0.6470588235294117974, 0.6196078431372549211, 0.5882352941176470784 ) ;
#1692 = PLANE ( 'NONE',  #802 ) ;
#1693 = DIRECTION ( 'NONE',  ( -1.000000000000000000, 0.000000000000000000, 0.000000000000000000 ) ) ;
#1694 = PLANE ( 'NONE',  #2202 ) ;
#1695 = COLOUR_RGB ( '',0.6470588235294117974, 0.6196078431372549211, 0.5882352941176470784 ) ;
#1696 =( NAMED_UNIT ( * ) SI_UNIT ( $, .STERADIAN. ) SOLID_ANGLE_UNIT ( ) );
#1697 = LINE ( 'NONE', #3569, #2265 ) ;
#1698 = DIRECTION ( 'NONE',  ( 0.000000000000000000, -1.000000000000000000, -2.169739143709707832E-16 ) ) ;
#1699 = MECHANICAL_DESIGN_GEOMETRIC_PRESENTATION_REPRESENTATION (  '', ( #3024 ), #3168 ) ;
#1700 = ORIENTED_EDGE ( 'NONE', *, *, #1149, .T. ) ;
#1701 =( LENGTH_UNIT ( ) NAMED_UNIT ( * ) SI_UNIT ( .MILLI., .METRE. ) );
#1702 = CIRCLE ( 'NONE', #625, 0.2999999999999999334 ) ;
#1703 = LINE ( 'NONE', #3313, #1645 ) ;
#1704 = LINE ( 'NONE', #2987, #1383 ) ;
#1705 = PRESENTATION_STYLE_ASSIGNMENT (( #3977 ) ) ;
#1706 = ORIENTED_EDGE ( 'NONE', *, *, #1843, .T. ) ;
#1707 = STYLED_ITEM ( 'NONE', ( #1406 ), #112 ) ;
#1708 = SURFACE_STYLE_FILL_AREA ( #483 ) ;
#1709 = LINE ( 'NONE', #182, #2778 ) ;
#1710 = ORIENTED_EDGE ( 'NONE', *, *, #2999, .T. ) ;
#1711 = ORIENTED_EDGE ( 'NONE', *, *, #1516, .T. ) ;
#1712 = EDGE_CURVE ( 'NONE', #2229, #3527, #4020, .T. ) ;
#1713 = MECHANICAL_DESIGN_GEOMETRIC_PRESENTATION_REPRESENTATION (  '', ( #3316 ), #817 ) ;
#1714 = CARTESIAN_POINT ( 'NONE',  ( 4.197016518075225910, 0.08440979590221189821, 1.920000000000000151 ) ) ;
#1715 = AXIS2_PLACEMENT_3D ( 'NONE', #1160, #1481, #2410 ) ;
#1716 = UNCERTAINTY_MEASURE_WITH_UNIT (LENGTH_MEASURE( 1.000000000000000082E-05 ), #3047, 'distance_accuracy_value', 'NONE');
#1717 = FACE_OUTER_BOUND ( 'NONE', #2247, .T. ) ;
#1718 =( GEOMETRIC_REPRESENTATION_CONTEXT ( 3 ) GLOBAL_UNCERTAINTY_ASSIGNED_CONTEXT ( ( #513 ) ) GLOBAL_UNIT_ASSIGNED_CONTEXT ( ( #1112, #190, #1696 ) ) REPRESENTATION_CONTEXT ( 'NONE', 'WORKASPACE' ) );
#1719 = DIRECTION ( 'NONE',  ( 1.000000000000000000, 0.000000000000000000, -0.000000000000000000 ) ) ;
#1720 = ORIENTED_EDGE ( 'NONE', *, *, #1951, .F. ) ;
#1721 = DIRECTION ( 'NONE',  ( -1.000000000000000000, 1.303481574384949276E-14, 2.828214995047381501E-30 ) ) ;
#1722 = CYLINDRICAL_SURFACE ( 'NONE', #2306, 0.2999999999999999334 ) ;
#1723 = DIRECTION ( 'NONE',  ( -1.000000000000000000, -0.000000000000000000, 0.000000000000000000 ) ) ;
#1724 = UNCERTAINTY_MEASURE_WITH_UNIT (LENGTH_MEASURE( 1.000000000000000082E-05 ), #2015, 'distance_accuracy_value', 'NONE');
#1725 = ORIENTED_EDGE ( 'NONE', *, *, #3895, .F. ) ;
#1726 = STYLED_ITEM ( 'NONE', ( #1590 ), #2948 ) ;
#1727 = DIRECTION ( 'NONE',  ( -0.000000000000000000, -0.000000000000000000, 1.000000000000000000 ) ) ;
#1728 = CARTESIAN_POINT ( 'NONE',  ( -4.197016518075225910, 0.08440979590221189821, 0.6200000000000001066 ) ) ;
#1729 = VERTEX_POINT ( 'NONE', #2407 ) ;
#1730 = ORIENTED_EDGE ( 'NONE', *, *, #2509, .F. ) ;
#1731 = LINE ( 'NONE', #1169, #91 ) ;
#1732 = DIRECTION ( 'NONE',  ( -0.000000000000000000, -0.000000000000000000, 1.000000000000000000 ) ) ;
#1733 = EDGE_CURVE ( 'NONE', #3836, #2625, #3665, .T. ) ;
#1734 = FILL_AREA_STYLE ('',( #294 ) ) ;
#1735 = FACE_OUTER_BOUND ( 'NONE', #1369, .T. ) ;
#1736 = EDGE_CURVE ( 'NONE', #2989, #1191, #3996, .T. ) ;
#1737 = STYLED_ITEM ( 'NONE', ( #3066 ), #2087 ) ;
#1738 =( NAMED_UNIT ( * ) PLANE_ANGLE_UNIT ( ) SI_UNIT ( $, .RADIAN. ) );
#1739 = COLOUR_RGB ( '',0.6470588235294117974, 0.6196078431372549211, 0.5882352941176470784 ) ;
#1740 = MECHANICAL_DESIGN_GEOMETRIC_PRESENTATION_REPRESENTATION (  '', ( #1952 ), #1667 ) ;
#1741 = LINE ( 'NONE', #3672, #3297 ) ;
#1742 = CARTESIAN_POINT ( 'NONE',  ( -4.703105161170365811, 0.8451791884718238279, 1.920000000000000151 ) ) ;
#1743 = VERTEX_POINT ( 'NONE', #1173 ) ;
#1744 = EDGE_LOOP ( 'NONE', ( #1147, #3818, #1391, #1836 ) ) ;
#1745 = CARTESIAN_POINT ( 'NONE',  ( -5.074014682674854448, -0.09999999999999999167, -1.920000000000000151 ) ) ;
#1746 = CARTESIAN_POINT ( 'NONE',  ( 3.394831883202002132, 1.844563999893709116, -1.520000000000000018 ) ) ;
#1747 = LINE ( 'NONE', #3682, #1802 ) ;
#1748 = PRESENTATION_STYLE_ASSIGNMENT (( #2776 ) ) ;
#1749 =( GEOMETRIC_REPRESENTATION_CONTEXT ( 3 ) GLOBAL_UNCERTAINTY_ASSIGNED_CONTEXT ( ( #188 ) ) GLOBAL_UNIT_ASSIGNED_CONTEXT ( ( #510, #3926, #891 ) ) REPRESENTATION_CONTEXT ( 'NONE', 'WORKASPACE' ) );
#1750 = DIRECTION ( 'NONE',  ( 0.000000000000000000, 0.000000000000000000, -1.000000000000000000 ) ) ;
#1751 = ADVANCED_FACE ( 'NONE', ( #1753 ), #1215, .T. ) ;
#1752 = FILL_AREA_STYLE_COLOUR ( '', #645 ) ;
#1753 = FACE_OUTER_BOUND ( 'NONE', #1185, .T. ) ;
#1754 = COLOUR_RGB ( '',0.6470588235294117974, 0.6196078431372549211, 0.5882352941176470784 ) ;
#1755 = AXIS2_PLACEMENT_3D ( 'NONE', #964, #72, #3503 ) ;
#1756 = SURFACE_STYLE_FILL_AREA ( #2409 ) ;
#1757 = FILL_AREA_STYLE_COLOUR ( '', #2243 ) ;
#1758 = VECTOR ( 'NONE', #3854, 1000.000000000000000 ) ;
#1759 = CARTESIAN_POINT ( 'NONE',  ( -4.573773423826661855, -0.1000000000000002137, -0.6200000000000001066 ) ) ;
#1760 = DIRECTION ( 'NONE',  ( 1.000000000000000000, 0.000000000000000000, -0.000000000000000000 ) ) ;
#1761 = PLANE ( 'NONE',  #2715 ) ;
#1762 = VERTEX_POINT ( 'NONE', #3109 ) ;
#1763 = ORIENTED_EDGE ( 'NONE', *, *, #3863, .F. ) ;
#1764 = CARTESIAN_POINT ( 'NONE',  ( -3.249999999999999556, 0.000000000000000000, -2.289999999999999591 ) ) ;
#1765 = DIRECTION ( 'NONE',  ( -1.000000000000000000, 1.083679278056636965E-16, 0.000000000000000000 ) ) ;
#1766 = MECHANICAL_DESIGN_GEOMETRIC_PRESENTATION_REPRESENTATION (  '', ( #3240 ), #2372 ) ;
#1767 = FILL_AREA_STYLE ('',( #1460 ) ) ;
#1768 = EDGE_LOOP ( 'NONE', ( #1878, #3722, #1681, #1285, #2492, #2440, #846 ) ) ;
#1769 =( GEOMETRIC_REPRESENTATION_CONTEXT ( 3 ) GLOBAL_UNCERTAINTY_ASSIGNED_CONTEXT ( ( #2591 ) ) GLOBAL_UNIT_ASSIGNED_CONTEXT ( ( #871, #1538, #577 ) ) REPRESENTATION_CONTEXT ( 'NONE', 'WORKASPACE' ) );
#1770 = DIRECTION ( 'NONE',  ( -0.000000000000000000, -0.000000000000000000, -1.000000000000000000 ) ) ;
#1771 = AXIS2_PLACEMENT_3D ( 'NONE', #104, #1335, #2280 ) ;
#1772 = EDGE_CURVE ( 'NONE', #3323, #1029, #3022, .T. ) ;
#1773 = LINE ( 'NONE', #2181, #2358 ) ;
#1774 = CARTESIAN_POINT ( 'NONE',  ( -4.389215206914994560, 0.2729398639348085132, 1.920000000000000151 ) ) ;
#1775 = PRESENTATION_STYLE_ASSIGNMENT (( #2723 ) ) ;
#1776 = CARTESIAN_POINT ( 'NONE',  ( -4.573773423826661855, -0.1000000000000002137, -1.520000000000000018 ) ) ;
#1777 = COLOUR_RGB ( '',0.6470588235294117974, 0.6196078431372549211, 0.5882352941176470784 ) ;
#1778 = VERTEX_POINT ( 'NONE', #837 ) ;
#1779 = ORIENTED_EDGE ( 'NONE', *, *, #828, .T. ) ;
#1780 = SURFACE_STYLE_FILL_AREA ( #2990 ) ;
#1781 = AXIS2_PLACEMENT_3D ( 'NONE', #2757, #2453, #2071 ) ;
#1782 = FILL_AREA_STYLE_COLOUR ( '', #3734 ) ;
#1783 = AXIS2_PLACEMENT_3D ( 'NONE', #724, #1953, #446 ) ;
#1784 = EDGE_CURVE ( 'NONE', #145, #243, #3653, .T. ) ;
#1785 = ORIENTED_EDGE ( 'NONE', *, *, #3002, .T. ) ;
#1786 = ORIENTED_EDGE ( 'NONE', *, *, #2082, .T. ) ;
#1787 = CARTESIAN_POINT ( 'NONE',  ( -4.473853843442727296, -0.1000000000000000472, 0.6200000000000001066 ) ) ;
#1788 = UNCERTAINTY_MEASURE_WITH_UNIT (LENGTH_MEASURE( 1.000000000000000082E-05 ), #2912, 'distance_accuracy_value', 'NONE');
#1789 = DIRECTION ( 'NONE',  ( 1.000000000000000000, 0.000000000000000000, -0.000000000000000000 ) ) ;
#1790 = SURFACE_SIDE_STYLE ('',( #576 ) ) ;
#1791 = CARTESIAN_POINT ( 'NONE',  ( -4.573773423826661855, 0.3500000000000000333, -1.920000000000000151 ) ) ;
#1792 = VERTEX_POINT ( 'NONE', #3197 ) ;
#1793 = ORIENTED_EDGE ( 'NONE', *, *, #973, .T. ) ;
#1794 = SURFACE_STYLE_FILL_AREA ( #1817 ) ;
#1795 = CARTESIAN_POINT ( 'NONE',  ( 3.200346355037512858, 1.594563999893707340, -1.920000000000000151 ) ) ;
#1796 =( GEOMETRIC_REPRESENTATION_CONTEXT ( 3 ) GLOBAL_UNCERTAINTY_ASSIGNED_CONTEXT ( ( #3914 ) ) GLOBAL_UNIT_ASSIGNED_CONTEXT ( ( #2852, #2879, #1561 ) ) REPRESENTATION_CONTEXT ( 'NONE', 'WORKASPACE' ) );
#1797 = STYLED_ITEM ( 'NONE', ( #920 ), #2426 ) ;
#1798 = VECTOR ( 'NONE', #2836, 1000.000000000000227 ) ;
#1799 = CARTESIAN_POINT ( 'NONE',  ( -3.403105161170366433, 3.500000000000000000, -2.290000000000000480 ) ) ;
#1800 = COLOUR_RGB ( '',0.6470588235294117974, 0.6196078431372549211, 0.5882352941176470784 ) ;
#1801 = FACE_OUTER_BOUND ( 'NONE', #1180, .T. ) ;
#1802 = VECTOR ( 'NONE', #3726, 1000.000000000000114 ) ;
#1803 = ORIENTED_EDGE ( 'NONE', *, *, #2628, .T. ) ;
#1804 = FACE_OUTER_BOUND ( 'NONE', #441, .T. ) ;
#1805 = ORIENTED_EDGE ( 'NONE', *, *, #158, .F. ) ;
#1806 = ADVANCED_FACE ( 'NONE', ( #1255 ), #967, .T. ) ;
#1807 = SURFACE_STYLE_USAGE ( .BOTH. , #592 ) ;
#1808 = SURFACE_SIDE_STYLE ('',( #3101 ) ) ;
#1809 = ORIENTED_EDGE ( 'NONE', *, *, #3262, .F. ) ;
#1810 = VECTOR ( 'NONE', #2872, 1000.000000000000114 ) ;
#1811 = EDGE_CURVE ( 'NONE', #424, #685, #665, .T. ) ;
#1812 = ORIENTED_EDGE ( 'NONE', *, *, #3219, .T. ) ;
#1813 = PRODUCT_CONTEXT ( 'NONE', #216, 'mechanical' ) ;
#1814 = ORIENTED_EDGE ( 'NONE', *, *, #1917, .T. ) ;
#1815 = EDGE_CURVE ( 'NONE', #3529, #1261, #2554, .T. ) ;
#1816 =( NAMED_UNIT ( * ) PLANE_ANGLE_UNIT ( ) SI_UNIT ( $, .RADIAN. ) );
#1817 = FILL_AREA_STYLE ('',( #1477 ) ) ;
#1818 = LINE ( 'NONE', #3093, #1922 ) ;
#1819 = CARTESIAN_POINT ( 'NONE',  ( -3.810000000000000053, 1.660154203991497823, 1.920000000000000151 ) ) ;
#1820 = CARTESIAN_POINT ( 'NONE',  ( -3.403105161170366433, 1.750000000000000000, 2.443105161170367357 ) ) ;
#1821 = PRESENTATION_LAYER_ASSIGNMENT (  '', '', ( #1379 ) ) ;
#1822 = SURFACE_SIDE_STYLE ('',( #1199 ) ) ;
#1823 = STYLED_ITEM ( 'NONE', ( #1932 ), #3301 ) ;
#1824 = ORIENTED_EDGE ( 'NONE', *, *, #3190, .T. ) ;
#1825 = MECHANICAL_DESIGN_GEOMETRIC_PRESENTATION_REPRESENTATION (  '', ( #2760 ), #479 ) ;
#1826 = CARTESIAN_POINT ( 'NONE',  ( -4.473853843442727296, 0.1999999999999998723, -0.6200000000000001066 ) ) ;
#1827 =( GEOMETRIC_REPRESENTATION_CONTEXT ( 3 ) GLOBAL_UNCERTAINTY_ASSIGNED_CONTEXT ( ( #1075 ) ) GLOBAL_UNIT_ASSIGNED_CONTEXT ( ( #1377, #772, #1635 ) ) REPRESENTATION_CONTEXT ( 'NONE', 'WORKASPACE' ) );
#1828 = DIRECTION ( 'NONE',  ( -0.000000000000000000, 2.169739143709707832E-16, 1.000000000000000000 ) ) ;
#1829 = MECHANICAL_DESIGN_GEOMETRIC_PRESENTATION_REPRESENTATION (  '', ( #2157 ), #1964 ) ;
#1830 =( NAMED_UNIT ( * ) SI_UNIT ( $, .STERADIAN. ) SOLID_ANGLE_UNIT ( ) );
#1831 = EDGE_LOOP ( 'NONE', ( #1153, #2710, #2983, #2026, #506, #3395 ) ) ;
#1832 = EDGE_CURVE ( 'NONE', #872, #1607, #3808, .T. ) ;
#1833 = STYLED_ITEM ( 'NONE', ( #2595 ), #3842 ) ;
#1834 = UNCERTAINTY_MEASURE_WITH_UNIT (LENGTH_MEASURE( 1.000000000000000082E-05 ), #2606, 'distance_accuracy_value', 'NONE');
#1835 = DIRECTION ( 'NONE',  ( 1.000000000000000000, -9.032596777496193475E-17, 0.000000000000000000 ) ) ;
#1836 = ORIENTED_EDGE ( 'NONE', *, *, #241, .T. ) ;
#1837 = VECTOR ( 'NONE', #1727, 1000.000000000000000 ) ;
#1838 = EDGE_CURVE ( 'NONE', #308, #3388, #406, .T. ) ;
#1839 = SURFACE_SIDE_STYLE ('',( #2816 ) ) ;
#1840 = VECTOR ( 'NONE', #1041, 1000.000000000000000 ) ;
#1841 = DIRECTION ( 'NONE',  ( -0.000000000000000000, -0.000000000000000000, -1.000000000000000000 ) ) ;
#1842 = DIRECTION ( 'NONE',  ( -1.000000000000000000, 0.000000000000000000, 0.000000000000000000 ) ) ;
#1843 = EDGE_CURVE ( 'NONE', #1668, #1494, #351, .T. ) ;
#1844 = VECTOR ( 'NONE', #1732, 1000.000000000000000 ) ;
#1845 = FILL_AREA_STYLE_COLOUR ( '', #1754 ) ;
#1846 = FILL_AREA_STYLE_COLOUR ( '', #881 ) ;
#1847 = AXIS2_PLACEMENT_3D ( 'NONE', #27, #1251, #1291 ) ;
#1848 = ADVANCED_BREP_SHAPE_REPRESENTATION ( 'APC-817C1-SL', ( #2962, #2298 ), #1118 ) ;
#1849 = DIRECTION ( 'NONE',  ( 1.000000000000000000, -8.469914131292437023E-15, 0.000000000000000000 ) ) ;
#1850 = FILL_AREA_STYLE ('',( #3713 ) ) ;
#1851 = EDGE_LOOP ( 'NONE', ( #3904, #47, #2566, #2546 ) ) ;
#1852 = FILL_AREA_STYLE ('',( #1234 ) ) ;
#1853 =( GEOMETRIC_REPRESENTATION_CONTEXT ( 3 ) GLOBAL_UNCERTAINTY_ASSIGNED_CONTEXT ( ( #2016 ) ) GLOBAL_UNIT_ASSIGNED_CONTEXT ( ( #3356, #254, #275 ) ) REPRESENTATION_CONTEXT ( 'NONE', 'WORKASPACE' ) );
#1854 =( NAMED_UNIT ( * ) SI_UNIT ( $, .STERADIAN. ) SOLID_ANGLE_UNIT ( ) );
#1855 = DIRECTION ( 'NONE',  ( 1.000000000000000000, 0.000000000000000000, 0.000000000000000000 ) ) ;
#1856 = FACE_OUTER_BOUND ( 'NONE', #4028, .T. ) ;
#1857 = VERTEX_POINT ( 'NONE', #2536 ) ;
#1858 = ORIENTED_EDGE ( 'NONE', *, *, #3760, .T. ) ;
#1859 = LINE ( 'NONE', #2810, #3363 ) ;
#1860 =( NAMED_UNIT ( * ) SI_UNIT ( $, .STERADIAN. ) SOLID_ANGLE_UNIT ( ) );
#1861 = PRESENTATION_STYLE_ASSIGNMENT (( #3126 ) ) ;
#1862 = ORIENTED_EDGE ( 'NONE', *, *, #1887, .T. ) ;
#1863 = ORIENTED_EDGE ( 'NONE', *, *, #3760, .F. ) ;
#1864 = FACE_OUTER_BOUND ( 'NONE', #183, .T. ) ;
#1865 = ADVANCED_FACE ( 'NONE', ( #3791 ), #2216, .T. ) ;
#1866 = DIRECTION ( 'NONE',  ( -0.3853006803259598212, 0.9227910845583372490, -2.002215937632559313E-16 ) ) ;
#1867 = CIRCLE ( 'NONE', #2068, 0.2999999999999997113 ) ;
#1868 = SURFACE_STYLE_USAGE ( .BOTH. , #2196 ) ;
#1869 = CARTESIAN_POINT ( 'NONE',  ( 4.573773423826661855, -0.1000000000000002137, -0.6200000000000001066 ) ) ;
#1870 = SURFACE_STYLE_USAGE ( .BOTH. , #1822 ) ;
#1871 = FILL_AREA_STYLE ('',( #4026 ) ) ;
#1872 = VERTEX_POINT ( 'NONE', #3238 ) ;
#1873 = FILL_AREA_STYLE ('',( #1570 ) ) ;
#1874 = DIRECTION ( 'NONE',  ( -1.000000000000000000, 0.000000000000000000, 0.000000000000000000 ) ) ;
#1875 = PLANE ( 'NONE',  #1715 ) ;
#1876 = ORIENTED_EDGE ( 'NONE', *, *, #2324, .T. ) ;
#1877 = PRESENTATION_LAYER_ASSIGNMENT (  '', '', ( #1357 ) ) ;
#1878 = ORIENTED_EDGE ( 'NONE', *, *, #1322, .T. ) ;
#1879 = VECTOR ( 'NONE', #2232, 1000.000000000000000 ) ;
#1880 =( NAMED_UNIT ( * ) SI_UNIT ( $, .STERADIAN. ) SOLID_ANGLE_UNIT ( ) );
#1881 = COLOUR_RGB ( '',0.6470588235294117974, 0.6196078431372549211, 0.5882352941176470784 ) ;
#1882 =( GEOMETRIC_REPRESENTATION_CONTEXT ( 3 ) GLOBAL_UNCERTAINTY_ASSIGNED_CONTEXT ( ( #3417 ) ) GLOBAL_UNIT_ASSIGNED_CONTEXT ( ( #2589, #768, #2257 ) ) REPRESENTATION_CONTEXT ( 'NONE', 'WORKASPACE' ) );
#1883 = SURFACE_STYLE_USAGE ( .BOTH. , #660 ) ;
#1884 = ORIENTED_EDGE ( 'NONE', *, *, #1843, .F. ) ;
#1885 = DIRECTION ( 'NONE',  ( 0.3853006803259597102, 0.9227910845583373600, -0.000000000000000000 ) ) ;
#1886 = DIRECTION ( 'NONE',  ( -1.000000000000000000, 0.000000000000000000, 0.000000000000000000 ) ) ;
#1887 = EDGE_CURVE ( 'NONE', #3541, #1205, #427, .T. ) ;
#1888 = DIRECTION ( 'NONE',  ( 0.000000000000000000, 0.000000000000000000, -1.000000000000000000 ) ) ;
#1889 = CARTESIAN_POINT ( 'NONE',  ( -5.074014682674854448, 0.1500000000000000777, 1.520000000000000018 ) ) ;
#1890 = PRESENTATION_LAYER_ASSIGNMENT (  '', '', ( #1241 ) ) ;
#1891 = ORIENTED_EDGE ( 'NONE', *, *, #3663, .T. ) ;
#1892 = EDGE_CURVE ( 'NONE', #3402, #2316, #1657, .T. ) ;
#1893 = LINE ( 'NONE', #3161, #398 ) ;
#1894 = STYLED_ITEM ( 'NONE', ( #1457 ), #1100 ) ;
#1895 = CARTESIAN_POINT ( 'NONE',  ( 4.573773423826661855, -0.1000000000000002137, -1.520000000000000018 ) ) ;
#1896 =( GEOMETRIC_REPRESENTATION_CONTEXT ( 3 ) GLOBAL_UNCERTAINTY_ASSIGNED_CONTEXT ( ( #2180 ) ) GLOBAL_UNIT_ASSIGNED_CONTEXT ( ( #1701, #1738, #2678 ) ) REPRESENTATION_CONTEXT ( 'NONE', 'WORKASPACE' ) );
#1897 = VECTOR ( 'NONE', #1060, 1000.000000000000000 ) ;
#1898 = ORIENTED_EDGE ( 'NONE', *, *, #801, .T. ) ;
#1899 = EDGE_LOOP ( 'NONE', ( #3743, #1363, #1884, #737, #1612, #833, #3991, #1793, #3492, #211, #3206, #692 ) ) ;
#1900 = VECTOR ( 'NONE', #177, 1000.000000000000000 ) ;
#1901 = VECTOR ( 'NONE', #3511, 1000.000000000000000 ) ;
#1902 = LINE ( 'NONE', #68, #3660 ) ;
#1903 = FACE_OUTER_BOUND ( 'NONE', #893, .T. ) ;
#1904 = AXIS2_PLACEMENT_3D ( 'NONE', #2557, #1663, #2926 ) ;
#1905 = DIRECTION ( 'NONE',  ( -1.000000000000000000, 0.000000000000000000, 0.000000000000000000 ) ) ;
#1906 = CARTESIAN_POINT ( 'NONE',  ( 3.200346355037512858, 1.594563999893707340, -0.6200000000000001066 ) ) ;
#1907 =( NAMED_UNIT ( * ) SI_UNIT ( $, .STERADIAN. ) SOLID_ANGLE_UNIT ( ) );
#1908 = SURFACE_STYLE_USAGE ( .BOTH. , #680 ) ;
#1909 = PRESENTATION_LAYER_ASSIGNMENT (  '', '', ( #3889 ) ) ;
#1910 = VECTOR ( 'NONE', #2986, 1000.000000000000000 ) ;
#1911 = PRODUCT_DEFINITION_SHAPE ( 'NONE', 'NONE',  #3911 ) ;
#1912 = FILL_AREA_STYLE ('',( #2182 ) ) ;
#1913 = PRESENTATION_LAYER_ASSIGNMENT (  '', '', ( #3699 ) ) ;
#1914 = FILL_AREA_STYLE ('',( #3487 ) ) ;
#1915 = SURFACE_STYLE_USAGE ( .BOTH. , #3246 ) ;
#1916 =( GEOMETRIC_REPRESENTATION_CONTEXT ( 3 ) GLOBAL_UNCERTAINTY_ASSIGNED_CONTEXT ( ( #1969 ) ) GLOBAL_UNIT_ASSIGNED_CONTEXT ( ( #3520, #1271, #383 ) ) REPRESENTATION_CONTEXT ( 'NONE', 'WORKASPACE' ) );
#1917 = EDGE_CURVE ( 'NONE', #634, #3244, #1973, .T. ) ;
#1918 = CARTESIAN_POINT ( 'NONE',  ( 4.573773423826661855, 0.1499999999999999667, 1.920000000000000151 ) ) ;
#1919 = ORIENTED_EDGE ( 'NONE', *, *, #512, .F. ) ;
#1920 = PRESENTATION_LAYER_ASSIGNMENT (  '', '', ( #109 ) ) ;
#1921 = ORIENTED_EDGE ( 'NONE', *, *, #3237, .T. ) ;
#1922 = VECTOR ( 'NONE', #3391, 1000.000000000000000 ) ;
#1923 = FILL_AREA_STYLE ('',( #3781 ) ) ;
#1924 = EDGE_CURVE ( 'NONE', #197, #3541, #1996, .T. ) ;
#1925 = FILL_AREA_STYLE_COLOUR ( '', #664 ) ;
#1926 = DIRECTION ( 'NONE',  ( 1.000000000000000000, -9.032596777496193475E-17, 0.000000000000000000 ) ) ;
#1927 = EDGE_LOOP ( 'NONE', ( #3759, #3764, #116, #2269 ) ) ;
#1928 = ORIENTED_EDGE ( 'NONE', *, *, #2272, .F. ) ;
#1929 = VECTOR ( 'NONE', #2814, 1000.000000000000000 ) ;
#1930 = CARTESIAN_POINT ( 'NONE',  ( -3.249999999999999556, 3.500000000000000000, -2.443105161170366912 ) ) ;
#1931 = DIRECTION ( 'NONE',  ( 1.000000000000000000, -9.032596777496193475E-17, -0.000000000000000000 ) ) ;
#1932 = PRESENTATION_STYLE_ASSIGNMENT (( #2008 ) ) ;
#1933 = CIRCLE ( 'NONE', #3968, 0.1999999999999996503 ) ;
#1934 =( LENGTH_UNIT ( ) NAMED_UNIT ( * ) SI_UNIT ( .MILLI., .METRE. ) );
#1935 = MECHANICAL_DESIGN_GEOMETRIC_PRESENTATION_REPRESENTATION (  '', ( #3716 ), #655 ) ;
#1936 = LINE ( 'NONE', #3222, #1844 ) ;
#1937 = DIRECTION ( 'NONE',  ( 0.000000000000000000, -1.000000000000000000, 0.000000000000000000 ) ) ;
#1938 = ORIENTED_EDGE ( 'NONE', *, *, #3613, .F. ) ;
#1939 = FILL_AREA_STYLE_COLOUR ( '', #1691 ) ;
#1940 = LINE ( 'NONE', #2314, #3602 ) ;
#1941 = ORIENTED_EDGE ( 'NONE', *, *, #3845, .F. ) ;
#1942 = ORIENTED_EDGE ( 'NONE', *, *, #1596, .T. ) ;
#1943 = ADVANCED_FACE ( 'NONE', ( #128 ), #1694, .F. ) ;
#1944 = VECTOR ( 'NONE', #491, 1000.000000000000114 ) ;
#1945 = CARTESIAN_POINT ( 'NONE',  ( -3.617801311160230959, 1.471624135958901958, 1.920000000000000151 ) ) ;
#1946 = CARTESIAN_POINT ( 'NONE',  ( -3.529196909561966411, 0.3087647209373988733, 1.519999999999999574 ) ) ;
#1947 =( NAMED_UNIT ( * ) PLANE_ANGLE_UNIT ( ) SI_UNIT ( $, .RADIAN. ) );
#1948 =( GEOMETRIC_REPRESENTATION_CONTEXT ( 3 ) GLOBAL_UNCERTAINTY_ASSIGNED_CONTEXT ( ( #83 ) ) GLOBAL_UNIT_ASSIGNED_CONTEXT ( ( #2281, #1124, #2610 ) ) REPRESENTATION_CONTEXT ( 'NONE', 'WORKASPACE' ) );
#1949 = CARTESIAN_POINT ( 'NONE',  ( 3.403105161170367765, 1.750000000000000000, 2.443105161170367357 ) ) ;
#1950 = MECHANICAL_DESIGN_GEOMETRIC_PRESENTATION_REPRESENTATION (  '', ( #335 ), #1882 ) ;
#1951 = EDGE_CURVE ( 'NONE', #1677, #145, #2939, .T. ) ;
#1952 = STYLED_ITEM ( 'NONE', ( #1586 ), #1496 ) ;
#1953 = DIRECTION ( 'NONE',  ( 0.000000000000000000, 1.000000000000000000, 0.000000000000000000 ) ) ;
#1954 = SURFACE_SIDE_STYLE ('',( #2841 ) ) ;
#1955 = CIRCLE ( 'NONE', #2418, 0.2999999999999999334 ) ;
#1956 = LINE ( 'NONE', #3221, #253 ) ;
#1957 = DIRECTION ( 'NONE',  ( 0.000000000000000000, 1.000000000000000000, 0.000000000000000000 ) ) ;
#1958 = ORIENTED_EDGE ( 'NONE', *, *, #3400, .F. ) ;
#1959 = FACE_OUTER_BOUND ( 'NONE', #2469, .T. ) ;
#1960 = APPLICATION_PROTOCOL_DEFINITION ( 'draft international standard', 'automotive_design', 1998, #216 ) ;
#1961 = SURFACE_STYLE_USAGE ( .BOTH. , #114 ) ;
#1962 = FACE_OUTER_BOUND ( 'NONE', #257, .T. ) ;
#1963 = EDGE_LOOP ( 'NONE', ( #2044, #2321, #3398, #691, #444, #2847, #2275, #1711, #985, #1330, #2729, #474 ) ) ;
#1964 =( GEOMETRIC_REPRESENTATION_CONTEXT ( 3 ) GLOBAL_UNCERTAINTY_ASSIGNED_CONTEXT ( ( #2958 ) ) GLOBAL_UNIT_ASSIGNED_CONTEXT ( ( #1032, #756, #3891 ) ) REPRESENTATION_CONTEXT ( 'NONE', 'WORKASPACE' ) );
#1965 = VECTOR ( 'NONE', #2497, 1000.000000000000000 ) ;
#1966 = DIRECTION ( 'NONE',  ( 1.000000000000000000, 0.000000000000000000, 0.000000000000000000 ) ) ;
#1967 = SURFACE_SIDE_STYLE ('',( #3538 ) ) ;
#1968 = ADVANCED_FACE ( 'NONE', ( #3304 ), #186, .F. ) ;
#1969 = UNCERTAINTY_MEASURE_WITH_UNIT (LENGTH_MEASURE( 1.000000000000000082E-05 ), #3520, 'distance_accuracy_value', 'NONE');
#1970 = ORIENTED_EDGE ( 'NONE', *, *, #1980, .T. ) ;
#1971 = MECHANICAL_DESIGN_GEOMETRIC_PRESENTATION_REPRESENTATION (  '', ( #1823 ), #2949 ) ;
#1972 = DIRECTION ( 'NONE',  ( -0.3853006803259598212, 0.9227910845583372490, 2.002215937632559313E-16 ) ) ;
#1973 = LINE ( 'NONE', #2922, #1944 ) ;
#1974 = EDGE_CURVE ( 'NONE', #880, #3362, #1474, .T. ) ;
#1975 = MECHANICAL_DESIGN_GEOMETRIC_PRESENTATION_REPRESENTATION (  '', ( #1438 ), #1449 ) ;
#1976 = UNCERTAINTY_MEASURE_WITH_UNIT (LENGTH_MEASURE( 1.000000000000000082E-05 ), #2394, 'distance_accuracy_value', 'NONE');
#1977 =( LENGTH_UNIT ( ) NAMED_UNIT ( * ) SI_UNIT ( .MILLI., .METRE. ) );
#1978 = PRESENTATION_STYLE_ASSIGNMENT (( #2286 ) ) ;
#1980 = EDGE_CURVE ( 'NONE', #1208, #12, #2400, .T. ) ;
#1979 = CARTESIAN_POINT ( 'NONE',  ( 4.573773423826661855, 0.1499999999999999667, 0.6200000000000001066 ) ) ;
#1981 = CARTESIAN_POINT ( 'NONE',  ( -3.617801311160230959, 1.471624135958902180, -0.6200000000000001066 ) ) ;
#1982 = ORIENTED_EDGE ( 'NONE', *, *, #118, .F. ) ;
#1983 = FACE_OUTER_BOUND ( 'NONE', #3900, .T. ) ;
#1984 = CYLINDRICAL_SURFACE ( 'NONE', #856, 0.2999999999999999334 ) ;
#1985 = UNCERTAINTY_MEASURE_WITH_UNIT (LENGTH_MEASURE( 1.000000000000000082E-05 ), #3233, 'distance_accuracy_value', 'NONE');
#1986 = ORIENTED_EDGE ( 'NONE', *, *, #1249, .F. ) ;
#1987 = MECHANICAL_DESIGN_GEOMETRIC_PRESENTATION_REPRESENTATION (  '', ( #3699 ), #814 ) ;
#1988 = DIRECTION ( 'NONE',  ( 0.000000000000000000, 1.000000000000000000, 0.000000000000000000 ) ) ;
#1989 = CARTESIAN_POINT ( 'NONE',  ( -4.703105161170365811, 0.8451791884718238279, -1.519999999999999796 ) ) ;
#1990 = MECHANICAL_DESIGN_GEOMETRIC_PRESENTATION_REPRESENTATION (  '', ( #1007 ), #3572 ) ;
#1991 = CARTESIAN_POINT ( 'NONE',  ( 3.617801311160230959, 1.471624135958902180, -1.520000000000000018 ) ) ;
#1992 = ORIENTED_EDGE ( 'NONE', *, *, #2927, .F. ) ;
#1993 = CARTESIAN_POINT ( 'NONE',  ( -3.879366110054072170, 0.8451791884718238279, 1.519999999999999796 ) ) ;
#1994 = MECHANICAL_DESIGN_GEOMETRIC_PRESENTATION_REPRESENTATION (  '', ( #3769 ), #3832 ) ;
#1995 = CARTESIAN_POINT ( 'NONE',  ( 3.225312598644834328, -0.2821782887087677105, 1.519999999999999574 ) ) ;
#1996 = LINE ( 'NONE', #149, #1294 ) ;
#1997 = COLOUR_RGB ( '',0.6470588235294117974, 0.6196078431372549211, 0.5882352941176470784 ) ;
#1998 = EDGE_CURVE ( 'NONE', #1022, #1668, #1747, .T. ) ;
#1999 = CARTESIAN_POINT ( 'NONE',  ( 3.250000000000000444, 0.000000000000000000, -2.289999999999999591 ) ) ;
#2000 = DIRECTION ( 'NONE',  ( 1.000000000000000000, 0.000000000000000000, 0.000000000000000000 ) ) ;
#2001 = EDGE_LOOP ( 'NONE', ( #362, #2403, #2994, #3775 ) ) ;
#2002 = DIRECTION ( 'NONE',  ( 0.9227910845583374710, 0.3853006803259596547, -0.000000000000000000 ) ) ;
#2003 = ADVANCED_FACE ( 'NONE', ( #1515 ), #1437, .F. ) ;
#2004 = ORIENTED_EDGE ( 'NONE', *, *, #3715, .F. ) ;
#2005 = LINE ( 'NONE', #115, #2496 ) ;
#2006 = VECTOR ( 'NONE', #3853, 1000.000000000000000 ) ;
#2007 = ORIENTED_EDGE ( 'NONE', *, *, #516, .F. ) ;
#2008 = SURFACE_STYLE_USAGE ( .BOTH. , #1388 ) ;
#2009 = LINE ( 'NONE', #1989, #1617 ) ;
#2010 = DIRECTION ( 'NONE',  ( -0.000000000000000000, 0.000000000000000000, -1.000000000000000000 ) ) ;
#2011 = EDGE_LOOP ( 'NONE', ( #1982, #1986, #1132, #100, #1186, #3657, #220, #3617, #330 ) ) ;
#2012 = ORIENTED_EDGE ( 'NONE', *, *, #1344, .F. ) ;
#2013 =( GEOMETRIC_REPRESENTATION_CONTEXT ( 3 ) GLOBAL_UNCERTAINTY_ASSIGNED_CONTEXT ( ( #3556 ) ) GLOBAL_UNIT_ASSIGNED_CONTEXT ( ( #2877, #1316, #369 ) ) REPRESENTATION_CONTEXT ( 'NONE', 'WORKASPACE' ) );
#2014 = PRESENTATION_STYLE_ASSIGNMENT (( #3587 ) ) ;
#2015 =( LENGTH_UNIT ( ) NAMED_UNIT ( * ) SI_UNIT ( .MILLI., .METRE. ) );
#2016 = UNCERTAINTY_MEASURE_WITH_UNIT (LENGTH_MEASURE( 1.000000000000000082E-05 ), #3356, 'distance_accuracy_value', 'NONE');
#2017 = AXIS2_PLACEMENT_3D ( 'NONE', #3553, #419, #457 ) ;
#2018 = DIRECTION ( 'NONE',  ( 0.000000000000000000, 0.000000000000000000, -1.000000000000000000 ) ) ;
#2019 = CARTESIAN_POINT ( 'NONE',  ( 3.250000000000000888, -2.392423225289031801E-17, 0.6199999999999998845 ) ) ;
#2020 = ORIENTED_EDGE ( 'NONE', *, *, #970, .F. ) ;
#2021 = PRESENTATION_STYLE_ASSIGNMENT (( #2984 ) ) ;
#2022 =( NAMED_UNIT ( * ) SI_UNIT ( $, .STERADIAN. ) SOLID_ANGLE_UNIT ( ) );
#2023 = UNCERTAINTY_MEASURE_WITH_UNIT (LENGTH_MEASURE( 1.000000000000000082E-05 ), #3690, 'distance_accuracy_value', 'NONE');
#2024 = EDGE_CURVE ( 'NONE', #314, #3251, #2547, .T. ) ;
#2025 = DIRECTION ( 'NONE',  ( 1.000000000000000000, 8.469914131292437023E-15, 0.000000000000000000 ) ) ;
#2026 = ORIENTED_EDGE ( 'NONE', *, *, #667, .T. ) ;
#2027 = CIRCLE ( 'NONE', #1048, 0.1999999999999996503 ) ;
#2028 = VERTEX_POINT ( 'NONE', #2449 ) ;
#2029 = FACE_OUTER_BOUND ( 'NONE', #3127, .T. ) ;
#2030 =( LENGTH_UNIT ( ) NAMED_UNIT ( * ) SI_UNIT ( .MILLI., .METRE. ) );
#2031 =( NAMED_UNIT ( * ) PLANE_ANGLE_UNIT ( ) SI_UNIT ( $, .RADIAN. ) );
#2032 = PRESENTATION_LAYER_ASSIGNMENT (  '', '', ( #1823 ) ) ;
#2033 = SURFACE_STYLE_USAGE ( .BOTH. , #473 ) ;
#2034 = STYLED_ITEM ( 'NONE', ( #518 ), #3735 ) ;
#2035 = CARTESIAN_POINT ( 'NONE',  ( -3.249999999999999556, 1.750000000000000000, -2.443105161170367357 ) ) ;
#2036 = DIRECTION ( 'NONE',  ( -0.000000000000000000, -0.000000000000000000, -1.000000000000000000 ) ) ;
#2037 = CARTESIAN_POINT ( 'NONE',  ( 4.389215206914994560, 0.2729398639348082911, 0.6200000000000001066 ) ) ;
#2038 = EDGE_CURVE ( 'NONE', #1201, #200, #3645, .T. ) ;
#2039 = LINE ( 'NONE', #1182, #1837 ) ;
#2040 = SURFACE_SIDE_STYLE ('',( #3341 ) ) ;
#2041 = DIRECTION ( 'NONE',  ( -0.000000000000000000, -0.000000000000000000, -1.000000000000000000 ) ) ;
#2042 = ORIENTED_EDGE ( 'NONE', *, *, #435, .F. ) ;
#2043 = PRESENTATION_LAYER_ASSIGNMENT (  '', '', ( #3105 ) ) ;
#2044 = ORIENTED_EDGE ( 'NONE', *, *, #663, .F. ) ;
#2045 = EDGE_CURVE ( 'NONE', #2608, #3583, #224, .T. ) ;
#2046 = DIRECTION ( 'NONE',  ( 1.000000000000000000, -9.032596777496193475E-17, -0.000000000000000000 ) ) ;
#2047 = AXIS2_PLACEMENT_3D ( 'NONE', #2660, #3920, #1105 ) ;
#2048 = FILL_AREA_STYLE_COLOUR ( '', #3630 ) ;
#2049 = STYLED_ITEM ( 'NONE', ( #2136 ), #694 ) ;
#2050 = UNCERTAINTY_MEASURE_WITH_UNIT (LENGTH_MEASURE( 1.000000000000000082E-05 ), #1934, 'distance_accuracy_value', 'NONE');
#2051 = DIRECTION ( 'NONE',  ( 1.000000000000000000, 0.000000000000000000, 0.000000000000000000 ) ) ;
#2052 = AXIS2_PLACEMENT_3D ( 'NONE', #1076, #3307, #741 ) ;
#2053 = CARTESIAN_POINT ( 'NONE',  ( 4.573773423826661855, -0.1000000000000002137, -0.6200000000000001066 ) ) ;
#2054 =( LENGTH_UNIT ( ) NAMED_UNIT ( * ) SI_UNIT ( .MILLI., .METRE. ) );
#2055 = DIRECTION ( 'NONE',  ( 0.000000000000000000, 0.000000000000000000, 1.000000000000000000 ) ) ;
#2056 = DIRECTION ( 'NONE',  ( -0.000000000000000000, 0.000000000000000000, 1.000000000000000000 ) ) ;
#2057 = UNCERTAINTY_MEASURE_WITH_UNIT (LENGTH_MEASURE( 1.000000000000000082E-05 ), #1389, 'distance_accuracy_value', 'NONE');
#2058 =( GEOMETRIC_REPRESENTATION_CONTEXT ( 3 ) GLOBAL_UNCERTAINTY_ASSIGNED_CONTEXT ( ( #2317 ) ) GLOBAL_UNIT_ASSIGNED_CONTEXT ( ( #643, #3905, #1373 ) ) REPRESENTATION_CONTEXT ( 'NONE', 'WORKASPACE' ) );
#2059 = CARTESIAN_POINT ( 'NONE',  ( -4.573773423826661855, -0.1000000000000000333, -1.020000000000000018 ) ) ;
#2060 = VECTOR ( 'NONE', #1402, 1000.000000000000000 ) ;
#2061 = PRESENTATION_STYLE_ASSIGNMENT (( #825 ) ) ;
#2062 = ORIENTED_EDGE ( 'NONE', *, *, #3598, .F. ) ;
#2063 = ORIENTED_EDGE ( 'NONE', *, *, #3484, .F. ) ;
#2064 = EDGE_CURVE ( 'NONE', #1002, #227, #3368, .T. ) ;
#2065 = FILL_AREA_STYLE ('',( #2238 ) ) ;
#2066 =( NAMED_UNIT ( * ) PLANE_ANGLE_UNIT ( ) SI_UNIT ( $, .RADIAN. ) );
#2067 = CARTESIAN_POINT ( 'NONE',  ( -3.249999999999999556, 0.000000000000000000, -2.290000000000000480 ) ) ;
#2068 = AXIS2_PLACEMENT_3D ( 'NONE', #3719, #1828, #21 ) ;
#2069 = CARTESIAN_POINT ( 'NONE',  ( -3.433243094248563665, 1.394563999893710271, -0.6200000000000001066 ) ) ;
#2070 = AXIS2_PLACEMENT_3D ( 'NONE', #1254, #1905, #1599 ) ;
#2071 = DIRECTION ( 'NONE',  ( 1.000000000000000000, 0.000000000000000000, -0.000000000000000000 ) ) ;
#2072 = AXIS2_PLACEMENT_3D ( 'NONE', #870, #3349, #288 ) ;
#2073 =( NAMED_UNIT ( * ) PLANE_ANGLE_UNIT ( ) SI_UNIT ( $, .RADIAN. ) );
#2074 = LINE ( 'NONE', #2739, #239 ) ;
#2075 = MECHANICAL_DESIGN_GEOMETRIC_PRESENTATION_REPRESENTATION (  '', ( #1232 ), #2417 ) ;
#2076 = CARTESIAN_POINT ( 'NONE',  ( -4.389215206914994560, 0.2729398639348085132, 0.6200000000000001066 ) ) ;
#2077 = DIRECTION ( 'NONE',  ( -1.000000000000000000, 0.000000000000000000, 0.000000000000000000 ) ) ;
#2078 = CARTESIAN_POINT ( 'NONE',  ( 4.703105161170367587, 1.844563999893709116, -1.520000000000000018 ) ) ;
#2079 = ORIENTED_EDGE ( 'NONE', *, *, #1614, .T. ) ;
#2080 = ORIENTED_EDGE ( 'NONE', *, *, #516, .T. ) ;
#2081 = FILL_AREA_STYLE ('',( #1168 ) ) ;
#2082 = EDGE_CURVE ( 'NONE', #2809, #3037, #2713, .T. ) ;
#2083 = CARTESIAN_POINT ( 'NONE',  ( 3.533162674632499112, 1.544563999893710182, 1.520000000000000018 ) ) ;
#2084 = ORIENTED_EDGE ( 'NONE', *, *, #2904, .F. ) ;
#2085 = LINE ( 'NONE', #599, #2541 ) ;
#2086 = SURFACE_STYLE_USAGE ( .BOTH. , #1463 ) ;
#2087 = ADVANCED_FACE ( 'NONE', ( #1151 ), #2106, .F. ) ;
#2088 = SURFACE_SIDE_STYLE ('',( #2110 ) ) ;
#2089 = STYLED_ITEM ( 'NONE', ( #2021 ), #3159 ) ;
#2090 = MECHANICAL_DESIGN_GEOMETRIC_PRESENTATION_REPRESENTATION (  '', ( #3230 ), #2823 ) ;
#2091 = CARTESIAN_POINT ( 'NONE',  ( -4.473853843442727296, -0.1000000000000002137, -1.920000000000000151 ) ) ;
#2092 = VECTOR ( 'NONE', #3606, 1000.000000000000000 ) ;
#2093 = EDGE_CURVE ( 'NONE', #6, #1293, #675, .T. ) ;
#2094 = COLOUR_RGB ( '',0.2980392156862745057, 0.2980392156862745057, 0.2980392156862745057 ) ;
#2095 = CARTESIAN_POINT ( 'NONE',  ( 3.879366110054072170, 0.8451791884718238279, -1.920000000000000151 ) ) ;
#2096 = ORIENTED_EDGE ( 'NONE', *, *, #565, .F. ) ;
#2097 = PLANE ( 'NONE',  #3282 ) ;
#2098 = PRESENTATION_LAYER_ASSIGNMENT (  '', '', ( #2034 ) ) ;
#2099 = FACE_OUTER_BOUND ( 'NONE', #2341, .T. ) ;
#2100 = CARTESIAN_POINT ( 'NONE',  ( 3.533162674632499112, 1.844563999893709116, -1.520000000000000018 ) ) ;
#2101 = ORIENTED_EDGE ( 'NONE', *, *, #3025, .F. ) ;
#2102 = CARTESIAN_POINT ( 'NONE',  ( -3.433243094248563665, 1.594563999893710227, 1.520000000000000018 ) ) ;
#2103 = LINE ( 'NONE', #2686, #1140 ) ;
#2104 = ORIENTED_EDGE ( 'NONE', *, *, #2672, .T. ) ;
#2105 = ORIENTED_EDGE ( 'NONE', *, *, #2299, .F. ) ;
#2106 = PLANE ( 'NONE',  #2803 ) ;
#2107 = ORIENTED_EDGE ( 'NONE', *, *, #641, .T. ) ;
#2108 = AXIS2_PLACEMENT_3D ( 'NONE', #2575, #3509, #1642 ) ;
#2109 = DIRECTION ( 'NONE',  ( -9.032596777496193475E-17, 1.000000000000000000, 0.000000000000000000 ) ) ;
#2110 = SURFACE_STYLE_FILL_AREA ( #2758 ) ;
#2111 = VECTOR ( 'NONE', #2041, 1000.000000000000000 ) ;
#2112 = EDGE_CURVE ( 'NONE', #3358, #1470, #1902, .T. ) ;
#2113 = SURFACE_STYLE_FILL_AREA ( #1522 ) ;
#2114 = COLOUR_RGB ( '',0.6470588235294117974, 0.6196078431372549211, 0.5882352941176470784 ) ;
#2115 = LINE ( 'NONE', #3973, #3446 ) ;
#2116 = LINE ( 'NONE', #2035, #1910 ) ;
#2117 = AXIS2_PLACEMENT_3D ( 'NONE', #649, #1888, #3154 ) ;
#2118 = EDGE_LOOP ( 'NONE', ( #1803, #636, #2753, #46 ) ) ;
#2119 = EDGE_CURVE ( 'NONE', #3827, #1743, #50, .T. ) ;
#2120 = DIRECTION ( 'NONE',  ( 0.000000000000000000, 0.08715574274765836016, -0.9961946980917455452 ) ) ;
#2121 = CARTESIAN_POINT ( 'NONE',  ( 5.074014682674854448, -0.1000000000000002137, -1.520000000000000018 ) ) ;
#2122 = EDGE_CURVE ( 'NONE', #200, #2771, #1230, .T. ) ;
#2123 = CARTESIAN_POINT ( 'NONE',  ( -3.394831883202000355, 1.844563999893710005, -0.6199999999999998845 ) ) ;
#2124 = ORIENTED_EDGE ( 'NONE', *, *, #4017, .F. ) ;
#2125 = ORIENTED_EDGE ( 'NONE', *, *, #565, .T. ) ;
#2126 = UNCERTAINTY_MEASURE_WITH_UNIT (LENGTH_MEASURE( 1.000000000000000082E-05 ), #246, 'distance_accuracy_value', 'NONE');
#2127 = AXIS2_PLACEMENT_3D ( 'NONE', #2614, #3286, #3242 ) ;
#2128 = PRESENTATION_STYLE_ASSIGNMENT (( #1136 ) ) ;
#2129 = DIRECTION ( 'NONE',  ( -1.000000000000000000, 0.000000000000000000, 0.000000000000000000 ) ) ;
#2130 = ORIENTED_EDGE ( 'NONE', *, *, #2218, .F. ) ;
#2131 = PLANE ( 'NONE',  #450 ) ;
#2132 = SURFACE_STYLE_USAGE ( .BOTH. , #3001 ) ;
#2133 =( NAMED_UNIT ( * ) SI_UNIT ( $, .STERADIAN. ) SOLID_ANGLE_UNIT ( ) );
#2134 = VECTOR ( 'NONE', #16, 1000.000000000000227 ) ;
#2135 = DIRECTION ( 'NONE',  ( -1.000000000000000000, 0.000000000000000000, 0.000000000000000000 ) ) ;
#2136 = PRESENTATION_STYLE_ASSIGNMENT (( #3955 ) ) ;
#2137 = ADVANCED_FACE ( 'NONE', ( #3172 ), #981, .F. ) ;
#2138 =( NAMED_UNIT ( * ) PLANE_ANGLE_UNIT ( ) SI_UNIT ( $, .RADIAN. ) );
#2139 = LINE ( 'NONE', #3098, #990 ) ;
#2140 = ORIENTED_EDGE ( 'NONE', *, *, #2849, .T. ) ;
#2141 = SURFACE_SIDE_STYLE ('',( #3119 ) ) ;
#2142 = AXIS2_PLACEMENT_3D ( 'NONE', #2174, #3125, #1611 ) ;
#2143 = ORIENTED_EDGE ( 'NONE', *, *, #1772, .T. ) ;
#2144 = EDGE_CURVE ( 'NONE', #2625, #1627, #1537, .T. ) ;
#2145 =( NAMED_UNIT ( * ) PLANE_ANGLE_UNIT ( ) SI_UNIT ( $, .RADIAN. ) );
#2146 = DIRECTION ( 'NONE',  ( -0.000000000000000000, -0.000000000000000000, 1.000000000000000000 ) ) ;
#2147 = DIRECTION ( 'NONE',  ( 0.000000000000000000, 0.000000000000000000, -1.000000000000000000 ) ) ;
#2148 = ORIENTED_EDGE ( 'NONE', *, *, #828, .F. ) ;
#2149 = ORIENTED_EDGE ( 'NONE', *, *, #136, .F. ) ;
#2150 = DIRECTION ( 'NONE',  ( -0.000000000000000000, -0.000000000000000000, 1.000000000000000000 ) ) ;
#2151 = ADVANCED_FACE ( 'NONE', ( #926 ), #2568, .F. ) ;
#2152 = DIRECTION ( 'NONE',  ( 1.000000000000000000, 0.000000000000000000, 0.000000000000000000 ) ) ;
#2153 =( NAMED_UNIT ( * ) PLANE_ANGLE_UNIT ( ) SI_UNIT ( $, .RADIAN. ) );
#2154 = EDGE_LOOP ( 'NONE', ( #729, #3928, #1863, #3861 ) ) ;
#2155 = CARTESIAN_POINT ( 'NONE',  ( 5.074014682674854448, 0.1500000000000000222, -1.920000000000000151 ) ) ;
#2156 = CARTESIAN_POINT ( 'NONE',  ( 4.473853843442727296, -0.1000000000000000472, 1.920000000000000151 ) ) ;
#2157 = STYLED_ITEM ( 'NONE', ( #1417 ), #1050 ) ;
#2158 = AXIS2_PLACEMENT_3D ( 'NONE', #3530, #3204, #2887 ) ;
#2159 = DIRECTION ( 'NONE',  ( -9.469014606860313797E-17, -1.234268606762436356E-30, -1.000000000000000000 ) ) ;
#2160 = VECTOR ( 'NONE', #3725, 1000.000000000000000 ) ;
#2161 = CARTESIAN_POINT ( 'NONE',  ( -5.074014682674854448, 0.1500000000000000777, -1.020000000000000018 ) ) ;
#2162 = CARTESIAN_POINT ( 'NONE',  ( 5.074014682674854448, -0.1000000000000002137, 1.020000000000000018 ) ) ;
#2163 = COLOUR_RGB ( '',0.6470588235294117974, 0.6196078431372549211, 0.5882352941176470784 ) ;
#2164 = ORIENTED_EDGE ( 'NONE', *, *, #1659, .T. ) ;
#2165 = PRESENTATION_STYLE_ASSIGNMENT (( #2487 ) ) ;
#2166 = MECHANICAL_DESIGN_GEOMETRIC_PRESENTATION_REPRESENTATION (  '', ( #550 ), #97 ) ;
#2167 =( LENGTH_UNIT ( ) NAMED_UNIT ( * ) SI_UNIT ( .MILLI., .METRE. ) );
#2168 = PRESENTATION_LAYER_ASSIGNMENT (  '', '', ( #1438 ) ) ;
#2169 = CARTESIAN_POINT ( 'NONE',  ( 4.150283335180552591, 0.8451791884718236059, -1.519999999999999796 ) ) ;
#2170 = ORIENTED_EDGE ( 'NONE', *, *, #2119, .T. ) ;
#2171 = VECTOR ( 'NONE', #244, 1000.000000000000227 ) ;
#2172 = EDGE_CURVE ( 'NONE', #1261, #1762, #2009, .T. ) ;
#2173 = CARTESIAN_POINT ( 'NONE',  ( -5.074014682674854448, -0.1000000000000002137, -1.520000000000000018 ) ) ;
#2174 = CARTESIAN_POINT ( 'NONE',  ( -4.573773423826661855, -0.1000000000000002137, 1.520000000000000018 ) ) ;
#2175 = SURFACE_STYLE_FILL_AREA ( #2192 ) ;
#2176 = ORIENTED_EDGE ( 'NONE', *, *, #2586, .F. ) ;
#2177 = CARTESIAN_POINT ( 'NONE',  ( 3.533162674632499112, 1.844563999893710005, 0.6200000000000001066 ) ) ;
#2178 = DIRECTION ( 'NONE',  ( -1.000000000000000000, 0.000000000000000000, 0.000000000000000000 ) ) ;
#2179 = AXIS2_PLACEMENT_3D ( 'NONE', #3547, #2310, #1957 ) ;
#2180 = UNCERTAINTY_MEASURE_WITH_UNIT (LENGTH_MEASURE( 1.000000000000000082E-05 ), #1701, 'distance_accuracy_value', 'NONE');
#2181 = CARTESIAN_POINT ( 'NONE',  ( 3.250000000000000888, -2.392423225289031801E-17, -0.6199999999999998845 ) ) ;
#2182 = FILL_AREA_STYLE_COLOUR ( '', #1013 ) ;
#2183 = CARTESIAN_POINT ( 'NONE',  ( 3.617801311160230959, 1.471624135958902180, -1.920000000000000151 ) ) ;
#2184 = PRESENTATION_LAYER_ASSIGNMENT (  '', '', ( #1007 ) ) ;
#2185 = EDGE_LOOP ( 'NONE', ( #3943, #3610, #3714, #1171 ) ) ;
#2186 = PRESENTATION_LAYER_ASSIGNMENT (  '', '', ( #2845 ) ) ;
#2187 = LINE ( 'NONE', #3451, #2737 ) ;
#2188 = ORIENTED_EDGE ( 'NONE', *, *, #2038, .F. ) ;
#2189 = EDGE_LOOP ( 'NONE', ( #2207, #1785, #3603, #2868 ) ) ;
#2190 = AXIS2_PLACEMENT_3D ( 'NONE', #3178, #316, #912 ) ;
#2191 = CARTESIAN_POINT ( 'NONE',  ( -5.074014682674854448, -0.1000000000000002137, 1.520000000000000018 ) ) ;
#2192 = FILL_AREA_STYLE ('',( #927 ) ) ;
#2193 = ORIENTED_EDGE ( 'NONE', *, *, #2532, .T. ) ;
#2194 = SURFACE_STYLE_FILL_AREA ( #3481 ) ;
#2195 = STYLED_ITEM ( 'NONE', ( #295 ), #1751 ) ;
#2196 = SURFACE_SIDE_STYLE ('',( #1584 ) ) ;
#2197 =( NAMED_UNIT ( * ) PLANE_ANGLE_UNIT ( ) SI_UNIT ( $, .RADIAN. ) );
#2198 = FILL_AREA_STYLE ('',( #683 ) ) ;
#2199 = ORIENTED_EDGE ( 'NONE', *, *, #3816, .F. ) ;
#2200 = STYLED_ITEM ( 'NONE', ( #933 ), #1806 ) ;
#2201 = FILL_AREA_STYLE_COLOUR ( '', #1881 ) ;
#2202 = AXIS2_PLACEMENT_3D ( 'NONE', #2649, #773, #3623 ) ;
#2203 =( NAMED_UNIT ( * ) SI_UNIT ( $, .STERADIAN. ) SOLID_ANGLE_UNIT ( ) );
#2204 = DIRECTION ( 'NONE',  ( 0.000000000000000000, 0.000000000000000000, -1.000000000000000000 ) ) ;
#2205 = CARTESIAN_POINT ( 'NONE',  ( -3.617801311160230959, 1.471624135958901958, -1.520000000000000018 ) ) ;
#2206 = EDGE_LOOP ( 'NONE', ( #1190, #3460, #2193, #3848, #2861, #542 ) ) ;
#2207 = ORIENTED_EDGE ( 'NONE', *, *, #2, .T. ) ;
#2208 = UNCERTAINTY_MEASURE_WITH_UNIT (LENGTH_MEASURE( 1.000000000000000082E-05 ), #2030, 'distance_accuracy_value', 'NONE');
#2209 = CARTESIAN_POINT ( 'NONE',  ( 3.200346355037512858, 1.844563999893707340, 0.6200000000000001066 ) ) ;
#2210 = DIRECTION ( 'NONE',  ( -1.000000000000000000, 0.000000000000000000, 0.000000000000000000 ) ) ;
#2211 = STYLED_ITEM ( 'NONE', ( #1334 ), #2255 ) ;
#2212 = FILL_AREA_STYLE_COLOUR ( '', #3039 ) ;
#2213 = ORIENTED_EDGE ( 'NONE', *, *, #2676, .T. ) ;
#2214 = EDGE_CURVE ( 'NONE', #1494, #1167, #3902, .T. ) ;
#2215 = CARTESIAN_POINT ( 'NONE',  ( -5.074014682674854448, -0.09999999999999999167, -1.920000000000000151 ) ) ;
#2216 = PLANE ( 'NONE',  #3985 ) ;
#2217 = AXIS2_PLACEMENT_3D ( 'NONE', #3412, #3450, #608 ) ;
#2218 = EDGE_CURVE ( 'NONE', #2742, #3078, #3278, .T. ) ;
#2219 =( NAMED_UNIT ( * ) PLANE_ANGLE_UNIT ( ) SI_UNIT ( $, .RADIAN. ) );
#2220 = FACE_OUTER_BOUND ( 'NONE', #2967, .T. ) ;
#2221 =( GEOMETRIC_REPRESENTATION_CONTEXT ( 3 ) GLOBAL_UNCERTAINTY_ASSIGNED_CONTEXT ( ( #952 ) ) GLOBAL_UNIT_ASSIGNED_CONTEXT ( ( #2579, #2844, #3838 ) ) REPRESENTATION_CONTEXT ( 'NONE', 'WORKASPACE' ) );
#2222 = SURFACE_STYLE_USAGE ( .BOTH. , #2313 ) ;
#2223 = EDGE_CURVE ( 'NONE', #1743, #3310, #3846, .T. ) ;
#2224 =( GEOMETRIC_REPRESENTATION_CONTEXT ( 3 ) GLOBAL_UNCERTAINTY_ASSIGNED_CONTEXT ( ( #2057 ) ) GLOBAL_UNIT_ASSIGNED_CONTEXT ( ( #1389, #3601, #1629 ) ) REPRESENTATION_CONTEXT ( 'NONE', 'WORKASPACE' ) );
#2225 = STYLED_ITEM ( 'NONE', ( #3700 ), #3355 ) ;
#2226 = CARTESIAN_POINT ( 'NONE',  ( -3.403105161170366433, 1.750000000000000000, -0.6199999999999998845 ) ) ;
#2227 = ORIENTED_EDGE ( 'NONE', *, *, #797, .T. ) ;
#2228 = VECTOR ( 'NONE', #3543, 1000.000000000000114 ) ;
#2229 = VERTEX_POINT ( 'NONE', #2642 ) ;
#2230 = VECTOR ( 'NONE', #3649, 1000.000000000000000 ) ;
#2231 = DIRECTION ( 'NONE',  ( -0.000000000000000000, -0.000000000000000000, 1.000000000000000000 ) ) ;
#2232 = DIRECTION ( 'NONE',  ( 1.000000000000000000, -0.000000000000000000, -0.000000000000000000 ) ) ;
#2233 = FILL_AREA_STYLE ('',( #3763 ) ) ;
#2234 = VECTOR ( 'NONE', #551, 1000.000000000000000 ) ;
#2235 = ORIENTED_EDGE ( 'NONE', *, *, #187, .T. ) ;
#2236 = ORIENTED_EDGE ( 'NONE', *, *, #2328, .F. ) ;
#2237 = SURFACE_STYLE_FILL_AREA ( #71 ) ;
#2238 = FILL_AREA_STYLE_COLOUR ( '', #2163 ) ;
#2239 = SURFACE_STYLE_USAGE ( .BOTH. , #844 ) ;
#2240 = SURFACE_STYLE_FILL_AREA ( #160 ) ;
#2241 = PRESENTATION_STYLE_ASSIGNMENT (( #3461 ) ) ;
#2242 = FILL_AREA_STYLE_COLOUR ( '', #2658 ) ;
#2243 = COLOUR_RGB ( '',0.6470588235294117974, 0.6196078431372549211, 0.5882352941176470784 ) ;
#2244 = DIRECTION ( 'NONE',  ( 0.3853006803259597102, -0.9227910845583373600, 0.000000000000000000 ) ) ;
#2245 = CARTESIAN_POINT ( 'NONE',  ( -4.150283335180551703, 0.8451791884718238279, 1.920000000000000151 ) ) ;
#2246 = EDGE_CURVE ( 'NONE', #361, #1415, #3919, .T. ) ;
#2247 = EDGE_LOOP ( 'NONE', ( #2427, #3459, #4040, #1928, #1706, #710, #3575, #3475, #2004, #2830, #3268, #1353 ) ) ;
#2248 = CARTESIAN_POINT ( 'NONE',  ( 4.573773423826661855, 0.3500000000000000333, 1.920000000000000151 ) ) ;
#2249 = ADVANCED_FACE ( 'NONE', ( #2338 ), #3559, .F. ) ;
#2250 = DIRECTION ( 'NONE',  ( 0.000000000000000000, 0.000000000000000000, 1.000000000000000000 ) ) ;
#2251 = EDGE_CURVE ( 'NONE', #2972, #227, #3885, .T. ) ;
#2252 = VERTEX_POINT ( 'NONE', #1630 ) ;
#2253 = AXIS2_PLACEMENT_3D ( 'NONE', #1225, #2490, #3435 ) ;
#2254 = ORIENTED_EDGE ( 'NONE', *, *, #774, .F. ) ;
#2255 = ADVANCED_FACE ( 'NONE', ( #749 ), #3519, .F. ) ;
#2256 = DIRECTION ( 'NONE',  ( 0.000000000000000000, 2.169739143709707832E-16, 1.000000000000000000 ) ) ;
#2257 =( NAMED_UNIT ( * ) SI_UNIT ( $, .STERADIAN. ) SOLID_ANGLE_UNIT ( ) );
#2258 = CARTESIAN_POINT ( 'NONE',  ( 4.197016518075225910, 0.08440979590221189821, -0.6200000000000001066 ) ) ;
#2259 = ORIENTED_EDGE ( 'NONE', *, *, #540, .F. ) ;
#2260 = LINE ( 'NONE', #662, #591 ) ;
#2261 = FACE_OUTER_BOUND ( 'NONE', #3555, .T. ) ;
#2262 = CYLINDRICAL_SURFACE ( 'NONE', #472, 0.2999999999999999334 ) ;
#2263 =( NAMED_UNIT ( * ) SI_UNIT ( $, .STERADIAN. ) SOLID_ANGLE_UNIT ( ) );
#2264 = DIRECTION ( 'NONE',  ( -0.000000000000000000, -0.000000000000000000, -1.000000000000000000 ) ) ;
#2265 = VECTOR ( 'NONE', #2051, 1000.000000000000000 ) ;
#2266 = SURFACE_STYLE_FILL_AREA ( #2287 ) ;
#2267 = VERTEX_POINT ( 'NONE', #2102 ) ;
#2268 = DIRECTION ( 'NONE',  ( -0.3853006803259598767, -0.9227910845583372490, 0.000000000000000000 ) ) ;
#2269 = ORIENTED_EDGE ( 'NONE', *, *, #2218, .T. ) ;
#2270 = DIRECTION ( 'NONE',  ( -0.000000000000000000, -0.000000000000000000, 1.000000000000000000 ) ) ;
#2271 =( NAMED_UNIT ( * ) PLANE_ANGLE_UNIT ( ) SI_UNIT ( $, .RADIAN. ) );
#2272 = EDGE_CURVE ( 'NONE', #1668, #1415, #2375, .T. ) ;
#2273 = EDGE_LOOP ( 'NONE', ( #2336, #1425, #2635, #3801 ) ) ;
#2274 = CARTESIAN_POINT ( 'NONE',  ( -3.249999999999999556, 0.000000000000000000, -2.290000000000000480 ) ) ;
#2275 = ORIENTED_EDGE ( 'NONE', *, *, #19, .T. ) ;
#2276 = ORIENTED_EDGE ( 'NONE', *, *, #3169, .F. ) ;
#2277 =( GEOMETRIC_REPRESENTATION_CONTEXT ( 3 ) GLOBAL_UNCERTAINTY_ASSIGNED_CONTEXT ( ( #1724 ) ) GLOBAL_UNIT_ASSIGNED_CONTEXT ( ( #2015, #2031, #169 ) ) REPRESENTATION_CONTEXT ( 'NONE', 'WORKASPACE' ) );
#2278 = EDGE_CURVE ( 'NONE', #2835, #2747, #2392, .T. ) ;
#2279 = CARTESIAN_POINT ( 'NONE',  ( -4.703105161170365811, 1.844563999893709116, -1.520000000000000018 ) ) ;
#2280 = DIRECTION ( 'NONE',  ( -1.000000000000000000, 0.000000000000000000, 0.000000000000000000 ) ) ;
#2281 =( LENGTH_UNIT ( ) NAMED_UNIT ( * ) SI_UNIT ( .MILLI., .METRE. ) );
#2282 = EDGE_CURVE ( 'NONE', #2711, #462, #864, .T. ) ;
#2283 = DIRECTION ( 'NONE',  ( -1.000000000000000000, 0.000000000000000000, 0.000000000000000000 ) ) ;
#2284 = CARTESIAN_POINT ( 'NONE',  ( -4.573773423826661855, 0.1500000000000000222, -1.020000000000000018 ) ) ;
#2285 =( GEOMETRIC_REPRESENTATION_CONTEXT ( 3 ) GLOBAL_UNCERTAINTY_ASSIGNED_CONTEXT ( ( #598 ) ) GLOBAL_UNIT_ASSIGNED_CONTEXT ( ( #311, #696, #1860 ) ) REPRESENTATION_CONTEXT ( 'NONE', 'WORKASPACE' ) );
#2286 = SURFACE_STYLE_USAGE ( .BOTH. , #2698 ) ;
#2287 = FILL_AREA_STYLE ('',( #995 ) ) ;
#2288 = ORIENTED_EDGE ( 'NONE', *, *, #3317, .F. ) ;
#2289 = ORIENTED_EDGE ( 'NONE', *, *, #3765, .F. ) ;
#2290 = DIRECTION ( 'NONE',  ( -0.3853006803259595991, 0.9227910845583373600, 0.000000000000000000 ) ) ;
#2291 = ORIENTED_EDGE ( 'NONE', *, *, #3421, .T. ) ;
#2292 = ORIENTED_EDGE ( 'NONE', *, *, #1443, .F. ) ;
#2293 = CIRCLE ( 'NONE', #2946, 0.2999999999999999334 ) ;
#2294 = AXIS2_PLACEMENT_3D ( 'NONE', #3666, #193, #3267 ) ;
#2295 =( NAMED_UNIT ( * ) SI_UNIT ( $, .STERADIAN. ) SOLID_ANGLE_UNIT ( ) );
#2296 = FILL_AREA_STYLE ('',( #504 ) ) ;
#2297 = ORIENTED_EDGE ( 'NONE', *, *, #1268, .T. ) ;
#2298 = AXIS2_PLACEMENT_3D ( 'NONE', #3086, #2250, #3228 ) ;
#2299 = EDGE_CURVE ( 'NONE', #81, #3323, #3654, .T. ) ;
#2300 = AXIS2_PLACEMENT_3D ( 'NONE', #261, #2353, #3033 ) ;
#2301 = CARTESIAN_POINT ( 'NONE',  ( 5.074014682674854448, -0.1000000000000002137, -1.020000000000000018 ) ) ;
#2302 =( GEOMETRIC_REPRESENTATION_CONTEXT ( 3 ) GLOBAL_UNCERTAINTY_ASSIGNED_CONTEXT ( ( #790 ) ) GLOBAL_UNIT_ASSIGNED_CONTEXT ( ( #350, #626, #3504 ) ) REPRESENTATION_CONTEXT ( 'NONE', 'WORKASPACE' ) );
#2303 = CARTESIAN_POINT ( 'NONE',  ( -3.433243094248563665, 1.594563999893710449, -0.6200000000000001066 ) ) ;
#2304 = SURFACE_STYLE_USAGE ( .BOTH. , #3259 ) ;
#2305 = FILL_AREA_STYLE_COLOUR ( '', #1800 ) ;
#2306 = AXIS2_PLACEMENT_3D ( 'NONE', #212, #2036, #500 ) ;
#2307 = VECTOR ( 'NONE', #1615, 1000.000000000000000 ) ;
#2308 = LINE ( 'NONE', #3894, #2326 ) ;
#2309 = DIRECTION ( 'NONE',  ( 0.3853006803259595991, -0.9227910845583373600, 2.002215937632559559E-16 ) ) ;
#2310 = DIRECTION ( 'NONE',  ( 0.000000000000000000, 2.169739143709707832E-16, -1.000000000000000000 ) ) ;
#2311 = CARTESIAN_POINT ( 'NONE',  ( 4.473853843442727296, -0.1000000000000002137, -1.920000000000000151 ) ) ;
#2312 = VERTEX_POINT ( 'NONE', #2059 ) ;
#2313 = SURFACE_SIDE_STYLE ('',( #3875 ) ) ;
#2314 = CARTESIAN_POINT ( 'NONE',  ( -3.200346355037512858, 1.844563999893707340, -0.6200000000000001066 ) ) ;
#2315 = UNCERTAINTY_MEASURE_WITH_UNIT (LENGTH_MEASURE( 1.000000000000000082E-05 ), #3468, 'distance_accuracy_value', 'NONE');
#2316 = VERTEX_POINT ( 'NONE', #2419 ) ;
#2317 = UNCERTAINTY_MEASURE_WITH_UNIT (LENGTH_MEASURE( 1.000000000000000082E-05 ), #643, 'distance_accuracy_value', 'NONE');
#2318 = LINE ( 'NONE', #1684, #2960 ) ;
#2319 = SURFACE_SIDE_STYLE ('',( #3579 ) ) ;
#2320 = EDGE_LOOP ( 'NONE', ( #277, #1107, #1992, #607, #3887, #2952, #727, #2148 ) ) ;
#2321 = ORIENTED_EDGE ( 'NONE', *, *, #1236, .T. ) ;
#2322 =( GEOMETRIC_REPRESENTATION_CONTEXT ( 3 ) GLOBAL_UNCERTAINTY_ASSIGNED_CONTEXT ( ( #1111 ) ) GLOBAL_UNIT_ASSIGNED_CONTEXT ( ( #3772, #934, #953 ) ) REPRESENTATION_CONTEXT ( 'NONE', 'WORKASPACE' ) );
#2323 = CARTESIAN_POINT ( 'NONE',  ( -3.810000000000000053, 1.660154203991497823, -1.920000000000000151 ) ) ;
#2324 = EDGE_CURVE ( 'NONE', #3836, #12, #3636, .T. ) ;
#2325 = DIRECTION ( 'NONE',  ( -9.032596777496193475E-17, 1.000000000000000000, 0.000000000000000000 ) ) ;
#2326 = VECTOR ( 'NONE', #2613, 1000.000000000000000 ) ;
#2327 = LINE ( 'NONE', #493, #3577 ) ;
#2328 = EDGE_CURVE ( 'NONE', #732, #2526, #3399, .T. ) ;
#2329 = CARTESIAN_POINT ( 'NONE',  ( -4.573773423826661855, 0.1499999999999999667, 1.920000000000000151 ) ) ;
#2330 = STYLED_ITEM ( 'NONE', ( #3236 ), #2953 ) ;
#2331 = EDGE_LOOP ( 'NONE', ( #1606, #2804, #1786, #456, #929, #28 ) ) ;
#2332 = DIRECTION ( 'NONE',  ( 0.000000000000000000, 0.000000000000000000, 1.000000000000000000 ) ) ;
#2333 = STYLED_ITEM ( 'NONE', ( #1978 ), #1678 ) ;
#2334 = ORIENTED_EDGE ( 'NONE', *, *, #1242, .F. ) ;
#2335 = FACE_OUTER_BOUND ( 'NONE', #3596, .T. ) ;
#2336 = ORIENTED_EDGE ( 'NONE', *, *, #69, .F. ) ;
#2337 =( GEOMETRIC_REPRESENTATION_CONTEXT ( 3 ) GLOBAL_UNCERTAINTY_ASSIGNED_CONTEXT ( ( #1332 ) ) GLOBAL_UNIT_ASSIGNED_CONTEXT ( ( #1508, #654, #1854 ) ) REPRESENTATION_CONTEXT ( 'NONE', 'WORKASPACE' ) );
#2338 = FACE_OUTER_BOUND ( 'NONE', #2730, .T. ) ;
#2339 = VERTEX_POINT ( 'NONE', #2123 ) ;
#2340 = COLOUR_RGB ( '',0.6470588235294117974, 0.6196078431372549211, 0.5882352941176470784 ) ;
#2341 = EDGE_LOOP ( 'NONE', ( #3921, #2907, #2565, #2140 ) ) ;
#2342 = VECTOR ( 'NONE', #3828, 1000.000000000000000 ) ;
#2343 = LINE ( 'NONE', #2975, #2171 ) ;
#2344 = PRESENTATION_STYLE_ASSIGNMENT (( #1033 ) ) ;
#2345 = COLOUR_RGB ( '',0.6470588235294117974, 0.6196078431372549211, 0.5882352941176470784 ) ;
#2346 = PRESENTATION_LAYER_ASSIGNMENT (  '', '', ( #2936 ) ) ;
#2347 = PRESENTATION_LAYER_ASSIGNMENT (  '', '', ( #3534 ) ) ;
#2348 = ADVANCED_FACE ( 'NONE', ( #3081 ), #2443, .T. ) ;
#2349 =( NAMED_UNIT ( * ) PLANE_ANGLE_UNIT ( ) SI_UNIT ( $, .RADIAN. ) );
#2350 = CARTESIAN_POINT ( 'NONE',  ( -4.573773423826661855, -0.1000000000000000333, -1.520000000000000018 ) ) ;
#2351 = ORIENTED_EDGE ( 'NONE', *, *, #2672, .F. ) ;
#2352 = ADVANCED_FACE ( 'NONE', ( #3981 ), #3060, .F. ) ;
#2353 = DIRECTION ( 'NONE',  ( 8.469914131292437023E-15, -1.000000000000000000, 0.000000000000000000 ) ) ;
#2354 = SURFACE_SIDE_STYLE ('',( #571 ) ) ;
#2355 = CARTESIAN_POINT ( 'NONE',  ( 4.573773423826661855, -0.1000000000000002137, 1.020000000000000018 ) ) ;
#2356 = ORIENTED_EDGE ( 'NONE', *, *, #3416, .F. ) ;
#2357 = ORIENTED_EDGE ( 'NONE', *, *, #1523, .T. ) ;
#2358 = VECTOR ( 'NONE', #3447, 1000.000000000000000 ) ;
#2359 = DIRECTION ( 'NONE',  ( -0.000000000000000000, 1.000000000000000000, 0.000000000000000000 ) ) ;
#2360 = COLOUR_RGB ( '',0.6470588235294117974, 0.6196078431372549211, 0.5882352941176470784 ) ;
#2361 = DIRECTION ( 'NONE',  ( -0.3853006803259598767, -0.9227910845583372490, 0.000000000000000000 ) ) ;
#2362 = VECTOR ( 'NONE', #203, 1000.000000000000000 ) ;
#2363 = VECTOR ( 'NONE', #1038, 1000.000000000000000 ) ;
#2364 = DIRECTION ( 'NONE',  ( 1.000000000000000000, 1.083679278056636965E-16, 0.000000000000000000 ) ) ;
#2365 = PLANE ( 'NONE',  #2794 ) ;
#2366 = AXIS2_PLACEMENT_3D ( 'NONE', #467, #789, #1693 ) ;
#2367 = VECTOR ( 'NONE', #3565, 1000.000000000000000 ) ;
#2368 = DIRECTION ( 'NONE',  ( 0.08682659386424780579, -0.9924325091389669673, 0.08682659386424779191 ) ) ;
#2369 =( GEOMETRIC_REPRESENTATION_CONTEXT ( 3 ) GLOBAL_UNCERTAINTY_ASSIGNED_CONTEXT ( ( #439 ) ) GLOBAL_UNIT_ASSIGNED_CONTEXT ( ( #1127, #2684, #2391 ) ) REPRESENTATION_CONTEXT ( 'NONE', 'WORKASPACE' ) );
#2370 = DIRECTION ( 'NONE',  ( -0.000000000000000000, -0.000000000000000000, 1.000000000000000000 ) ) ;
#2371 = SURFACE_SIDE_STYLE ('',( #3878 ) ) ;
#2372 =( GEOMETRIC_REPRESENTATION_CONTEXT ( 3 ) GLOBAL_UNCERTAINTY_ASSIGNED_CONTEXT ( ( #753 ) ) GLOBAL_UNIT_ASSIGNED_CONTEXT ( ( #1482, #1588, #937 ) ) REPRESENTATION_CONTEXT ( 'NONE', 'WORKASPACE' ) );
#2373 = FACE_OUTER_BOUND ( 'NONE', #3820, .T. ) ;
#2374 = EDGE_CURVE ( 'NONE', #3698, #1677, #1025, .T. ) ;
#2375 = LINE ( 'NONE', #2685, #2411 ) ;
#2376 =( LENGTH_UNIT ( ) NAMED_UNIT ( * ) SI_UNIT ( .MILLI., .METRE. ) );
#2377 = ORIENTED_EDGE ( 'NONE', *, *, #777, .F. ) ;
#2378 = VERTEX_POINT ( 'NONE', #3164 ) ;
#2379 = CARTESIAN_POINT ( 'NONE',  ( 4.573773423826661855, 0.1499999999999999667, -1.920000000000000151 ) ) ;
#2380 = COLOUR_RGB ( '',0.6470588235294117974, 0.6196078431372549211, 0.5882352941176470784 ) ;
#2381 = CARTESIAN_POINT ( 'NONE',  ( -4.573773423826661855, 0.1499999999999999667, 1.020000000000000018 ) ) ;
#2382 = UNCERTAINTY_MEASURE_WITH_UNIT (LENGTH_MEASURE( 1.000000000000000082E-05 ), #2483, 'distance_accuracy_value', 'NONE');
#2383 = CARTESIAN_POINT ( 'NONE',  ( 4.573773423826661855, 0.1499999999999999667, 1.020000000000000018 ) ) ;
#2384 = STYLED_ITEM ( 'NONE', ( #2855 ), #721 ) ;
#2385 =( GEOMETRIC_REPRESENTATION_CONTEXT ( 3 ) GLOBAL_UNCERTAINTY_ASSIGNED_CONTEXT ( ( #469 ) ) GLOBAL_UNIT_ASSIGNED_CONTEXT ( ( #3070, #560, #1520 ) ) REPRESENTATION_CONTEXT ( 'NONE', 'WORKASPACE' ) );
#2386 = PLANE ( 'NONE',  #4007 ) ;
#2387 = CARTESIAN_POINT ( 'NONE',  ( -3.879366110054072170, 0.8451791884718238279, -1.920000000000000151 ) ) ;
#2388 = FILL_AREA_STYLE_COLOUR ( '', #752 ) ;
#2389 = CARTESIAN_POINT ( 'NONE',  ( -4.150283335180551703, 0.8451791884718238279, -1.920000000000000151 ) ) ;
#2390 = FILL_AREA_STYLE_COLOUR ( '', #1178 ) ;
#2391 =( NAMED_UNIT ( * ) SI_UNIT ( $, .STERADIAN. ) SOLID_ANGLE_UNIT ( ) );
#2392 = LINE ( 'NONE', #1432, #3076 ) ;
#2393 = VECTOR ( 'NONE', #1478, 1000.000000000000000 ) ;
#2394 =( LENGTH_UNIT ( ) NAMED_UNIT ( * ) SI_UNIT ( .MILLI., .METRE. ) );
#2395 = ORIENTED_EDGE ( 'NONE', *, *, #2904, .T. ) ;
#2396 = ORIENTED_EDGE ( 'NONE', *, *, #404, .T. ) ;
#2397 = EDGE_CURVE ( 'NONE', #2809, #1454, #1867, .T. ) ;
#2398 = FACE_OUTER_BOUND ( 'NONE', #945, .T. ) ;
#2399 = LINE ( 'NONE', #849, #3558 ) ;
#2400 = LINE ( 'NONE', #206, #2406 ) ;
#2401 = AXIS2_PLACEMENT_3D ( 'NONE', #63, #1531, #4 ) ;
#2402 = STYLED_ITEM ( 'NONE', ( #3522 ), #2874 ) ;
#2403 = ORIENTED_EDGE ( 'NONE', *, *, #2064, .T. ) ;
#2404 = ADVANCED_FACE ( 'NONE', ( #360 ), #341, .F. ) ;
#2405 = FACE_OUTER_BOUND ( 'NONE', #11, .T. ) ;
#2406 = VECTOR ( 'NONE', #2152, 1000.000000000000000 ) ;
#2407 = CARTESIAN_POINT ( 'NONE',  ( 3.250000000000000888, 0.000000000000000000, -2.290000000000000480 ) ) ;
#2408 = MECHANICAL_DESIGN_GEOMETRIC_PRESENTATION_REPRESENTATION (  '', ( #1357 ), #1488 ) ;
#2409 = FILL_AREA_STYLE ('',( #1158 ) ) ;
#2410 = DIRECTION ( 'NONE',  ( 0.000000000000000000, -0.9961946980917455452, 0.08715574274765836016 ) ) ;
#2411 = VECTOR ( 'NONE', #3035, 1000.000000000000114 ) ;
#2412 = SURFACE_STYLE_USAGE ( .BOTH. , #3975 ) ;
#2413 =( LENGTH_UNIT ( ) NAMED_UNIT ( * ) SI_UNIT ( .MILLI., .METRE. ) );
#2414 = DIRECTION ( 'NONE',  ( -1.000000000000000000, 0.000000000000000000, 0.000000000000000000 ) ) ;
#2415 = SURFACE_SIDE_STYLE ('',( #3670 ) ) ;
#2416 = CARTESIAN_POINT ( 'NONE',  ( -3.403105161170366433, 1.750000000000000000, 0.6199999999999998845 ) ) ;
#2417 =( GEOMETRIC_REPRESENTATION_CONTEXT ( 3 ) GLOBAL_UNCERTAINTY_ASSIGNED_CONTEXT ( ( #1365 ) ) GLOBAL_UNIT_ASSIGNED_CONTEXT ( ( #1305, #1081, #1605 ) ) REPRESENTATION_CONTEXT ( 'NONE', 'WORKASPACE' ) );
#2418 = AXIS2_PLACEMENT_3D ( 'NONE', #1826, #4041, #3100 ) ;
#2419 = CARTESIAN_POINT ( 'NONE',  ( -3.879366110054072170, 0.8451791884718238279, 1.920000000000000151 ) ) ;
#2420 = CARTESIAN_POINT ( 'NONE',  ( -3.433243094248563665, 1.594563999893710227, -1.520000000000000018 ) ) ;
#2421 = EDGE_LOOP ( 'NONE', ( #1595, #2188, #923, #751 ) ) ;
#2422 = ORIENTED_EDGE ( 'NONE', *, *, #2725, .F. ) ;
#2423 = DIRECTION ( 'NONE',  ( -0.000000000000000000, -0.000000000000000000, 1.000000000000000000 ) ) ;
#2424 =( GEOMETRIC_REPRESENTATION_CONTEXT ( 3 ) GLOBAL_UNCERTAINTY_ASSIGNED_CONTEXT ( ( #1682 ) ) GLOBAL_UNIT_ASSIGNED_CONTEXT ( ( #3315, #3054, #1101 ) ) REPRESENTATION_CONTEXT ( 'NONE', 'WORKASPACE' ) );
#2425 = SURFACE_SIDE_STYLE ('',( #226 ) ) ;
#2426 = ADVANCED_FACE ( 'NONE', ( #2807 ), #3490, .F. ) ;
#2427 = ORIENTED_EDGE ( 'NONE', *, *, #3488, .F. ) ;
#2428 = AXIS2_PLACEMENT_3D ( 'NONE', #2928, #2002, #2290 ) ;
#2429 = MECHANICAL_DESIGN_GEOMETRIC_PRESENTATION_REPRESENTATION (  '', ( #1376 ), #2224 ) ;
#2430 = DIRECTION ( 'NONE',  ( 1.000000000000000000, 0.000000000000000000, 0.000000000000000000 ) ) ;
#2431 =( NAMED_UNIT ( * ) PLANE_ANGLE_UNIT ( ) SI_UNIT ( $, .RADIAN. ) );
#2432 = MECHANICAL_DESIGN_GEOMETRIC_PRESENTATION_REPRESENTATION (  '', ( #1379 ), #2221 ) ;
#2433 = EDGE_CURVE ( 'NONE', #1387, #3402, #1604, .T. ) ;
#2434 = MECHANICAL_DESIGN_GEOMETRIC_PRESENTATION_REPRESENTATION (  '', ( #2225 ), #475 ) ;
#2435 = CARTESIAN_POINT ( 'NONE',  ( -3.200346355037512858, 1.594563999893707340, -0.6200000000000001066 ) ) ;
#2436 = ADVANCED_FACE ( 'NONE', ( #342 ), #2828, .T. ) ;
#2437 = LINE ( 'NONE', #2701, #1654 ) ;
#2438 = SURFACE_STYLE_FILL_AREA ( #1585 ) ;
#2439 = AXIS2_PLACEMENT_3D ( 'NONE', #133, #972, #2616 ) ;
#2440 = ORIENTED_EDGE ( 'NONE', *, *, #3738, .T. ) ;
#2441 = VECTOR ( 'NONE', #1931, 1000.000000000000000 ) ;
#2442 = SURFACE_SIDE_STYLE ('',( #4004 ) ) ;
#2443 = PLANE ( 'NONE',  #3353 ) ;
#2444 = DIRECTION ( 'NONE',  ( 0.000000000000000000, 0.000000000000000000, 1.000000000000000000 ) ) ;
#2445 = EDGE_LOOP ( 'NONE', ( #3207, #307, #622, #67 ) ) ;
#2446 = ORIENTED_EDGE ( 'NONE', *, *, #1838, .T. ) ;
#2447 = CIRCLE ( 'NONE', #3438, 0.2999999999999999334 ) ;
#2448 = DIRECTION ( 'NONE',  ( -1.000000000000000000, 0.000000000000000000, 0.000000000000000000 ) ) ;
#2449 = CARTESIAN_POINT ( 'NONE',  ( 3.250000000000000888, 3.500000000000000000, 2.290000000000000480 ) ) ;
#2450 = ORIENTED_EDGE ( 'NONE', *, *, #1144, .F. ) ;
#2451 = ORIENTED_EDGE ( 'NONE', *, *, #1593, .F. ) ;
#2452 = CARTESIAN_POINT ( 'NONE',  ( 3.403105161170367765, 1.750000000000000000, -0.6199999999999998845 ) ) ;
#2453 = DIRECTION ( 'NONE',  ( 0.000000000000000000, 0.000000000000000000, 1.000000000000000000 ) ) ;
#2454 = FILL_AREA_STYLE_COLOUR ( '', #769 ) ;
#2455 = STYLED_ITEM ( 'NONE', ( #1573 ), #569 ) ;
#2456 = CARTESIAN_POINT ( 'NONE',  ( -3.403105161170366433, 1.750000000000000000, -2.443105161170367357 ) ) ;
#2457 = EDGE_CURVE ( 'NONE', #3273, #6, #2187, .T. ) ;
#2458 = AXIS2_PLACEMENT_3D ( 'NONE', #130, #2673, #2364 ) ;
#2459 = FILL_AREA_STYLE ('',( #1846 ) ) ;
#2460 = DIRECTION ( 'NONE',  ( -1.000000000000000000, 0.000000000000000000, 0.000000000000000000 ) ) ;
#2461 = DIRECTION ( 'NONE',  ( -0.000000000000000000, -0.000000000000000000, -1.000000000000000000 ) ) ;
#2462 = STYLED_ITEM ( 'NONE', ( #2241 ), #997 ) ;
#2463 = ORIENTED_EDGE ( 'NONE', *, *, #2064, .F. ) ;
#2464 = CARTESIAN_POINT ( 'NONE',  ( -4.573773423826661855, -0.1000000000000002137, -1.920000000000000151 ) ) ;
#2465 = DIRECTION ( 'NONE',  ( -1.000000000000000000, 0.000000000000000000, 0.000000000000000000 ) ) ;
#2466 = AXIS2_PLACEMENT_3D ( 'NONE', #1133, #3135, #1587 ) ;
#2467 = DIRECTION ( 'NONE',  ( -0.000000000000000000, -0.000000000000000000, 1.000000000000000000 ) ) ;
#2468 = ORIENTED_EDGE ( 'NONE', *, *, #669, .T. ) ;
#2469 = EDGE_LOOP ( 'NONE', ( #2422, #487, #3106, #2446, #1553, #3915 ) ) ;
#2470 = UNCERTAINTY_MEASURE_WITH_UNIT (LENGTH_MEASURE( 1.000000000000000082E-05 ), #1189, 'distance_accuracy_value', 'NONE');
#2471 = LINE ( 'NONE', #1229, #2693 ) ;
#2472 = VECTOR ( 'NONE', #517, 1000.000000000000000 ) ;
#2473 = DIRECTION ( 'NONE',  ( -0.000000000000000000, -0.000000000000000000, 1.000000000000000000 ) ) ;
#2474 = CARTESIAN_POINT ( 'NONE',  ( 4.573773423826661855, 0.1500000000000002720, 1.920000000000000151 ) ) ;
#2475 = VERTEX_POINT ( 'NONE', #2226 ) ;
#2476 = CARTESIAN_POINT ( 'NONE',  ( -4.473853843442727296, -0.1000000000000002137, 1.920000000000000151 ) ) ;
#2477 = MECHANICAL_DESIGN_GEOMETRIC_PRESENTATION_REPRESENTATION (  '', ( #1797 ), #3202 ) ;
#2478 = CARTESIAN_POINT ( 'NONE',  ( 3.533162674632499112, 1.544563999893710182, 1.920000000000000151 ) ) ;
#2479 = LINE ( 'NONE', #2435, #1965 ) ;
#2480 = PRESENTATION_LAYER_ASSIGNMENT (  '', '', ( #1034 ) ) ;
#2481 = DIRECTION ( 'NONE',  ( 0.000000000000000000, 1.000000000000000000, 0.000000000000000000 ) ) ;
#2482 = FACE_OUTER_BOUND ( 'NONE', #672, .T. ) ;
#2483 =( LENGTH_UNIT ( ) NAMED_UNIT ( * ) SI_UNIT ( .MILLI., .METRE. ) );
#2484 =( GEOMETRIC_REPRESENTATION_CONTEXT ( 3 ) GLOBAL_UNCERTAINTY_ASSIGNED_CONTEXT ( ( #2126 ) ) GLOBAL_UNIT_ASSIGNED_CONTEXT ( ( #246, #850, #511 ) ) REPRESENTATION_CONTEXT ( 'NONE', 'WORKASPACE' ) );
#2485 = EDGE_CURVE ( 'NONE', #3529, #642, #3720, .T. ) ;
#2486 = ORIENTED_EDGE ( 'NONE', *, *, #855, .T. ) ;
#2487 = SURFACE_STYLE_USAGE ( .BOTH. , #1487 ) ;
#2488 = COLOUR_RGB ( '',0.6470588235294117974, 0.6196078431372549211, 0.5882352941176470784 ) ;
#2489 = FILL_AREA_STYLE ('',( #3142 ) ) ;
#2490 = DIRECTION ( 'NONE',  ( 0.9227910845583373600, -0.3853006803259598767, 0.000000000000000000 ) ) ;
#2491 = ORIENTED_EDGE ( 'NONE', *, *, #2374, .T. ) ;
#2492 = ORIENTED_EDGE ( 'NONE', *, *, #1066, .F. ) ;
#2493 = LINE ( 'NONE', #910, #408 ) ;
#2494 = DIRECTION ( 'NONE',  ( 0.000000000000000000, 1.000000000000000000, 0.000000000000000000 ) ) ;
#2495 = DIRECTION ( 'NONE',  ( -1.000000000000000000, -0.000000000000000000, -0.000000000000000000 ) ) ;
#2496 = VECTOR ( 'NONE', #3859, 1000.000000000000000 ) ;
#2497 = DIRECTION ( 'NONE',  ( 1.000000000000000000, -1.303481574384949276E-14, 0.000000000000000000 ) ) ;
#2498 = PRESENTATION_LAYER_ASSIGNMENT (  '', '', ( #2944 ) ) ;
#2499 = PLANE ( 'NONE',  #928 ) ;
#2500 = AXIS2_PLACEMENT_3D ( 'NONE', #1341, #1581, #1274 ) ;
#2501 = ORIENTED_EDGE ( 'NONE', *, *, #2144, .F. ) ;
#2502 = PRESENTATION_STYLE_ASSIGNMENT (( #2767 ) ) ;
#2503 = ADVANCED_FACE ( 'NONE', ( #2544 ), #611, .F. ) ;
#2504 = PRESENTATION_LAYER_ASSIGNMENT (  '', '', ( #222 ) ) ;
#2505 = ORIENTED_EDGE ( 'NONE', *, *, #3895, .T. ) ;
#2506 = ORIENTED_EDGE ( 'NONE', *, *, #2024, .T. ) ;
#2507 = AXIS2_PLACEMENT_3D ( 'NONE', #2654, #1719, #2982 ) ;
#2508 = UNCERTAINTY_MEASURE_WITH_UNIT (LENGTH_MEASURE( 1.000000000000000082E-05 ), #1317, 'distance_accuracy_value', 'NONE');
#2509 = EDGE_CURVE ( 'NONE', #2339, #3737, #1940, .T. ) ;
#2510 = LINE ( 'NONE', #3171, #2561 ) ;
#2511 = SURFACE_STYLE_USAGE ( .BOTH. , #328 ) ;
#2512 = DIRECTION ( 'NONE',  ( 0.000000000000000000, 0.000000000000000000, -1.000000000000000000 ) ) ;
#2513 = ORIENTED_EDGE ( 'NONE', *, *, #2833, .T. ) ;
#2514 = MECHANICAL_DESIGN_GEOMETRIC_PRESENTATION_REPRESENTATION (  '', ( #1137 ), #3954 ) ;
#2515 = CYLINDRICAL_SURFACE ( 'NONE', #1755, 0.1999999999999996503 ) ;
#2516 = SURFACE_STYLE_FILL_AREA ( #1276 ) ;
#2517 = STYLED_ITEM ( 'NONE', ( #3526 ), #230 ) ;
#2518 = UNCERTAINTY_MEASURE_WITH_UNIT (LENGTH_MEASURE( 1.000000000000000082E-05 ), #2054, 'distance_accuracy_value', 'NONE');
#2519 = LINE ( 'NONE', #2183, #3908 ) ;
#2520 = SURFACE_STYLE_FILL_AREA ( #3410 ) ;
#2521 = SURFACE_STYLE_USAGE ( .BOTH. , #300 ) ;
#2522 = ORIENTED_EDGE ( 'NONE', *, *, #2082, .F. ) ;
#2523 = SURFACE_STYLE_USAGE ( .BOTH. , #1569 ) ;
#2524 = MECHANICAL_DESIGN_GEOMETRIC_PRESENTATION_REPRESENTATION (  '', ( #109 ), #2322 ) ;
#2525 = CARTESIAN_POINT ( 'NONE',  ( 4.573773423826661855, 0.1499999999999999667, -1.920000000000000151 ) ) ;
#2526 = VERTEX_POINT ( 'NONE', #2638 ) ;
#2527 = ADVANCED_FACE ( 'NONE', ( #80 ), #2564, .F. ) ;
#2528 = CARTESIAN_POINT ( 'NONE',  ( 4.473853843442727296, 0.1999999999999998723, -0.6200000000000001066 ) ) ;
#2529 = MECHANICAL_DESIGN_GEOMETRIC_PRESENTATION_REPRESENTATION (  '', ( #2402 ), #2058 ) ;
#2530 = DIRECTION ( 'NONE',  ( 1.000000000000000000, 1.303481574384949276E-14, 0.000000000000000000 ) ) ;
#2531 = ORIENTED_EDGE ( 'NONE', *, *, #512, .T. ) ;
#2532 = EDGE_CURVE ( 'NONE', #1792, #380, #3249, .T. ) ;
#2533 = VECTOR ( 'NONE', #1193, 1000.000000000000000 ) ;
#2534 = CARTESIAN_POINT ( 'NONE',  ( -3.810000000000000053, 1.660154203991497823, 1.520000000000000018 ) ) ;
#2535 = CARTESIAN_POINT ( 'NONE',  ( 4.573773423826661855, -0.1000000000000002137, 1.520000000000000018 ) ) ;
#2536 = CARTESIAN_POINT ( 'NONE',  ( 4.573773423826661855, 0.1500000000000002720, -1.020000000000000018 ) ) ;
#2537 = MECHANICAL_DESIGN_GEOMETRIC_PRESENTATION_REPRESENTATION (  '', ( #2333 ), #715 ) ;
#2538 = EDGE_CURVE ( 'NONE', #2267, #1266, #2005, .T. ) ;
#2539 = CARTESIAN_POINT ( 'NONE',  ( 3.403105161170367765, 1.750000000000000000, -2.443105161170367357 ) ) ;
#2540 =( NAMED_UNIT ( * ) PLANE_ANGLE_UNIT ( ) SI_UNIT ( $, .RADIAN. ) );
#2541 = VECTOR ( 'NONE', #3407, 1000.000000000000000 ) ;
#2542 = LINE ( 'NONE', #3183, #3342 ) ;
#2543 =( LENGTH_UNIT ( ) NAMED_UNIT ( * ) SI_UNIT ( .MILLI., .METRE. ) );
#2544 = FACE_OUTER_BOUND ( 'NONE', #290, .T. ) ;
#2545 = ORIENTED_EDGE ( 'NONE', *, *, #2397, .T. ) ;
#2546 = ORIENTED_EDGE ( 'NONE', *, *, #2909, .F. ) ;
#2547 = CIRCLE ( 'NONE', #3072, 0.2999999999999997113 ) ;
#2548 = CARTESIAN_POINT ( 'NONE',  ( -3.433243094248563665, 1.594563999893710449, 0.6200000000000001066 ) ) ;
#2549 = SURFACE_SIDE_STYLE ('',( #3496 ) ) ;
#2550 =( GEOMETRIC_REPRESENTATION_CONTEXT ( 3 ) GLOBAL_UNCERTAINTY_ASSIGNED_CONTEXT ( ( #1834 ) ) GLOBAL_UNIT_ASSIGNED_CONTEXT ( ( #2606, #2623, #144 ) ) REPRESENTATION_CONTEXT ( 'NONE', 'WORKASPACE' ) );
#2551 = ORIENTED_EDGE ( 'NONE', *, *, #2805, .T. ) ;
#2552 = SURFACE_SIDE_STYLE ('',( #349 ) ) ;
#2553 = DIRECTION ( 'NONE',  ( -0.000000000000000000, -0.000000000000000000, -1.000000000000000000 ) ) ;
#2554 = LINE ( 'NONE', #334, #1092 ) ;
#2555 = SURFACE_SIDE_STYLE ('',( #75 ) ) ;
#2556 = EDGE_CURVE ( 'NONE', #1008, #732, #2027, .T. ) ;
#2557 = CARTESIAN_POINT ( 'NONE',  ( -3.249999999999999556, 0.000000000000000000, 2.290000000000000480 ) ) ;
#2558 = ORIENTED_EDGE ( 'NONE', *, *, #623, .T. ) ;
#2559 = EDGE_CURVE ( 'NONE', #1029, #263, #1021, .T. ) ;
#2560 = PRESENTATION_STYLE_ASSIGNMENT (( #2222 ) ) ;
#2561 = VECTOR ( 'NONE', #3104, 1000.000000000000114 ) ;
#2562 = VECTOR ( 'NONE', #214, 1000.000000000000000 ) ;
#2563 = VECTOR ( 'NONE', #1563, 1000.000000000000000 ) ;
#2564 = PLANE ( 'NONE',  #84 ) ;
#2565 = ORIENTED_EDGE ( 'NONE', *, *, #1292, .F. ) ;
#2566 = ORIENTED_EDGE ( 'NONE', *, *, #2883, .T. ) ;
#2567 = VECTOR ( 'NONE', #2370, 1000.000000000000000 ) ;
#2568 = PLANE ( 'NONE',  #3994 ) ;
#2569 = DIRECTION ( 'NONE',  ( 0.000000000000000000, 0.000000000000000000, -1.000000000000000000 ) ) ;
#2570 = PRESENTATION_LAYER_ASSIGNMENT (  '', '', ( #3305 ) ) ;
#2571 = CARTESIAN_POINT ( 'NONE',  ( 4.473853843442727296, 0.1999999999999998723, 1.920000000000000151 ) ) ;
#2572 = CARTESIAN_POINT ( 'NONE',  ( 3.617801311160230959, 1.471624135958901958, 0.6200000000000001066 ) ) ;
#2573 =( NAMED_UNIT ( * ) SI_UNIT ( $, .STERADIAN. ) SOLID_ANGLE_UNIT ( ) );
#2574 = SURFACE_STYLE_USAGE ( .BOTH. , #180 ) ;
#2575 = CARTESIAN_POINT ( 'NONE',  ( -4.573773423826661855, -0.1000000000000002137, 1.920000000000000151 ) ) ;
#2576 = COLOUR_RGB ( '',0.6470588235294117974, 0.6196078431372549211, 0.5882352941176470784 ) ;
#2577 = ORIENTED_EDGE ( 'NONE', *, *, #2643, .F. ) ;
#2578 = EDGE_CURVE ( 'NONE', #1167, #1729, #438, .T. ) ;
#2579 =( LENGTH_UNIT ( ) NAMED_UNIT ( * ) SI_UNIT ( .MILLI., .METRE. ) );
#2580 = CIRCLE ( 'NONE', #2910, 0.1999999999999996503 ) ;
#2581 = DIRECTION ( 'NONE',  ( -0.000000000000000000, -0.000000000000000000, 1.000000000000000000 ) ) ;
#2582 = ORIENTED_EDGE ( 'NONE', *, *, #2457, .T. ) ;
#2583 = PRESENTATION_LAYER_ASSIGNMENT (  '', '', ( #2455 ) ) ;
#2584 = CARTESIAN_POINT ( 'NONE',  ( -4.703105161170365811, 0.8451791884718238279, 1.519999999999999796 ) ) ;
#2585 = ORIENTED_EDGE ( 'NONE', *, *, #3290, .F. ) ;
#2586 = EDGE_CURVE ( 'NONE', #1653, #1557, #2752, .T. ) ;
#2587 = PRESENTATION_LAYER_ASSIGNMENT (  '', '', ( #2384 ) ) ;
#2588 = FILL_AREA_STYLE_COLOUR ( '', #1571 ) ;
#2589 =( LENGTH_UNIT ( ) NAMED_UNIT ( * ) SI_UNIT ( .MILLI., .METRE. ) );
#2590 = PLANE ( 'NONE',  #3633 ) ;
#2591 = UNCERTAINTY_MEASURE_WITH_UNIT (LENGTH_MEASURE( 1.000000000000000082E-05 ), #871, 'distance_accuracy_value', 'NONE');
#2592 = ORIENTED_EDGE ( 'NONE', *, *, #537, .F. ) ;
#2593 = VECTOR ( 'NONE', #2495, 1000.000000000000000 ) ;
#2594 = CARTESIAN_POINT ( 'NONE',  ( 3.200346355037512858, 1.594563999893707340, -1.520000000000000018 ) ) ;
#2595 = PRESENTATION_STYLE_ASSIGNMENT (( #3215 ) ) ;
#2596 = LINE ( 'NONE', #1714, #2092 ) ;
#2597 = CARTESIAN_POINT ( 'NONE',  ( -3.879366110054072170, 0.8451791884718238279, 1.920000000000000151 ) ) ;
#2598 = LINE ( 'NONE', #1564, #2006 ) ;
#2599 = MECHANICAL_DESIGN_GEOMETRIC_PRESENTATION_REPRESENTATION (  '', ( #66 ), #3456 ) ;
#2600 = FILL_AREA_STYLE ('',( #2048 ) ) ;
#2601 = LINE ( 'NONE', #3265, #1758 ) ;
#2602 =( LENGTH_UNIT ( ) NAMED_UNIT ( * ) SI_UNIT ( .MILLI., .METRE. ) );
#2603 = ADVANCED_FACE ( 'NONE', ( #1962 ), #1984, .T. ) ;
#2604 = ORIENTED_EDGE ( 'NONE', *, *, #2045, .T. ) ;
#2605 = VERTEX_POINT ( 'NONE', #3669 ) ;
#2606 =( LENGTH_UNIT ( ) NAMED_UNIT ( * ) SI_UNIT ( .MILLI., .METRE. ) );
#2607 = PRESENTATION_STYLE_ASSIGNMENT (( #770 ) ) ;
#2608 = VERTEX_POINT ( 'NONE', #2037 ) ;
#2609 = VECTOR ( 'NONE', #3803, 1000.000000000000000 ) ;
#2610 =( NAMED_UNIT ( * ) SI_UNIT ( $, .STERADIAN. ) SOLID_ANGLE_UNIT ( ) );
#2611 = CARTESIAN_POINT ( 'NONE',  ( 3.403105161170367765, 1.750000000000000000, 0.6199999999999998845 ) ) ;
#2612 = CARTESIAN_POINT ( 'NONE',  ( -3.533162674632499112, 1.844563999893709116, 1.520000000000000018 ) ) ;
#2613 = DIRECTION ( 'NONE',  ( -0.000000000000000000, 1.000000000000000000, -0.000000000000000000 ) ) ;
#2614 = CARTESIAN_POINT ( 'NONE',  ( -3.533162674632499112, 1.544563999893710182, -0.6200000000000001066 ) ) ;
#2615 = DIRECTION ( 'NONE',  ( 0.08715574274766008100, 0.9961946980917453232, -2.161482631205734441E-16 ) ) ;
#2616 = DIRECTION ( 'NONE',  ( 0.000000000000000000, -1.000000000000000000, 0.000000000000000000 ) ) ;
#2617 = VECTOR ( 'NONE', #843, 1000.000000000000000 ) ;
#2618 = PLANE ( 'NONE',  #1068 ) ;
#2619 = FILL_AREA_STYLE ('',( #1666 ) ) ;
#2620 = ORIENTED_EDGE ( 'NONE', *, *, #1736, .F. ) ;
#2621 =( GEOMETRIC_REPRESENTATION_CONTEXT ( 3 ) GLOBAL_UNCERTAINTY_ASSIGNED_CONTEXT ( ( #2518 ) ) GLOBAL_UNIT_ASSIGNED_CONTEXT ( ( #2054, #2073, #3971 ) ) REPRESENTATION_CONTEXT ( 'NONE', 'WORKASPACE' ) );
#2622 = LINE ( 'NONE', #3884, #416 ) ;
#2623 =( NAMED_UNIT ( * ) PLANE_ANGLE_UNIT ( ) SI_UNIT ( $, .RADIAN. ) );
#2624 = PRESENTATION_LAYER_ASSIGNMENT (  '', '', ( #2760 ) ) ;
#2625 = VERTEX_POINT ( 'NONE', #1408 ) ;
#2626 = UNCERTAINTY_MEASURE_WITH_UNIT (LENGTH_MEASURE( 1.000000000000000082E-05 ), #3934, 'distance_accuracy_value', 'NONE');
#2627 = LINE ( 'NONE', #3584, #1380 ) ;
#2628 = EDGE_CURVE ( 'NONE', #3541, #1047, #3959, .T. ) ;
#2629 = CARTESIAN_POINT ( 'NONE',  ( 3.533162674632499112, 1.544563999893710182, 0.6200000000000001066 ) ) ;
#2630 =( LENGTH_UNIT ( ) NAMED_UNIT ( * ) SI_UNIT ( .MILLI., .METRE. ) );
#2631 = COLOUR_RGB ( '',0.2980392156862745057, 0.2980392156862745057, 0.2980392156862745057 ) ;
#2632 = FILL_AREA_STYLE_COLOUR ( '', #1777 ) ;
#2633 = CARTESIAN_POINT ( 'NONE',  ( -3.249999999999999556, 0.000000000000000000, -2.289999999999999591 ) ) ;
#2634 = COLOUR_RGB ( '',0.6470588235294117974, 0.6196078431372549211, 0.5882352941176470784 ) ;
#2635 = ORIENTED_EDGE ( 'NONE', *, *, #3165, .T. ) ;
#2636 = FACE_OUTER_BOUND ( 'NONE', #2829, .T. ) ;
#2637 = DIRECTION ( 'NONE',  ( -0.000000000000000000, 0.000000000000000000, -1.000000000000000000 ) ) ;
#2638 = CARTESIAN_POINT ( 'NONE',  ( 4.150283335180551703, 0.8451791884718238279, -1.920000000000000151 ) ) ;
#2639 = PRESENTATION_LAYER_ASSIGNMENT (  '', '', ( #3316 ) ) ;
#2640 = LINE ( 'NONE', #2534, #681 ) ;
#2641 = DIRECTION ( 'NONE',  ( 0.000000000000000000, -0.000000000000000000, 1.000000000000000000 ) ) ;
#2642 = CARTESIAN_POINT ( 'NONE',  ( 3.879366110054072170, 0.8451791884718238279, -1.519999999999999796 ) ) ;
#2643 = EDGE_CURVE ( 'NONE', #3322, #3639, #256, .T. ) ;
#2644 = ORIENTED_EDGE ( 'NONE', *, *, #488, .F. ) ;
#2645 = ORIENTED_EDGE ( 'NONE', *, *, #1596, .F. ) ;
#2646 = DIRECTION ( 'NONE',  ( -1.000000000000000000, -1.083679278056636965E-16, -0.000000000000000000 ) ) ;
#2647 = CARTESIAN_POINT ( 'NONE',  ( 3.810000000000000053, 1.660154203991497823, 1.520000000000000018 ) ) ;
#2648 = FILL_AREA_STYLE_COLOUR ( '', #547 ) ;
#2649 = CARTESIAN_POINT ( 'NONE',  ( -3.200346355037512858, 1.844563999893707340, 1.920000000000000151 ) ) ;
#2650 = EDGE_CURVE ( 'NONE', #2378, #380, #2988, .T. ) ;
#2651 =( GEOMETRIC_REPRESENTATION_CONTEXT ( 3 ) GLOBAL_UNCERTAINTY_ASSIGNED_CONTEXT ( ( #150 ) ) GLOBAL_UNIT_ASSIGNED_CONTEXT ( ( #2697, #2779, #3332 ) ) REPRESENTATION_CONTEXT ( 'NONE', 'WORKASPACE' ) );
#2652 = FILL_AREA_STYLE_COLOUR ( '', #1997 ) ;
#2653 = DIRECTION ( 'NONE',  ( -0.08715574274765836016, -0.9961946980917455452, -0.000000000000000000 ) ) ;
#2654 = CARTESIAN_POINT ( 'NONE',  ( -4.573773423826661855, -0.1000000000000002137, -0.6200000000000001066 ) ) ;
#2655 = CARTESIAN_POINT ( 'NONE',  ( 4.703105161170367587, 0.8451791884718238279, -1.920000000000000151 ) ) ;
#2656 = ORIENTED_EDGE ( 'NONE', *, *, #2999, .F. ) ;
#2657 = SURFACE_STYLE_FILL_AREA ( #4005 ) ;
#2658 = COLOUR_RGB ( '',0.2980392156862745057, 0.2980392156862745057, 0.2980392156862745057 ) ;
#2659 = CARTESIAN_POINT ( 'NONE',  ( -4.473853843442727296, -0.1000000000000002137, 1.920000000000000151 ) ) ;
#2660 = CARTESIAN_POINT ( 'NONE',  ( -4.573773423826661855, 0.3500000000000000333, -1.920000000000000151 ) ) ;
#2661 = VERTEX_POINT ( 'NONE', #3293 ) ;
#2662 = ORIENTED_EDGE ( 'NONE', *, *, #1217, .T. ) ;
#2663 = AXIS2_PLACEMENT_3D ( 'NONE', #3352, #535, #1750 ) ;
#2664 = MECHANICAL_DESIGN_GEOMETRIC_PRESENTATION_REPRESENTATION (  '', ( #135 ), #904 ) ;
#2665 = LINE ( 'NONE', #1787, #4018 ) ;
#2666 = FACE_OUTER_BOUND ( 'NONE', #7, .T. ) ;
#2667 = DIRECTION ( 'NONE',  ( -1.000000000000000000, 0.000000000000000000, 0.000000000000000000 ) ) ;
#2668 = VECTOR ( 'NONE', #531, 1000.000000000000000 ) ;
#2669 = UNCERTAINTY_MEASURE_WITH_UNIT (LENGTH_MEASURE( 1.000000000000000082E-05 ), #3321, 'distance_accuracy_value', 'NONE');
#2670 =( NAMED_UNIT ( * ) PLANE_ANGLE_UNIT ( ) SI_UNIT ( $, .RADIAN. ) );
#2671 = PRESENTATION_LAYER_ASSIGNMENT (  '', '', ( #335 ) ) ;
#2672 = EDGE_CURVE ( 'NONE', #1557, #3737, #1430, .T. ) ;
#2673 = DIRECTION ( 'NONE',  ( 1.083679278056636965E-16, -1.000000000000000000, 0.000000000000000000 ) ) ;
#2674 = CARTESIAN_POINT ( 'NONE',  ( -3.810000000000000053, 1.660154203991497823, -1.520000000000000018 ) ) ;
#2675 = CARTESIAN_POINT ( 'NONE',  ( -3.533162674632499112, 1.844563999893710005, -0.6200000000000001066 ) ) ;
#2676 = EDGE_CURVE ( 'NONE', #164, #3618, #1122, .T. ) ;
#2677 = ORIENTED_EDGE ( 'NONE', *, *, #1832, .T. ) ;
#2678 =( NAMED_UNIT ( * ) SI_UNIT ( $, .STERADIAN. ) SOLID_ANGLE_UNIT ( ) );
#2679 = ADVANCED_FACE ( 'NONE', ( #2335 ), #2131, .F. ) ;
#2680 = LINE ( 'NONE', #1120, #1259 ) ;
#2681 = FILL_AREA_STYLE ('',( #3030 ) ) ;
#2682 = CARTESIAN_POINT ( 'NONE',  ( -3.533162674632499112, 1.844563999893710005, -1.920000000000000151 ) ) ;
#2683 = PRESENTATION_STYLE_ASSIGNMENT (( #3318 ) ) ;
#2684 =( NAMED_UNIT ( * ) PLANE_ANGLE_UNIT ( ) SI_UNIT ( $, .RADIAN. ) );
#2685 = CARTESIAN_POINT ( 'NONE',  ( -3.225312598644838324, -0.2821782887087603275, -1.519999999999999574 ) ) ;
#2686 = CARTESIAN_POINT ( 'NONE',  ( 4.573773423826661855, -0.1000000000000002137, 1.520000000000000018 ) ) ;
#2687 = ORIENTED_EDGE ( 'NONE', *, *, #2978, .T. ) ;
#2688 = ORIENTED_EDGE ( 'NONE', *, *, #3658, .F. ) ;
#2689 = DIRECTION ( 'NONE',  ( 1.000000000000000000, 0.000000000000000000, -0.000000000000000000 ) ) ;
#2690 = MECHANICAL_DESIGN_GEOMETRIC_PRESENTATION_REPRESENTATION (  '', ( #3744 ), #979 ) ;
#2691 = CARTESIAN_POINT ( 'NONE',  ( 4.573773423826661855, -0.1000000000000002137, 1.520000000000000018 ) ) ;
#2692 = CARTESIAN_POINT ( 'NONE',  ( 3.394831883202001688, 1.844563999893709116, 0.6200000000000001066 ) ) ;
#2693 = VECTOR ( 'NONE', #1835, 1000.000000000000000 ) ;
#2694 = DIRECTION ( 'NONE',  ( -0.000000000000000000, -0.000000000000000000, -1.000000000000000000 ) ) ;
#2695 = SURFACE_SIDE_STYLE ('',( #3387 ) ) ;
#2696 =( GEOMETRIC_REPRESENTATION_CONTEXT ( 3 ) GLOBAL_UNCERTAINTY_ASSIGNED_CONTEXT ( ( #1155 ) ) GLOBAL_UNIT_ASSIGNED_CONTEXT ( ( #59, #276, #3077 ) ) REPRESENTATION_CONTEXT ( 'NONE', 'WORKASPACE' ) );
#2697 =( LENGTH_UNIT ( ) NAMED_UNIT ( * ) SI_UNIT ( .MILLI., .METRE. ) );
#2698 = SURFACE_SIDE_STYLE ('',( #1441 ) ) ;
#2699 = PRESENTATION_LAYER_ASSIGNMENT (  '', '', ( #2157 ) ) ;
#2700 = AXIS2_PLACEMENT_3D ( 'NONE', #2629, #2878, #2283 ) ;
#2701 = CARTESIAN_POINT ( 'NONE',  ( 4.573773423826661855, 0.1499999999999999667, 1.920000000000000151 ) ) ;
#2702 = CARTESIAN_POINT ( 'NONE',  ( -3.617801311160230959, 1.471624135958902180, -1.520000000000000018 ) ) ;
#2703 = FACE_OUTER_BOUND ( 'NONE', #3121, .T. ) ;
#2704 = EDGE_CURVE ( 'NONE', #3244, #3836, #2085, .T. ) ;
#2705 = MECHANICAL_DESIGN_GEOMETRIC_PRESENTATION_REPRESENTATION (  '', ( #1707 ), #3032 ) ;
#2706 = SURFACE_SIDE_STYLE ('',( #1780 ) ) ;
#2707 = ORIENTED_EDGE ( 'NONE', *, *, #1078, .T. ) ;
#2708 =( NAMED_UNIT ( * ) SI_UNIT ( $, .STERADIAN. ) SOLID_ANGLE_UNIT ( ) );
#2709 = DIRECTION ( 'NONE',  ( 1.000000000000000000, 1.083679278056636965E-16, 0.000000000000000000 ) ) ;
#2710 = ORIENTED_EDGE ( 'NONE', *, *, #919, .F. ) ;
#2711 = VERTEX_POINT ( 'NONE', #3424 ) ;
#2712 = CARTESIAN_POINT ( 'NONE',  ( -4.389215206914994560, 0.2729398639348085132, -1.920000000000000151 ) ) ;
#2713 = LINE ( 'NONE', #3967, #909 ) ;
#2714 = CARTESIAN_POINT ( 'NONE',  ( 3.810000000000000053, 1.660154203991497823, 1.520000000000000018 ) ) ;
#2715 = AXIS2_PLACEMENT_3D ( 'NONE', #240, #281, #2444 ) ;
#2716 =( NAMED_UNIT ( * ) PLANE_ANGLE_UNIT ( ) SI_UNIT ( $, .RADIAN. ) );
#2717 = UNCERTAINTY_MEASURE_WITH_UNIT (LENGTH_MEASURE( 1.000000000000000082E-05 ), #2413, 'distance_accuracy_value', 'NONE');
#2718 = DIRECTION ( 'NONE',  ( -1.303481574384949276E-14, 1.000000000000000000, 0.000000000000000000 ) ) ;
#2719 = MECHANICAL_DESIGN_GEOMETRIC_PRESENTATION_REPRESENTATION (  '', ( #2845 ), #2651 ) ;
#2720 = STYLED_ITEM ( 'NONE', ( #1502 ), #877 ) ;
#2721 = LINE ( 'NONE', #297, #572 ) ;
#2722 = PRESENTATION_LAYER_ASSIGNMENT (  '', '', ( #1726 ) ) ;
#2723 = SURFACE_STYLE_USAGE ( .BOTH. , #1466 ) ;
#2724 = FACE_OUTER_BOUND ( 'NONE', #2273, .T. ) ;
#2725 = EDGE_CURVE ( 'NONE', #1565, #1607, #557, .T. ) ;
#2726 = CARTESIAN_POINT ( 'NONE',  ( -3.403105161170366433, 1.750000000000000000, -2.443105161170367357 ) ) ;
#2727 = MECHANICAL_DESIGN_GEOMETRIC_PRESENTATION_REPRESENTATION (  '', ( #2195 ), #1159 ) ;
#2728 = DIRECTION ( 'NONE',  ( 0.000000000000000000, 0.000000000000000000, -1.000000000000000000 ) ) ;
#2729 = ORIENTED_EDGE ( 'NONE', *, *, #3416, .T. ) ;
#2730 = EDGE_LOOP ( 'NONE', ( #2291, #4027, #2125, #1327, #3036, #1500, #3640, #1211, #1253 ) ) ;
#2731 = EDGE_CURVE ( 'NONE', #2605, #1470, #3092, .T. ) ;
#2732 = FILL_AREA_STYLE ('',( #3041 ) ) ;
#2733 = CARTESIAN_POINT ( 'NONE',  ( 3.617801311160230959, 1.471624135958902180, 0.6200000000000001066 ) ) ;
#2734 = VECTOR ( 'NONE', #3993, 1000.000000000000000 ) ;
#2735 = ORIENTED_EDGE ( 'NONE', *, *, #720, .F. ) ;
#2736 = CARTESIAN_POINT ( 'NONE',  ( -4.573773423826661855, -0.1000000000000002137, -1.520000000000000018 ) ) ;
#2737 = VECTOR ( 'NONE', #2204, 1000.000000000000000 ) ;
#2738 = CARTESIAN_POINT ( 'NONE',  ( 5.074014682674854448, -0.09999999999999999167, 1.020000000000000018 ) ) ;
#2739 = CARTESIAN_POINT ( 'NONE',  ( 3.389506273257252733, 1.594563999893709783, -2.289999999999999591 ) ) ;
#2740 = SURFACE_STYLE_USAGE ( .BOTH. , #1446 ) ;
#2741 = LINE ( 'NONE', #1143, #2567 ) ;
#2742 = VERTEX_POINT ( 'NONE', #2476 ) ;
#2743 = DIRECTION ( 'NONE',  ( 0.08682659386424779191, -0.9924325091389669673, -0.08682659386424779191 ) ) ;
#2744 = FILL_AREA_STYLE_COLOUR ( '', #3877 ) ;
#2745 = DIRECTION ( 'NONE',  ( 0.000000000000000000, -2.169739143709707832E-16, -1.000000000000000000 ) ) ;
#2746 = ORIENTED_EDGE ( 'NONE', *, *, #3863, .T. ) ;
#2747 = VERTEX_POINT ( 'NONE', #315 ) ;
#2748 = EDGE_CURVE ( 'NONE', #1557, #1022, #1541, .T. ) ;
#2749 = LINE ( 'NONE', #3347, #3027 ) ;
#2750 = LINE ( 'NONE', #2381, #1504 ) ;
#2751 = FILL_AREA_STYLE_COLOUR ( '', #962 ) ;
#2752 = CIRCLE ( 'NONE', #3933, 0.2999999999999997113 ) ;
#2753 = ORIENTED_EDGE ( 'NONE', *, *, #92, .F. ) ;
#2754 = EDGE_CURVE ( 'NONE', #1762, #642, #251, .T. ) ;
#2755 = VECTOR ( 'NONE', #296, 1000.000000000000227 ) ;
#2756 = VECTOR ( 'NONE', #3741, 1000.000000000000000 ) ;
#2757 = CARTESIAN_POINT ( 'NONE',  ( -4.573773423826661855, -0.1000000000000002137, 1.020000000000000018 ) ) ;
#2758 = FILL_AREA_STYLE ('',( #2454 ) ) ;
#2759 = COLOUR_RGB ( '',0.6470588235294117974, 0.6196078431372549211, 0.5882352941176470784 ) ;
#2760 = STYLED_ITEM ( 'NONE', ( #748 ), #1394 ) ;
#2761 = MECHANICAL_DESIGN_GEOMETRIC_PRESENTATION_REPRESENTATION (  '', ( #287 ), #1827 ) ;
#2762 = PRESENTATION_LAYER_ASSIGNMENT (  '', '', ( #3619 ) ) ;
#2763 = CARTESIAN_POINT ( 'NONE',  ( 4.573773423826661855, -0.1000000000000002137, -1.020000000000000018 ) ) ;
#2764 =( NAMED_UNIT ( * ) PLANE_ANGLE_UNIT ( ) SI_UNIT ( $, .RADIAN. ) );
#2765 = FILL_AREA_STYLE ('',( #298 ) ) ;
#2766 = ORIENTED_EDGE ( 'NONE', *, *, #2643, .T. ) ;
#2767 = SURFACE_STYLE_USAGE ( .BOTH. , #2141 ) ;
#2768 = CARTESIAN_POINT ( 'NONE',  ( 5.074014682674854448, 0.1500000000000000222, 1.920000000000000151 ) ) ;
#2769 =( LENGTH_UNIT ( ) NAMED_UNIT ( * ) SI_UNIT ( .MILLI., .METRE. ) );
#2770 = LINE ( 'NONE', #1165, #431 ) ;
#2771 = VERTEX_POINT ( 'NONE', #2452 ) ;
#2772 = EDGE_LOOP ( 'NONE', ( #2505, #322, #2620, #2007 ) ) ;
#2773 = CLOSED_SHELL ( 'NONE', ( #407, #716, #3091, #1943, #271, #2087, #1427, #3110, #213, #1751, #1664, #1865, #320, #2874, #3689, #2948, #3184, #3892, #384, #1806, #836, #3986, #782, #3301, #23, #3590, #1299, #3266, #3616, #3561, #2503, #1496, #1073, #569, #2137, #230, #1489, #874, #3159, #3467, #2151, #336, #760, #3718, #2003, #481, #3331, #2973, #1678, #192, #1366, #2527, #3140, #1394, #2404, #1567, #586, #2953, #877, #166, #1968, #2853, #2255, #1100, #1044, #266, #997, #3392, #694, #2436, #3842, #1050, #2603, #112, #2679, #2426, #3735, #721, #3355, #3594, #2780, #2352, #381, #2348, #2249, #530 ) ) ;
#2774 = SURFACE_STYLE_USAGE ( .BOTH. , #49 ) ;
#2775 = MECHANICAL_DESIGN_GEOMETRIC_PRESENTATION_REPRESENTATION (  '', ( #2517 ), #755 ) ;
#2776 = SURFACE_STYLE_USAGE ( .BOTH. , #2425 ) ;
#2777 = EDGE_LOOP ( 'NONE', ( #3232, #528, #3671, #2491 ) ) ;
#2778 = VECTOR ( 'NONE', #1414, 1000.000000000000000 ) ;
#2779 =( NAMED_UNIT ( * ) PLANE_ANGLE_UNIT ( ) SI_UNIT ( $, .RADIAN. ) );
#2780 = ADVANCED_FACE ( 'NONE', ( #3709 ), #624, .F. ) ;
#2781 = DIRECTION ( 'NONE',  ( 0.3853006803259598212, 0.9227910845583372490, -2.002215937632559313E-16 ) ) ;
#2782 = LINE ( 'NONE', #1799, #1628 ) ;
#2783 = DIRECTION ( 'NONE',  ( -1.000000000000000000, 9.032596777496193475E-17, 0.000000000000000000 ) ) ;
#2784 = EDGE_CURVE ( 'NONE', #400, #3662, #2260, .T. ) ;
#2785 = CARTESIAN_POINT ( 'NONE',  ( 3.394831883202001688, 1.844563999893709116, -0.6200000000000001066 ) ) ;
#2786 = ORIENTED_EDGE ( 'NONE', *, *, #3290, .T. ) ;
#2787 = DIRECTION ( 'NONE',  ( 0.000000000000000000, -0.9961946980917455452, -0.08715574274765836016 ) ) ;
#2788 = ORIENTED_EDGE ( 'NONE', *, *, #3932, .F. ) ;
#2789 = DIRECTION ( 'NONE',  ( 0.000000000000000000, 0.000000000000000000, 1.000000000000000000 ) ) ;
#2790 = FILL_AREA_STYLE_COLOUR ( '', #1009 ) ;
#2791 = EDGE_LOOP ( 'NONE', ( #1303, #2292, #3143, #87 ) ) ;
#2792 = VERTEX_POINT ( 'NONE', #3806 ) ;
#2793 = DIRECTION ( 'NONE',  ( 0.000000000000000000, 1.000000000000000000, 0.000000000000000000 ) ) ;
#2794 = AXIS2_PLACEMENT_3D ( 'NONE', #2633, #494, #209 ) ;
#2795 = DIRECTION ( 'NONE',  ( -0.000000000000000000, 0.000000000000000000, -1.000000000000000000 ) ) ;
#2796 = ORIENTED_EDGE ( 'NONE', *, *, #3634, .F. ) ;
#2797 =( LENGTH_UNIT ( ) NAMED_UNIT ( * ) SI_UNIT ( .MILLI., .METRE. ) );
#2798 = CARTESIAN_POINT ( 'NONE',  ( -5.074014682674854448, -0.09999999999999999167, -1.520000000000000018 ) ) ;
#2799 = AXIS2_PLACEMENT_3D ( 'NONE', #3465, #2839, #2178 ) ;
#2800 = FACE_OUTER_BOUND ( 'NONE', #658, .T. ) ;
#2801 = CARTESIAN_POINT ( 'NONE',  ( -3.403105161170366433, 1.750000000000000000, 2.443105161170367357 ) ) ;
#2802 = PRESENTATION_STYLE_ASSIGNMENT (( #1545 ) ) ;
#2803 = AXIS2_PLACEMENT_3D ( 'NONE', #960, #2795, #2210 ) ;
#2804 = ORIENTED_EDGE ( 'NONE', *, *, #3241, .T. ) ;
#2805 = EDGE_CURVE ( 'NONE', #2834, #634, #700, .T. ) ;
#2806 = VECTOR ( 'NONE', #1686, 1000.000000000000000 ) ;
#2807 = FACE_OUTER_BOUND ( 'NONE', #2118, .T. ) ;
#2808 = FILL_AREA_STYLE_COLOUR ( '', #3637 ) ;
#2809 = VERTEX_POINT ( 'NONE', #1633 ) ;
#2810 = CARTESIAN_POINT ( 'NONE',  ( -3.249999999999999556, 0.000000000000000000, 0.6199999999999998845 ) ) ;
#2811 = CARTESIAN_POINT ( 'NONE',  ( -3.389506273257251845, 1.594563999893709783, -0.6199999999999999956 ) ) ;
#2812 = EDGE_LOOP ( 'NONE', ( #2577, #1102, #2645, #2945, #53, #1434, #2164, #1067 ) ) ;
#2813 =( LENGTH_UNIT ( ) NAMED_UNIT ( * ) SI_UNIT ( .MILLI., .METRE. ) );
#2814 = DIRECTION ( 'NONE',  ( -0.000000000000000000, -0.000000000000000000, 1.000000000000000000 ) ) ;
#2815 = CARTESIAN_POINT ( 'NONE',  ( 4.473853843442727296, 0.1999999999999998723, 1.920000000000000151 ) ) ;
#2816 = SURFACE_STYLE_FILL_AREA ( #3112 ) ;
#2817 = PRESENTATION_LAYER_ASSIGNMENT (  '', '', ( #1894 ) ) ;
#2818 = DIRECTION ( 'NONE',  ( 1.000000000000000000, -0.000000000000000000, 0.000000000000000000 ) ) ;
#2819 = SURFACE_STYLE_USAGE ( .BOTH. , #2555 ) ;
#2820 = CARTESIAN_POINT ( 'NONE',  ( -4.473853843442727296, -0.1000000000000002137, -0.6200000000000001066 ) ) ;
#2821 =( LENGTH_UNIT ( ) NAMED_UNIT ( * ) SI_UNIT ( .MILLI., .METRE. ) );
#2822 =( LENGTH_UNIT ( ) NAMED_UNIT ( * ) SI_UNIT ( .MILLI., .METRE. ) );
#2823 =( GEOMETRIC_REPRESENTATION_CONTEXT ( 3 ) GLOBAL_UNCERTAINTY_ASSIGNED_CONTEXT ( ( #3951 ) ) GLOBAL_UNIT_ASSIGNED_CONTEXT ( ( #539, #1174, #810 ) ) REPRESENTATION_CONTEXT ( 'NONE', 'WORKASPACE' ) );
#2824 = CARTESIAN_POINT ( 'NONE',  ( 5.074014682674854448, 0.1500000000000000222, -1.520000000000000018 ) ) ;
#2825 = PRESENTATION_LAYER_ASSIGNMENT (  '', '', ( #287 ) ) ;
#2826 = VECTOR ( 'NONE', #41, 1000.000000000000000 ) ;
#2827 =( NAMED_UNIT ( * ) SI_UNIT ( $, .STERADIAN. ) SOLID_ANGLE_UNIT ( ) );
#2828 = CYLINDRICAL_SURFACE ( 'NONE', #3793, 0.2999999999999999334 ) ;
#2829 = EDGE_LOOP ( 'NONE', ( #866, #3849, #2486, #3888 ) ) ;
#2830 = ORIENTED_EDGE ( 'NONE', *, *, #1249, .T. ) ;
#2831 = UNCERTAINTY_MEASURE_WITH_UNIT (LENGTH_MEASURE( 1.000000000000000082E-05 ), #3015, 'distance_accuracy_value', 'NONE');
#2832 = CARTESIAN_POINT ( 'NONE',  ( -4.197016518075225910, 0.08440979590221189821, 1.920000000000000151 ) ) ;
#2833 = EDGE_CURVE ( 'NONE', #1607, #1513, #3194, .T. ) ;
#2834 = VERTEX_POINT ( 'NONE', #30 ) ;
#2835 = VERTEX_POINT ( 'NONE', #1580 ) ;
#2836 = DIRECTION ( 'NONE',  ( 0.3853006803259597102, -0.9227910845583373600, 0.000000000000000000 ) ) ;
#2837 =( GEOMETRIC_REPRESENTATION_CONTEXT ( 3 ) GLOBAL_UNCERTAINTY_ASSIGNED_CONTEXT ( ( #1069 ) ) GLOBAL_UNIT_ASSIGNED_CONTEXT ( ( #631, #1566, #3448 ) ) REPRESENTATION_CONTEXT ( 'NONE', 'WORKASPACE' ) );
#2838 = CARTESIAN_POINT ( 'NONE',  ( -5.074014682674854448, 0.1500000000000000777, 1.020000000000000018 ) ) ;
#2839 = DIRECTION ( 'NONE',  ( -0.000000000000000000, -0.000000000000000000, -1.000000000000000000 ) ) ;
#2840 = UNCERTAINTY_MEASURE_WITH_UNIT (LENGTH_MEASURE( 1.000000000000000082E-05 ), #1235, 'distance_accuracy_value', 'NONE');
#2841 = SURFACE_STYLE_FILL_AREA ( #725 ) ;
#2842 = LINE ( 'NONE', #4025, #1459 ) ;
#2843 = AXIS2_PLACEMENT_3D ( 'NONE', #3486, #390, #993 ) ;
#2844 =( NAMED_UNIT ( * ) PLANE_ANGLE_UNIT ( ) SI_UNIT ( $, .RADIAN. ) );
#2845 = STYLED_ITEM ( 'NONE', ( #3688 ), #836 ) ;
#2846 = ORIENTED_EDGE ( 'NONE', *, *, #797, .F. ) ;
#2847 = ORIENTED_EDGE ( 'NONE', *, *, #3169, .T. ) ;
#2848 = EDGE_CURVE ( 'NONE', #424, #880, #3479, .T. ) ;
#2849 = EDGE_CURVE ( 'NONE', #3728, #3189, #55, .T. ) ;
#2850 = FILL_AREA_STYLE_COLOUR ( '', #129 ) ;
#2851 = VECTOR ( 'NONE', #726, 1000.000000000000000 ) ;
#2852 =( LENGTH_UNIT ( ) NAMED_UNIT ( * ) SI_UNIT ( .MILLI., .METRE. ) );
#2853 = ADVANCED_FACE ( 'NONE', ( #930 ), #679, .F. ) ;
#2854 = COLOUR_RGB ( '',0.6470588235294117974, 0.6196078431372549211, 0.5882352941176470784 ) ;
#2855 = PRESENTATION_STYLE_ASSIGNMENT (( #1868 ) ) ;
#2856 = AXIS2_PLACEMENT_3D ( 'NONE', #2815, #3217, #3151 ) ;
#2857 = CARTESIAN_POINT ( 'NONE',  ( -3.810000000000000053, 1.660154203991497823, -0.6200000000000001066 ) ) ;
#2858 = PLANE ( 'NONE',  #2108 ) ;
#2859 = LINE ( 'NONE', #77, #1578 ) ;
#2860 = VECTOR ( 'NONE', #387, 1000.000000000000000 ) ;
#2861 = ORIENTED_EDGE ( 'NONE', *, *, #1551, .F. ) ;
#2862 =( NAMED_UNIT ( * ) PLANE_ANGLE_UNIT ( ) SI_UNIT ( $, .RADIAN. ) );
#2863 = PRESENTATION_LAYER_ASSIGNMENT (  '', '', ( #3724 ) ) ;
#2864 = PRODUCT ( 'APC-817C1-SL', 'APC-817C1-SL', '', ( #1813 ) ) ;
#2865 = MECHANICAL_DESIGN_GEOMETRIC_PRESENTATION_REPRESENTATION (  '', ( #2936 ), #2285 ) ;
#2866 = DIRECTION ( 'NONE',  ( -1.000000000000000000, 0.000000000000000000, 0.000000000000000000 ) ) ;
#2867 = SURFACE_STYLE_USAGE ( .BOTH. , #1001 ) ;
#2868 = ORIENTED_EDGE ( 'NONE', *, *, #3484, .T. ) ;
#2869 = ORIENTED_EDGE ( 'NONE', *, *, #966, .T. ) ;
#2870 = STYLED_ITEM ( 'NONE', ( #279 ), #2352 ) ;
#2871 = DIRECTION ( 'NONE',  ( 0.000000000000000000, 0.000000000000000000, 1.000000000000000000 ) ) ;
#2872 = DIRECTION ( 'NONE',  ( -0.08715574274765837404, 0.9961946980917455452, 2.161482631205734934E-16 ) ) ;
#2873 = COLOUR_RGB ( '',0.6470588235294117974, 0.6196078431372549211, 0.5882352941176470784 ) ;
#2874 = ADVANCED_FACE ( 'NONE', ( #1296 ), #1108, .T. ) ;
#2875 = ORIENTED_EDGE ( 'NONE', *, *, #1924, .F. ) ;
#2876 = EDGE_LOOP ( 'NONE', ( #1346, #2687, #3043, #1106 ) ) ;
#2877 =( LENGTH_UNIT ( ) NAMED_UNIT ( * ) SI_UNIT ( .MILLI., .METRE. ) );
#2878 = DIRECTION ( 'NONE',  ( 0.000000000000000000, 0.000000000000000000, 1.000000000000000000 ) ) ;
#2879 =( NAMED_UNIT ( * ) PLANE_ANGLE_UNIT ( ) SI_UNIT ( $, .RADIAN. ) );
#2880 = EDGE_CURVE ( 'NONE', #3189, #1857, #465, .T. ) ;
#2881 =( NAMED_UNIT ( * ) PLANE_ANGLE_UNIT ( ) SI_UNIT ( $, .RADIAN. ) );
#2883 = EDGE_CURVE ( 'NONE', #1470, #308, #1933, .T. ) ;
#2882 = LINE ( 'NONE', #3625, #3176 ) ;
#2884 = PRESENTATION_STYLE_ASSIGNMENT (( #1622 ) ) ;
#2885 = VERTEX_POINT ( 'NONE', #2691 ) ;
#2886 = STYLED_ITEM ( 'NONE', ( #3786 ), #3266 ) ;
#2887 = DIRECTION ( 'NONE',  ( -1.000000000000000000, -1.303481574384949276E-14, 0.000000000000000000 ) ) ;
#2888 = VECTOR ( 'NONE', #3123, 1000.000000000000000 ) ;
#2889 = STYLED_ITEM ( 'NONE', ( #3969 ), #2679 ) ;
#2890 = FILL_AREA_STYLE_COLOUR ( '', #2634 ) ;
#2891 = PRESENTATION_LAYER_ASSIGNMENT (  '', '', ( #3370 ) ) ;
#2892 = ORIENTED_EDGE ( 'NONE', *, *, #3085, .F. ) ;
#2893 = FACE_OUTER_BOUND ( 'NONE', #3785, .T. ) ;
#2894 = DIRECTION ( 'NONE',  ( -0.000000000000000000, 0.000000000000000000, 1.000000000000000000 ) ) ;
#2895 = CARTESIAN_POINT ( 'NONE',  ( 4.703105161170367587, 0.8451791884718238279, -1.920000000000000151 ) ) ;
#2896 = STYLED_ITEM ( 'NONE', ( #1672 ), #3892 ) ;
#2897 = ORIENTED_EDGE ( 'NONE', *, *, #3165, .F. ) ;
#2898 = FILL_AREA_STYLE_COLOUR ( '', #1479 ) ;
#2899 = LINE ( 'NONE', #2647, #3097 ) ;
#2900 = CARTESIAN_POINT ( 'NONE',  ( -4.573773423826661855, 0.3500000000000000333, -0.6200000000000001066 ) ) ;
#2901 =( NAMED_UNIT ( * ) SI_UNIT ( $, .STERADIAN. ) SOLID_ANGLE_UNIT ( ) );
#2902 = AXIS2_PLACEMENT_3D ( 'NONE', #545, #1760, #2968 ) ;
#2903 = VECTOR ( 'NONE', #1177, 1000.000000000000000 ) ;
#2904 = EDGE_CURVE ( 'NONE', #861, #1535, #1212, .T. ) ;
#2905 = FACE_OUTER_BOUND ( 'NONE', #3188, .T. ) ;
#2906 = MECHANICAL_DESIGN_GEOMETRIC_PRESENTATION_REPRESENTATION (  '', ( #3105 ), #3444 ) ;
#2907 = ORIENTED_EDGE ( 'NONE', *, *, #1397, .T. ) ;
#2908 = DIRECTION ( 'NONE',  ( -0.000000000000000000, -0.000000000000000000, -1.000000000000000000 ) ) ;
#2909 = EDGE_CURVE ( 'NONE', #2252, #308, #4021, .T. ) ;
#2910 = AXIS2_PLACEMENT_3D ( 'NONE', #525, #1184, #3009 ) ;
#2911 = ORIENTED_EDGE ( 'NONE', *, *, #235, .T. ) ;
#2912 =( LENGTH_UNIT ( ) NAMED_UNIT ( * ) SI_UNIT ( .MILLI., .METRE. ) );
#2913 = VECTOR ( 'NONE', #3721, 1000.000000000000000 ) ;
#2914 = ORIENTED_EDGE ( 'NONE', *, *, #951, .T. ) ;
#2915 =( GEOMETRIC_REPRESENTATION_CONTEXT ( 3 ) GLOBAL_UNCERTAINTY_ASSIGNED_CONTEXT ( ( #2050 ) ) GLOBAL_UNIT_ASSIGNED_CONTEXT ( ( #1934, #2881, #94 ) ) REPRESENTATION_CONTEXT ( 'NONE', 'WORKASPACE' ) );
#2916 = DIRECTION ( 'NONE',  ( 0.3853006803259597102, 0.9227910845583373600, -0.000000000000000000 ) ) ;
#2917 = CARTESIAN_POINT ( 'NONE',  ( 3.533162674632499112, 1.544563999893710182, 0.6200000000000001066 ) ) ;
#2918 = ORIENTED_EDGE ( 'NONE', *, *, #2676, .F. ) ;
#2919 = VECTOR ( 'NONE', #1841, 1000.000000000000000 ) ;
#2920 = FILL_AREA_STYLE_COLOUR ( '', #62 ) ;
#2921 = SURFACE_SIDE_STYLE ('',( #1354 ) ) ;
#2922 = CARTESIAN_POINT ( 'NONE',  ( -3.403105161170366433, 1.750000000000000000, 2.443105161170367357 ) ) ;
#2923 = UNCERTAINTY_MEASURE_WITH_UNIT (LENGTH_MEASURE( 1.000000000000000082E-05 ), #957, 'distance_accuracy_value', 'NONE');
#2924 = SURFACE_STYLE_USAGE ( .BOTH. , #3608 ) ;
#2925 = PRESENTATION_STYLE_ASSIGNMENT (( #1037 ) ) ;
#2926 = DIRECTION ( 'NONE',  ( 0.000000000000000000, -0.9961946980917455452, -0.08715574274765836016 ) ) ;
#2927 = EDGE_CURVE ( 'NONE', #1872, #325, #914, .T. ) ;
#2928 = CARTESIAN_POINT ( 'NONE',  ( 3.617801311160230959, 1.471624135958901958, 1.920000000000000151 ) ) ;
#2929 = COLOUR_RGB ( '',0.6470588235294117974, 0.6196078431372549211, 0.5882352941176470784 ) ;
#2930 = SURFACE_STYLE_FILL_AREA ( #3531 ) ;
#2931 = DIRECTION ( 'NONE',  ( 0.000000000000000000, -0.000000000000000000, 1.000000000000000000 ) ) ;
#2932 = UNCERTAINTY_MEASURE_WITH_UNIT (LENGTH_MEASURE( 1.000000000000000082E-05 ), #703, 'distance_accuracy_value', 'NONE');
#2933 = ORIENTED_EDGE ( 'NONE', *, *, #1736, .T. ) ;
#2934 = DIRECTION ( 'NONE',  ( -0.3853006803259595991, 0.9227910845583373600, 0.000000000000000000 ) ) ;
#2935 = ORIENTED_EDGE ( 'NONE', *, *, #143, .T. ) ;
#2936 = STYLED_ITEM ( 'NONE', ( #26 ), #2137 ) ;
#2937 = LINE ( 'NONE', #1372, #1632 ) ;
#2938 = COLOUR_RGB ( '',0.6470588235294117974, 0.6196078431372549211, 0.5882352941176470784 ) ;
#2939 = LINE ( 'NONE', #1053, #455 ) ;
#2940 = LINE ( 'NONE', #471, #125 ) ;
#2941 = DIRECTION ( 'NONE',  ( -1.000000000000000000, 9.032596777496193475E-17, 0.000000000000000000 ) ) ;
#2942 = PRESENTATION_STYLE_ASSIGNMENT (( #1141 ) ) ;
#2943 = ORIENTED_EDGE ( 'NONE', *, *, #1292, .T. ) ;
#2944 = STYLED_ITEM ( 'NONE', ( #2942 ), #3140 ) ;
#2945 = ORIENTED_EDGE ( 'NONE', *, *, #2849, .F. ) ;
#2946 = AXIS2_PLACEMENT_3D ( 'NONE', #2528, #2231, #3439 ) ;
#2947 = MECHANICAL_DESIGN_GEOMETRIC_PRESENTATION_REPRESENTATION (  '', ( #2889 ), #1421 ) ;
#2948 = ADVANCED_FACE ( 'NONE', ( #2800 ), #3198, .F. ) ;
#2949 =( GEOMETRIC_REPRESENTATION_CONTEXT ( 3 ) GLOBAL_UNCERTAINTY_ASSIGNED_CONTEXT ( ( #647 ) ) GLOBAL_UNIT_ASSIGNED_CONTEXT ( ( #3480, #1082, #3177 ) ) REPRESENTATION_CONTEXT ( 'NONE', 'WORKASPACE' ) );
#2950 = FILL_AREA_STYLE ('',( #382 ) ) ;
#2951 = DIRECTION ( 'NONE',  ( -0.08715574274765849894, -0.9961946980917455452, -2.161482631205734934E-16 ) ) ;
#2952 = ORIENTED_EDGE ( 'NONE', *, *, #1219, .T. ) ;
#2953 = ADVANCED_FACE ( 'NONE', ( #2724 ), #2097, .T. ) ;
#2954 = FILL_AREA_STYLE ('',( #3523 ) ) ;
#2955 = CYLINDRICAL_SURFACE ( 'NONE', #2366, 0.1999999999999996503 ) ;
#2956 = SURFACE_STYLE_USAGE ( .BOTH. , #106 ) ;
#2957 = COLOUR_RGB ( '',0.6470588235294117974, 0.6196078431372549211, 0.5882352941176470784 ) ;
#2958 = UNCERTAINTY_MEASURE_WITH_UNIT (LENGTH_MEASURE( 1.000000000000000082E-05 ), #1032, 'distance_accuracy_value', 'NONE');
#2959 = MECHANICAL_DESIGN_GEOMETRIC_PRESENTATION_REPRESENTATION (  '', ( #2034 ), #356 ) ;
#2960 = VECTOR ( 'NONE', #2871, 1000.000000000000000 ) ;
#2961 = CARTESIAN_POINT ( 'NONE',  ( 3.879366110054072170, 0.8451791884718238279, 1.920000000000000151 ) ) ;
#2962 = MANIFOLD_SOLID_BREP ( 'Mirror3', #2773 ) ;
#2963 = AXIS2_PLACEMENT_3D ( 'NONE', #1428, #3999, #3912 ) ;
#2964 = ORIENTED_EDGE ( 'NONE', *, *, #3002, .F. ) ;
#2965 = FACE_OUTER_BOUND ( 'NONE', #1927, .T. ) ;
#2966 = CARTESIAN_POINT ( 'NONE',  ( 4.573773423826661855, -0.1000000000000002137, -1.520000000000000018 ) ) ;
#2967 = EDGE_LOOP ( 'NONE', ( #1549, #420, #1166, #1471, #3963, #2506, #1281, #2501, #379 ) ) ;
#2968 = DIRECTION ( 'NONE',  ( -0.000000000000000000, 0.000000000000000000, -1.000000000000000000 ) ) ;
#2969 = DIRECTION ( 'NONE',  ( 0.000000000000000000, 2.169739143709707832E-16, 1.000000000000000000 ) ) ;
#2970 = FACE_OUTER_BOUND ( 'NONE', #3984, .T. ) ;
#2971 = ORIENTED_EDGE ( 'NONE', *, *, #3738, .F. ) ;
#2972 = VERTEX_POINT ( 'NONE', #1239 ) ;
#2973 = ADVANCED_FACE ( 'NONE', ( #1804 ), #902, .F. ) ;
#2974 = MECHANICAL_DESIGN_GEOMETRIC_PRESENTATION_REPRESENTATION (  '', ( #2384 ), #2915 ) ;
#2975 = CARTESIAN_POINT ( 'NONE',  ( -3.617801311160230959, 1.471624135958901958, -1.920000000000000151 ) ) ;
#2976 = FILL_AREA_STYLE ('',( #2648 ) ) ;
#2977 = SURFACE_SIDE_STYLE ('',( #1091 ) ) ;
#2978 = EDGE_CURVE ( 'NONE', #1008, #1778, #956, .T. ) ;
#2979 =( NAMED_UNIT ( * ) SI_UNIT ( $, .STERADIAN. ) SOLID_ANGLE_UNIT ( ) );
#2980 = EDGE_CURVE ( 'NONE', #3380, #852, #1955, .T. ) ;
#2981 = CARTESIAN_POINT ( 'NONE',  ( -3.810000000000000053, 1.660154203991497823, 0.6200000000000001066 ) ) ;
#2982 = DIRECTION ( 'NONE',  ( 0.000000000000000000, 0.000000000000000000, 1.000000000000000000 ) ) ;
#2983 = ORIENTED_EDGE ( 'NONE', *, *, #3114, .F. ) ;
#2984 = SURFACE_STYLE_USAGE ( .BOTH. , #1426 ) ;
#2985 = VECTOR ( 'NONE', #2781, 1000.000000000000227 ) ;
#2986 = DIRECTION ( 'NONE',  ( 1.000000000000000000, -0.000000000000000000, -0.000000000000000000 ) ) ;
#2987 = CARTESIAN_POINT ( 'NONE',  ( -3.200346355037512858, 1.844563999893707340, 0.6200000000000001066 ) ) ;
#2988 = LINE ( 'NONE', #3006, #676 ) ;
#2989 = VERTEX_POINT ( 'NONE', #2824 ) ;
#2990 = FILL_AREA_STYLE ('',( #2390 ) ) ;
#2991 = FILL_AREA_STYLE ('',( #1104 ) ) ;
#2992 = PRESENTATION_STYLE_ASSIGNMENT (( #612 ) ) ;
#2993 = ORIENTED_EDGE ( 'NONE', *, *, #804, .T. ) ;
#2994 = ORIENTED_EDGE ( 'NONE', *, *, #3262, .T. ) ;
#2995 = MECHANICAL_DESIGN_GEOMETRIC_PRESENTATION_REPRESENTATION (  '', ( #1034 ), #1356 ) ;
#2996 = DIRECTION ( 'NONE',  ( 0.000000000000000000, 1.000000000000000000, 0.000000000000000000 ) ) ;
#2997 = SURFACE_STYLE_USAGE ( .BOTH. , #788 ) ;
#2998 = DIRECTION ( 'NONE',  ( -0.000000000000000000, -0.000000000000000000, 1.000000000000000000 ) ) ;
#2999 = EDGE_CURVE ( 'NONE', #3655, #1387, #302, .T. ) ;
#3000 = CARTESIAN_POINT ( 'NONE',  ( -4.573773423826661855, 0.1499999999999999667, 0.6200000000000001066 ) ) ;
#3001 = SURFACE_SIDE_STYLE ('',( #1214 ) ) ;
#3002 = EDGE_CURVE ( 'NONE', #903, #60, #1262, .T. ) ;
#3003 = FILL_AREA_STYLE ('',( #3333 ) ) ;
#3004 = DIRECTION ( 'NONE',  ( 0.08682659386424780579, -0.9924325091389669673, -0.08682659386424779191 ) ) ;
#3005 = EDGE_CURVE ( 'NONE', #3244, #1208, #1893, .T. ) ;
#3006 = CARTESIAN_POINT ( 'NONE',  ( 3.617801311160230959, 1.471624135958901958, -0.6200000000000001066 ) ) ;
#3007 = DIRECTION ( 'NONE',  ( 0.000000000000000000, 1.000000000000000000, 0.000000000000000000 ) ) ;
#3008 = PRESENTATION_STYLE_ASSIGNMENT (( #823 ) ) ;
#3009 = DIRECTION ( 'NONE',  ( 1.000000000000000000, 0.000000000000000000, 0.000000000000000000 ) ) ;
#3010 = VERTEX_POINT ( 'NONE', #4003 ) ;
#3011 = COLOUR_RGB ( '',0.6470588235294117974, 0.6196078431372549211, 0.5882352941176470784 ) ;
#3012 = VERTEX_POINT ( 'NONE', #1179 ) ;
#3013 = CARTESIAN_POINT ( 'NONE',  ( 4.573773423826661855, 0.1499999999999999667, 1.920000000000000151 ) ) ;
#3014 = STYLED_ITEM ( 'NONE', ( #1175 ), #3184 ) ;
#3015 =( LENGTH_UNIT ( ) NAMED_UNIT ( * ) SI_UNIT ( .MILLI., .METRE. ) );
#3016 = FILL_AREA_STYLE ('',( #2751 ) ) ;
#3017 = DIRECTION ( 'NONE',  ( 0.000000000000000000, 0.000000000000000000, -1.000000000000000000 ) ) ;
#3018 = ORIENTED_EDGE ( 'NONE', *, *, #2278, .T. ) ;
#3019 = SURFACE_SIDE_STYLE ('',( #1794 ) ) ;
#3020 = MECHANICAL_DESIGN_GEOMETRIC_PRESENTATION_REPRESENTATION (  '', ( #222 ), #289 ) ;
#3021 = DIRECTION ( 'NONE',  ( -1.000000000000000000, -9.032596777496193475E-17, 0.000000000000000000 ) ) ;
#3022 = LINE ( 'NONE', #2383, #3980 ) ;
#3023 = AXIS2_PLACEMENT_3D ( 'NONE', #442, #1670, #2934 ) ;
#3024 = STYLED_ITEM ( 'NONE', ( #3064 ), #3986 ) ;
#3025 = EDGE_CURVE ( 'NONE', #1539, #3144, #1326, .T. ) ;
#3026 = LINE ( 'NONE', #2091, #1077 ) ;
#3027 = VECTOR ( 'NONE', #3038, 1000.000000000000114 ) ;
#3028 = FILL_AREA_STYLE ('',( #1757 ) ) ;
#3029 = COLOUR_RGB ( '',0.6470588235294117974, 0.6196078431372549211, 0.5882352941176470784 ) ;
#3030 = FILL_AREA_STYLE_COLOUR ( '', #4014 ) ;
#3031 = EDGE_CURVE ( 'NONE', #732, #1535, #2542, .T. ) ;
#3032 =( GEOMETRIC_REPRESENTATION_CONTEXT ( 3 ) GLOBAL_UNCERTAINTY_ASSIGNED_CONTEXT ( ( #2626 ) ) GLOBAL_UNIT_ASSIGNED_CONTEXT ( ( #3934, #2349, #798 ) ) REPRESENTATION_CONTEXT ( 'NONE', 'WORKASPACE' ) );
#3033 = DIRECTION ( 'NONE',  ( 1.000000000000000000, 8.469914131292437023E-15, 0.000000000000000000 ) ) ;
#3034 = DIRECTION ( 'NONE',  ( -0.000000000000000000, -0.000000000000000000, -1.000000000000000000 ) ) ;
#3035 = DIRECTION ( 'NONE',  ( 0.08715574274765768015, -0.9961946980917455452, 2.161482631205734934E-16 ) ) ;
#3036 = ORIENTED_EDGE ( 'NONE', *, *, #1683, .T. ) ;
#3037 = VERTEX_POINT ( 'NONE', #1362 ) ;
#3038 = DIRECTION ( 'NONE',  ( -0.08682659386424780579, -0.9924325091389669673, 0.08682659386424779191 ) ) ;
#3039 = COLOUR_RGB ( '',0.6470588235294117974, 0.6196078431372549211, 0.5882352941176470784 ) ;
#3040 = CYLINDRICAL_SURFACE ( 'NONE', #924, 0.1999999999999996503 ) ;
#3041 = FILL_AREA_STYLE_COLOUR ( '', #1228 ) ;
#3042 = FILL_AREA_STYLE ('',( #1170 ) ) ;
#3043 = ORIENTED_EDGE ( 'NONE', *, *, #317, .F. ) ;
#3044 = PRESENTATION_LAYER_ASSIGNMENT (  '', '', ( #2049 ) ) ;
#3045 = CARTESIAN_POINT ( 'NONE',  ( -3.879366110054072170, 0.8451791884718238279, -1.920000000000000151 ) ) ;
#3046 = UNCERTAINTY_MEASURE_WITH_UNIT (LENGTH_MEASURE( 1.000000000000000082E-05 ), #3201, 'distance_accuracy_value', 'NONE');
#3047 =( LENGTH_UNIT ( ) NAMED_UNIT ( * ) SI_UNIT ( .MILLI., .METRE. ) );
#3048 = LINE ( 'NONE', #2738, #2393 ) ;
#3049 =( GEOMETRIC_REPRESENTATION_CONTEXT ( 3 ) GLOBAL_UNCERTAINTY_ASSIGNED_CONTEXT ( ( #1716 ) ) GLOBAL_UNIT_ASSIGNED_CONTEXT ( ( #3047, #2431, #1907 ) ) REPRESENTATION_CONTEXT ( 'NONE', 'WORKASPACE' ) );
#3050 = SURFACE_STYLE_FILL_AREA ( #2459 ) ;
#3051 = COLOUR_RGB ( '',0.2980392156862745057, 0.2980392156862745057, 0.2980392156862745057 ) ;
#3052 = EDGE_CURVE ( 'NONE', #377, #1565, #3797, .T. ) ;
#3053 = LINE ( 'NONE', #3611, #3103 ) ;
#3054 =( NAMED_UNIT ( * ) PLANE_ANGLE_UNIT ( ) SI_UNIT ( $, .RADIAN. ) );
#3055 = ORIENTED_EDGE ( 'NONE', *, *, #900, .F. ) ;
#3056 = FILL_AREA_STYLE ('',( #2920 ) ) ;
#3057 = PRESENTATION_LAYER_ASSIGNMENT (  '', '', ( #3716 ) ) ;
#3058 =( LENGTH_UNIT ( ) NAMED_UNIT ( * ) SI_UNIT ( .MILLI., .METRE. ) );
#3059 =( NAMED_UNIT ( * ) PLANE_ANGLE_UNIT ( ) SI_UNIT ( $, .RADIAN. ) );
#3060 = PLANE ( 'NONE',  #3 ) ;
#3061 = SURFACE_STYLE_FILL_AREA ( #219 ) ;
#3062 = ORIENTED_EDGE ( 'NONE', *, *, #2725, .T. ) ;
#3063 = ORIENTED_EDGE ( 'NONE', *, *, #2214, .F. ) ;
#3064 = PRESENTATION_STYLE_ASSIGNMENT (( #2997 ) ) ;
#3065 = DIRECTION ( 'NONE',  ( -1.000000000000000000, 1.083679278056636965E-16, 0.000000000000000000 ) ) ;
#3066 = PRESENTATION_STYLE_ASSIGNMENT (( #3405 ) ) ;
#3067 = DIRECTION ( 'NONE',  ( -0.000000000000000000, 0.000000000000000000, -1.000000000000000000 ) ) ;
#3068 = COLOUR_RGB ( '',0.6470588235294117974, 0.6196078431372549211, 0.5882352941176470784 ) ;
#3069 = ORIENTED_EDGE ( 'NONE', *, *, #136, .T. ) ;
#3070 =( LENGTH_UNIT ( ) NAMED_UNIT ( * ) SI_UNIT ( .MILLI., .METRE. ) );
#3071 = CARTESIAN_POINT ( 'NONE',  ( 4.389215206914994560, 0.2729398639348082911, 1.920000000000000151 ) ) ;
#3072 = AXIS2_PLACEMENT_3D ( 'NONE', #2083, #3705, #4034 ) ;
#3073 = SURFACE_STYLE_USAGE ( .BOTH. , #1196 ) ;
#3074 = DIRECTION ( 'NONE',  ( -0.000000000000000000, -0.000000000000000000, 1.000000000000000000 ) ) ;
#3075 = PRESENTATION_STYLE_ASSIGNMENT (( #585 ) ) ;
#3076 = VECTOR ( 'NONE', #885, 1000.000000000000000 ) ;
#3077 =( NAMED_UNIT ( * ) SI_UNIT ( $, .STERADIAN. ) SOLID_ANGLE_UNIT ( ) );
#3078 = VERTEX_POINT ( 'NONE', #1345 ) ;
#3079 =( NAMED_UNIT ( * ) PLANE_ANGLE_UNIT ( ) SI_UNIT ( $, .RADIAN. ) );
#3080 = ORIENTED_EDGE ( 'NONE', *, *, #3992, .T. ) ;
#3081 = FACE_OUTER_BOUND ( 'NONE', #347, .T. ) ;
#3082 = ORIENTED_EDGE ( 'NONE', *, *, #2880, .F. ) ;
#3083 = ORIENTED_EDGE ( 'NONE', *, *, #946, .F. ) ;
#3084 = VECTOR ( 'NONE', #2581, 1000.000000000000000 ) ;
#3085 = EDGE_CURVE ( 'NONE', #3827, #3698, #1623, .T. ) ;
#3086 = CARTESIAN_POINT ( 'NONE',  ( 0.000000000000000000, 0.000000000000000000, 0.000000000000000000 ) ) ;
#3087 =( NAMED_UNIT ( * ) SI_UNIT ( $, .STERADIAN. ) SOLID_ANGLE_UNIT ( ) );
#3088 =( NAMED_UNIT ( * ) PLANE_ANGLE_UNIT ( ) SI_UNIT ( $, .RADIAN. ) );
#3089 =( LENGTH_UNIT ( ) NAMED_UNIT ( * ) SI_UNIT ( .MILLI., .METRE. ) );
#3090 = ORIENTED_EDGE ( 'NONE', *, *, #3642, .T. ) ;
#3091 = ADVANCED_FACE ( 'NONE', ( #1983 ), #1018, .F. ) ;
#3092 = LINE ( 'NONE', #581, #3269 ) ;
#3093 = CARTESIAN_POINT ( 'NONE',  ( 4.573773423826661855, -0.1000000000000002137, 0.6200000000000001066 ) ) ;
#3094 = DIRECTION ( 'NONE',  ( -9.469014606860301471E-17, -0.000000000000000000, -1.000000000000000000 ) ) ;
#3095 = DIRECTION ( 'NONE',  ( 9.032596777496193475E-17, 1.000000000000000000, 0.000000000000000000 ) ) ;
#3096 = DIRECTION ( 'NONE',  ( -0.000000000000000000, -0.000000000000000000, 1.000000000000000000 ) ) ;
#3097 = VECTOR ( 'NONE', #1972, 1000.000000000000227 ) ;
#3098 = CARTESIAN_POINT ( 'NONE',  ( 3.250000000000000888, 3.500000000000000000, 2.443105161170367357 ) ) ;
#3099 = ORIENTED_EDGE ( 'NONE', *, *, #2538, .F. ) ;
#3100 = DIRECTION ( 'NONE',  ( -1.000000000000000000, 0.000000000000000000, 0.000000000000000000 ) ) ;
#3101 = SURFACE_STYLE_FILL_AREA ( #593 ) ;
#3102 = ORIENTED_EDGE ( 'NONE', *, *, #3518, .T. ) ;
#3103 = VECTOR ( 'NONE', #3377, 1000.000000000000000 ) ;
#3104 = DIRECTION ( 'NONE',  ( 0.08715574274765768015, -0.9961946980917455452, -2.161482631205734934E-16 ) ) ;
#3105 = STYLED_ITEM ( 'NONE', ( #1861 ), #336 ) ;
#3106 = ORIENTED_EDGE ( 'NONE', *, *, #2909, .T. ) ;
#3107 = AXIS2_PLACEMENT_3D ( 'NONE', #3441, #2569, #329 ) ;
#3108 = LINE ( 'NONE', #644, #2919 ) ;
#3109 = CARTESIAN_POINT ( 'NONE',  ( -3.879366110054072170, 0.8451791884718238279, -1.519999999999999796 ) ) ;
#3110 = ADVANCED_FACE ( 'NONE', ( #1959 ), #1040, .F. ) ;
#3111 = MECHANICAL_DESIGN_GEOMETRIC_PRESENTATION_REPRESENTATION (  '', ( #2455 ), #3389 ) ;
#3112 = FILL_AREA_STYLE ('',( #781 ) ) ;
#3113 = FILL_AREA_STYLE ('',( #1845 ) ) ;
#3114 = EDGE_CURVE ( 'NONE', #304, #1687, #3483, .T. ) ;
#3115 = LINE ( 'NONE', #3376, #3320 ) ;
#3116 = FILL_AREA_STYLE_COLOUR ( '', #1589 ) ;
#3117 = COLOUR_RGB ( '',0.6470588235294117974, 0.6196078431372549211, 0.5882352941176470784 ) ;
#3118 = ORIENTED_EDGE ( 'NONE', *, *, #2578, .T. ) ;
#3119 = SURFACE_STYLE_FILL_AREA ( #1873 ) ;
#3120 = FILL_AREA_STYLE ('',( #2808 ) ) ;
#3121 = EDGE_LOOP ( 'NONE', ( #24, #2746, #3364, #3406, #1597, #2468 ) ) ;
#3122 = UNCERTAINTY_MEASURE_WITH_UNIT (LENGTH_MEASURE( 1.000000000000000082E-05 ), #1310, 'distance_accuracy_value', 'NONE');
#3123 = DIRECTION ( 'NONE',  ( -1.000000000000000000, -8.469914131292437023E-15, -0.000000000000000000 ) ) ;
#3124 = AXIS2_PLACEMENT_3D ( 'NONE', #1620, #95, #1323 ) ;
#3125 = DIRECTION ( 'NONE',  ( -0.000000000000000000, 0.000000000000000000, -1.000000000000000000 ) ) ;
#3126 = SURFACE_STYLE_USAGE ( .BOTH. , #984 ) ;
#3127 = EDGE_LOOP ( 'NONE', ( #3193, #1898, #3498, #459 ) ) ;
#3128 = ORIENTED_EDGE ( 'NONE', *, *, #1123, .F. ) ;
#3129 = EDGE_CURVE ( 'NONE', #3685, #1539, #1282, .T. ) ;
#3130 = DIRECTION ( 'NONE',  ( 1.000000000000000000, 9.032596777496193475E-17, 0.000000000000000000 ) ) ;
#3131 = UNCERTAINTY_MEASURE_WITH_UNIT (LENGTH_MEASURE( 1.000000000000000082E-05 ), #3058, 'distance_accuracy_value', 'NONE');
#3132 = CARTESIAN_POINT ( 'NONE',  ( 3.394831883202001688, 1.844563999893709116, -2.443105161170367357 ) ) ;
#3133 = LINE ( 'NONE', #337, #2563 ) ;
#3134 = CARTESIAN_POINT ( 'NONE',  ( -3.403105161170366433, 1.750000000000000000, -0.6199999999999998845 ) ) ;
#3135 = DIRECTION ( 'NONE',  ( 0.000000000000000000, 0.000000000000000000, -1.000000000000000000 ) ) ;
#3136 = PRESENTATION_STYLE_ASSIGNMENT (( #1870 ) ) ;
#3137 =( NAMED_UNIT ( * ) SI_UNIT ( $, .STERADIAN. ) SOLID_ANGLE_UNIT ( ) );
#3138 = EDGE_LOOP ( 'NONE', ( #2933, #578, #2259, #3860 ) ) ;
#3139 = DIRECTION ( 'NONE',  ( -0.000000000000000000, -0.000000000000000000, 1.000000000000000000 ) ) ;
#3140 = ADVANCED_FACE ( 'NONE', ( #231 ), #1384, .F. ) ;
#3141 = STYLED_ITEM ( 'NONE', ( #3762 ), #2151 ) ;
#3142 = FILL_AREA_STYLE_COLOUR ( '', #2340 ) ;
#3143 = ORIENTED_EDGE ( 'NONE', *, *, #1401, .F. ) ;
#3144 = VERTEX_POINT ( 'NONE', #3311 ) ;
#3145 = LINE ( 'NONE', #674, #982 ) ;
#3146 = DIRECTION ( 'NONE',  ( 0.08715574274765836016, -0.9961946980917455452, -0.000000000000000000 ) ) ;
#3147 = CARTESIAN_POINT ( 'NONE',  ( -4.473853843442727296, -0.1000000000000000472, -1.920000000000000151 ) ) ;
#3148 =( LENGTH_UNIT ( ) NAMED_UNIT ( * ) SI_UNIT ( .MILLI., .METRE. ) );
#3149 = FILL_AREA_STYLE ('',( #2898 ) ) ;
#3150 = DIRECTION ( 'NONE',  ( 1.000000000000000000, 1.303481574384949276E-14, 2.828214995047381501E-30 ) ) ;
#3151 = DIRECTION ( 'NONE',  ( -1.000000000000000000, 0.000000000000000000, 0.000000000000000000 ) ) ;
#3152 = VECTOR ( 'NONE', #267, 1000.000000000000114 ) ;
#3153 = COLOUR_RGB ( '',0.6470588235294117974, 0.6196078431372549211, 0.5882352941176470784 ) ;
#3154 = DIRECTION ( 'NONE',  ( 1.000000000000000000, 0.000000000000000000, 0.000000000000000000 ) ) ;
#3155 = FILL_AREA_STYLE_COLOUR ( '', #2759 ) ;
#3156 = CARTESIAN_POINT ( 'NONE',  ( -4.573773423826661855, -0.1000000000000002137, 1.520000000000000018 ) ) ;
#3157 = SURFACE_SIDE_STYLE ('',( #2520 ) ) ;
#3158 = DIRECTION ( 'NONE',  ( -1.000000000000000000, 0.000000000000000000, 0.000000000000000000 ) ) ;
#3159 = ADVANCED_FACE ( 'NONE', ( #2636 ), #2386, .F. ) ;
#3160 =( GEOMETRIC_REPRESENTATION_CONTEXT ( 3 ) GLOBAL_UNCERTAINTY_ASSIGNED_CONTEXT ( ( #1439 ) ) GLOBAL_UNIT_ASSIGNED_CONTEXT ( ( #3148, #1947, #348 ) ) REPRESENTATION_CONTEXT ( 'NONE', 'WORKASPACE' ) );
#3161 = CARTESIAN_POINT ( 'NONE',  ( -3.249999999999999556, 0.000000000000000000, 2.290000000000000480 ) ) ;
#3162 = EDGE_CURVE ( 'NONE', #200, #1087, #1562, .T. ) ;
#3163 =( GEOMETRIC_REPRESENTATION_CONTEXT ( 3 ) GLOBAL_UNCERTAINTY_ASSIGNED_CONTEXT ( ( #3046 ) ) GLOBAL_UNIT_ASSIGNED_CONTEXT ( ( #3201, #1302, #1057 ) ) REPRESENTATION_CONTEXT ( 'NONE', 'WORKASPACE' ) );
#3164 = CARTESIAN_POINT ( 'NONE',  ( 3.617801311160230959, 1.471624135958902180, -0.6200000000000001066 ) ) ;
#3165 = EDGE_CURVE ( 'NONE', #2834, #3685, #2782, .T. ) ;
#3166 = ORIENTED_EDGE ( 'NONE', *, *, #2278, .F. ) ;
#3167 = ORIENTED_EDGE ( 'NONE', *, *, #2650, .T. ) ;
#3168 =( GEOMETRIC_REPRESENTATION_CONTEXT ( 3 ) GLOBAL_UNCERTAINTY_ASSIGNED_CONTEXT ( ( #1554 ) ) GLOBAL_UNIT_ASSIGNED_CONTEXT ( ( #3302, #2066, #1436 ) ) REPRESENTATION_CONTEXT ( 'NONE', 'WORKASPACE' ) );
#3169 = EDGE_CURVE ( 'NONE', #3805, #361, #2479, .T. ) ;
#3170 = UNCERTAINTY_MEASURE_WITH_UNIT (LENGTH_MEASURE( 1.000000000000000082E-05 ), #3287, 'distance_accuracy_value', 'NONE');
#3171 = CARTESIAN_POINT ( 'NONE',  ( -3.225312598644838324, -0.2821782887087603275, 1.519999999999999574 ) ) ;
#3172 = FACE_OUTER_BOUND ( 'NONE', #1348, .T. ) ;
#3173 = PLANE ( 'NONE',  #3107 ) ;
#3174 = PRESENTATION_LAYER_ASSIGNMENT (  '', '', ( #1707 ) ) ;
#3175 = CARTESIAN_POINT ( 'NONE',  ( 4.573773423826661855, -0.1000000000000002137, -0.6200000000000001066 ) ) ;
#3176 = VECTOR ( 'NONE', #2615, 1000.000000000000114 ) ;
#3177 =( NAMED_UNIT ( * ) SI_UNIT ( $, .STERADIAN. ) SOLID_ANGLE_UNIT ( ) );
#3178 = CARTESIAN_POINT ( 'NONE',  ( 3.533162674632499112, 1.544563999893710182, -0.6200000000000001066 ) ) ;
#3179 = PRESENTATION_STYLE_ASSIGNMENT (( #2819 ) ) ;
#3180 = MECHANICAL_DESIGN_GEOMETRIC_PRESENTATION_REPRESENTATION (  '', ( #2049 ), #1853 ) ;
#3181 = DIRECTION ( 'NONE',  ( 9.032596777496193475E-17, 1.000000000000000000, -0.000000000000000000 ) ) ;
#3182 = STYLED_ITEM ( 'NONE', ( #2992 ), #530 ) ;
#3183 = CARTESIAN_POINT ( 'NONE',  ( 4.389215206914994560, 0.2729398639348082911, -1.920000000000000151 ) ) ;
#3184 = ADVANCED_FACE ( 'NONE', ( #629 ), #3393, .T. ) ;
#3185 = DIRECTION ( 'NONE',  ( 0.000000000000000000, 0.000000000000000000, 1.000000000000000000 ) ) ;
#3186 = COLOUR_RGB ( '',0.6470588235294117974, 0.6196078431372549211, 0.5882352941176470784 ) ;
#3187 = DIRECTION ( 'NONE',  ( -0.000000000000000000, -0.000000000000000000, -1.000000000000000000 ) ) ;
#3188 = EDGE_LOOP ( 'NONE', ( #2545, #827, #3254, #2522 ) ) ;
#3189 = VERTEX_POINT ( 'NONE', #2763 ) ;
#3190 = EDGE_CURVE ( 'NONE', #1535, #3037, #4024, .T. ) ;
#3191 = DIRECTION ( 'NONE',  ( -1.083679278056636965E-16, -1.000000000000000000, 0.000000000000000000 ) ) ;
#3192 = AXIS2_PLACEMENT_3D ( 'NONE', #3620, #3327, #3281 ) ;
#3193 = ORIENTED_EDGE ( 'NONE', *, *, #48, .F. ) ;
#3194 = LINE ( 'NONE', #963, #1798 ) ;
#3195 = LINE ( 'NONE', #2323, #1638 ) ;
#3196 = CARTESIAN_POINT ( 'NONE',  ( -3.403105161170366877, 1.749999999999999778, 1.519999999999999796 ) ) ;
#3197 = CARTESIAN_POINT ( 'NONE',  ( 4.197016518075225910, 0.08440979590221189821, -1.920000000000000151 ) ) ;
#3198 = PLANE ( 'NONE',  #1783 ) ;
#3199 = LINE ( 'NONE', #1015, #1398 ) ;
#3200 = SURFACE_STYLE_FILL_AREA ( #2198 ) ;
#3201 =( LENGTH_UNIT ( ) NAMED_UNIT ( * ) SI_UNIT ( .MILLI., .METRE. ) );
#3202 =( GEOMETRIC_REPRESENTATION_CONTEXT ( 3 ) GLOBAL_UNCERTAINTY_ASSIGNED_CONTEXT ( ( #3987 ) ) GLOBAL_UNIT_ASSIGNED_CONTEXT ( ( #2543, #3799, #2203 ) ) REPRESENTATION_CONTEXT ( 'NONE', 'WORKASPACE' ) );
#3203 = ORIENTED_EDGE ( 'NONE', *, *, #1636, .F. ) ;
#3204 = DIRECTION ( 'NONE',  ( -1.303481574384949276E-14, 1.000000000000000000, 0.000000000000000000 ) ) ;
#3205 = ORIENTED_EDGE ( 'NONE', *, *, #458, .F. ) ;
#3206 = ORIENTED_EDGE ( 'NONE', *, *, #3715, .T. ) ;
#3207 = ORIENTED_EDGE ( 'NONE', *, *, #2282, .T. ) ;
#3208 = SURFACE_SIDE_STYLE ('',( #718 ) ) ;
#3209 = CARTESIAN_POINT ( 'NONE',  ( 4.573773423826661855, -0.1000000000000002137, 1.920000000000000151 ) ) ;
#3210 = UNCERTAINTY_MEASURE_WITH_UNIT (LENGTH_MEASURE( 1.000000000000000082E-05 ), #898, 'distance_accuracy_value', 'NONE');
#3211 = ORIENTED_EDGE ( 'NONE', *, *, #1443, .T. ) ;
#3212 = EDGE_CURVE ( 'NONE', #2834, #1494, #3748, .T. ) ;
#3213 = SURFACE_STYLE_USAGE ( .BOTH. , #2552 ) ;
#3214 = PRESENTATION_STYLE_ASSIGNMENT (( #2239 ) ) ;
#3215 = SURFACE_STYLE_USAGE ( .BOTH. , #2921 ) ;
#3216 = CARTESIAN_POINT ( 'NONE',  ( 4.573773423826661855, 0.1500000000000002720, 1.020000000000000018 ) ) ;
#3217 = DIRECTION ( 'NONE',  ( -0.000000000000000000, -0.000000000000000000, -1.000000000000000000 ) ) ;
#3218 = COLOUR_RGB ( '',0.6470588235294117974, 0.6196078431372549211, 0.5882352941176470784 ) ;
#3219 = EDGE_CURVE ( 'NONE', #2771, #685, #1773, .T. ) ;
#3220 = LINE ( 'NONE', #411, #1598 ) ;
#3221 = CARTESIAN_POINT ( 'NONE',  ( 4.573773423826661855, -0.1000000000000002137, 1.920000000000000151 ) ) ;
#3222 = CARTESIAN_POINT ( 'NONE',  ( 4.473853843442727296, -0.1000000000000002137, -1.920000000000000151 ) ) ;
#3223 = EDGE_LOOP ( 'NONE', ( #1613, #2020, #1805, #1643, #1364, #3384, #3679, #117, #3944, #2289, #3882, #2644 ) ) ;
#3224 = CARTESIAN_POINT ( 'NONE',  ( -3.617801311160230959, 1.471624135958902180, 0.6200000000000001066 ) ) ;
#3225 = MECHANICAL_DESIGN_GEOMETRIC_PRESENTATION_REPRESENTATION (  '', ( #3014 ), #3294 ) ;
#3226 =( NAMED_UNIT ( * ) SI_UNIT ( $, .STERADIAN. ) SOLID_ANGLE_UNIT ( ) );
#3227 = PRESENTATION_LAYER_ASSIGNMENT (  '', '', ( #3295 ) ) ;
#3228 = DIRECTION ( 'NONE',  ( 1.000000000000000000, 0.000000000000000000, 0.000000000000000000 ) ) ;
#3229 = ORIENTED_EDGE ( 'NONE', *, *, #3219, .F. ) ;
#3230 = STYLED_ITEM ( 'NONE', ( #3075 ), #3392 ) ;
#3231 = CARTESIAN_POINT ( 'NONE',  ( 4.197016518075225910, 0.08440979590221189821, -1.920000000000000151 ) ) ;
#3232 = ORIENTED_EDGE ( 'NONE', *, *, #1685, .F. ) ;
#3233 =( LENGTH_UNIT ( ) NAMED_UNIT ( * ) SI_UNIT ( .MILLI., .METRE. ) );
#3234 = DIRECTION ( 'NONE',  ( -0.000000000000000000, -0.000000000000000000, 1.000000000000000000 ) ) ;
#3235 = VECTOR ( 'NONE', #3890, 1000.000000000000000 ) ;
#3236 = PRESENTATION_STYLE_ASSIGNMENT (( #123 ) ) ;
#3237 = EDGE_CURVE ( 'NONE', #3839, #3012, #153, .T. ) ;
#3238 = CARTESIAN_POINT ( 'NONE',  ( 4.473853843442727296, -0.1000000000000002137, 1.920000000000000151 ) ) ;
#3239 = COLOUR_RGB ( '',0.6470588235294117974, 0.6196078431372549211, 0.5882352941176470784 ) ;
#3240 = STYLED_ITEM ( 'NONE', ( #858 ), #166 ) ;
#3241 = EDGE_CURVE ( 'NONE', #573, #2809, #648, .T. ) ;
#3242 = DIRECTION ( 'NONE',  ( 1.000000000000000000, 0.000000000000000000, 0.000000000000000000 ) ) ;
#3243 =( LENGTH_UNIT ( ) NAMED_UNIT ( * ) SI_UNIT ( .MILLI., .METRE. ) );
#3244 = VERTEX_POINT ( 'NONE', #1820 ) ;
#3245 = CARTESIAN_POINT ( 'NONE',  ( 4.573773423826661855, -0.1000000000000002137, -1.520000000000000018 ) ) ;
#3246 = SURFACE_SIDE_STYLE ('',( #974 ) ) ;
#3247 = AXIS2_PLACEMENT_3D ( 'NONE', #2895, #2494, #2512 ) ;
#3248 =( NAMED_UNIT ( * ) PLANE_ANGLE_UNIT ( ) SI_UNIT ( $, .RADIAN. ) );
#3249 = LINE ( 'NONE', #3231, #3084 ) ;
#3250 = COLOUR_RGB ( '',0.6470588235294117974, 0.6196078431372549211, 0.5882352941176470784 ) ;
#3251 = VERTEX_POINT ( 'NONE', #18 ) ;
#3252 = CARTESIAN_POINT ( 'NONE',  ( -4.573773423826661855, -0.1000000000000002137, 0.6200000000000001066 ) ) ;
#3253 = ORIENTED_EDGE ( 'NONE', *, *, #646, .T. ) ;
#3254 = ORIENTED_EDGE ( 'NONE', *, *, #3867, .F. ) ;
#3255 = VECTOR ( 'NONE', #3150, 1000.000000000000000 ) ;
#3256 = CARTESIAN_POINT ( 'NONE',  ( -3.810000000000000053, 1.660154203991497823, -0.6200000000000001066 ) ) ;
#3257 = MECHANICAL_DESIGN_GEOMETRIC_PRESENTATION_REPRESENTATION (  '', ( #1726 ), #3585 ) ;
#3258 = SURFACE_STYLE_FILL_AREA ( #754 ) ;
#3259 = SURFACE_SIDE_STYLE ('',( #168 ) ) ;
#3260 = DIRECTION ( 'NONE',  ( 0.000000000000000000, 0.000000000000000000, 1.000000000000000000 ) ) ;
#3261 = UNCERTAINTY_MEASURE_WITH_UNIT (LENGTH_MEASURE( 1.000000000000000082E-05 ), #2376, 'distance_accuracy_value', 'NONE');
#3262 = EDGE_CURVE ( 'NONE', #227, #3983, #3770, .T. ) ;
#3263 = PLANE ( 'NONE',  #2458 ) ;
#3264 = FILL_AREA_STYLE ('',( #430 ) ) ;
#3265 = CARTESIAN_POINT ( 'NONE',  ( -4.573773423826661855, -0.1000000000000002137, 0.6200000000000001066 ) ) ;
#3266 = ADVANCED_FACE ( 'NONE', ( #603 ), #1312, .F. ) ;
#3267 = DIRECTION ( 'NONE',  ( -1.000000000000000000, 0.000000000000000000, 0.000000000000000000 ) ) ;
#3268 = ORIENTED_EDGE ( 'NONE', *, *, #2282, .F. ) ;
#3269 = VECTOR ( 'NONE', #1770, 1000.000000000000000 ) ;
#3270 = PRESENTATION_LAYER_ASSIGNMENT (  '', '', ( #2200 ) ) ;
#3271 = SURFACE_STYLE_FILL_AREA ( #1680 ) ;
#3272 = UNCERTAINTY_MEASURE_WITH_UNIT (LENGTH_MEASURE( 1.000000000000000082E-05 ), #2821, 'distance_accuracy_value', 'NONE');
#3273 = VERTEX_POINT ( 'NONE', #987 ) ;
#3274 = VERTEX_POINT ( 'NONE', #141 ) ;
#3275 = EDGE_CURVE ( 'NONE', #1387, #344, #2640, .T. ) ;
#3276 = PRESENTATION_LAYER_ASSIGNMENT (  '', '', ( #74 ) ) ;
#3277 = SURFACE_SIDE_STYLE ('',( #1045 ) ) ;
#3278 = LINE ( 'NONE', #2659, #2806 ) ;
#3279 = SURFACE_SIDE_STYLE ('',( #3560 ) ) ;
#3280 = ORIENTED_EDGE ( 'NONE', *, *, #3114, .T. ) ;
#3281 = DIRECTION ( 'NONE',  ( -0.08715574274765836016, 0.9961946980917455452, 0.000000000000000000 ) ) ;
#3282 = AXIS2_PLACEMENT_3D ( 'NONE', #3396, #2120, #2787 ) ;
#3283 = CARTESIAN_POINT ( 'NONE',  ( -4.473853843442727296, -0.1000000000000000472, 1.920000000000000151 ) ) ;
#3284 = DIRECTION ( 'NONE',  ( -1.000000000000000000, 0.000000000000000000, 0.000000000000000000 ) ) ;
#3285 = AXIS2_PLACEMENT_3D ( 'NONE', #2279, #2969, #735 ) ;
#3286 = DIRECTION ( 'NONE',  ( -0.000000000000000000, -0.000000000000000000, 1.000000000000000000 ) ) ;
#3287 =( LENGTH_UNIT ( ) NAMED_UNIT ( * ) SI_UNIT ( .MILLI., .METRE. ) );
#3288 = ORIENTED_EDGE ( 'NONE', *, *, #687, .T. ) ;
#3289 = FILL_AREA_STYLE ('',( #796 ) ) ;
#3290 = EDGE_CURVE ( 'NONE', #685, #3362, #3576, .T. ) ;
#3291 = LINE ( 'NONE', #79, #875 ) ;
#3292 = SURFACE_STYLE_FILL_AREA ( #2681 ) ;
#3293 = CARTESIAN_POINT ( 'NONE',  ( -3.617801311160230959, 1.471624135958902180, 1.520000000000000018 ) ) ;
#3294 =( GEOMETRIC_REPRESENTATION_CONTEXT ( 3 ) GLOBAL_UNCERTAINTY_ASSIGNED_CONTEXT ( ( #2840 ) ) GLOBAL_UNIT_ASSIGNED_CONTEXT ( ( #1235, #3693, #3997 ) ) REPRESENTATION_CONTEXT ( 'NONE', 'WORKASPACE' ) );
#3295 = STYLED_ITEM ( 'NONE', ( #3761 ), #1299 ) ;
#3296 = DIRECTION ( 'NONE',  ( 1.000000000000000000, 1.303481574384949276E-14, 0.000000000000000000 ) ) ;
#3297 = VECTOR ( 'NONE', #3007, 1000.000000000000000 ) ;
#3298 = SURFACE_STYLE_USAGE ( .BOTH. , #3359 ) ;
#3299 = ORIENTED_EDGE ( 'NONE', *, *, #821, .T. ) ;
#3300 = ORIENTED_EDGE ( 'NONE', *, *, #1130, .T. ) ;
#3301 = ADVANCED_FACE ( 'NONE', ( #3600 ), #2515, .F. ) ;
#3302 =( LENGTH_UNIT ( ) NAMED_UNIT ( * ) SI_UNIT ( .MILLI., .METRE. ) );
#3303 = CARTESIAN_POINT ( 'NONE',  ( -4.573773423826661855, -0.1000000000000002137, 1.920000000000000151 ) ) ;
#3304 = FACE_OUTER_BOUND ( 'NONE', #2812, .T. ) ;
#3305 = STYLED_ITEM ( 'NONE', ( #2884 ), #3718 ) ;
#3306 = UNCERTAINTY_MEASURE_WITH_UNIT (LENGTH_MEASURE( 1.000000000000000082E-05 ), #1977, 'distance_accuracy_value', 'NONE');
#3307 = DIRECTION ( 'NONE',  ( 0.000000000000000000, 0.000000000000000000, 1.000000000000000000 ) ) ;
#3308 =( LENGTH_UNIT ( ) NAMED_UNIT ( * ) SI_UNIT ( .MILLI., .METRE. ) );
#3309 = COLOUR_RGB ( '',0.6470588235294117974, 0.6196078431372549211, 0.5882352941176470784 ) ;
#3310 = VERTEX_POINT ( 'NONE', #3196 ) ;
#3311 = CARTESIAN_POINT ( 'NONE',  ( 3.403105161170367765, 1.749999999999996003, -1.520000000000000018 ) ) ;
#3312 = AXIS2_PLACEMENT_3D ( 'NONE', #2069, #3017, #1475 ) ;
#3313 = CARTESIAN_POINT ( 'NONE',  ( -3.200346355037512858, 1.594563999893707340, 1.520000000000000018 ) ) ;
#3314 = LINE ( 'NONE', #1759, #2230 ) ;
#3315 =( LENGTH_UNIT ( ) NAMED_UNIT ( * ) SI_UNIT ( .MILLI., .METRE. ) );
#3316 = STYLED_ITEM ( 'NONE', ( #1368 ), #407 ) ;
#3317 = EDGE_CURVE ( 'NONE', #2312, #1002, #1741, .T. ) ;
#3318 = SURFACE_STYLE_USAGE ( .BOTH. , #2706 ) ;
#3319 = LINE ( 'NONE', #3673, #809 ) ;
#3320 = VECTOR ( 'NONE', #564, 1000.000000000000227 ) ;
#3321 =( LENGTH_UNIT ( ) NAMED_UNIT ( * ) SI_UNIT ( .MILLI., .METRE. ) );
#3322 = VERTEX_POINT ( 'NONE', #2121 ) ;
#3323 = VERTEX_POINT ( 'NONE', #1450 ) ;
#3324 = PLANE ( 'NONE',  #1119 ) ;
#3325 = EDGE_CURVE ( 'NONE', #1148, #1096, #1506, .T. ) ;
#3326 = PRESENTATION_LAYER_ASSIGNMENT (  '', '', ( #4035 ) ) ;
#3327 = DIRECTION ( 'NONE',  ( 0.9961946980917455452, 0.08715574274765836016, -8.841833524449699163E-17 ) ) ;
#3328 = PLANE ( 'NONE',  #3691 ) ;
#3329 = CARTESIAN_POINT ( 'NONE',  ( -4.389215206914994560, 0.2729398639348085132, 1.920000000000000151 ) ) ;
#3330 = CIRCLE ( 'NONE', #1277, 0.1999999999999996503 ) ;
#3331 = ADVANCED_FACE ( 'NONE', ( #1126 ), #523, .F. ) ;
#3332 =( NAMED_UNIT ( * ) SI_UNIT ( $, .STERADIAN. ) SOLID_ANGLE_UNIT ( ) );
#3333 = FILL_AREA_STYLE_COLOUR ( '', #835 ) ;
#3334 = FACE_OUTER_BOUND ( 'NONE', #313, .T. ) ;
#3335 = DIRECTION ( 'NONE',  ( -1.000000000000000000, 0.000000000000000000, 0.000000000000000000 ) ) ;
#3336 = CARTESIAN_POINT ( 'NONE',  ( 4.703105161170367587, 1.844563999893709116, -1.520000000000000018 ) ) ;
#3337 = AXIS2_PLACEMENT_3D ( 'NONE', #940, #656, #1855 ) ;
#3338 = PRESENTATION_LAYER_ASSIGNMENT (  '', '', ( #1548 ) ) ;
#3339 =( NAMED_UNIT ( * ) SI_UNIT ( $, .STERADIAN. ) SOLID_ANGLE_UNIT ( ) );
#3340 = COLOUR_RGB ( '',0.6470588235294117974, 0.6196078431372549211, 0.5882352941176470784 ) ;
#3341 = SURFACE_STYLE_FILL_AREA ( #524 ) ;
#3342 = VECTOR ( 'NONE', #2270, 1000.000000000000000 ) ;
#3343 = ORIENTED_EDGE ( 'NONE', *, *, #2754, .F. ) ;
#3344 = ORIENTED_EDGE ( 'NONE', *, *, #2374, .F. ) ;
#3345 = MECHANICAL_DESIGN_GEOMETRIC_PRESENTATION_REPRESENTATION (  '', ( #331 ), #2277 ) ;
#3346 = LINE ( 'NONE', #3013, #2362 ) ;
#3347 = CARTESIAN_POINT ( 'NONE',  ( 3.215472033098533799, -0.3946564675917794696, -2.255472033098532947 ) ) ;
#3348 = LINE ( 'NONE', #2712, #3810 ) ;
#3349 = DIRECTION ( 'NONE',  ( 0.000000000000000000, 2.169739143709707832E-16, -1.000000000000000000 ) ) ;
#3350 = LINE ( 'NONE', #3990, #51 ) ;
#3351 = EDGE_CURVE ( 'NONE', #2252, #1565, #884, .T. ) ;
#3352 = CARTESIAN_POINT ( 'NONE',  ( 4.573773423826661855, -0.1000000000000002137, -1.920000000000000151 ) ) ;
#3353 = AXIS2_PLACEMENT_3D ( 'NONE', #2078, #2745, #1468 ) ;
#3354 = CARTESIAN_POINT ( 'NONE',  ( 4.150283335180551703, 0.8451791884718238279, 1.920000000000000151 ) ) ;
#3355 = ADVANCED_FACE ( 'NONE', ( #2099 ), #1181, .F. ) ;
#3356 =( LENGTH_UNIT ( ) NAMED_UNIT ( * ) SI_UNIT ( .MILLI., .METRE. ) );
#3357 = PRESENTATION_STYLE_ASSIGNMENT (( #4000 ) ) ;
#3358 = VERTEX_POINT ( 'NONE', #897 ) ;
#3359 = SURFACE_SIDE_STYLE ('',( #2657 ) ) ;
#3360 = CARTESIAN_POINT ( 'NONE',  ( 4.573773423826661855, 0.1499999999999999667, -1.920000000000000151 ) ) ;
#3361 = SURFACE_SIDE_STYLE ('',( #887 ) ) ;
#3362 = VERTEX_POINT ( 'NONE', #650 ) ;
#3363 = VECTOR ( 'NONE', #980, 1000.000000000000000 ) ;
#3364 = ORIENTED_EDGE ( 'NONE', *, *, #3375, .F. ) ;
#3365 = PRESENTATION_LAYER_ASSIGNMENT (  '', '', ( #3014 ) ) ;
#3366 = CARTESIAN_POINT ( 'NONE',  ( 3.394831883202001688, 1.844563999893709116, 2.443105161170367357 ) ) ;
#3367 = CARTESIAN_POINT ( 'NONE',  ( -3.533162674632499112, 1.544563999893710182, 1.920000000000000151 ) ) ;
#3368 = LINE ( 'NONE', #553, #779 ) ;
#3369 = DIRECTION ( 'NONE',  ( -0.000000000000000000, -0.000000000000000000, -1.000000000000000000 ) ) ;
#3370 = STYLED_ITEM ( 'NONE', ( #3214 ), #3467 ) ;
#3371 = ORIENTED_EDGE ( 'NONE', *, *, #646, .F. ) ;
#3372 = VECTOR ( 'NONE', #820, 1000.000000000000000 ) ;
#3373 = PRESENTATION_LAYER_ASSIGNMENT (  '', '', ( #3024 ) ) ;
#3374 = CARTESIAN_POINT ( 'NONE',  ( -5.074014682674854448, -0.09999999999999999167, -1.020000000000000018 ) ) ;
#3375 = EDGE_CURVE ( 'NONE', #102, #2747, #3133, .T. ) ;
#3376 = CARTESIAN_POINT ( 'NONE',  ( 3.810000000000000053, 1.660154203991497823, 1.920000000000000151 ) ) ;
#3377 = DIRECTION ( 'NONE',  ( 0.000000000000000000, 1.000000000000000000, 0.000000000000000000 ) ) ;
#3378 = STYLED_ITEM ( 'NONE', ( #3796 ), #213 ) ;
#3379 = FILL_AREA_STYLE ('',( #859 ) ) ;
#3380 = VERTEX_POINT ( 'NONE', #2820 ) ;
#3381 = AXIS2_PLACEMENT_3D ( 'NONE', #3712, #39, #1849 ) ;
#3382 = CYLINDRICAL_SURFACE ( 'NONE', #1, 0.1999999999999996503 ) ;
#3383 = DIRECTION ( 'NONE',  ( -0.000000000000000000, -0.000000000000000000, 1.000000000000000000 ) ) ;
#3384 = ORIENTED_EDGE ( 'NONE', *, *, #2112, .F. ) ;
#3385 = ORIENTED_EDGE ( 'NONE', *, *, #2485, .T. ) ;
#3386 = UNCERTAINTY_MEASURE_WITH_UNIT (LENGTH_MEASURE( 1.000000000000000082E-05 ), #2769, 'distance_accuracy_value', 'NONE');
#3387 = SURFACE_STYLE_FILL_AREA ( #3016 ) ;
#3388 = VERTEX_POINT ( 'NONE', #37 ) ;
#3389 =( GEOMETRIC_REPRESENTATION_CONTEXT ( 3 ) GLOBAL_UNCERTAINTY_ASSIGNED_CONTEXT ( ( #2923 ) ) GLOBAL_UNIT_ASSIGNED_CONTEXT ( ( #957, #671, #1265 ) ) REPRESENTATION_CONTEXT ( 'NONE', 'WORKASPACE' ) );
#3390 = DIRECTION ( 'NONE',  ( 0.000000000000000000, -0.000000000000000000, 1.000000000000000000 ) ) ;
#3391 = DIRECTION ( 'NONE',  ( -0.000000000000000000, 1.000000000000000000, -0.000000000000000000 ) ) ;
#3392 = ADVANCED_FACE ( 'NONE', ( #1801 ), #3324, .F. ) ;
#3393 = PLANE ( 'NONE',  #3551 ) ;
#3394 = EDGE_CURVE ( 'NONE', #908, #1029, #3346, .T. ) ;
#3395 = ORIENTED_EDGE ( 'NONE', *, *, #2559, .T. ) ;
#3396 = CARTESIAN_POINT ( 'NONE',  ( -3.403105161170366433, 1.750000000000000000, -2.443105161170367357 ) ) ;
#3397 = COLOUR_RGB ( '',0.6470588235294117974, 0.6196078431372549211, 0.5882352941176470784 ) ;
#3398 = ORIENTED_EDGE ( 'NONE', *, *, #2980, .T. ) ;
#3399 = LINE ( 'NONE', #503, #78 ) ;
#3400 = EDGE_CURVE ( 'NONE', #1792, #3706, #617, .T. ) ;
#3401 = ORIENTED_EDGE ( 'NONE', *, *, #1192, .T. ) ;
#3402 = VERTEX_POINT ( 'NONE', #1993 ) ;
#3403 = VECTOR ( 'NONE', #1886, 1000.000000000000000 ) ;
#3404 = PRESENTATION_STYLE_ASSIGNMENT (( #1498 ) ) ;
#3405 = SURFACE_STYLE_USAGE ( .BOTH. , #1790 ) ;
#3406 = ORIENTED_EDGE ( 'NONE', *, *, #1640, .F. ) ;
#3407 = DIRECTION ( 'NONE',  ( 1.000000000000000000, -0.000000000000000000, -0.000000000000000000 ) ) ;
#3408 = CARTESIAN_POINT ( 'NONE',  ( 3.810000000000000053, 1.660154203991497823, -1.520000000000000018 ) ) ;
#3409 = STYLED_ITEM ( 'NONE', ( #2165 ), #2962 ) ;
#3410 = FILL_AREA_STYLE ('',( #3116 ) ) ;
#3411 = VERTEX_POINT ( 'NONE', #2611 ) ;
#3412 = CARTESIAN_POINT ( 'NONE',  ( -3.200346355037512858, 1.594563999893707340, -1.920000000000000151 ) ) ;
#3413 = ORIENTED_EDGE ( 'NONE', *, *, #3237, .F. ) ;
#3414 =( NAMED_UNIT ( * ) SI_UNIT ( $, .STERADIAN. ) SOLID_ANGLE_UNIT ( ) );
#3415 = ORIENTED_EDGE ( 'NONE', *, *, #2848, .F. ) ;
#3416 = EDGE_CURVE ( 'NONE', #1530, #2792, #3866, .T. ) ;
#3417 = UNCERTAINTY_MEASURE_WITH_UNIT (LENGTH_MEASURE( 1.000000000000000082E-05 ), #2589, 'distance_accuracy_value', 'NONE');
#3418 = DIRECTION ( 'NONE',  ( 1.000000000000000000, 9.032596777496193475E-17, 0.000000000000000000 ) ) ;
#3419 = DIRECTION ( 'NONE',  ( -0.000000000000000000, -0.000000000000000000, 1.000000000000000000 ) ) ;
#3420 = EDGE_LOOP ( 'NONE', ( #1349, #943, #3865, #110 ) ) ;
#3421 = EDGE_CURVE ( 'NONE', #1415, #548, #2937, .T. ) ;
#3422 = VECTOR ( 'NONE', #1866, 1000.000000000000227 ) ;
#3423 = VECTOR ( 'NONE', #2916, 1000.000000000000227 ) ;
#3424 = CARTESIAN_POINT ( 'NONE',  ( -3.389506273257251845, 1.594563999893709783, 0.6199999999999999956 ) ) ;
#3425 = CARTESIAN_POINT ( 'NONE',  ( 3.200346355037512858, 1.594563999893707340, 1.520000000000000018 ) ) ;
#3426 = DIRECTION ( 'NONE',  ( -0.000000000000000000, -0.000000000000000000, -1.000000000000000000 ) ) ;
#3427 = VECTOR ( 'NONE', #1049, 1000.000000000000227 ) ;
#3428 = DIRECTION ( 'NONE',  ( 1.000000000000000000, 9.032596777496193475E-17, 0.000000000000000000 ) ) ;
#3429 = AXIS2_PLACEMENT_3D ( 'NONE', #3433, #2461, #3158 ) ;
#3430 = DIRECTION ( 'NONE',  ( 8.875607892098412467E-17, 7.517563670909502788E-31, -1.000000000000000000 ) ) ;
#3431 = DIRECTION ( 'NONE',  ( -0.000000000000000000, -0.000000000000000000, 1.000000000000000000 ) ) ;
#3432 = CIRCLE ( 'NONE', #3624, 0.2999999999999999334 ) ;
#3433 = CARTESIAN_POINT ( 'NONE',  ( -4.573773423826661855, 0.3500000000000000333, 1.920000000000000151 ) ) ;
#3434 = EDGE_LOOP ( 'NONE', ( #1086, #2236, #549, #918, #3581, #1958, #2735 ) ) ;
#3435 = DIRECTION ( 'NONE',  ( 0.3853006803259598212, 0.9227910845583372490, 0.000000000000000000 ) ) ;
#3436 = ORIENTED_EDGE ( 'NONE', *, *, #2748, .F. ) ;
#3437 = VERTEX_POINT ( 'NONE', #2301 ) ;
#3438 = AXIS2_PLACEMENT_3D ( 'NONE', #519, #2055, #566 ) ;
#3439 = DIRECTION ( 'NONE',  ( 1.000000000000000000, 0.000000000000000000, 0.000000000000000000 ) ) ;
#3440 = FILL_AREA_STYLE_COLOUR ( '', #1739 ) ;
#3441 = CARTESIAN_POINT ( 'NONE',  ( 4.573773423826661855, -0.1000000000000002137, 1.520000000000000018 ) ) ;
#3442 = ORIENTED_EDGE ( 'NONE', *, *, #3443, .F. ) ;
#3443 = EDGE_CURVE ( 'NONE', #908, #81, #2627, .T. ) ;
#3444 =( GEOMETRIC_REPRESENTATION_CONTEXT ( 3 ) GLOBAL_UNCERTAINTY_ASSIGNED_CONTEXT ( ( #3540 ) ) GLOBAL_UNIT_ASSIGNED_CONTEXT ( ( #403, #86, #3458 ) ) REPRESENTATION_CONTEXT ( 'NONE', 'WORKASPACE' ) );
#3445 = LINE ( 'NONE', #3788, #3840 ) ;
#3446 = VECTOR ( 'NONE', #2481, 1000.000000000000000 ) ;
#3447 = DIRECTION ( 'NONE',  ( -0.08715574274765836016, -0.9961946980917455452, -0.000000000000000000 ) ) ;
#3448 =( NAMED_UNIT ( * ) SI_UNIT ( $, .STERADIAN. ) SOLID_ANGLE_UNIT ( ) );
#3449 = ORIENTED_EDGE ( 'NONE', *, *, #3512, .F. ) ;
#3450 = DIRECTION ( 'NONE',  ( 1.303481574384949276E-14, 1.000000000000000000, 0.000000000000000000 ) ) ;
#3451 = CARTESIAN_POINT ( 'NONE',  ( -4.573773423826661855, -0.1000000000000002137, 1.920000000000000151 ) ) ;
#3452 =( LENGTH_UNIT ( ) NAMED_UNIT ( * ) SI_UNIT ( .MILLI., .METRE. ) );
#3453 = ORIENTED_EDGE ( 'NONE', *, *, #2299, .T. ) ;
#3454 = ORIENTED_EDGE ( 'NONE', *, *, #2578, .F. ) ;
#3455 = PRESENTATION_LAYER_ASSIGNMENT (  '', '', ( #834 ) ) ;
#3456 =( GEOMETRIC_REPRESENTATION_CONTEXT ( 3 ) GLOBAL_UNCERTAINTY_ASSIGNED_CONTEXT ( ( #156 ) ) GLOBAL_UNIT_ASSIGNED_CONTEXT ( ( #1661, #452, #1036 ) ) REPRESENTATION_CONTEXT ( 'NONE', 'WORKASPACE' ) );
#3457 =( NAMED_UNIT ( * ) PLANE_ANGLE_UNIT ( ) SI_UNIT ( $, .RADIAN. ) );
#3458 =( NAMED_UNIT ( * ) SI_UNIT ( $, .STERADIAN. ) SOLID_ANGLE_UNIT ( ) );
#3459 = ORIENTED_EDGE ( 'NONE', *, *, #19, .F. ) ;
#3460 = ORIENTED_EDGE ( 'NONE', *, *, #720, .T. ) ;
#3461 = SURFACE_STYLE_USAGE ( .BOTH. , #1560 ) ;
#3462 = PRESENTATION_LAYER_ASSIGNMENT (  '', '', ( #1797 ) ) ;
#3463 = EDGE_CURVE ( 'NONE', #1191, #1857, #1690, .T. ) ;
#3464 = MECHANICAL_DESIGN_GEOMETRIC_PRESENTATION_REPRESENTATION (  '', ( #3790 ), #2013 ) ;
#3465 = CARTESIAN_POINT ( 'NONE',  ( -4.573773423826661855, 0.3500000000000000333, 0.6200000000000001066 ) ) ;
#3466 = UNCERTAINTY_MEASURE_WITH_UNIT (LENGTH_MEASURE( 1.000000000000000082E-05 ), #1410, 'distance_accuracy_value', 'NONE');
#3467 = ADVANCED_FACE ( 'NONE', ( #2029 ), #520, .F. ) ;
#3468 =( LENGTH_UNIT ( ) NAMED_UNIT ( * ) SI_UNIT ( .MILLI., .METRE. ) );
#3469 = PLANE ( 'NONE',  #1509 ) ;
#3470 = PRESENTATION_LAYER_ASSIGNMENT (  '', '', ( #1737 ) ) ;
#3471 = EDGE_LOOP ( 'NONE', ( #2079, #3740, #157, #958, #568, #3229, #1416, #301, #270, #763, #1059, #1876 ) ) ;
#3472 = DIRECTION ( 'NONE',  ( 0.000000000000000000, -1.000000000000000000, 0.000000000000000000 ) ) ;
#3473 = SURFACE_STYLE_FILL_AREA ( #1243 ) ;
#3474 = SURFACE_SIDE_STYLE ('',( #45 ) ) ;
#3475 = ORIENTED_EDGE ( 'NONE', *, *, #3005, .F. ) ;
#3476 = ORIENTED_EDGE ( 'NONE', *, *, #3463, .T. ) ;
#3477 = VECTOR ( 'NONE', #43, 1000.000000000000000 ) ;
#3478 = CARTESIAN_POINT ( 'NONE',  ( -4.573773423826661855, 0.1499999999999999667, -1.520000000000000018 ) ) ;
#3479 = LINE ( 'NONE', #2594, #2342 ) ;
#3480 =( LENGTH_UNIT ( ) NAMED_UNIT ( * ) SI_UNIT ( .MILLI., .METRE. ) );
#3481 = FILL_AREA_STYLE ('',( #333 ) ) ;
#3482 = SURFACE_STYLE_FILL_AREA ( #3505 ) ;
#3483 = CIRCLE ( 'NONE', #673, 0.1999999999999996503 ) ;
#3484 = EDGE_CURVE ( 'NONE', #1293, #184, #842, .T. ) ;
#3485 = AXIS2_PLACEMENT_3D ( 'NONE', #570, #3635, #3978 ) ;
#3486 = CARTESIAN_POINT ( 'NONE',  ( -3.200346355037512858, 1.594563999893707340, 1.920000000000000151 ) ) ;
#3487 = FILL_AREA_STYLE_COLOUR ( '', #992 ) ;
#3488 = EDGE_CURVE ( 'NONE', #2475, #1476, #2741, .T. ) ;
#3489 =( GEOMETRIC_REPRESENTATION_CONTEXT ( 3 ) GLOBAL_UNCERTAINTY_ASSIGNED_CONTEXT ( ( #2717 ) ) GLOBAL_UNIT_ASSIGNED_CONTEXT ( ( #2413, #1483, #3612 ) ) REPRESENTATION_CONTEXT ( 'NONE', 'WORKASPACE' ) );
#3490 = PLANE ( 'NONE',  #1419 ) ;
#3491 = CARTESIAN_POINT ( 'NONE',  ( 4.573773423826661855, 0.3500000000000000333, -1.920000000000000151 ) ) ;
#3492 = ORIENTED_EDGE ( 'NONE', *, *, #187, .F. ) ;
#3493 = ORIENTED_EDGE ( 'NONE', *, *, #2754, .T. ) ;
#3494 = VECTOR ( 'NONE', #2423, 1000.000000000000000 ) ;
#3495 = LINE ( 'NONE', #2209, #2888 ) ;
#3496 = SURFACE_STYLE_FILL_AREA ( #3782 ) ;
#3497 = SURFACE_STYLE_FILL_AREA ( #2233 ) ;
#3498 = ORIENTED_EDGE ( 'NONE', *, *, #1772, .F. ) ;
#3499 = VERTEX_POINT ( 'NONE', #1429 ) ;
#3500 = SURFACE_STYLE_USAGE ( .BOTH. , #1010 ) ;
#3501 = DIRECTION ( 'NONE',  ( -0.9227910845583374710, 0.3853006803259596547, 0.000000000000000000 ) ) ;
#3502 = AXIS2_PLACEMENT_3D ( 'NONE', #1152, #3067, #532 ) ;
#3503 = DIRECTION ( 'NONE',  ( -1.000000000000000000, 0.000000000000000000, 0.000000000000000000 ) ) ;
#3504 =( NAMED_UNIT ( * ) SI_UNIT ( $, .STERADIAN. ) SOLID_ANGLE_UNIT ( ) );
#3505 = FILL_AREA_STYLE ('',( #2242 ) ) ;
#3506 = FACE_OUTER_BOUND ( 'NONE', #2445, .T. ) ;
#3507 = DIRECTION ( 'NONE',  ( -0.000000000000000000, 1.000000000000000000, -0.000000000000000000 ) ) ;
#3508 = PRESENTATION_LAYER_ASSIGNMENT (  '', '', ( #3769 ) ) ;
#3509 = DIRECTION ( 'NONE',  ( 1.000000000000000000, 0.000000000000000000, 0.000000000000000000 ) ) ;
#3510 = FILL_AREA_STYLE ('',( #111 ) ) ;
#3511 = DIRECTION ( 'NONE',  ( -0.000000000000000000, -0.000000000000000000, -1.000000000000000000 ) ) ;
#3512 = EDGE_CURVE ( 'NONE', #1454, #1087, #3632, .T. ) ;
#3513 = ORIENTED_EDGE ( 'NONE', *, *, #2093, .F. ) ;
#3514 = VECTOR ( 'NONE', #73, 1000.000000000000000 ) ;
#3515 = EDGE_LOOP ( 'NONE', ( #955, #3753, #766, #888 ) ) ;
#3516 = SURFACE_SIDE_STYLE ('',( #142 ) ) ;
#3517 = VECTOR ( 'NONE', #1194, 1000.000000000000000 ) ;
#3518 = EDGE_CURVE ( 'NONE', #2312, #3010, #3314, .T. ) ;
#3519 = PLANE ( 'NONE',  #783 ) ;
#3520 =( LENGTH_UNIT ( ) NAMED_UNIT ( * ) SI_UNIT ( .MILLI., .METRE. ) );
#3521 = ORIENTED_EDGE ( 'NONE', *, *, #777, .T. ) ;
#3522 = PRESENTATION_STYLE_ASSIGNMENT (( #3500 ) ) ;
#3523 = FILL_AREA_STYLE_COLOUR ( '', #1385 ) ;
#3524 = FILL_AREA_STYLE_COLOUR ( '', #3749 ) ;
#3525 = DIRECTION ( 'NONE',  ( -1.000000000000000000, 0.000000000000000000, 0.000000000000000000 ) ) ;
#3526 = PRESENTATION_STYLE_ASSIGNMENT (( #1301 ) ) ;
#3527 = VERTEX_POINT ( 'NONE', #2095 ) ;
#3528 = DIRECTION ( 'NONE',  ( 0.000000000000000000, -2.169739143709707832E-16, -1.000000000000000000 ) ) ;
#3529 = VERTEX_POINT ( 'NONE', #2389 ) ;
#3530 = CARTESIAN_POINT ( 'NONE',  ( 3.200346355037512858, 1.594563999893707340, 1.920000000000000151 ) ) ;
#3531 = FILL_AREA_STYLE ('',( #2890 ) ) ;
#3532 = DIRECTION ( 'NONE',  ( 1.000000000000000000, 0.000000000000000000, 0.000000000000000000 ) ) ;
#3533 = ORIENTED_EDGE ( 'NONE', *, *, #2112, .T. ) ;
#3534 = STYLED_ITEM ( 'NONE', ( #3674 ), #2348 ) ;
#3535 = EDGE_CURVE ( 'NONE', #3437, #1191, #1161, .T. ) ;
#3536 = FACE_OUTER_BOUND ( 'NONE', #2206, .T. ) ;
#3537 = PRESENTATION_LAYER_ASSIGNMENT (  '', '', ( #1952 ) ) ;
#3538 = SURFACE_STYLE_FILL_AREA ( #367 ) ;
#3539 = EDGE_LOOP ( 'NONE', ( #134, #2656, #2935, #911 ) ) ;
#3540 = UNCERTAINTY_MEASURE_WITH_UNIT (LENGTH_MEASURE( 1.000000000000000082E-05 ), #403, 'distance_accuracy_value', 'NONE');
#3541 = VERTEX_POINT ( 'NONE', #2350 ) ;
#3542 = CARTESIAN_POINT ( 'NONE',  ( 3.533162674632499112, 1.544563999893710182, -0.6200000000000001066 ) ) ;
#3543 = DIRECTION ( 'NONE',  ( 0.08715574274766008100, 0.9961946980917453232, 2.161482631205734441E-16 ) ) ;
#3544 = EDGE_CURVE ( 'NONE', #2526, #3527, #3976, .T. ) ;
#3545 = DIRECTION ( 'NONE',  ( 0.000000000000000000, -0.000000000000000000, 1.000000000000000000 ) ) ;
#3546 = CARTESIAN_POINT ( 'NONE',  ( 4.473853843442727296, -0.1000000000000000472, -1.920000000000000151 ) ) ;
#3547 = CARTESIAN_POINT ( 'NONE',  ( -3.533162674632499112, 1.544563999893710182, 1.520000000000000018 ) ) ;
#3548 = PLANE ( 'NONE',  #1904 ) ;
#3549 = VECTOR ( 'NONE', #3187, 1000.000000000000000 ) ;
#3550 = PRODUCT_DEFINITION_CONTEXT ( 'detailed design', #959, 'design' ) ;
#3551 = AXIS2_PLACEMENT_3D ( 'NONE', #2801, #1503, #896 ) ;
#3552 = CARTESIAN_POINT ( 'NONE',  ( -3.533162674632499112, 1.844563999893710005, 1.920000000000000151 ) ) ;
#3553 = CARTESIAN_POINT ( 'NONE',  ( -3.617801311160230959, 1.471624135958901958, 1.920000000000000151 ) ) ;
#3554 = ORIENTED_EDGE ( 'NONE', *, *, #3129, .F. ) ;
#3555 = EDGE_LOOP ( 'NONE', ( #2213, #395, #808, #1231, #3343, #2096 ) ) ;
#3556 = UNCERTAINTY_MEASURE_WITH_UNIT (LENGTH_MEASURE( 1.000000000000000082E-05 ), #2877, 'distance_accuracy_value', 'NONE');
#3557 = VECTOR ( 'NONE', #1407, 1000.000000000000000 ) ;
#3558 = VECTOR ( 'NONE', #2998, 1000.000000000000000 ) ;
#3559 = PLANE ( 'NONE',  #3285 ) ;
#3560 = SURFACE_STYLE_FILL_AREA ( #2296 ) ;
#3561 = ADVANCED_FACE ( 'NONE', ( #2965 ), #1722, .T. ) ;
#3562 =( GEOMETRIC_REPRESENTATION_CONTEXT ( 3 ) GLOBAL_UNCERTAINTY_ASSIGNED_CONTEXT ( ( #3170 ) ) GLOBAL_UNIT_ASSIGNED_CONTEXT ( ( #3287, #3609, #1404 ) ) REPRESENTATION_CONTEXT ( 'NONE', 'WORKASPACE' ) );
#3563 = EDGE_LOOP ( 'NONE', ( #2357, #272, #3080, #2130, #2971, #2582, #1688, #939 ) ) ;
#3564 = CARTESIAN_POINT ( 'NONE',  ( 4.573773423826661855, 0.1499999999999999667, -1.020000000000000018 ) ) ;
#3565 = DIRECTION ( 'NONE',  ( 0.000000000000000000, 0.000000000000000000, 1.000000000000000000 ) ) ;
#3566 = CARTESIAN_POINT ( 'NONE',  ( -3.394831883202000355, 1.844563999893709116, -1.520000000000000018 ) ) ;
#3567 = EDGE_CURVE ( 'NONE', #1371, #3698, #1704, .T. ) ;
#3568 = PRESENTATION_STYLE_ASSIGNMENT (( #1093 ) ) ;
#3569 = CARTESIAN_POINT ( 'NONE',  ( 4.573773423826661855, -0.1000000000000002137, -1.020000000000000018 ) ) ;
#3570 = STYLED_ITEM ( 'NONE', ( #1748 ), #271 ) ;
#3571 = DIRECTION ( 'NONE',  ( -0.000000000000000000, -0.000000000000000000, 1.000000000000000000 ) ) ;
#3572 =( GEOMETRIC_REPRESENTATION_CONTEXT ( 3 ) GLOBAL_UNCERTAINTY_ASSIGNED_CONTEXT ( ( #3261 ) ) GLOBAL_UNIT_ASSIGNED_CONTEXT ( ( #2376, #3638, #3942 ) ) REPRESENTATION_CONTEXT ( 'NONE', 'WORKASPACE' ) );
#3573 = EDGE_LOOP ( 'NONE', ( #1710, #3903, #1286, #3704, #340, #2688 ) ) ;
#3574 = VECTOR ( 'NONE', #916, 1000.000000000000000 ) ;
#3575 = ORIENTED_EDGE ( 'NONE', *, *, #4017, .T. ) ;
#3576 = LINE ( 'NONE', #1906, #678 ) ;
#3577 = VECTOR ( 'NONE', #2018, 1000.000000000000000 ) ;
#3578 = PLANE ( 'NONE',  #1311 ) ;
#3579 = SURFACE_STYLE_FILL_AREA ( #1367 ) ;
#3580 =( NAMED_UNIT ( * ) PLANE_ANGLE_UNIT ( ) SI_UNIT ( $, .RADIAN. ) );
#3581 = ORIENTED_EDGE ( 'NONE', *, *, #1659, .F. ) ;
#3582 = UNCERTAINTY_MEASURE_WITH_UNIT (LENGTH_MEASURE( 1.000000000000000082E-05 ), #3243, 'distance_accuracy_value', 'NONE');
#3583 = VERTEX_POINT ( 'NONE', #1448 ) ;
#3584 = CARTESIAN_POINT ( 'NONE',  ( 4.573773423826661855, 0.1499999999999999667, 1.520000000000000018 ) ) ;
#3585 =( GEOMETRIC_REPRESENTATION_CONTEXT ( 3 ) GLOBAL_UNCERTAINTY_ASSIGNED_CONTEXT ( ( #1608 ) ) GLOBAL_UNIT_ASSIGNED_CONTEXT ( ( #998, #2670, #2573 ) ) REPRESENTATION_CONTEXT ( 'NONE', 'WORKASPACE' ) );
#3586 = DIRECTION ( 'NONE',  ( -0.3853006803259598767, -0.9227910845583372490, -0.000000000000000000 ) ) ;
#3587 = SURFACE_STYLE_USAGE ( .BOTH. , #739 ) ;
#3588 = FILL_AREA_STYLE ('',( #2305 ) ) ;
#3589 = VECTOR ( 'NONE', #38, 1000.000000000000000 ) ;
#3590 = ADVANCED_FACE ( 'NONE', ( #2703 ), #3958, .F. ) ;
#3591 = LINE ( 'NONE', #108, #3965 ) ;
#3592 = LINE ( 'NONE', #2019, #3974 ) ;
#3593 = PLANE ( 'NONE',  #2507 ) ;
#3594 = ADVANCED_FACE ( 'NONE', ( #1505 ), #2499, .F. ) ;
#3595 = MECHANICAL_DESIGN_GEOMETRIC_PRESENTATION_REPRESENTATION (  '', ( #1548 ), #3650 ) ;
#3596 = EDGE_LOOP ( 'NONE', ( #4031, #2297, #496, #1862 ) ) ;
#3597 =( GEOMETRIC_REPRESENTATION_CONTEXT ( 3 ) GLOBAL_UNCERTAINTY_ASSIGNED_CONTEXT ( ( #1648 ) ) GLOBAL_UNIT_ASSIGNED_CONTEXT ( ( #4036, #273, #3730 ) ) REPRESENTATION_CONTEXT ( 'NONE', 'WORKASPACE' ) );
#3598 = EDGE_CURVE ( 'NONE', #2028, #3685, #2139, .T. ) ;
#3599 = AXIS2_PLACEMENT_3D ( 'NONE', #1072, #2325, #3907 ) ;
#3600 = FACE_OUTER_BOUND ( 'NONE', #1831, .T. ) ;
#3601 =( NAMED_UNIT ( * ) PLANE_ANGLE_UNIT ( ) SI_UNIT ( $, .RADIAN. ) );
#3602 = VECTOR ( 'NONE', #1625, 1000.000000000000000 ) ;
#3603 = ORIENTED_EDGE ( 'NONE', *, *, #616, .F. ) ;
#3604 = ORIENTED_EDGE ( 'NONE', *, *, #1518, .F. ) ;
#3605 = CARTESIAN_POINT ( 'NONE',  ( -5.074014682674854448, -0.1000000000000002137, -1.020000000000000018 ) ) ;
#3606 = DIRECTION ( 'NONE',  ( -0.000000000000000000, -0.000000000000000000, -1.000000000000000000 ) ) ;
#3607 = VECTOR ( 'NONE', #4006, 1000.000000000000000 ) ;
#3608 = SURFACE_SIDE_STYLE ('',( #1094 ) ) ;
#3609 =( NAMED_UNIT ( * ) PLANE_ANGLE_UNIT ( ) SI_UNIT ( $, .RADIAN. ) );
#3610 = ORIENTED_EDGE ( 'NONE', *, *, #2457, .F. ) ;
#3611 = CARTESIAN_POINT ( 'NONE',  ( -4.573773423826661855, -0.1000000000000002137, -1.920000000000000151 ) ) ;
#3612 =( NAMED_UNIT ( * ) SI_UNIT ( $, .STERADIAN. ) SOLID_ANGLE_UNIT ( ) );
#3613 = EDGE_CURVE ( 'NONE', #81, #579, #938, .T. ) ;
#3614 = VERTEX_POINT ( 'NONE', #2162 ) ;
#3615 = MECHANICAL_DESIGN_GEOMETRIC_PRESENTATION_REPRESENTATION (  '', ( #2089 ), #1896 ) ;
#3616 = ADVANCED_FACE ( 'NONE', ( #633 ), #3469, .F. ) ;
#3617 = ORIENTED_EDGE ( 'NONE', *, *, #235, .F. ) ;
#3618 = VERTEX_POINT ( 'NONE', #1981 ) ;
#3619 = STYLED_ITEM ( 'NONE', ( #3357 ), #3561 ) ;
#3620 = CARTESIAN_POINT ( 'NONE',  ( 3.403105161170367765, 1.750000000000000000, 2.443105161170367357 ) ) ;
#3621 = DIRECTION ( 'NONE',  ( 0.3853006803259597102, 0.9227910845583373600, 0.000000000000000000 ) ) ;
#3622 = DIRECTION ( 'NONE',  ( -1.000000000000000000, 0.000000000000000000, 0.000000000000000000 ) ) ;
#3623 = DIRECTION ( 'NONE',  ( 1.000000000000000000, -8.469914131292437023E-15, 0.000000000000000000 ) ) ;
#3624 = AXIS2_PLACEMENT_3D ( 'NONE', #2571, #148, #722 ) ;
#3625 = CARTESIAN_POINT ( 'NONE',  ( 3.225312598644834328, -0.2821782887087677105, -1.519999999999999574 ) ) ;
#3626 = STYLED_ITEM ( 'NONE', ( #1451 ), #1427 ) ;
#3627 = LINE ( 'NONE', #1358, #3641 ) ;
#3628 = PLANE ( 'NONE',  #1543 ) ;
#3629 = LINE ( 'NONE', #3283, #2441 ) ;
#3630 = COLOUR_RGB ( '',0.6470588235294117974, 0.6196078431372549211, 0.5882352941176470784 ) ;
#3631 = CARTESIAN_POINT ( 'NONE',  ( -4.703105161170365811, 0.8451791884718238279, 1.920000000000000151 ) ) ;
#3632 = LINE ( 'NONE', #3336, #3372 ) ;
#3633 = AXIS2_PLACEMENT_3D ( 'NONE', #1742, #4008, #2147 ) ;
#3634 = EDGE_CURVE ( 'NONE', #880, #385, #744, .T. ) ;
#3635 = DIRECTION ( 'NONE',  ( -0.000000000000000000, -0.000000000000000000, -1.000000000000000000 ) ) ;
#3636 = LINE ( 'NONE', #218, #201 ) ;
#3637 = COLOUR_RGB ( '',0.6470588235294117974, 0.6196078431372549211, 0.5882352941176470784 ) ;
#3638 =( NAMED_UNIT ( * ) PLANE_ANGLE_UNIT ( ) SI_UNIT ( $, .RADIAN. ) );
#3639 = VERTEX_POINT ( 'NONE', #3245 ) ;
#3640 = ORIENTED_EDGE ( 'NONE', *, *, #2748, .T. ) ;
#3641 = VECTOR ( 'NONE', #815, 1000.000000000000000 ) ;
#3642 = EDGE_CURVE ( 'NONE', #3855, #243, #2601, .T. ) ;
#3643 =( NAMED_UNIT ( * ) SI_UNIT ( $, .STERADIAN. ) SOLID_ANGLE_UNIT ( ) );
#3644 = CARTESIAN_POINT ( 'NONE',  ( 3.529196909561967743, 0.3087647209373985402, -1.519999999999999574 ) ) ;
#3645 = LINE ( 'NONE', #831, #2668 ) ;
#3646 =( NAMED_UNIT ( * ) SI_UNIT ( $, .STERADIAN. ) SOLID_ANGLE_UNIT ( ) );
#3647 = DIRECTION ( 'NONE',  ( -1.000000000000000000, -1.083679278056636965E-16, 0.000000000000000000 ) ) ;
#3648 = DIRECTION ( 'NONE',  ( -0.000000000000000000, -0.000000000000000000, -1.000000000000000000 ) ) ;
#3649 = DIRECTION ( 'NONE',  ( -0.000000000000000000, -0.000000000000000000, 1.000000000000000000 ) ) ;
#3650 =( GEOMETRIC_REPRESENTATION_CONTEXT ( 3 ) GLOBAL_UNCERTAINTY_ASSIGNED_CONTEXT ( ( #1472 ) ) GLOBAL_UNIT_ASSIGNED_CONTEXT ( ( #2167, #609, #305 ) ) REPRESENTATION_CONTEXT ( 'NONE', 'WORKASPACE' ) );
#3651 = VECTOR ( 'NONE', #986, 1000.000000000000000 ) ;
#3652 = PLANE ( 'NONE',  #2902 ) ;
#3653 = CIRCLE ( 'NONE', #2799, 0.1999999999999996503 ) ;
#3654 = LINE ( 'NONE', #2768, #3607 ) ;
#3655 = VERTEX_POINT ( 'NONE', #2245 ) ;
#3656 = MECHANICAL_DESIGN_GEOMETRIC_PRESENTATION_REPRESENTATION (  '', ( #3724 ), #1673 ) ;
#3657 = ORIENTED_EDGE ( 'NONE', *, *, #3275, .F. ) ;
#3658 = EDGE_CURVE ( 'NONE', #3655, #1148, #2859, .T. ) ;
#3659 = FILL_AREA_STYLE ('',( #3524 ) ) ;
#3660 = VECTOR ( 'NONE', #2530, 1000.000000000000000 ) ;
#3661 = LINE ( 'NONE', #3727, #1071 ) ;
#3662 = VERTEX_POINT ( 'NONE', #3224 ) ;
#3663 = EDGE_CURVE ( 'NONE', #3662, #1266, #3883, .T. ) ;
#3664 = DIRECTION ( 'NONE',  ( -1.000000000000000000, 0.000000000000000000, 0.000000000000000000 ) ) ;
#3665 = LINE ( 'NONE', #854, #583 ) ;
#3666 = CARTESIAN_POINT ( 'NONE',  ( 3.433243094248563665, 1.394563999893710271, -1.920000000000000151 ) ) ;
#3667 = DIRECTION ( 'NONE',  ( -0.000000000000000000, -0.000000000000000000, -1.000000000000000000 ) ) ;
#3668 = CARTESIAN_POINT ( 'NONE',  ( -5.074014682674854448, -0.09999999999999999167, 1.520000000000000018 ) ) ;
#3669 = CARTESIAN_POINT ( 'NONE',  ( 3.433243094248563665, 1.594563999893710227, 1.520000000000000018 ) ) ;
#3670 = SURFACE_STYLE_FILL_AREA ( #3056 ) ;
#3671 = ORIENTED_EDGE ( 'NONE', *, *, #3085, .T. ) ;
#3672 = CARTESIAN_POINT ( 'NONE',  ( -4.573773423826661855, -0.1000000000000002137, -1.020000000000000018 ) ) ;
#3673 = CARTESIAN_POINT ( 'NONE',  ( 4.703105161170367587, 0.8451791884718238279, -1.519999999999999796 ) ) ;
#3674 = PRESENTATION_STYLE_ASSIGNMENT (( #198 ) ) ;
#3675 = LINE ( 'NONE', #865, #2913 ) ;
#3676 = ORIENTED_EDGE ( 'NONE', *, *, #3642, .F. ) ;
#3677 = PRESENTATION_LAYER_ASSIGNMENT (  '', '', ( #1376 ) ) ;
#3678 = PRESENTATION_LAYER_ASSIGNMENT (  '', '', ( #2889 ) ) ;
#3679 = ORIENTED_EDGE ( 'NONE', *, *, #1669, .F. ) ;
#3680 = DIRECTION ( 'NONE',  ( -1.000000000000000000, 0.000000000000000000, 0.000000000000000000 ) ) ;
#3681 = EDGE_CURVE ( 'NONE', #1047, #1002, #762, .T. ) ;
#3682 = CARTESIAN_POINT ( 'NONE',  ( -3.529196909561966411, 0.3087647209373988733, -1.519999999999999574 ) ) ;
#3683 = SURFACE_SIDE_STYLE ('',( #4012 ) ) ;
#3684 = AXIS2_PLACEMENT_3D ( 'NONE', #800, #2056, #1099 ) ;
#3685 = VERTEX_POINT ( 'NONE', #743 ) ;
#3686 = PRESENTATION_STYLE_ASSIGNMENT (( #292 ) ) ;
#3687 = CIRCLE ( 'NONE', #2439, 0.1999999999999998723 ) ;
#3688 = PRESENTATION_STYLE_ASSIGNMENT (( #853 ) ) ;
#3689 = ADVANCED_FACE ( 'NONE', ( #376 ), #3548, .T. ) ;
#3690 =( LENGTH_UNIT ( ) NAMED_UNIT ( * ) SI_UNIT ( .MILLI., .METRE. ) );
#3691 = AXIS2_PLACEMENT_3D ( 'NONE', #489, #3680, #811 ) ;
#3692 = AXIS2_PLACEMENT_3D ( 'NONE', #3961, #3034, #1491 ) ;
#3693 =( NAMED_UNIT ( * ) PLANE_ANGLE_UNIT ( ) SI_UNIT ( $, .RADIAN. ) );
#3694 = EDGE_CURVE ( 'NONE', #2605, #2252, #3687, .T. ) ;
#3695 = SURFACE_SIDE_STYLE ('',( #2438 ) ) ;
#3696 = LINE ( 'NONE', #3631, #2903 ) ;
#3697 = STYLED_ITEM ( 'NONE', ( #3136 ), #192 ) ;
#3698 = VERTEX_POINT ( 'NONE', #1325 ) ;
#3699 = STYLED_ITEM ( 'NONE', ( #2925 ), #266 ) ;
#3700 = PRESENTATION_STYLE_ASSIGNMENT (( #1103 ) ) ;
#3701 = SURFACE_STYLE_FILL_AREA ( #1183 ) ;
#3702 = FILL_AREA_STYLE_COLOUR ( '', #2114 ) ;
#3703 = ORIENTED_EDGE ( 'NONE', *, *, #1130, .F. ) ;
#3704 = ORIENTED_EDGE ( 'NONE', *, *, #1951, .T. ) ;
#3705 = DIRECTION ( 'NONE',  ( 0.000000000000000000, -2.169739143709707832E-16, 1.000000000000000000 ) ) ;
#3706 = VERTEX_POINT ( 'NONE', #2311 ) ;
#3707 = ORIENTED_EDGE ( 'NONE', *, *, #2251, .F. ) ;
#3708 = STYLED_ITEM ( 'NONE', ( #208 ), #874 ) ;
#3709 = FACE_OUTER_BOUND ( 'NONE', #2876, .T. ) ;
#3710 = STYLED_ITEM ( 'NONE', ( #3568 ), #782 ) ;
#3711 = DIRECTION ( 'NONE',  ( -0.000000000000000000, -0.000000000000000000, 1.000000000000000000 ) ) ;
#3712 = CARTESIAN_POINT ( 'NONE',  ( -3.200346355037512858, 1.844563999893707340, -1.920000000000000151 ) ) ;
#3713 = FILL_AREA_STYLE_COLOUR ( '', #3945 ) ;
#3714 = ORIENTED_EDGE ( 'NONE', *, *, #1066, .T. ) ;
#3715 = EDGE_CURVE ( 'NONE', #3310, #3244, #3813, .T. ) ;
#3716 = STYLED_ITEM ( 'NONE', ( #1342 ), #1567 ) ;
#3717 = ORIENTED_EDGE ( 'NONE', *, *, #2784, .F. ) ;
#3718 = ADVANCED_FACE ( 'NONE', ( #2220 ), #996, .T. ) ;
#3719 = CARTESIAN_POINT ( 'NONE',  ( 3.533162674632499112, 1.544563999893710182, -1.520000000000000018 ) ) ;
#3720 = LINE ( 'NONE', #1207, #3916 ) ;
#3721 = DIRECTION ( 'NONE',  ( -0.000000000000000000, -0.000000000000000000, 1.000000000000000000 ) ) ;
#3722 = ORIENTED_EDGE ( 'NONE', *, *, #143, .F. ) ;
#3723 = ORIENTED_EDGE ( 'NONE', *, *, #3005, .T. ) ;
#3724 = STYLED_ITEM ( 'NONE', ( #922 ), #2436 ) ;
#3725 = DIRECTION ( 'NONE',  ( 0.000000000000000000, 0.000000000000000000, 1.000000000000000000 ) ) ;
#3726 = DIRECTION ( 'NONE',  ( -0.08715574274765849894, -0.9961946980917455452, 2.161482631205734934E-16 ) ) ;
#3727 = CARTESIAN_POINT ( 'NONE',  ( 4.573773423826661855, -0.1000000000000002137, -1.520000000000000018 ) ) ;
#3728 = VERTEX_POINT ( 'NONE', #2053 ) ;
#3729 = ORIENTED_EDGE ( 'NONE', *, *, #1467, .F. ) ;
#3730 =( NAMED_UNIT ( * ) SI_UNIT ( $, .STERADIAN. ) SOLID_ANGLE_UNIT ( ) );
#3731 = DIRECTION ( 'NONE',  ( -1.000000000000000000, -1.303481574384949276E-14, -0.000000000000000000 ) ) ;
#3732 = VECTOR ( 'NONE', #1351, 1000.000000000000000 ) ;
#3733 = CARTESIAN_POINT ( 'NONE',  ( 4.573773423826661855, -0.1000000000000002137, -1.920000000000000151 ) ) ;
#3734 = COLOUR_RGB ( '',0.6470588235294117974, 0.6196078431372549211, 0.5882352941176470784 ) ;
#3735 = ADVANCED_FACE ( 'NONE', ( #3334 ), #3593, .F. ) ;
#3736 = DIRECTION ( 'NONE',  ( -0.9227910845583373600, -0.3853006803259598767, 0.000000000000000000 ) ) ;
#3737 = VERTEX_POINT ( 'NONE', #2675 ) ;
#3738 = EDGE_CURVE ( 'NONE', #3273, #2742, #3629, .T. ) ;
#3739 = DIRECTION ( 'NONE',  ( -0.3853006803259595991, -0.9227910845583373600, 2.002215937632559559E-16 ) ) ;
#3740 = ORIENTED_EDGE ( 'NONE', *, *, #4022, .F. ) ;
#3741 = DIRECTION ( 'NONE',  ( -0.000000000000000000, -0.000000000000000000, -1.000000000000000000 ) ) ;
#3742 = FACE_OUTER_BOUND ( 'NONE', #3223, .T. ) ;
#3743 = ORIENTED_EDGE ( 'NONE', *, *, #2805, .F. ) ;
#3744 = STYLED_ITEM ( 'NONE', ( #2560 ), #3110 ) ;
#3745 = AXIS2_PLACEMENT_3D ( 'NONE', #1555, #3191, #401 ) ;
#3746 = DIRECTION ( 'NONE',  ( 0.000000000000000000, 0.000000000000000000, -1.000000000000000000 ) ) ;
#3747 = CARTESIAN_POINT ( 'NONE',  ( -3.403105161170366433, 1.750000000000000000, -2.443105161170366912 ) ) ;
#3748 = LINE ( 'NONE', #2456, #1572 ) ;
#3749 = COLOUR_RGB ( '',0.6470588235294117974, 0.6196078431372549211, 0.5882352941176470784 ) ;
#3750 =( NAMED_UNIT ( * ) SI_UNIT ( $, .STERADIAN. ) SOLID_ANGLE_UNIT ( ) );
#3751 = CARTESIAN_POINT ( 'NONE',  ( 3.810000000000000053, 1.660154203991497823, 1.920000000000000151 ) ) ;
#3752 = DIRECTION ( 'NONE',  ( 0.000000000000000000, 0.000000000000000000, -1.000000000000000000 ) ) ;
#3753 = ORIENTED_EDGE ( 'NONE', *, *, #1144, .T. ) ;
#3754 = SURFACE_STYLE_FILL_AREA ( #1852 ) ;
#3755 =( LENGTH_UNIT ( ) NAMED_UNIT ( * ) SI_UNIT ( .MILLI., .METRE. ) );
#3756 = SURFACE_SIDE_STYLE ('',( #3777 ) ) ;
#3757 = CARTESIAN_POINT ( 'NONE',  ( -4.473853843442727296, 0.1999999999999998723, -1.920000000000000151 ) ) ;
#3758 = PRESENTATION_STYLE_ASSIGNMENT (( #657 ) ) ;
#3759 = ORIENTED_EDGE ( 'NONE', *, *, #774, .T. ) ;
#3760 = EDGE_CURVE ( 'NONE', #1513, #1872, #3432, .T. ) ;
#3761 = PRESENTATION_STYLE_ASSIGNMENT (( #2774 ) ) ;
#3762 = PRESENTATION_STYLE_ASSIGNMENT (( #2511 ) ) ;
#3763 = FILL_AREA_STYLE_COLOUR ( '', #758 ) ;
#3764 = ORIENTED_EDGE ( 'NONE', *, *, #1217, .F. ) ;
#3765 = EDGE_CURVE ( 'NONE', #3583, #977, #4023, .T. ) ;
#3766 = STYLED_ITEM ( 'NONE', ( #2607 ), #384 ) ;
#3767 = CARTESIAN_POINT ( 'NONE',  ( -3.403105161170366433, 1.750000000000000000, 0.6199999999999998845 ) ) ;
#3768 = SURFACE_SIDE_STYLE ('',( #2516 ) ) ;
#3769 = STYLED_ITEM ( 'NONE', ( #3758 ), #586 ) ;
#3770 = LINE ( 'NONE', #3374, #3874 ) ;
#3771 =( GEOMETRIC_REPRESENTATION_CONTEXT ( 3 ) GLOBAL_UNCERTAINTY_ASSIGNED_CONTEXT ( ( #3306 ) ) GLOBAL_UNIT_ASSIGNED_CONTEXT ( ( #1977, #1340, #2979 ) ) REPRESENTATION_CONTEXT ( 'NONE', 'WORKASPACE' ) );
#3772 =( LENGTH_UNIT ( ) NAMED_UNIT ( * ) SI_UNIT ( .MILLI., .METRE. ) );
#3773 = DIRECTION ( 'NONE',  ( 1.000000000000000000, -9.032596777496193475E-17, 0.000000000000000000 ) ) ;
#3774 = PRESENTATION_LAYER_ASSIGNMENT (  '', '', ( #2462 ) ) ;
#3775 = ORIENTED_EDGE ( 'NONE', *, *, #1242, .T. ) ;
#3776 = CARTESIAN_POINT ( 'NONE',  ( -5.074014682674854448, -0.09999999999999999167, 1.020000000000000018 ) ) ;
#3777 = SURFACE_STYLE_FILL_AREA ( #2489 ) ;
#3778 = SURFACE_SIDE_STYLE ('',( #3473 ) ) ;
#3779 = ORIENTED_EDGE ( 'NONE', *, *, #2980, .F. ) ;
#3780 = UNCERTAINTY_MEASURE_WITH_UNIT (LENGTH_MEASURE( 1.000000000000000082E-05 ), #3308, 'distance_accuracy_value', 'NONE');
#3781 = FILL_AREA_STYLE_COLOUR ( '', #2360 ) ;
#3782 = FILL_AREA_STYLE ('',( #1925 ) ) ;
#3783 = PLANE ( 'NONE',  #3247 ) ;
#3784 = EDGE_CURVE ( 'NONE', #2989, #3322, #1375, .T. ) ;
#3785 = EDGE_LOOP ( 'NONE', ( #2788, #3413, #3843, #3876, #3205, #2199, #3385 ) ) ;
#3786 = PRESENTATION_STYLE_ASSIGNMENT (( #1558 ) ) ;
#3787 = DIRECTION ( 'NONE',  ( 0.3853006803259598212, 0.9227910845583372490, 2.002215937632559313E-16 ) ) ;
#3788 = CARTESIAN_POINT ( 'NONE',  ( 3.810000000000000053, 1.660154203991497823, 1.920000000000000151 ) ) ;
#3789 = COLOUR_RGB ( '',0.6470588235294117974, 0.6196078431372549211, 0.5882352941176470784 ) ;
#3790 = STYLED_ITEM ( 'NONE', ( #332 ), #2853 ) ;
#3791 = FACE_OUTER_BOUND ( 'NONE', #1899, .T. ) ;
#3792 = EDGE_CURVE ( 'NONE', #4002, #3411, #738, .T. ) ;
#3793 = AXIS2_PLACEMENT_3D ( 'NONE', #3757, #2146, #2465 ) ;
#3794 = PLANE ( 'NONE',  #2117 ) ;
#3795 = CARTESIAN_POINT ( 'NONE',  ( -3.533162674632499112, 1.844563999893709116, -1.520000000000000018 ) ) ;
#3796 = PRESENTATION_STYLE_ASSIGNMENT (( #4039 ) ) ;
#3797 = LINE ( 'NONE', #711, #1897 ) ;
#3798 = MECHANICAL_DESIGN_GEOMETRIC_PRESENTATION_REPRESENTATION (  '', ( #2211 ), #2550 ) ;
#3799 =( NAMED_UNIT ( * ) PLANE_ANGLE_UNIT ( ) SI_UNIT ( $, .RADIAN. ) );
#3800 = FILL_AREA_STYLE_COLOUR ( '', #907 ) ;
#3801 = ORIENTED_EDGE ( 'NONE', *, *, #3129, .T. ) ;
#3802 = PLANE ( 'NONE',  #3745 ) ;
#3803 = DIRECTION ( 'NONE',  ( -1.000000000000000000, 0.000000000000000000, 0.000000000000000000 ) ) ;
#3804 = LINE ( 'NONE', #3147, #3898 ) ;
#3805 = VERTEX_POINT ( 'NONE', #2303 ) ;
#3806 = CARTESIAN_POINT ( 'NONE',  ( -4.389215206914994560, 0.2729398639348085132, -0.6200000000000001066 ) ) ;
#3807 = CARTESIAN_POINT ( 'NONE',  ( 3.433243094248563665, 1.594563999893710227, -1.520000000000000018 ) ) ;
#3808 = LINE ( 'NONE', #989, #3403 ) ;
#3809 = MECHANICAL_DESIGN_GEOMETRIC_PRESENTATION_REPRESENTATION (  '', ( #2944 ), #2621 ) ;
#3810 = VECTOR ( 'NONE', #2150, 1000.000000000000000 ) ;
#3811 = STYLED_ITEM ( 'NONE', ( #2683 ), #3331 ) ;
#3812 = CARTESIAN_POINT ( 'NONE',  ( -4.473853843442727296, -0.1000000000000000472, 1.020000000000000018 ) ) ;
#3813 = LINE ( 'NONE', #1382, #1321 ) ;
#3814 = VERTEX_POINT ( 'NONE', #466 ) ;
#3815 = DIRECTION ( 'NONE',  ( -0.000000000000000000, -0.000000000000000000, -1.000000000000000000 ) ) ;
#3816 = EDGE_CURVE ( 'NONE', #3529, #595, #3195, .T. ) ;
#3817 = COLOUR_RGB ( '',0.6470588235294117974, 0.6196078431372549211, 0.5882352941176470784 ) ;
#3818 = ORIENTED_EDGE ( 'NONE', *, *, #2532, .F. ) ;
#3819 = DIRECTION ( 'NONE',  ( -1.000000000000000000, 0.000000000000000000, 0.000000000000000000 ) ) ;
#3820 = EDGE_LOOP ( 'NONE', ( #3676, #42, #3018, #1763 ) ) ;
#3821 = ORIENTED_EDGE ( 'NONE', *, *, #2144, .T. ) ;
#3822 = DIRECTION ( 'NONE',  ( -1.000000000000000000, 0.000000000000000000, 0.000000000000000000 ) ) ;
#3823 = CARTESIAN_POINT ( 'NONE',  ( -3.810000000000000053, 1.660154203991497823, 1.520000000000000018 ) ) ;
#3824 = EDGE_LOOP ( 'NONE', ( #978, #1295, #1579, #2356, #1671, #4009 ) ) ;
#3825 = VECTOR ( 'NONE', #436, 1000.000000000000000 ) ;
#3826 = UNCERTAINTY_MEASURE_WITH_UNIT (LENGTH_MEASURE( 1.000000000000000082E-05 ), #207, 'distance_accuracy_value', 'NONE');
#3827 = VERTEX_POINT ( 'NONE', #2612 ) ;
#3828 = DIRECTION ( 'NONE',  ( 1.000000000000000000, 1.303481574384949276E-14, -2.828214995047381501E-30 ) ) ;
#3829 = AXIS2_PLACEMENT_3D ( 'NONE', #851, #640, #52 ) ;
#3830 = DIRECTION ( 'NONE',  ( -0.000000000000000000, 1.000000000000000000, -0.000000000000000000 ) ) ;
#3831 =( NAMED_UNIT ( * ) PLANE_ANGLE_UNIT ( ) SI_UNIT ( $, .RADIAN. ) );
#3832 =( GEOMETRIC_REPRESENTATION_CONTEXT ( 3 ) GLOBAL_UNCERTAINTY_ASSIGNED_CONTEXT ( ( #1674 ) ) GLOBAL_UNIT_ASSIGNED_CONTEXT ( ( #3452, #2764, #3998 ) ) REPRESENTATION_CONTEXT ( 'NONE', 'WORKASPACE' ) );
#3833 = CARTESIAN_POINT ( 'NONE',  ( -4.197016518075225910, 0.08440979590221189821, 1.920000000000000151 ) ) ;
#3834 = ORIENTED_EDGE ( 'NONE', *, *, #949, .F. ) ;
#3835 = CARTESIAN_POINT ( 'NONE',  ( 3.433243094248563665, 1.394563999893710271, -1.520000000000000018 ) ) ;
#3836 = VERTEX_POINT ( 'NONE', #1949 ) ;
#3837 = CIRCLE ( 'NONE', #2052, 0.2999999999999999334 ) ;
#3838 =( NAMED_UNIT ( * ) SI_UNIT ( $, .STERADIAN. ) SOLID_ANGLE_UNIT ( ) );
#3839 = VERTEX_POINT ( 'NONE', #1070 ) ;
#3840 = VECTOR ( 'NONE', #2553, 1000.000000000000000 ) ;
#3841 = DIRECTION ( 'NONE',  ( 0.000000000000000000, 0.000000000000000000, -1.000000000000000000 ) ) ;
#3842 = ADVANCED_FACE ( 'NONE', ( #2261 ), #1692, .F. ) ;
#3843 = ORIENTED_EDGE ( 'NONE', *, *, #359, .F. ) ;
#3844 = ORIENTED_EDGE ( 'NONE', *, *, #3535, .T. ) ;
#3845 = EDGE_CURVE ( 'NONE', #377, #314, #2899, .T. ) ;
#3846 = LINE ( 'NONE', #1946, #3922 ) ;
#3847 =( NAMED_UNIT ( * ) SI_UNIT ( $, .STERADIAN. ) SOLID_ANGLE_UNIT ( ) );
#3848 = ORIENTED_EDGE ( 'NONE', *, *, #2650, .F. ) ;
#3849 = ORIENTED_EDGE ( 'NONE', *, *, #1219, .F. ) ;
#3850 = CARTESIAN_POINT ( 'NONE',  ( -4.573773423826661855, -0.1000000000000002137, 0.6200000000000001066 ) ) ;
#3851 = FILL_AREA_STYLE ('',( #1355 ) ) ;
#3852 = CARTESIAN_POINT ( 'NONE',  ( 4.703105161170367587, 0.8451791884718238279, 1.920000000000000151 ) ) ;
#3853 = DIRECTION ( 'NONE',  ( 0.000000000000000000, 0.000000000000000000, -1.000000000000000000 ) ) ;
#3854 = DIRECTION ( 'NONE',  ( -0.000000000000000000, 1.000000000000000000, -0.000000000000000000 ) ) ;
#3855 = VERTEX_POINT ( 'NONE', #3850 ) ;
#3856 = VECTOR ( 'NONE', #2667, 1000.000000000000000 ) ;
#3857 = VECTOR ( 'NONE', #1458, 1000.000000000000227 ) ;
#3858 = CARTESIAN_POINT ( 'NONE',  ( -3.249999999999999556, 0.000000000000000000, -0.6199999999999998845 ) ) ;
#3859 = DIRECTION ( 'NONE',  ( -0.000000000000000000, -0.000000000000000000, -1.000000000000000000 ) ) ;
#3860 = ORIENTED_EDGE ( 'NONE', *, *, #3784, .F. ) ;
#3861 = ORIENTED_EDGE ( 'NONE', *, *, #1019, .T. ) ;
#3862 = VECTOR ( 'NONE', #1390, 1000.000000000000114 ) ;
#3863 = EDGE_CURVE ( 'NONE', #243, #2747, #1089, .T. ) ;
#3864 = LINE ( 'NONE', #163, #1525 ) ;
#3865 = ORIENTED_EDGE ( 'NONE', *, *, #951, .F. ) ;
#3866 = LINE ( 'NONE', #3256, #3427 ) ;
#3867 = EDGE_CURVE ( 'NONE', #3037, #1201, #1702, .T. ) ;
#3868 = PLANE ( 'NONE',  #1061 ) ;
#3869 = CARTESIAN_POINT ( 'NONE',  ( -4.573773423826661855, 0.1499999999999999667, -1.520000000000000018 ) ) ;
#3870 = UNCERTAINTY_MEASURE_WITH_UNIT (LENGTH_MEASURE( 1.000000000000000082E-05 ), #423, 'distance_accuracy_value', 'NONE');
#3871 = LINE ( 'NONE', #191, #1023 ) ;
#3872 = FACE_OUTER_BOUND ( 'NONE', #1574, .T. ) ;
#3873 = CARTESIAN_POINT ( 'NONE',  ( -3.433243094248563665, 1.394563999893710271, 0.6200000000000001066 ) ) ;
#3874 = VECTOR ( 'NONE', #563, 1000.000000000000000 ) ;
#3875 = SURFACE_STYLE_FILL_AREA ( #113 ) ;
#3876 = ORIENTED_EDGE ( 'NONE', *, *, #92, .T. ) ;
#3877 = COLOUR_RGB ( '',0.6470588235294117974, 0.6196078431372549211, 0.5882352941176470784 ) ;
#3878 = SURFACE_STYLE_FILL_AREA ( #2619 ) ;
#3879 = UNCERTAINTY_MEASURE_WITH_UNIT (LENGTH_MEASURE( 1.000000000000000082E-05 ), #863, 'distance_accuracy_value', 'NONE');
#3880 = DIRECTION ( 'NONE',  ( 1.000000000000000000, -0.000000000000000000, -0.000000000000000000 ) ) ;
#3881 = AXIS2_PLACEMENT_3D ( 'NONE', #2900, #449, #3284 ) ;
#3882 = ORIENTED_EDGE ( 'NONE', *, *, #2045, .F. ) ;
#3883 = CIRCLE ( 'NONE', #159, 0.1999999999999996503 ) ;
#3884 = CARTESIAN_POINT ( 'NONE',  ( 4.573773423826661855, 0.1499999999999999667, -1.920000000000000151 ) ) ;
#3885 = LINE ( 'NONE', #181, #140 ) ;
#3886 = CARTESIAN_POINT ( 'NONE',  ( 3.200346355037512858, 1.844563999893707340, 1.920000000000000151 ) ) ;
#3887 = ORIENTED_EDGE ( 'NONE', *, *, #970, .T. ) ;
#3888 = ORIENTED_EDGE ( 'NONE', *, *, #2559, .F. ) ;
#3889 = STYLED_ITEM ( 'NONE', ( #3008 ), #1489 ) ;
#3890 = DIRECTION ( 'NONE',  ( 0.08715574274765836016, -0.9961946980917455452, -0.000000000000000000 ) ) ;
#3891 =( NAMED_UNIT ( * ) SI_UNIT ( $, .STERADIAN. ) SOLID_ANGLE_UNIT ( ) );
#3892 = ADVANCED_FACE ( 'NONE', ( #388 ), #3868, .T. ) ;
#3893 = MECHANICAL_DESIGN_GEOMETRIC_PRESENTATION_REPRESENTATION (  '', ( #426 ), #1004 ) ;
#3894 = CARTESIAN_POINT ( 'NONE',  ( 4.573773423826661855, -0.1000000000000002137, 1.020000000000000018 ) ) ;
#3895 = EDGE_CURVE ( 'NONE', #1778, #1857, #1456, .T. ) ;
#3896 = CARTESIAN_POINT ( 'NONE',  ( -3.403105161170366877, 1.749999999999999778, -1.519999999999999796 ) ) ;
#3897 = SURFACE_SIDE_STYLE ('',( #1756 ) ) ;
#3898 = VECTOR ( 'NONE', #1926, 1000.000000000000000 ) ;
#3899 = CARTESIAN_POINT ( 'NONE',  ( -4.573773423826661855, -0.1000000000000000333, 1.520000000000000018 ) ) ;
#3900 = EDGE_LOOP ( 'NONE', ( #1329, #2558, #3533, #889 ) ) ;
#3901 = CARTESIAN_POINT ( 'NONE',  ( -4.573773423826661855, 0.3500000000000000333, -1.920000000000000151 ) ) ;
#3902 = LINE ( 'NONE', #484, #3862 ) ;
#3903 = ORIENTED_EDGE ( 'NONE', *, *, #3275, .T. ) ;
#3904 = ORIENTED_EDGE ( 'NONE', *, *, #3694, .F. ) ;
#3905 =( NAMED_UNIT ( * ) PLANE_ANGLE_UNIT ( ) SI_UNIT ( $, .RADIAN. ) );
#3906 = SURFACE_SIDE_STYLE ('',( #3258 ) ) ;
#3907 = DIRECTION ( 'NONE',  ( -1.000000000000000000, -9.032596777496193475E-17, -0.000000000000000000 ) ) ;
#3908 = VECTOR ( 'NONE', #954, 1000.000000000000000 ) ;
#3909 = SURFACE_STYLE_FILL_AREA ( #3929 ) ;
#3910 = CARTESIAN_POINT ( 'NONE',  ( 3.394831883202002132, 1.844563999893709116, 1.520000000000000018 ) ) ;
#3911 = PRODUCT_DEFINITION ( 'UNKNOWN', '', #543, #3550 ) ;
#3912 = DIRECTION ( 'NONE',  ( 0.3853006803259598212, 0.9227910845583372490, 0.000000000000000000 ) ) ;
#3913 = PRESENTATION_LAYER_ASSIGNMENT (  '', '', ( #3790 ) ) ;
#3914 = UNCERTAINTY_MEASURE_WITH_UNIT (LENGTH_MEASURE( 1.000000000000000082E-05 ), #2852, 'distance_accuracy_value', 'NONE');
#3915 = ORIENTED_EDGE ( 'NONE', *, *, #2833, .F. ) ;
#3916 = VECTOR ( 'NONE', #1284, 1000.000000000000000 ) ;
#3917 = CARTESIAN_POINT ( 'NONE',  ( 3.617801311160230959, 1.471624135958901958, 1.520000000000000018 ) ) ;
#3918 = CYLINDRICAL_SURFACE ( 'NONE', #3692, 0.1999999999999996503 ) ;
#3919 = LINE ( 'NONE', #119, #3732 ) ;
#3920 = DIRECTION ( 'NONE',  ( 0.000000000000000000, 0.000000000000000000, -1.000000000000000000 ) ) ;
#3921 = ORIENTED_EDGE ( 'NONE', *, *, #2880, .T. ) ;
#3922 = VECTOR ( 'NONE', #2951, 1000.000000000000114 ) ;
#3923 = ORIENTED_EDGE ( 'NONE', *, *, #264, .T. ) ;
#3924 = MECHANICAL_DESIGN_GEOMETRIC_PRESENTATION_REPRESENTATION (  '', ( #3409 ), #2337 ) ;
#3925 =( NAMED_UNIT ( * ) PLANE_ANGLE_UNIT ( ) SI_UNIT ( $, .RADIAN. ) );
#3926 =( NAMED_UNIT ( * ) PLANE_ANGLE_UNIT ( ) SI_UNIT ( $, .RADIAN. ) );
#3927 = FILL_AREA_STYLE ('',( #1418 ) ) ;
#3928 = ORIENTED_EDGE ( 'NONE', *, *, #285, .F. ) ;
#3929 = FILL_AREA_STYLE ('',( #2632 ) ) ;
#3930 = CARTESIAN_POINT ( 'NONE',  ( 4.473853843442727296, -0.1000000000000002137, 0.6200000000000001066 ) ) ;
#3931 = FILL_AREA_STYLE_COLOUR ( '', #3817 ) ;
#3932 = EDGE_CURVE ( 'NONE', #3012, #642, #2343, .T. ) ;
#3933 = AXIS2_PLACEMENT_3D ( 'NONE', #731, #378, #137 ) ;
#3934 =( LENGTH_UNIT ( ) NAMED_UNIT ( * ) SI_UNIT ( .MILLI., .METRE. ) );
#3935 = SURFACE_SIDE_STYLE ('',( #3292 ) ) ;
#3936 = DIRECTION ( 'NONE',  ( -0.000000000000000000, -0.000000000000000000, 1.000000000000000000 ) ) ;
#3937 = ORIENTED_EDGE ( 'NONE', *, *, #1198, .T. ) ;
#3938 = EDGE_CURVE ( 'NONE', #852, #3618, #848, .T. ) ;
#3939 = VECTOR ( 'NONE', #1789, 1000.000000000000000 ) ;
#3940 = PRESENTATION_LAYER_ASSIGNMENT (  '', '', ( #3230 ) ) ;
#3941 =( NAMED_UNIT ( * ) SI_UNIT ( $, .STERADIAN. ) SOLID_ANGLE_UNIT ( ) );
#3942 =( NAMED_UNIT ( * ) SI_UNIT ( $, .STERADIAN. ) SOLID_ANGLE_UNIT ( ) );
#3943 = ORIENTED_EDGE ( 'NONE', *, *, #1521, .F. ) ;
#3944 = ORIENTED_EDGE ( 'NONE', *, *, #1223, .F. ) ;
#3945 = COLOUR_RGB ( '',0.6470588235294117974, 0.6196078431372549211, 0.5882352941176470784 ) ;
#3946 = DIRECTION ( 'NONE',  ( -0.000000000000000000, -0.000000000000000000, 1.000000000000000000 ) ) ;
#3947 = VECTOR ( 'NONE', #3830, 1000.000000000000000 ) ;
#3948 = DIRECTION ( 'NONE',  ( 0.000000000000000000, 0.000000000000000000, 1.000000000000000000 ) ) ;
#3949 = SURFACE_SIDE_STYLE ('',( #529 ) ) ;
#3950 = MECHANICAL_DESIGN_GEOMETRIC_PRESENTATION_REPRESENTATION (  '', ( #2896 ), #417 ) ;
#3951 = UNCERTAINTY_MEASURE_WITH_UNIT (LENGTH_MEASURE( 1.000000000000000082E-05 ), #539, 'distance_accuracy_value', 'NONE');
#3952 = CARTESIAN_POINT ( 'NONE',  ( -4.197016518075225910, 0.08440979590221189821, -0.6200000000000001066 ) ) ;
#3953 = CARTESIAN_POINT ( 'NONE',  ( 4.703105161170367587, 1.844563999893709116, 1.520000000000000018 ) ) ;
#3954 =( GEOMETRIC_REPRESENTATION_CONTEXT ( 3 ) GLOBAL_UNCERTAINTY_ASSIGNED_CONTEXT ( ( #1313 ) ) GLOBAL_UNIT_ASSIGNED_CONTEXT ( ( #1000, #3248, #2022 ) ) REPRESENTATION_CONTEXT ( 'NONE', 'WORKASPACE' ) );
#3955 = SURFACE_STYLE_USAGE ( .BOTH. , #878 ) ;
#3956 = COLOUR_RGB ( '',0.6470588235294117974, 0.6196078431372549211, 0.5882352941176470784 ) ;
#3957 = FACE_OUTER_BOUND ( 'NONE', #1744, .T. ) ;
#3958 = CYLINDRICAL_SURFACE ( 'NONE', #3429, 0.1999999999999996503 ) ;
#3959 = LINE ( 'NONE', #1776, #2617 ) ;
#3960 = CIRCLE ( 'NONE', #2047, 0.1999999999999996503 ) ;
#3961 = CARTESIAN_POINT ( 'NONE',  ( 3.433243094248563665, 1.394563999893710271, 1.920000000000000151 ) ) ;
#3962 = LINE ( 'NONE', #1453, #236 ) ;
#3963 = ORIENTED_EDGE ( 'NONE', *, *, #3845, .T. ) ;
#3964 = ORIENTED_EDGE ( 'NONE', *, *, #2122, .F. ) ;
#3965 = VECTOR ( 'NONE', #759, 1000.000000000000000 ) ;
#3966 = FILL_AREA_STYLE ('',( #245 ) ) ;
#3967 = CARTESIAN_POINT ( 'NONE',  ( 3.810000000000000053, 1.660154203991497823, -1.920000000000000151 ) ) ;
#3968 = AXIS2_PLACEMENT_3D ( 'NONE', #204, #1435, #124 ) ;
#3969 = PRESENTATION_STYLE_ASSIGNMENT (( #13 ) ) ;
#3970 = SURFACE_STYLE_USAGE ( .BOTH. , #2088 ) ;
#3971 =( NAMED_UNIT ( * ) SI_UNIT ( $, .STERADIAN. ) SOLID_ANGLE_UNIT ( ) );
#3972 = MECHANICAL_DESIGN_GEOMETRIC_PRESENTATION_REPRESENTATION (  '', ( #834 ), #534 ) ;
#3973 = CARTESIAN_POINT ( 'NONE',  ( -4.573773423826661855, -0.1000000000000002137, -0.6200000000000001066 ) ) ;
#3974 = VECTOR ( 'NONE', #2653, 1000.000000000000000 ) ;
#3975 = SURFACE_SIDE_STYLE ('',( #234 ) ) ;
#3976 = LINE ( 'NONE', #2655, #1637 ) ;
#3977 = SURFACE_STYLE_USAGE ( .BOTH. , #2371 ) ;
#3978 = DIRECTION ( 'NONE',  ( -1.000000000000000000, 0.000000000000000000, 0.000000000000000000 ) ) ;
#3979 = CARTESIAN_POINT ( 'NONE',  ( 4.573773423826661855, -0.1000000000000002137, 0.6200000000000001066 ) ) ;
#3980 = VECTOR ( 'NONE', #3647, 1000.000000000000000 ) ;
#3981 = FACE_OUTER_BOUND ( 'NONE', #282, .T. ) ;
#3982 = DIRECTION ( 'NONE',  ( -1.000000000000000000, 0.000000000000000000, 0.000000000000000000 ) ) ;
#3983 = VERTEX_POINT ( 'NONE', #3605 ) ;
#3984 = EDGE_LOOP ( 'NONE', ( #1461, #2451, #3299, #1238 ) ) ;
#3985 = AXIS2_PLACEMENT_3D ( 'NONE', #3747, #813, #1339 ) ;
#3986 = ADVANCED_FACE ( 'NONE', ( #2398 ), #3328, .F. ) ;
#3987 = UNCERTAINTY_MEASURE_WITH_UNIT (LENGTH_MEASURE( 1.000000000000000082E-05 ), #2543, 'distance_accuracy_value', 'NONE');
#3988 = DIRECTION ( 'NONE',  ( -0.000000000000000000, -0.000000000000000000, 1.000000000000000000 ) ) ;
#3989 = CARTESIAN_POINT ( 'NONE',  ( 3.433243094248563665, 1.594563999893710449, -1.920000000000000151 ) ) ;
#3990 = CARTESIAN_POINT ( 'NONE',  ( 4.473853843442727296, -0.1000000000000002137, 1.920000000000000151 ) ) ;
#3991 = ORIENTED_EDGE ( 'NONE', *, *, #3488, .T. ) ;
#3992 = EDGE_CURVE ( 'NONE', #3855, #3078, #2665, .T. ) ;
#3993 = DIRECTION ( 'NONE',  ( 0.000000000000000000, 0.000000000000000000, -1.000000000000000000 ) ) ;
#3994 = AXIS2_PLACEMENT_3D ( 'NONE', #460, #1065, #2894 ) ;
#3995 = PLANE ( 'NONE',  #1781 ) ;
#3996 = LINE ( 'NONE', #2155, #1216 ) ;
#3997 =( NAMED_UNIT ( * ) SI_UNIT ( $, .STERADIAN. ) SOLID_ANGLE_UNIT ( ) );
#3998 =( NAMED_UNIT ( * ) SI_UNIT ( $, .STERADIAN. ) SOLID_ANGLE_UNIT ( ) );
#3999 = DIRECTION ( 'NONE',  ( 0.9227910845583373600, -0.3853006803259598767, 0.000000000000000000 ) ) ;
#4000 = SURFACE_STYLE_USAGE ( .BOTH. , #3935 ) ;
#4001 = CARTESIAN_POINT ( 'NONE',  ( -3.617801311160230959, 1.471624135958902180, -1.920000000000000151 ) ) ;
#4002 = VERTEX_POINT ( 'NONE', #2692 ) ;
#4003 = CARTESIAN_POINT ( 'NONE',  ( -4.573773423826661855, -0.1000000000000002137, -0.6200000000000001066 ) ) ;
#4004 = SURFACE_STYLE_FILL_AREA ( #482 ) ;
#4005 = FILL_AREA_STYLE ('',( #237 ) ) ;
#4006 = DIRECTION ( 'NONE',  ( -0.000000000000000000, -0.000000000000000000, -1.000000000000000000 ) ) ;
#4007 = AXIS2_PLACEMENT_3D ( 'NONE', #818, #3335, #2332 ) ;
#4008 = DIRECTION ( 'NONE',  ( 0.000000000000000000, -1.000000000000000000, -0.000000000000000000 ) ) ;
#4009 = ORIENTED_EDGE ( 'NONE', *, *, #1683, .F. ) ;
#4010 = ORIENTED_EDGE ( 'NONE', *, *, #1887, .F. ) ;
#4011 = LINE ( 'NONE', #3644, #3152 ) ;
#4012 = SURFACE_STYLE_FILL_AREA ( #1767 ) ;
#4013 = EDGE_CURVE ( 'NONE', #4002, #1627, #1497, .T. ) ;
#4014 = COLOUR_RGB ( '',0.6470588235294117974, 0.6196078431372549211, 0.5882352941176470784 ) ;
#4015 = ORIENTED_EDGE ( 'NONE', *, *, #1268, .F. ) ;
#4016 = DIRECTION ( 'NONE',  ( 0.000000000000000000, -0.000000000000000000, 1.000000000000000000 ) ) ;
#4017 = EDGE_CURVE ( 'NONE', #1167, #1208, #868, .T. ) ;
#4018 = VECTOR ( 'NONE', #2046, 1000.000000000000000 ) ;
#4019 = FILL_AREA_STYLE ('',( #2652 ) ) ;
#4020 = LINE ( 'NONE', #1139, #1154 ) ;
#4021 = LINE ( 'NONE', #602, #3517 ) ;
#4022 = EDGE_CURVE ( 'NONE', #1539, #1729, #2749, .T. ) ;
#4023 = CIRCLE ( 'NONE', #2700, 0.2999999999999999334 ) ;
#4024 = LINE ( 'NONE', #915, #2755 ) ;
#4025 = CARTESIAN_POINT ( 'NONE',  ( -3.394831883202000355, 1.844563999893709116, -2.443105161170366912 ) ) ;
#4026 = FILL_AREA_STYLE_COLOUR ( '', #2957 ) ;
#4027 = ORIENTED_EDGE ( 'NONE', *, *, #1344, .T. ) ;
#4028 = EDGE_LOOP ( 'NONE', ( #3454, #3063, #20, #661 ) ) ;
#4029 = SURFACE_STYLE_FILL_AREA ( #1206 ) ;
#4030 = PRESENTATION_STYLE_ASSIGNMENT (( #280 ) ) ;
#4031 = ORIENTED_EDGE ( 'NONE', *, *, #946, .T. ) ;
#4032 = ORIENTED_EDGE ( 'NONE', *, *, #365, .T. ) ;
#4033 = LINE ( 'NONE', #2832, #2756 ) ;
#4034 = DIRECTION ( 'NONE',  ( 0.000000000000000000, -1.000000000000000000, 0.000000000000000000 ) ) ;
#4035 = STYLED_ITEM ( 'NONE', ( #2802 ), #760 ) ;
#4036 =( LENGTH_UNIT ( ) NAMED_UNIT ( * ) SI_UNIT ( .MILLI., .METRE. ) );
#4037 = FILL_AREA_STYLE_COLOUR ( '', #1054 ) ;
#4038 = LINE ( 'NONE', #3733, #3574 ) ;
#4039 = SURFACE_STYLE_USAGE ( .BOTH. , #3157 ) ;
#4040 = ORIENTED_EDGE ( 'NONE', *, *, #2246, .T. ) ;
#4041 = DIRECTION ( 'NONE',  ( -0.000000000000000000, -0.000000000000000000, 1.000000000000000000 ) ) ;
ENDSEC;
END-ISO-10303-21;
