ISO-10303-21;
HEADER;
FILE_DESCRIPTION (( 'STEP AP214' ),
    '1' );
FILE_NAME ('BG055-06A-1-0450-0530-0350-L-D.STEP',
    '2024-03-24T18:12:03',
    ( '' ),
    ( '' ),
    'SwSTEP 2.0',
    'SolidWorks 2021',
    '' );
FILE_SCHEMA (( 'AUTOMOTIVE_DESIGN' ));
ENDSEC;

DATA;
#1 = EDGE_CURVE ( 'NONE', #3623, #2640, #1144, .T. ) ;
#2 = VERTEX_POINT ( 'NONE', #4490 ) ;
#3 = VERTEX_POINT ( 'NONE', #4532 ) ;
#4 = EDGE_CURVE ( 'NONE', #662, #1624, #70, .T. ) ;
#5 = AXIS2_PLACEMENT_3D ( 'NONE', #1779, #1804, #959 ) ;
#6 = PLANE ( 'NONE',  #1838 ) ;
#7 = DIRECTION ( 'NONE',  ( 0.8660254037844371533, 0.000000000000000000, 0.5000000000000026645 ) ) ;
#8 = FACE_BOUND ( 'NONE', #4748, .T. ) ;
#9 = VECTOR ( 'NONE', #469, 1000.000000000000000 ) ;
#10 = ORIENTED_EDGE ( 'NONE', *, *, #4079, .F. ) ;
#11 = ORIENTED_EDGE ( 'NONE', *, *, #4392, .F. ) ;
#12 = CARTESIAN_POINT ( 'NONE',  ( 5.421010862427522170E-17, 3.700000000000000178, 0.7500000000000032196 ) ) ;
#13 = LINE ( 'NONE', #4125, #174 ) ;
#14 = PLANE ( 'NONE',  #2125 ) ;
#15 = VERTEX_POINT ( 'NONE', #4178 ) ;
#16 = APPLICATION_CONTEXT ( 'automotive_design' ) ;
#17 = LINE ( 'NONE', #1507, #2335 ) ;
#18 = VECTOR ( 'NONE', #4212, 1000.000000000000000 ) ;
#19 = CARTESIAN_POINT ( 'NONE',  ( -7.620000000000000107, 3.700000000000000178, 1.250000000000000666 ) ) ;
#20 = VERTEX_POINT ( 'NONE', #2305 ) ;
#21 = VECTOR ( 'NONE', #2123, 999.9999999999998863 ) ;
#22 = ORIENTED_EDGE ( 'NONE', *, *, #4087, .T. ) ;
#23 = LINE ( 'NONE', #1052, #1032 ) ;
#24 = VECTOR ( 'NONE', #1449, 1000.000000000000000 ) ;
#25 = ORIENTED_EDGE ( 'NONE', *, *, #444, .F. ) ;
#26 = AXIS2_PLACEMENT_3D ( 'NONE', #3040, #4527, #4555 ) ;
#27 = VECTOR ( 'NONE', #4696, 1000.000000000000000 ) ;
#28 = ORIENTED_EDGE ( 'NONE', *, *, #4651, .F. ) ;
#29 = ORIENTED_EDGE ( 'NONE', *, *, #348, .F. ) ;
#30 = DIRECTION ( 'NONE',  ( 0.000000000000000000, -1.000000000000000000, 0.000000000000000000 ) ) ;
#31 = DIRECTION ( 'NONE',  ( 0.000000000000000000, -0.000000000000000000, 1.000000000000000000 ) ) ;
#32 = CARTESIAN_POINT ( 'NONE',  ( 7.331324865405186131, 1.159999999999999920, 1.250000000000003109 ) ) ;
#33 = ADVANCED_FACE ( 'NONE', ( #41 ), #4154, .F. ) ;
#34 = ADVANCED_FACE ( 'NONE', ( #2351 ), #1529, .F. ) ;
#35 = VERTEX_POINT ( 'NONE', #1167 ) ;
#36 =( LENGTH_UNIT ( ) NAMED_UNIT ( * ) SI_UNIT ( .MILLI., .METRE. ) );
#37 = ORIENTED_EDGE ( 'NONE', *, *, #3643, .F. ) ;
#38 = DIRECTION ( 'NONE',  ( -0.5000000000000014433, 0.000000000000000000, -0.8660254037844379305 ) ) ;
#39 = DIRECTION ( 'NONE',  ( -0.000000000000000000, -0.000000000000000000, 1.000000000000000000 ) ) ;
#40 = CARTESIAN_POINT ( 'NONE',  ( -7.620000000000001883, 1.159999999999999920, -0.7500000000000027756 ) ) ;
#41 = FACE_OUTER_BOUND ( 'NONE', #2597, .T. ) ;
#42 = CARTESIAN_POINT ( 'NONE',  ( -7.620000000000001883, 1.460000000000000187, -0.7000000000000031752 ) ) ;
#43 = EDGE_CURVE ( 'NONE', #4044, #834, #89, .T. ) ;
#44 = ORIENTED_EDGE ( 'NONE', *, *, #2480, .T. ) ;
#45 = DIRECTION ( 'NONE',  ( 0.000000000000000000, 0.000000000000000000, -1.000000000000000000 ) ) ;
#46 = CARTESIAN_POINT ( 'NONE',  ( -2.139999999999999680, 1.160000000000000142, 0.7000000000000029532 ) ) ;
#47 = DIRECTION ( 'NONE',  ( 0.5000000000000026645, 0.000000000000000000, -0.8660254037844371533 ) ) ;
#48 = VERTEX_POINT ( 'NONE', #1933 ) ;
#49 = LINE ( 'NONE', #746, #2905 ) ;
#50 = EDGE_LOOP ( 'NONE', ( #3962, #1919, #157, #1929 ) ) ;
#51 = DIRECTION ( 'NONE',  ( 0.000000000000000000, 0.000000000000000000, -1.000000000000000000 ) ) ;
#52 = MANIFOLD_SOLID_BREP ( 'Mirror2[2]', #247 ) ;
#53 = CARTESIAN_POINT ( 'NONE',  ( -3.490000000000001990, 1.460000000000000187, 0.3200000000000000622 ) ) ;
#54 = LINE ( 'NONE', #2246, #2563 ) ;
#55 = VECTOR ( 'NONE', #3561, 999.9999999999998863 ) ;
#56 = CARTESIAN_POINT ( 'NONE',  ( 6.509230484541325801, -1.836709923159817663E-31, 2.649999999999994582 ) ) ;
#57 = VERTEX_POINT ( 'NONE', #2771 ) ;
#58 = AXIS2_PLACEMENT_3D ( 'NONE', #3318, #4453, #3337 ) ;
#59 = ORIENTED_EDGE ( 'NONE', *, *, #1324, .F. ) ;
#60 = EDGE_CURVE ( 'NONE', #3186, #1624, #841, .T. ) ;
#61 = PRODUCT_DEFINITION_FORMATION_WITH_SPECIFIED_SOURCE ( 'ANY', '', #1633, .NOT_KNOWN. ) ;
#62 = ADVANCED_FACE ( 'NONE', ( #2105 ), #3840, .F. ) ;
#63 = ORIENTED_EDGE ( 'NONE', *, *, #4574, .F. ) ;
#64 = EDGE_CURVE ( 'NONE', #376, #3804, #913, .T. ) ;
#65 = CARTESIAN_POINT ( 'NONE',  ( -2.251324865405185616, 1.159999999999999920, 1.250000000000003331 ) ) ;
#66 = EDGE_CURVE ( 'NONE', #3050, #35, #1565, .T. ) ;
#67 = CARTESIAN_POINT ( 'NONE',  ( 7.620000000000000107, 1.159999999999999920, -1.250000000000001776 ) ) ;
#68 = VECTOR ( 'NONE', #3598, 1000.000000000000000 ) ;
#69 = LINE ( 'NONE', #391, #3901 ) ;
#70 = LINE ( 'NONE', #1223, #4678 ) ;
#71 = ADVANCED_FACE ( 'NONE', ( #541 ), #520, .F. ) ;
#72 = DIRECTION ( 'NONE',  ( -0.5000000000000026645, 0.000000000000000000, -0.8660254037844371533 ) ) ;
#73 = EDGE_LOOP ( 'NONE', ( #242, #4505, #3816, #4681 ) ) ;
#74 = DIRECTION ( 'NONE',  ( 0.8660254037844371533, 0.000000000000000000, 0.5000000000000026645 ) ) ;
#75 = CARTESIAN_POINT ( 'NONE',  ( 7.220000000000000639, 1.160000000000000142, -1.250000000000002665 ) ) ;
#76 = ORIENTED_EDGE ( 'NONE', *, *, #1138, .F. ) ;
#77 = ORIENTED_EDGE ( 'NONE', *, *, #1952, .T. ) ;
#78 = VERTEX_POINT ( 'NONE', #2822 ) ;
#79 = DIRECTION ( 'NONE',  ( -1.000000000000000000, 0.000000000000000000, 0.000000000000000000 ) ) ;
#80 =( REPRESENTATION_RELATIONSHIP ('NONE','NONE', #3684, #2665 ) REPRESENTATION_RELATIONSHIP_WITH_TRANSFORMATION ( #1777 )SHAPE_REPRESENTATION_RELATIONSHIP( ) );
#81 = VECTOR ( 'NONE', #1093, 1000.000000000000000 ) ;
#82 = ORIENTED_EDGE ( 'NONE', *, *, #4358, .F. ) ;
#83 = ORIENTED_EDGE ( 'NONE', *, *, #4263, .F. ) ;
#84 = ORIENTED_EDGE ( 'NONE', *, *, #240, .T. ) ;
#85 = DIRECTION ( 'NONE',  ( 0.8660254037844371533, 0.000000000000000000, 0.5000000000000026645 ) ) ;
#86 = DIRECTION ( 'NONE',  ( 0.000000000000000000, -0.000000000000000000, 1.000000000000000000 ) ) ;
#87 = CARTESIAN_POINT ( 'NONE',  ( 3.489999999999998881, 0.8400000000000005240, -0.5200000000000015721 ) ) ;
#88 = PLANE ( 'NONE',  #2973 ) ;
#89 = LINE ( 'NONE', #2652, #9 ) ;
#90 = MECHANICAL_DESIGN_GEOMETRIC_PRESENTATION_REPRESENTATION (  '', ( #3418 ), #862 ) ;
#91 = DIRECTION ( 'NONE',  ( 0.000000000000000000, -1.000000000000000000, -0.000000000000000000 ) ) ;
#92 = EDGE_LOOP ( 'NONE', ( #2456, #823, #3100, #250 ) ) ;
#93 = DIRECTION ( 'NONE',  ( 0.000000000000000000, 1.000000000000000000, 0.000000000000000000 ) ) ;
#94 = LINE ( 'NONE', #4514, #1573 ) ;
#95 = VECTOR ( 'NONE', #3699, 1000.000000000000000 ) ;
#96 = CARTESIAN_POINT ( 'NONE',  ( -6.670000000000002593, 1.460000000000000187, -0.3199999999999996181 ) ) ;
#97 = CARTESIAN_POINT ( 'NONE',  ( 4.679999999999999716, 1.160000000000000142, -1.250000000000002442 ) ) ;
#98 = ORIENTED_EDGE ( 'NONE', *, *, #124, .T. ) ;
#99 = DIRECTION ( 'NONE',  ( -0.000000000000000000, -0.000000000000000000, 1.000000000000000000 ) ) ;
#100 = MANIFOLD_SOLID_BREP ( 'LPattern3', #4454 ) ;
#101 = AXIS2_PLACEMENT_3D ( 'NONE', #4023, #4583, #2707 ) ;
#102 = CARTESIAN_POINT ( 'NONE',  ( 6.509230484541324913, 8.400000000000000355, 0.3200000000000015610 ) ) ;
#103 = VECTOR ( 'NONE', #553, 1000.000000000000000 ) ;
#104 = DIRECTION ( 'NONE',  ( 1.000000000000000000, 0.000000000000000000, -0.000000000000000000 ) ) ;
#105 = DIRECTION ( 'NONE',  ( -1.000000000000000000, 0.000000000000000000, -0.000000000000000000 ) ) ;
#106 = AXIS2_PLACEMENT_3D ( 'NONE', #3493, #4670, #919 ) ;
#107 = EDGE_LOOP ( 'NONE', ( #1080, #1060, #2593, #2953 ) ) ;
#108 = VERTEX_POINT ( 'NONE', #3756 ) ;
#109 = ORIENTED_EDGE ( 'NONE', *, *, #2296, .T. ) ;
#110 = LINE ( 'NONE', #1602, #1430 ) ;
#111 = LINE ( 'NONE', #2459, #442 ) ;
#112 = CARTESIAN_POINT ( 'NONE',  ( 5.368675134594814047, 1.459999999999999964, -1.250000000000002442 ) ) ;
#113 = DIRECTION ( 'NONE',  ( -1.000000000000000000, 0.000000000000000000, 0.000000000000000000 ) ) ;
#114 = LINE ( 'NONE', #40, #4200 ) ;
#115 = DIRECTION ( 'NONE',  ( 0.000000000000000000, 1.000000000000000000, 0.000000000000000000 ) ) ;
#116 = ORIENTED_EDGE ( 'NONE', *, *, #617, .F. ) ;
#117 = DIRECTION ( 'NONE',  ( 0.000000000000000000, 0.000000000000000000, 1.000000000000000000 ) ) ;
#118 = CARTESIAN_POINT ( 'NONE',  ( 6.029999999999998472, 0.8399999999999999689, 0.3200000000000015610 ) ) ;
#119 = EDGE_CURVE ( 'NONE', #3284, #4268, #2798, .T. ) ;
#120 = EDGE_CURVE ( 'NONE', #2688, #3539, #3603, .T. ) ;
#121 = PLANE ( 'NONE',  #4767 ) ;
#122 = ORIENTED_EDGE ( 'NONE', *, *, #1324, .T. ) ;
#123 = FACE_OUTER_BOUND ( 'NONE', #3331, .T. ) ;
#124 = EDGE_CURVE ( 'NONE', #1294, #1385, #1326, .T. ) ;
#125 = EDGE_CURVE ( 'NONE', #3382, #633, #928, .T. ) ;
#126 = CARTESIAN_POINT ( 'NONE',  ( 7.220000000000000639, 1.160000000000000142, -1.250000000000002665 ) ) ;
#127 = LINE ( 'NONE', #1616, #1987 ) ;
#128 = FACE_OUTER_BOUND ( 'NONE', #2297, .T. ) ;
#129 = EDGE_CURVE ( 'NONE', #1647, #622, #3549, .T. ) ;
#130 = DIRECTION ( 'NONE',  ( 0.000000000000000000, 1.000000000000000000, 0.000000000000000000 ) ) ;
#131 = ADVANCED_FACE ( 'NONE', ( #3175 ), #2810, .F. ) ;
#132 = MANIFOLD_SOLID_BREP ( 'Mirror2[1]', #387 ) ;
#133 = EDGE_LOOP ( 'NONE', ( #737, #3555, #4801, #1521 ) ) ;
#134 = ORIENTED_EDGE ( 'NONE', *, *, #3795, .F. ) ;
#135 = DIRECTION ( 'NONE',  ( -0.000000000000000000, 1.000000000000000000, -0.000000000000000000 ) ) ;
#136 = ADVANCED_FACE ( 'NONE', ( #3621 ), #290, .F. ) ;
#137 = LINE ( 'NONE', #2031, #4325 ) ;
#138 = DIRECTION ( 'NONE',  ( 0.000000000000000000, 1.000000000000000000, 0.000000000000000000 ) ) ;
#139 = AXIS2_PLACEMENT_3D ( 'NONE', #1895, #4118, #4474 ) ;
#140 = AXIS2_PLACEMENT_3D ( 'NONE', #1758, #683, #2894 ) ;
#141 = DIRECTION ( 'NONE',  ( 0.000000000000000000, 1.000000000000000000, 0.000000000000000000 ) ) ;
#142 = ORIENTED_EDGE ( 'NONE', *, *, #1213, .F. ) ;
#143 = ORIENTED_EDGE ( 'NONE', *, *, #1472, .F. ) ;
#144 = VECTOR ( 'NONE', #1949, 999.9999999999998863 ) ;
#145 = AXIS2_PLACEMENT_3D ( 'NONE', #778, #4051, #3356 ) ;
#146 = LINE ( 'NONE', #893, #562 ) ;
#147 = DIRECTION ( 'NONE',  ( 0.000000000000000000, 0.000000000000000000, -1.000000000000000000 ) ) ;
#148 = PRODUCT_CONTEXT ( 'NONE', #821, 'mechanical' ) ;
#149 = DIRECTION ( 'NONE',  ( -1.000000000000000000, 0.000000000000000000, 0.000000000000000000 ) ) ;
#150 = DIRECTION ( 'NONE',  ( 0.000000000000000000, 1.000000000000000000, 0.000000000000000000 ) ) ;
#151 = DIRECTION ( 'NONE',  ( 0.000000000000000000, 0.000000000000000000, 1.000000000000000000 ) ) ;
#152 = ORIENTED_EDGE ( 'NONE', *, *, #1875, .F. ) ;
#153 = DIRECTION ( 'NONE',  ( 0.000000000000000000, 0.000000000000000000, -1.000000000000000000 ) ) ;
#154 = PRODUCT_DEFINITION_SHAPE ( 'NONE', 'NONE',  #3441 ) ;
#155 = PRODUCT_RELATED_PRODUCT_CATEGORY ( 'part', '', ( #1594 ) ) ;
#156 = DIRECTION ( 'NONE',  ( 0.000000000000000000, 1.000000000000000000, 0.000000000000000000 ) ) ;
#157 = ORIENTED_EDGE ( 'NONE', *, *, #2778, .F. ) ;
#158 = DIRECTION ( 'NONE',  ( -1.000000000000000000, 0.000000000000000000, 0.000000000000000000 ) ) ;
#159 = PLANE ( 'NONE',  #3841 ) ;
#160 = CARTESIAN_POINT ( 'NONE',  ( -7.620000000000000107, 1.159999999999999920, 1.250000000000000666 ) ) ;
#161 = ORIENTED_EDGE ( 'NONE', *, *, #304, .F. ) ;
#162 = VERTEX_POINT ( 'NONE', #2184 ) ;
#163 = EDGE_CURVE ( 'NONE', #3690, #3299, #3998, .T. ) ;
#164 = ORIENTED_EDGE ( 'NONE', *, *, #3999, .F. ) ;
#165 = CARTESIAN_POINT ( 'NONE',  ( 8.020000000000001350, 1.459999999999999964, 1.250000000000000444 ) ) ;
#166 = FACE_OUTER_BOUND ( 'NONE', #1825, .T. ) ;
#167 = CARTESIAN_POINT ( 'NONE',  ( 4.679999999999999716, 1.160000000000000142, -0.7000000000000031752 ) ) ;
#168 = SURFACE_STYLE_USAGE ( .BOTH. , #2034 ) ;
#169 = LINE ( 'NONE', #1580, #2484 ) ;
#170 = VERTEX_POINT ( 'NONE', #1794 ) ;
#171 = ORIENTED_EDGE ( 'NONE', *, *, #2744, .T. ) ;
#172 = ORIENTED_EDGE ( 'NONE', *, *, #1413, .F. ) ;
#173 = FACE_OUTER_BOUND ( 'NONE', #695, .T. ) ;
#174 = VECTOR ( 'NONE', #3770, 1000.000000000000114 ) ;
#175 = LINE ( 'NONE', #2040, #4420 ) ;
#176 = DIRECTION ( 'NONE',  ( 1.000000000000000000, 0.000000000000000000, 0.000000000000000000 ) ) ;
#177 = ORIENTED_EDGE ( 'NONE', *, *, #1493, .F. ) ;
#178 = CARTESIAN_POINT ( 'NONE',  ( 7.620000000000000107, 3.700000000000000178, -1.250000000000001776 ) ) ;
#179 = LINE ( 'NONE', #126, #3991 ) ;
#180 = VECTOR ( 'NONE', #1635, 1000.000000000000000 ) ;
#181 = FACE_OUTER_BOUND ( 'NONE', #4210, .T. ) ;
#182 = CARTESIAN_POINT ( 'NONE',  ( 4.791324865405186095, 1.159999999999999920, -1.250000000000002220 ) ) ;
#183 = VECTOR ( 'NONE', #2618, 1000.000000000000000 ) ;
#184 = ADVANCED_FACE ( 'NONE', ( #333 ), #3257, .F. ) ;
#185 = VERTEX_POINT ( 'NONE', #4436 ) ;
#186 = ORIENTED_EDGE ( 'NONE', *, *, #1955, .F. ) ;
#187 = VECTOR ( 'NONE', #724, 1000.000000000000000 ) ;
#188 = VERTEX_POINT ( 'NONE', #2883 ) ;
#189 = EDGE_CURVE ( 'NONE', #3483, #305, #271, .T. ) ;
#190 = LINE ( 'NONE', #2747, #4551 ) ;
#191 = VECTOR ( 'NONE', #1558, 1000.000000000000000 ) ;
#192 = DIRECTION ( 'NONE',  ( -0.8660254037844379305, 0.000000000000000000, 0.5000000000000014433 ) ) ;
#193 = EDGE_CURVE ( 'NONE', #1178, #3611, #1480, .T. ) ;
#194 = EDGE_CURVE ( 'NONE', #20, #4320, #4745, .T. ) ;
#195 = CARTESIAN_POINT ( 'NONE',  ( -2.540000000000000480, 1.159999999999999920, 0.7500000000000033307 ) ) ;
#196 = DIRECTION ( 'NONE',  ( -1.000000000000000000, 0.000000000000000000, 0.000000000000000000 ) ) ;
#197 = VECTOR ( 'NONE', #2795, 1000.000000000000000 ) ;
#198 = SURFACE_STYLE_USAGE ( .BOTH. , #1629 ) ;
#199 = AXIS2_PLACEMENT_3D ( 'NONE', #2537, #4713, #1380 ) ;
#200 = ORIENTED_EDGE ( 'NONE', *, *, #2870, .T. ) ;
#201 = VERTEX_POINT ( 'NONE', #2902 ) ;
#202 = CARTESIAN_POINT ( 'NONE',  ( -1.590000000000000746, 3.700000000000000178, -0.3200000000000003397 ) ) ;
#203 = DIRECTION ( 'NONE',  ( -0.000000000000000000, 1.000000000000000000, -0.000000000000000000 ) ) ;
#204 = DIRECTION ( 'NONE',  ( 0.000000000000000000, 0.000000000000000000, -1.000000000000000000 ) ) ;
#205 = CARTESIAN_POINT ( 'NONE',  ( 2.828675134594814455, 1.159999999999999920, -1.250000000000001776 ) ) ;
#206 = ORIENTED_EDGE ( 'NONE', *, *, #1436, .F. ) ;
#207 = CARTESIAN_POINT ( 'NONE',  ( 0.9499999999999986233, 3.700000000000000178, 0.3199999999999992850 ) ) ;
#208 = DIRECTION ( 'NONE',  ( 0.000000000000000000, 1.000000000000000000, 0.000000000000000000 ) ) ;
#209 = CARTESIAN_POINT ( 'NONE',  ( -5.080000000000000959, 1.459999999999999964, -0.7500000000000015543 ) ) ;
#210 = CARTESIAN_POINT ( 'NONE',  ( -4.791324865405185207, 1.459999999999999964, -1.250000000000002665 ) ) ;
#211 = ORIENTED_EDGE ( 'NONE', *, *, #894, .F. ) ;
#212 = LINE ( 'NONE', #1694, #3683 ) ;
#213 = DIRECTION ( 'NONE',  ( 0.000000000000000000, 0.000000000000000000, -1.000000000000000000 ) ) ;
#214 = CARTESIAN_POINT ( 'NONE',  ( -0.2886751345948139758, 1.459999999999999964, -1.250000000000001554 ) ) ;
#215 = EDGE_CURVE ( 'NONE', #4585, #1204, #1844, .T. ) ;
#216 = DIRECTION ( 'NONE',  ( 1.000000000000000000, -0.000000000000000000, 0.000000000000000000 ) ) ;
#217 = EDGE_CURVE ( 'NONE', #1917, #2993, #2974, .T. ) ;
#218 = FILL_AREA_STYLE ('',( #2153 ) ) ;
#219 = ORIENTED_EDGE ( 'NONE', *, *, #1328, .T. ) ;
#220 = ORIENTED_EDGE ( 'NONE', *, *, #3018, .T. ) ;
#221 = EDGE_CURVE ( 'NONE', #2286, #279, #2259, .T. ) ;
#222 = DIRECTION ( 'NONE',  ( 0.8660254037844371533, 0.000000000000000000, 0.5000000000000026645 ) ) ;
#223 = AXIS2_PLACEMENT_3D ( 'NONE', #1995, #2664, #1488 ) ;
#224 = EDGE_CURVE ( 'NONE', #3936, #3690, #667, .T. ) ;
#225 = CARTESIAN_POINT ( 'NONE',  ( 1.146001696317177003E-15, 0.1607695154586729902, 2.649999999999996803 ) ) ;
#226 = ORIENTED_EDGE ( 'NONE', *, *, #1239, .F. ) ;
#227 = CARTESIAN_POINT ( 'NONE',  ( -2.139999999999999680, 1.160000000000000142, -1.250000000000002665 ) ) ;
#228 = EDGE_CURVE ( 'NONE', #3259, #633, #4792, .T. ) ;
#229 = LINE ( 'NONE', #2095, #321 ) ;
#230 = SURFACE_STYLE_USAGE ( .BOTH. , #4724 ) ;
#231 = ORIENTED_EDGE ( 'NONE', *, *, #2237, .F. ) ;
#232 = PLANE ( 'NONE',  #3685 ) ;
#233 = VECTOR ( 'NONE', #1726, 1000.000000000000000 ) ;
#234 = VERTEX_POINT ( 'NONE', #4466 ) ;
#235 = AXIS2_PLACEMENT_3D ( 'NONE', #4712, #1755, #237 ) ;
#236 = LINE ( 'NONE', #2100, #2901 ) ;
#237 = DIRECTION ( 'NONE',  ( 0.000000000000000000, 0.000000000000000000, -1.000000000000000000 ) ) ;
#238 = PLANE ( 'NONE',  #268 ) ;
#239 = ORIENTED_EDGE ( 'NONE', *, *, #4685, .F. ) ;
#240 = EDGE_CURVE ( 'NONE', #3895, #1395, #719, .T. ) ;
#241 = ORIENTED_EDGE ( 'NONE', *, *, #556, .T. ) ;
#242 = ORIENTED_EDGE ( 'NONE', *, *, #3703, .F. ) ;
#243 = CARTESIAN_POINT ( 'NONE',  ( 0.000000000000000000, 1.159999999999999920, -0.7000000000000031752 ) ) ;
#244 = LINE ( 'NONE', #547, #1357 ) ;
#245 = PLANE ( 'NONE',  #3881 ) ;
#246 = ADVANCED_FACE ( 'NONE', ( #2545 ), #4086, .F. ) ;
#247 = CLOSED_SHELL ( 'NONE', ( #3351, #3413, #3409, #865, #904, #2010, #1977, #409, #1705, #4137, #2927, #2127, #3078, #1597, #3487, #1708, #1349, #2964 ) ) ;
#248 = PLANE ( 'NONE',  #911 ) ;
#249 = DIRECTION ( 'NONE',  ( 1.000000000000000000, -0.000000000000000000, 0.000000000000000000 ) ) ;
#250 = ORIENTED_EDGE ( 'NONE', *, *, #4717, .T. ) ;
#251 = DIRECTION ( 'NONE',  ( 0.000000000000000000, 0.000000000000000000, -1.000000000000000000 ) ) ;
#252 = EDGE_LOOP ( 'NONE', ( #4795, #2269, #77, #1896 ) ) ;
#253 = ADVANCED_FACE ( 'NONE', ( #3235 ), #1393, .F. ) ;
#254 = VERTEX_POINT ( 'NONE', #2928 ) ;
#255 = ORIENTED_EDGE ( 'NONE', *, *, #1926, .T. ) ;
#256 = VECTOR ( 'NONE', #4704, 999.9999999999998863 ) ;
#257 = LINE ( 'NONE', #1360, #4383 ) ;
#258 = DIRECTION ( 'NONE',  ( -0.8660254037844379305, 0.000000000000000000, -0.5000000000000014433 ) ) ;
#259 = CARTESIAN_POINT ( 'NONE',  ( -5.080000000000000959, 1.459999999999999964, 0.7500000000000032196 ) ) ;
#260 = VECTOR ( 'NONE', #4364, 1000.000000000000000 ) ;
#261 = ORIENTED_EDGE ( 'NONE', *, *, #3817, .F. ) ;
#262 = EDGE_LOOP ( 'NONE', ( #3638, #2278, #3250, #1852 ) ) ;
#263 = VECTOR ( 'NONE', #703, 1000.000000000000000 ) ;
#264 = EDGE_LOOP ( 'NONE', ( #590, #2119, #4725, #2013, #1146, #733, #2037, #3618 ) ) ;
#265 = AXIS2_PLACEMENT_3D ( 'NONE', #3495, #799, #4517 ) ;
#266 = CARTESIAN_POINT ( 'NONE',  ( -2.540000000000000480, 3.700000000000000178, -0.7500000000000014433 ) ) ;
#267 = FACE_OUTER_BOUND ( 'NONE', #2029, .T. ) ;
#268 = AXIS2_PLACEMENT_3D ( 'NONE', #4348, #3203, #2940 ) ;
#269 = CARTESIAN_POINT ( 'NONE',  ( -2.539999999999998703, 0.1607695154586729902, -2.649999999999996803 ) ) ;
#270 = CYLINDRICAL_SURFACE ( 'NONE', #1158, 0.1999999999999999833 ) ;
#271 = LINE ( 'NONE', #2613, #1822 ) ;
#272 = FACE_OUTER_BOUND ( 'NONE', #3741, .T. ) ;
#273 = EDGE_CURVE ( 'NONE', #35, #3382, #3417, .T. ) ;
#274 = CARTESIAN_POINT ( 'NONE',  ( -7.620000000000001883, 1.159999999999999920, 0.7500000000000021094 ) ) ;
#275 = VERTEX_POINT ( 'NONE', #448 ) ;
#276 = EDGE_CURVE ( 'NONE', #930, #2186, #4111, .T. ) ;
#277 = ADVANCED_FACE ( 'NONE', ( #1936 ), #3442, .F. ) ;
#278 = LINE ( 'NONE', #1418, #4475 ) ;
#279 = VERTEX_POINT ( 'NONE', #1610 ) ;
#280 = ORIENTED_EDGE ( 'NONE', *, *, #991, .F. ) ;
#281 = DIRECTION ( 'NONE',  ( -0.000000000000000000, -0.000000000000000000, 1.000000000000000000 ) ) ;
#282 = EDGE_CURVE ( 'NONE', #873, #1383, #1559, .T. ) ;
#283 = CARTESIAN_POINT ( 'NONE',  ( -5.080000000000000959, 1.459999999999999964, 0.7500000000000032196 ) ) ;
#284 = LINE ( 'NONE', #1031, #1042 ) ;
#285 = ORIENTED_EDGE ( 'NONE', *, *, #3540, .T. ) ;
#286 = CARTESIAN_POINT ( 'NONE',  ( 0.000000000000000000, 1.159999999999999920, 0.000000000000000000 ) ) ;
#287 = ORIENTED_EDGE ( 'NONE', *, *, #2237, .T. ) ;
#288 = DIRECTION ( 'NONE',  ( 0.9659258262890689783, 1.485548463882955964E-31, -0.2588190451025184635 ) ) ;
#289 = VECTOR ( 'NONE', #1315, 1000.000000000000000 ) ;
#290 = PLANE ( 'NONE',  #1735 ) ;
#291 = AXIS2_PLACEMENT_3D ( 'NONE', #2222, #7, #705 ) ;
#292 = DIRECTION ( 'NONE',  ( 1.000000000000000000, 0.000000000000000000, 0.000000000000000000 ) ) ;
#293 = ORIENTED_EDGE ( 'NONE', *, *, #807, .F. ) ;
#294 = VECTOR ( 'NONE', #1816, 1000.000000000000000 ) ;
#295 = LINE ( 'NONE', #1801, #1207 ) ;
#296 = EDGE_LOOP ( 'NONE', ( #4139, #261, #219, #2388, #1132, #722, #2240, #3484 ) ) ;
#297 = CARTESIAN_POINT ( 'NONE',  ( 3.489999999999998881, 1.460000000000000187, 0.3199999999999988964 ) ) ;
#298 = FACE_OUTER_BOUND ( 'NONE', #774, .T. ) ;
#299 = EDGE_CURVE ( 'NONE', #57, #1970, #2280, .T. ) ;
#300 = VERTEX_POINT ( 'NONE', #1511 ) ;
#301 = ORIENTED_EDGE ( 'NONE', *, *, #3302, .F. ) ;
#302 = DIRECTION ( 'NONE',  ( -1.000000000000000000, 0.000000000000000000, 0.000000000000000000 ) ) ;
#303 = CARTESIAN_POINT ( 'NONE',  ( 7.620000000000000107, 1.459999999999999964, 0.7500000000000029976 ) ) ;
#304 = EDGE_CURVE ( 'NONE', #3859, #3936, #4562, .T. ) ;
#305 = VERTEX_POINT ( 'NONE', #4492 ) ;
#306 = LINE ( 'NONE', #4702, #1703 ) ;
#307 = LINE ( 'NONE', #4794, #2983 ) ;
#308 = VERTEX_POINT ( 'NONE', #1963 ) ;
#309 = ORIENTED_EDGE ( 'NONE', *, *, #4171, .T. ) ;
#310 = LINE ( 'NONE', #1101, #1117 ) ;
#311 = CARTESIAN_POINT ( 'NONE',  ( 1.146001696317177003E-15, 0.1607695154586729902, 2.649999999999996803 ) ) ;
#312 = VERTEX_POINT ( 'NONE', #4537 ) ;
#313 = MECHANICAL_DESIGN_GEOMETRIC_PRESENTATION_REPRESENTATION (  '', ( #2898 ), #3984 ) ;
#314 = EDGE_LOOP ( 'NONE', ( #3649, #4415, #4376, #1894 ) ) ;
#315 = CARTESIAN_POINT ( 'NONE',  ( 0.000000000000000000, 0.000000000000000000, 0.000000000000000000 ) ) ;
#316 = CARTESIAN_POINT ( 'NONE',  ( 7.220000000000000639, 1.459999999999999964, -1.250000000000002665 ) ) ;
#317 = CARTESIAN_POINT ( 'NONE',  ( -7.620000000000000107, 1.159999999999999920, 1.250000000000000666 ) ) ;
#318 = ORIENTED_EDGE ( 'NONE', *, *, #1862, .F. ) ;
#319 = ORIENTED_EDGE ( 'NONE', *, *, #3758, .F. ) ;
#320 = EDGE_CURVE ( 'NONE', #2646, #2893, #395, .T. ) ;
#321 = VECTOR ( 'NONE', #4264, 1000.000000000000000 ) ;
#322 = VERTEX_POINT ( 'NONE', #793 ) ;
#323 =( REPRESENTATION_RELATIONSHIP ('NONE','NONE', #3684, #2665 ) REPRESENTATION_RELATIONSHIP_WITH_TRANSFORMATION ( #1056 )SHAPE_REPRESENTATION_RELATIONSHIP( ) );
#324 = EDGE_CURVE ( 'NONE', #1365, #57, #3372, .T. ) ;
#325 = ORIENTED_EDGE ( 'NONE', *, *, #2022, .F. ) ;
#326 = EDGE_CURVE ( 'NONE', #305, #906, #4182, .T. ) ;
#327 = EDGE_CURVE ( 'NONE', #3140, #254, #1201, .T. ) ;
#328 = DIRECTION ( 'NONE',  ( -1.000000000000000000, 0.000000000000000000, 0.000000000000000000 ) ) ;
#329 = AXIS2_PLACEMENT_3D ( 'NONE', #4776, #1824, #1103 ) ;
#330 = AXIS2_PLACEMENT_3D ( 'NONE', #996, #944, #969 ) ;
#331 = DIRECTION ( 'NONE',  ( -0.000000000000000000, -1.000000000000000000, 0.000000000000000000 ) ) ;
#332 = VECTOR ( 'NONE', #866, 1000.000000000000000 ) ;
#333 = FACE_OUTER_BOUND ( 'NONE', #73, .T. ) ;
#334 = LINE ( 'NONE', #3975, #4295 ) ;
#335 = ORIENTED_EDGE ( 'NONE', *, *, #1081, .F. ) ;
#336 = ORIENTED_EDGE ( 'NONE', *, *, #2315, .T. ) ;
#337 = DIRECTION ( 'NONE',  ( 1.000000000000000000, 0.000000000000000000, -1.138269997360109674E-16 ) ) ;
#338 = CARTESIAN_POINT ( 'NONE',  ( 6.669999999999999041, 7.799999999999996270, -0.3199999999999985079 ) ) ;
#339 = ORIENTED_EDGE ( 'NONE', *, *, #1706, .T. ) ;
#340 = SURFACE_STYLE_FILL_AREA ( #1897 ) ;
#341 = LINE ( 'NONE', #1899, #491 ) ;
#342 = CARTESIAN_POINT ( 'NONE',  ( 2.539999999999999591, 3.700000000000000178, -0.7500000000000017764 ) ) ;
#343 = VERTEX_POINT ( 'NONE', #2683 ) ;
#344 = ORIENTED_EDGE ( 'NONE', *, *, #3049, .T. ) ;
#345 = DIRECTION ( 'NONE',  ( 1.000000000000000000, -0.000000000000000000, 0.000000000000000000 ) ) ;
#346 = CARTESIAN_POINT ( 'NONE',  ( 2.140000000000000124, 1.459999999999999964, -1.250000000000002887 ) ) ;
#347 = DIRECTION ( 'NONE',  ( 1.000000000000000000, -0.000000000000000000, -0.000000000000000000 ) ) ;
#348 = EDGE_CURVE ( 'NONE', #2648, #834, #2333, .T. ) ;
#349 = CARTESIAN_POINT ( 'NONE',  ( 3.660766279201532303, 8.437308430199617959, -0.1492337207984675562 ) ) ;
#350 = EDGE_CURVE ( 'NONE', #2893, #2774, #94, .T. ) ;
#351 = DIRECTION ( 'NONE',  ( 0.000000000000000000, -0.000000000000000000, 1.000000000000000000 ) ) ;
#352 = DIRECTION ( 'NONE',  ( -0.000000000000000000, -0.000000000000000000, 1.000000000000000000 ) ) ;
#353 = EDGE_CURVE ( 'NONE', #1570, #2825, #1989, .T. ) ;
#354 = ORIENTED_EDGE ( 'NONE', *, *, #299, .F. ) ;
#355 = VERTEX_POINT ( 'NONE', #3798 ) ;
#356 = CARTESIAN_POINT ( 'NONE',  ( -7.220000000000000639, 1.459999999999999964, 1.250000000000001554 ) ) ;
#357 = ORIENTED_EDGE ( 'NONE', *, *, #1553, .F. ) ;
#358 = VECTOR ( 'NONE', #4631, 1000.000000000000000 ) ;
#359 = ORIENTED_EDGE ( 'NONE', *, *, #1208, .F. ) ;
#360 = EDGE_LOOP ( 'NONE', ( #2324, #3517, #691, #4327 ) ) ;
#361 = VECTOR ( 'NONE', #971, 1000.000000000000000 ) ;
#362 = DIRECTION ( 'NONE',  ( 0.2505628070857300882, 0.9351131265310301810, 0.2505628070857300882 ) ) ;
#363 = DIRECTION ( 'NONE',  ( -1.000000000000000000, 0.000000000000000000, 0.000000000000000000 ) ) ;
#364 = CARTESIAN_POINT ( 'NONE',  ( 3.489999999999998881, 8.400000000000000355, -0.3200000000000015610 ) ) ;
#365 = PRODUCT ( 'pin^BG055-xx_1', 'pin^BG055-xx_1', '', ( #2091 ) ) ;
#366 = ORIENTED_EDGE ( 'NONE', *, *, #3723, .F. ) ;
#367 = ORIENTED_EDGE ( 'NONE', *, *, #554, .T. ) ;
#368 = ORIENTED_EDGE ( 'NONE', *, *, #2574, .F. ) ;
#369 = CARTESIAN_POINT ( 'NONE',  ( -1.590000000000000746, 1.460000000000000187, 0.3199999999999996736 ) ) ;
#370 = FACE_OUTER_BOUND ( 'NONE', #2394, .T. ) ;
#371 = CARTESIAN_POINT ( 'NONE',  ( -5.480000000000000426, 1.160000000000000142, 1.250000000000001332 ) ) ;
#372 = PLANE ( 'NONE',  #4529 ) ;
#373 = ORIENTED_EDGE ( 'NONE', *, *, #3263, .T. ) ;
#374 = CARTESIAN_POINT ( 'NONE',  ( 7.620000000000000107, 3.700000000000000178, -1.250000000000001776 ) ) ;
#375 = DIRECTION ( 'NONE',  ( -0.000000000000000000, 1.000000000000000000, -0.000000000000000000 ) ) ;
#376 = VERTEX_POINT ( 'NONE', #2705 ) ;
#377 = ORIENTED_EDGE ( 'NONE', *, *, #2655, .F. ) ;
#378 = DIRECTION ( 'NONE',  ( 0.5000000000000026645, -0.000000000000000000, 0.8660254037844371533 ) ) ;
#379 = ORIENTED_EDGE ( 'NONE', *, *, #4297, .T. ) ;
#380 = EDGE_CURVE ( 'NONE', #4698, #322, #3869, .T. ) ;
#381 = ORIENTED_EDGE ( 'NONE', *, *, #2606, .F. ) ;
#382 = ORIENTED_EDGE ( 'NONE', *, *, #765, .T. ) ;
#383 = VECTOR ( 'NONE', #1841, 1000.000000000000000 ) ;
#384 = DIRECTION ( 'NONE',  ( -0.000000000000000000, 1.000000000000000000, -0.000000000000000000 ) ) ;
#385 = EDGE_CURVE ( 'NONE', #2482, #4343, #2802, .T. ) ;
#386 = CARTESIAN_POINT ( 'NONE',  ( -5.480000000000000426, 1.160000000000000142, -1.250000000000002665 ) ) ;
#387 = CLOSED_SHELL ( 'NONE', ( #3308, #1378, #71, #2952, #2165, #2463, #1959, #3641, #1352, #715, #1556, #3423, #963, #2044, #3478, #3971, #3082, #4445 ) ) ;
#388 = EDGE_CURVE ( 'NONE', #2680, #1581, #2946, .T. ) ;
#389 = ORIENTED_EDGE ( 'NONE', *, *, #4448, .F. ) ;
#390 = PLANE ( 'NONE',  #3456 ) ;
#391 = CARTESIAN_POINT ( 'NONE',  ( 2.539999999999999591, 1.459999999999999964, -0.7500000000000017764 ) ) ;
#392 = ORIENTED_EDGE ( 'NONE', *, *, #2720, .T. ) ;
#393 = DIRECTION ( 'NONE',  ( 1.000000000000000000, -0.000000000000000000, -0.000000000000000000 ) ) ;
#394 = VECTOR ( 'NONE', #1097, 1000.000000000000000 ) ;
#395 = LINE ( 'NONE', #818, #1346 ) ;
#396 = CARTESIAN_POINT ( 'NONE',  ( -6.670000000000002593, 1.460000000000000187, 0.3200000000000004508 ) ) ;
#397 = VECTOR ( 'NONE', #3961, 1000.000000000000000 ) ;
#398 = ORIENTED_EDGE ( 'NONE', *, *, #3276, .F. ) ;
#399 = DIRECTION ( 'NONE',  ( -1.000000000000000000, 0.000000000000000000, 1.565121246370150864E-16 ) ) ;
#400 = VECTOR ( 'NONE', #1598, 1000.000000000000000 ) ;
#401 = CARTESIAN_POINT ( 'NONE',  ( 7.620000000000000107, 3.700000000000000178, 0.7500000000000034417 ) ) ;
#402 = ORIENTED_EDGE ( 'NONE', *, *, #163, .F. ) ;
#403 = CARTESIAN_POINT ( 'NONE',  ( -7.620000000000000995, 3.700000000000000178, -0.7500000000000006661 ) ) ;
#404 = VECTOR ( 'NONE', #1524, 1000.000000000000000 ) ;
#405 = EDGE_CURVE ( 'NONE', #1178, #2924, #1860, .T. ) ;
#406 = VECTOR ( 'NONE', #1734, 1000.000000000000000 ) ;
#407 = EDGE_CURVE ( 'NONE', #3779, #20, #2923, .T. ) ;
#408 = ORIENTED_EDGE ( 'NONE', *, *, #1046, .F. ) ;
#409 = ADVANCED_FACE ( 'NONE', ( #2877 ), #4812, .F. ) ;
#410 = PRESENTATION_STYLE_ASSIGNMENT (( #1494 ) ) ;
#411 = CARTESIAN_POINT ( 'NONE',  ( 6.190769515458671712, 0.4792304845413269399, 2.649999999999994582 ) ) ;
#412 = CARTESIAN_POINT ( 'NONE',  ( -4.130000000000001670, 1.460000000000000187, 0.3200000000000000622 ) ) ;
#413 = APPLICATION_CONTEXT ( 'automotive_design' ) ;
#414 = PLANE ( 'NONE',  #58 ) ;
#415 = EDGE_CURVE ( 'NONE', #15, #1383, #1811, .T. ) ;
#416 = ORIENTED_EDGE ( 'NONE', *, *, #2777, .F. ) ;
#417 = EDGE_CURVE ( 'NONE', #2752, #3349, #3967, .T. ) ;
#418 = ORIENTED_EDGE ( 'NONE', *, *, #2231, .T. ) ;
#419 = DIRECTION ( 'NONE',  ( -0.000000000000000000, 0.000000000000000000, 1.000000000000000000 ) ) ;
#420 = LINE ( 'NONE', #3815, #1888 ) ;
#421 = VERTEX_POINT ( 'NONE', #3593 ) ;
#422 = DIRECTION ( 'NONE',  ( -0.000000000000000000, 1.000000000000000000, -0.000000000000000000 ) ) ;
#423 = ORIENTED_EDGE ( 'NONE', *, *, #1138, .T. ) ;
#424 = CARTESIAN_POINT ( 'NONE',  ( 0.4000000000000001887, 1.459999999999999964, -1.250000000000002665 ) ) ;
#425 = EDGE_LOOP ( 'NONE', ( #2904, #2859, #4484, #3366, #1286, #1426, #3950, #2625 ) ) ;
#426 = DIRECTION ( 'NONE',  ( -1.096141292893650110E-16, -0.9659258262890688673, -0.2588190451025185745 ) ) ;
#427 = LINE ( 'NONE', #96, #645 ) ;
#428 = ORIENTED_EDGE ( 'NONE', *, *, #2137, .T. ) ;
#429 = ADVANCED_FACE ( 'NONE', ( #267 ), #4355, .F. ) ;
#430 = ORIENTED_EDGE ( 'NONE', *, *, #2111, .F. ) ;
#431 = ORIENTED_EDGE ( 'NONE', *, *, #4132, .F. ) ;
#432 = DIRECTION ( 'NONE',  ( -0.5000000000000026645, 0.000000000000000000, -0.8660254037844371533 ) ) ;
#433 = DIRECTION ( 'NONE',  ( 0.000000000000000000, 1.000000000000000000, 0.000000000000000000 ) ) ;
#434 = PLANE ( 'NONE',  #291 ) ;
#435 = PRESENTATION_LAYER_ASSIGNMENT (  '', '', ( #2559 ) ) ;
#436 = DIRECTION ( 'NONE',  ( -0.9659258262890689783, 1.485548463882955088E-31, -0.2588190451025182970 ) ) ;
#437 = VERTEX_POINT ( 'NONE', #3301 ) ;
#438 = VECTOR ( 'NONE', #4452, 1000.000000000000000 ) ;
#439 = ORIENTED_EDGE ( 'NONE', *, *, #4322, .T. ) ;
#440 = CARTESIAN_POINT ( 'NONE',  ( -5.080000000000000959, 1.459999999999999964, -0.7500000000000015543 ) ) ;
#441 = DIRECTION ( 'NONE',  ( 0.000000000000000000, 0.000000000000000000, -1.000000000000000000 ) ) ;
#442 = VECTOR ( 'NONE', #3932, 999.9999999999998863 ) ;
#443 = DIRECTION ( 'NONE',  ( 1.138269997360109674E-16, -0.000000000000000000, 1.000000000000000000 ) ) ;
#444 = EDGE_CURVE ( 'NONE', #1692, #613, #3990, .T. ) ;
#445 = VERTEX_POINT ( 'NONE', #3696 ) ;
#446 = CARTESIAN_POINT ( 'NONE',  ( 7.220000000000000639, 1.459999999999999964, -1.250000000000002665 ) ) ;
#447 = ORIENTED_EDGE ( 'NONE', *, *, #2458, .T. ) ;
#448 = CARTESIAN_POINT ( 'NONE',  ( 0.3999999999999993006, 1.159999999999999920, 0.7000000000000030642 ) ) ;
#449 = EDGE_CURVE ( 'NONE', #48, #4738, #1789, .T. ) ;
#450 = EDGE_CURVE ( 'NONE', #1765, #300, #1407, .T. ) ;
#451 = AXIS2_PLACEMENT_3D ( 'NONE', #2365, #2004, #213 ) ;
#452 = LINE ( 'NONE', #3472, #2067 ) ;
#453 = ORIENTED_EDGE ( 'NONE', *, *, #3929, .T. ) ;
#454 = CARTESIAN_POINT ( 'NONE',  ( 4.129999999999998117, 7.799999999999996270, -0.3200000000000015610 ) ) ;
#455 = LINE ( 'NONE', #2018, #3211 ) ;
#456 = CARTESIAN_POINT ( 'NONE',  ( 4.679999999999999716, 1.460000000000000187, -0.7000000000000031752 ) ) ;
#457 = CARTESIAN_POINT ( 'NONE',  ( -5.480000000000000426, 1.160000000000000142, -0.7000000000000031752 ) ) ;
#458 = CARTESIAN_POINT ( 'NONE',  ( 2.251324865405185616, 1.159999999999999920, -1.250000000000001776 ) ) ;
#459 = ORIENTED_EDGE ( 'NONE', *, *, #221, .T. ) ;
#460 = EDGE_LOOP ( 'NONE', ( #4330, #143, #4048, #4329 ) ) ;
#461 = ORIENTED_EDGE ( 'NONE', *, *, #680, .F. ) ;
#462 = CARTESIAN_POINT ( 'NONE',  ( 0.000000000000000000, 1.159999999999999920, 0.7500000000000032196 ) ) ;
#463 = COLOUR_RGB ( '',0.2509803921568627416, 0.2509803921568627416, 0.2509803921568627416 ) ;
#464 = LINE ( 'NONE', #4641, #3029 ) ;
#465 = FACE_OUTER_BOUND ( 'NONE', #4510, .T. ) ;
#466 = FACE_OUTER_BOUND ( 'NONE', #2057, .T. ) ;
#467 = DIRECTION ( 'NONE',  ( 1.000000000000000000, -0.000000000000000000, 0.000000000000000000 ) ) ;
#468 = EDGE_CURVE ( 'NONE', #185, #170, #2897, .T. ) ;
#469 = DIRECTION ( 'NONE',  ( 0.000000000000000000, 1.000000000000000000, 0.000000000000000000 ) ) ;
#470 = EDGE_CURVE ( 'NONE', #4250, #1536, #3645, .T. ) ;
#471 = CARTESIAN_POINT ( 'NONE',  ( -2.540000000000000480, 1.459999999999999964, -0.7500000000000014433 ) ) ;
#472 = EDGE_CURVE ( 'NONE', #1351, #3625, #2203, .T. ) ;
#473 = ORIENTED_EDGE ( 'NONE', *, *, #2011, .T. ) ;
#474 = DIRECTION ( 'NONE',  ( -1.000000000000000000, -0.000000000000000000, -0.000000000000000000 ) ) ;
#475 = DIRECTION ( 'NONE',  ( -0.000000000000000000, -0.000000000000000000, 1.000000000000000000 ) ) ;
#476 = DIRECTION ( 'NONE',  ( 1.000000000000000000, 0.000000000000000000, 4.235164736271502188E-16 ) ) ;
#477 = ORIENTED_EDGE ( 'NONE', *, *, #921, .F. ) ;
#478 = VECTOR ( 'NONE', #1202, 1000.000000000000000 ) ;
#479 = CARTESIAN_POINT ( 'NONE',  ( 3.969230484541324433, 8.400000000000000355, 0.000000000000000000 ) ) ;
#480 = CARTESIAN_POINT ( 'NONE',  ( 2.940000000000000391, 1.160000000000000142, 1.250000000000000222 ) ) ;
#481 = ORIENTED_EDGE ( 'NONE', *, *, #2290, .T. ) ;
#482 = DIRECTION ( 'NONE',  ( 0.000000000000000000, 1.000000000000000000, 0.000000000000000000 ) ) ;
#483 = EDGE_CURVE ( 'NONE', #2344, #512, #420, .T. ) ;
#484 = UNCERTAINTY_MEASURE_WITH_UNIT (LENGTH_MEASURE( 1.000000000000000082E-05 ), #3687, 'distance_accuracy_value', 'NONE');
#485 = AXIS2_PLACEMENT_3D ( 'NONE', #825, #2741, #1566 ) ;
#486 = VERTEX_POINT ( 'NONE', #2998 ) ;
#487 = CARTESIAN_POINT ( 'NONE',  ( -4.130000000000001670, 1.460000000000000187, -0.3199999999999999512 ) ) ;
#488 = VECTOR ( 'NONE', #3322, 1000.000000000000000 ) ;
#489 = DIRECTION ( 'NONE',  ( -1.000000000000000000, 0.000000000000000000, 0.000000000000000000 ) ) ;
#490 = LINE ( 'NONE', #827, #2260 ) ;
#491 = VECTOR ( 'NONE', #362, 1000.000000000000114 ) ;
#492 = EDGE_LOOP ( 'NONE', ( #1268, #142, #3251, #3700 ) ) ;
#493 = VERTEX_POINT ( 'NONE', #1166 ) ;
#494 = ORIENTED_EDGE ( 'NONE', *, *, #1206, .T. ) ;
#495 = LINE ( 'NONE', #2433, #2224 ) ;
#496 = PLANE ( 'NONE',  #2501 ) ;
#497 = FILL_AREA_STYLE_COLOUR ( '', #463 ) ;
#498 = DIRECTION ( 'NONE',  ( 0.000000000000000000, 0.000000000000000000, -1.000000000000000000 ) ) ;
#499 = ORIENTED_EDGE ( 'NONE', *, *, #1359, .T. ) ;
#500 = ORIENTED_EDGE ( 'NONE', *, *, #1584, .F. ) ;
#501 = CARTESIAN_POINT ( 'NONE',  ( 0.9499999999999986233, 1.159999999999999920, 0.3199999999999992850 ) ) ;
#502 = DIRECTION ( 'NONE',  ( -1.096141292893650110E-16, -0.9659258262890688673, 0.2588190451025185745 ) ) ;
#503 = CARTESIAN_POINT ( 'NONE',  ( 3.560569796927242958, 9.925142449231802999, -0.2494302030727583441 ) ) ;
#504 = EDGE_CURVE ( 'NONE', #1723, #108, #2329, .T. ) ;
#505 = ORIENTED_EDGE ( 'NONE', *, *, #4079, .T. ) ;
#506 = LINE ( 'NONE', #2381, #3392 ) ;
#507 = EDGE_CURVE ( 'NONE', #1796, #2541, #4083, .T. ) ;
#508 = FACE_OUTER_BOUND ( 'NONE', #602, .T. ) ;
#509 = CARTESIAN_POINT ( 'NONE',  ( -7.220000000000000639, 1.159999999999999920, 0.7000000000000030642 ) ) ;
#510 = DIRECTION ( 'NONE',  ( 0.000000000000000000, 0.000000000000000000, -1.000000000000000000 ) ) ;
#511 = DIRECTION ( 'NONE',  ( 0.000000000000000000, 0.000000000000000000, 1.000000000000000000 ) ) ;
#512 = VERTEX_POINT ( 'NONE', #3341 ) ;
#513 = EDGE_LOOP ( 'NONE', ( #2977, #907, #2128, #2337 ) ) ;
#514 = EDGE_LOOP ( 'NONE', ( #884, #589, #4741, #3729 ) ) ;
#515 = VECTOR ( 'NONE', #1338, 1000.000000000000000 ) ;
#516 = CARTESIAN_POINT ( 'NONE',  ( -2.540000000000000480, 1.459999999999999964, -0.7500000000000014433 ) ) ;
#517 = PLANE ( 'NONE',  #451 ) ;
#518 = CARTESIAN_POINT ( 'NONE',  ( -7.620000000000000107, 3.700000000000000178, 1.250000000000000666 ) ) ;
#519 = VECTOR ( 'NONE', #1599, 1000.000000000000000 ) ;
#520 = PLANE ( 'NONE',  #698 ) ;
#521 = ORIENTED_EDGE ( 'NONE', *, *, #2068, .T. ) ;
#522 = ORIENTED_EDGE ( 'NONE', *, *, #3931, .T. ) ;
#523 = VECTOR ( 'NONE', #2135, 1000.000000000000000 ) ;
#524 = CARTESIAN_POINT ( 'NONE',  ( 4.679999999999999716, 1.160000000000000142, -1.250000000000002442 ) ) ;
#525 = EDGE_CURVE ( 'NONE', #2825, #3672, #3580, .T. ) ;
#526 = FACE_OUTER_BOUND ( 'NONE', #4349, .T. ) ;
#527 = LINE ( 'NONE', #2709, #2533 ) ;
#528 = CARTESIAN_POINT ( 'NONE',  ( 6.190769515458672601, 8.400000000000000355, 0.000000000000000000 ) ) ;
#529 = LINE ( 'NONE', #2045, #4106 ) ;
#530 = LINE ( 'NONE', #3852, #3507 ) ;
#531 = EDGE_CURVE ( 'NONE', #924, #1416, #114, .T. ) ;
#532 = ADVANCED_FACE ( 'NONE', ( #1957 ), #14, .F. ) ;
#533 = EDGE_CURVE ( 'NONE', #2417, #1135, #4107, .T. ) ;
#534 = LINE ( 'NONE', #182, #1506 ) ;
#535 = ORIENTED_EDGE ( 'NONE', *, *, #929, .F. ) ;
#536 = ORIENTED_EDGE ( 'NONE', *, *, #3086, .F. ) ;
#537 = LINE ( 'NONE', #1649, #4771 ) ;
#538 = CARTESIAN_POINT ( 'NONE',  ( -4.130000000000001670, 3.700000000000000178, 0.3200000000000000622 ) ) ;
#539 = LINE ( 'NONE', #2005, #3292 ) ;
#540 = CARTESIAN_POINT ( 'NONE',  ( -4.679999999999999716, 1.459999999999999964, 1.250000000000001332 ) ) ;
#541 = FACE_OUTER_BOUND ( 'NONE', #4468, .T. ) ;
#542 = ORIENTED_EDGE ( 'NONE', *, *, #1654, .T. ) ;
#543 = ORIENTED_EDGE ( 'NONE', *, *, #3168, .F. ) ;
#544 = VERTEX_POINT ( 'NONE', #4461 ) ;
#545 = DIRECTION ( 'NONE',  ( -1.000000000000000000, 0.000000000000000000, -0.000000000000000000 ) ) ;
#546 = CARTESIAN_POINT ( 'NONE',  ( 7.220000000000000639, 1.160000000000000142, -1.250000000000002665 ) ) ;
#547 = CARTESIAN_POINT ( 'NONE',  ( 7.620000000000000107, 3.700000000000000178, 1.249999999999998890 ) ) ;
#548 = VERTEX_POINT ( 'NONE', #3020 ) ;
#549 = DIRECTION ( 'NONE',  ( 0.000000000000000000, 1.000000000000000000, 0.000000000000000000 ) ) ;
#550 = FACE_OUTER_BOUND ( 'NONE', #460, .T. ) ;
#551 = DIRECTION ( 'NONE',  ( -0.5000000000000026645, 0.000000000000000000, 0.8660254037844371533 ) ) ;
#552 = VECTOR ( 'NONE', #2785, 1000.000000000000000 ) ;
#553 = DIRECTION ( 'NONE',  ( -0.000000000000000000, 1.000000000000000000, -0.000000000000000000 ) ) ;
#554 = EDGE_CURVE ( 'NONE', #2823, #2158, #736, .T. ) ;
#555 = VECTOR ( 'NONE', #2765, 1000.000000000000000 ) ;
#556 = EDGE_CURVE ( 'NONE', #2158, #2514, #69, .T. ) ;
#557 = ADVANCED_FACE ( 'NONE', ( #2253 ), #4153, .F. ) ;
#558 = ORIENTED_EDGE ( 'NONE', *, *, #680, .T. ) ;
#559 = VECTOR ( 'NONE', #2496, 1000.000000000000000 ) ;
#560 = ORIENTED_EDGE ( 'NONE', *, *, #1645, .T. ) ;
#561 = CARTESIAN_POINT ( 'NONE',  ( 6.029999999999998472, 0.8399999999999999689, 0.5200000000000013500 ) ) ;
#562 = VECTOR ( 'NONE', #4581, 1000.000000000000000 ) ;
#563 = ADVANCED_FACE ( 'NONE', ( #3719 ), #372, .F. ) ;
#564 = FACE_OUTER_BOUND ( 'NONE', #726, .T. ) ;
#565 = DIRECTION ( 'NONE',  ( -0.000000000000000000, 1.000000000000000000, -0.000000000000000000 ) ) ;
#566 = AXIS2_PLACEMENT_3D ( 'NONE', #3556, #1005, #610 ) ;
#567 = EDGE_CURVE ( 'NONE', #1051, #1797, #3042, .T. ) ;
#568 = ORIENTED_EDGE ( 'NONE', *, *, #224, .T. ) ;
#569 = VECTOR ( 'NONE', #2155, 1000.000000000000000 ) ;
#570 = CARTESIAN_POINT ( 'NONE',  ( 4.129999999999998117, 8.400000000000000355, 0.3199999999999985079 ) ) ;
#571 = ORIENTED_EDGE ( 'NONE', *, *, #3018, .F. ) ;
#572 = ORIENTED_EDGE ( 'NONE', *, *, #2419, .F. ) ;
#573 = LINE ( 'NONE', #1986, #4507 ) ;
#574 = LINE ( 'NONE', #2089, #2605 ) ;
#575 = CARTESIAN_POINT ( 'NONE',  ( 3.489999999999998881, 3.700000000000000178, 0.3199999999999988964 ) ) ;
#576 = CARTESIAN_POINT ( 'NONE',  ( 4.791324865405186095, 1.459999999999999964, -1.250000000000002220 ) ) ;
#577 = CARTESIAN_POINT ( 'NONE',  ( 4.129999999999998117, 1.460000000000000187, -0.3200000000000011724 ) ) ;
#578 = ORIENTED_EDGE ( 'NONE', *, *, #2786, .T. ) ;
#579 = CARTESIAN_POINT ( 'NONE',  ( 5.079999999999999183, 1.459999999999999964, 0.7500000000000026645 ) ) ;
#580 = UNCERTAINTY_MEASURE_WITH_UNIT (LENGTH_MEASURE( 1.000000000000000082E-05 ), #36, 'distance_accuracy_value', 'NONE');
#581 = DIRECTION ( 'NONE',  ( 0.000000000000000000, 0.000000000000000000, -1.000000000000000000 ) ) ;
#582 = DIRECTION ( 'NONE',  ( -0.000000000000000000, -0.000000000000000000, 1.000000000000000000 ) ) ;
#583 = LINE ( 'NONE', #1719, #103 ) ;
#584 = ORIENTED_EDGE ( 'NONE', *, *, #3855, .F. ) ;
#585 = DIRECTION ( 'NONE',  ( 0.000000000000000000, -0.000000000000000000, 1.000000000000000000 ) ) ;
#586 = FACE_OUTER_BOUND ( 'NONE', #2437, .T. ) ;
#587 = CARTESIAN_POINT ( 'NONE',  ( 7.620000000000000107, 1.460000000000000187, -0.7000000000000031752 ) ) ;
#588 =( NAMED_UNIT ( * ) SI_UNIT ( $, .STERADIAN. ) SOLID_ANGLE_UNIT ( ) );
#589 = ORIENTED_EDGE ( 'NONE', *, *, #4485, .F. ) ;
#590 = ORIENTED_EDGE ( 'NONE', *, *, #4019, .T. ) ;
#591 = FACE_OUTER_BOUND ( 'NONE', #1469, .T. ) ;
#592 = COLOUR_RGB ( '',0.9686274509803921573, 0.8784313725490195957, 0.5999999999999999778 ) ;
#593 = VERTEX_POINT ( 'NONE', #2349 ) ;
#594 = VECTOR ( 'NONE', #2287, 1000.000000000000000 ) ;
#595 = AXIS2_PLACEMENT_3D ( 'NONE', #3757, #2554, #3656 ) ;
#596 = DIRECTION ( 'NONE',  ( -1.000000000000000000, 0.000000000000000000, 0.000000000000000000 ) ) ;
#597 = CARTESIAN_POINT ( 'NONE',  ( 4.679999999999999716, 1.160000000000000142, 0.7000000000000031752 ) ) ;
#598 = FACE_OUTER_BOUND ( 'NONE', #2000, .T. ) ;
#599 = ADVANCED_FACE ( 'NONE', ( #1982 ), #1884, .F. ) ;
#600 = CARTESIAN_POINT ( 'NONE',  ( 2.539999999999999591, 1.159999999999999920, -0.7500000000000017764 ) ) ;
#601 = DIRECTION ( 'NONE',  ( -0.2505628070857293110, 0.2505628070857294221, -0.9351131265310305141 ) ) ;
#602 = EDGE_LOOP ( 'NONE', ( #3310, #649, #3109, #4647 ) ) ;
#603 = DIRECTION ( 'NONE',  ( 1.000000000000000000, 0.000000000000000000, -0.000000000000000000 ) ) ;
#604 = DIRECTION ( 'NONE',  ( -1.000000000000000000, 0.000000000000000000, 0.000000000000000000 ) ) ;
#605 = ORIENTED_EDGE ( 'NONE', *, *, #1137, .F. ) ;
#606 = DIRECTION ( 'NONE',  ( 0.9659258262890687563, 0.2588190451025190741, 0.000000000000000000 ) ) ;
#607 = ORIENTED_EDGE ( 'NONE', *, *, #3659, .T. ) ;
#608 = ORIENTED_EDGE ( 'NONE', *, *, #4203, .F. ) ;
#609 = EDGE_LOOP ( 'NONE', ( #3922, #1014, #1318, #2177 ) ) ;
#610 = DIRECTION ( 'NONE',  ( 0.000000000000000000, 0.000000000000000000, -1.000000000000000000 ) ) ;
#611 = PLANE ( 'NONE',  #2488 ) ;
#612 = LINE ( 'NONE', #639, #21 ) ;
#613 = VERTEX_POINT ( 'NONE', #787 ) ;
#614 = ORIENTED_EDGE ( 'NONE', *, *, #2068, .F. ) ;
#615 = LINE ( 'NONE', #266, #2149 ) ;
#616 = CARTESIAN_POINT ( 'NONE',  ( -4.679999999999999716, 1.459999999999999964, -1.250000000000002665 ) ) ;
#617 = EDGE_CURVE ( 'NONE', #2579, #3654, #2303, .T. ) ;
#618 = ADVANCED_FACE ( 'NONE', ( #4531 ), #88, .T. ) ;
#619 = EDGE_CURVE ( 'NONE', #3371, #924, #3435, .T. ) ;
#620 = VECTOR ( 'NONE', #3273, 999.9999999999998863 ) ;
#621 = FACE_BOUND ( 'NONE', #2815, .T. ) ;
#622 = VERTEX_POINT ( 'NONE', #3559 ) ;
#623 = FACE_OUTER_BOUND ( 'NONE', #425, .T. ) ;
#624 = LINE ( 'NONE', #4333, #3475 ) ;
#625 = STYLED_ITEM ( 'NONE', ( #1265 ), #52 ) ;
#626 = DIRECTION ( 'NONE',  ( 0.000000000000000000, 0.000000000000000000, -1.000000000000000000 ) ) ;
#627 = VECTOR ( 'NONE', #4577, 1000.000000000000114 ) ;
#628 = PLANE ( 'NONE',  #1499 ) ;
#629 = ORIENTED_EDGE ( 'NONE', *, *, #4288, .F. ) ;
#630 = LINE ( 'NONE', #3575, #3595 ) ;
#631 = ADVANCED_FACE ( 'NONE', ( #2436 ), #2033, .T. ) ;
#632 = DIRECTION ( 'NONE',  ( -0.000000000000000000, 1.000000000000000000, -0.000000000000000000 ) ) ;
#633 = VERTEX_POINT ( 'NONE', #3536 ) ;
#634 = ORIENTED_EDGE ( 'NONE', *, *, #224, .F. ) ;
#635 = EDGE_LOOP ( 'NONE', ( #1188, #4455, #3831, #4036 ) ) ;
#636 = AXIS2_PLACEMENT_3D ( 'NONE', #868, #4280, #2757 ) ;
#637 = CARTESIAN_POINT ( 'NONE',  ( -2.251324865405184728, 1.459999999999999964, -1.250000000000002665 ) ) ;
#638 = CARTESIAN_POINT ( 'NONE',  ( 3.650769515458672565, 8.400000000000000355, -0.1592304845413276826 ) ) ;
#639 = CARTESIAN_POINT ( 'NONE',  ( 7.620000000000000107, 3.700000000000000178, 0.7500000000000029976 ) ) ;
#640 = VECTOR ( 'NONE', #337, 1000.000000000000000 ) ;
#641 = ORIENTED_EDGE ( 'NONE', *, *, #3221, .T. ) ;
#642 = ORIENTED_EDGE ( 'NONE', *, *, #4791, .T. ) ;
#643 = EDGE_LOOP ( 'NONE', ( #1531, #1836, #4239, #76 ) ) ;
#644 = VECTOR ( 'NONE', #104, 1000.000000000000000 ) ;
#645 = VECTOR ( 'NONE', #1590, 1000.000000000000000 ) ;
#646 = FACE_OUTER_BOUND ( 'NONE', #2455, .T. ) ;
#647 = CARTESIAN_POINT ( 'NONE',  ( -0.4000000000000001887, 1.459999999999999964, -1.250000000000002665 ) ) ;
#648 = VECTOR ( 'NONE', #419, 1000.000000000000000 ) ;
#649 = ORIENTED_EDGE ( 'NONE', *, *, #2426, .T. ) ;
#650 = CARTESIAN_POINT ( 'NONE',  ( -2.540000000000000036, 0.000000000000000000, -0.5200000000000015721 ) ) ;
#651 = CARTESIAN_POINT ( 'NONE',  ( 0.000000000000000000, 3.700000000000000178, 0.7500000000000032196 ) ) ;
#652 = CYLINDRICAL_SURFACE ( 'NONE', #1983, 0.8400000000000003020 ) ;
#653 = ORIENTED_EDGE ( 'NONE', *, *, #3768, .F. ) ;
#654 = ORIENTED_EDGE ( 'NONE', *, *, #3811, .T. ) ;
#655 = CARTESIAN_POINT ( 'NONE',  ( -2.939999999999999947, 1.459999999999999964, 1.250000000000000888 ) ) ;
#656 = ORIENTED_EDGE ( 'NONE', *, *, #3736, .T. ) ;
#657 = EDGE_CURVE ( 'NONE', #784, #308, #4622, .T. ) ;
#658 = ORIENTED_EDGE ( 'NONE', *, *, #1079, .F. ) ;
#659 = CARTESIAN_POINT ( 'NONE',  ( -2.540000000000000480, 3.700000000000000178, 0.7500000000000033307 ) ) ;
#660 = DIRECTION ( 'NONE',  ( 0.000000000000000000, 0.000000000000000000, 1.000000000000000000 ) ) ;
#661 = AXIS2_PLACEMENT_3D ( 'NONE', #3486, #3534, #2054 ) ;
#662 = VERTEX_POINT ( 'NONE', #910 ) ;
#663 = ORIENTED_EDGE ( 'NONE', *, *, #2367, .T. ) ;
#664 = DIRECTION ( 'NONE',  ( -0.000000000000000000, 1.000000000000000000, -0.000000000000000000 ) ) ;
#665 = DIRECTION ( 'NONE',  ( -1.000000000000000000, 0.000000000000000000, 1.565121246370150864E-16 ) ) ;
#666 = DIRECTION ( 'NONE',  ( -1.000000000000000000, -0.000000000000000000, -0.000000000000000000 ) ) ;
#667 = LINE ( 'NONE', #2523, #1108 ) ;
#668 = VECTOR ( 'NONE', #4093, 1000.000000000000000 ) ;
#669 = CARTESIAN_POINT ( 'NONE',  ( -2.540000000000000480, 1.159999999999999920, 0.7500000000000033307 ) ) ;
#670 = ORIENTED_EDGE ( 'NONE', *, *, #4498, .T. ) ;
#671 = ORIENTED_EDGE ( 'NONE', *, *, #4485, .T. ) ;
#672 = EDGE_CURVE ( 'NONE', #962, #2774, #3891, .T. ) ;
#673 = CARTESIAN_POINT ( 'NONE',  ( -7.220000000000000639, 1.160000000000000142, 1.250000000000001554 ) ) ;
#674 = FACE_OUTER_BOUND ( 'NONE', #1951, .T. ) ;
#675 = EDGE_LOOP ( 'NONE', ( #3395, #2732, #3162, #2217 ) ) ;
#676 = AXIS2_PLACEMENT_3D ( 'NONE', #1979, #2081, #86 ) ;
#677 = DIRECTION ( 'NONE',  ( -1.000000000000000000, 0.000000000000000000, -0.000000000000000000 ) ) ;
#678 = EDGE_CURVE ( 'NONE', #1182, #2619, #1142, .T. ) ;
#679 = ADVANCED_FACE ( 'NONE', ( #735 ), #2252, .F. ) ;
#680 = EDGE_CURVE ( 'NONE', #2380, #4525, #13, .T. ) ;
#681 = CARTESIAN_POINT ( 'NONE',  ( -2.939999999999999947, 1.160000000000000142, -1.250000000000002665 ) ) ;
#682 = ORIENTED_EDGE ( 'NONE', *, *, #2575, .F. ) ;
#683 = DIRECTION ( 'NONE',  ( -0.8660254037844379305, 0.000000000000000000, -0.5000000000000014433 ) ) ;
#684 = ORIENTED_EDGE ( 'NONE', *, *, #1070, .F. ) ;
#685 = ORIENTED_EDGE ( 'NONE', *, *, #2382, .T. ) ;
#686 = CARTESIAN_POINT ( 'NONE',  ( -6.670000000000002593, 1.159999999999999920, -0.3199999999999996181 ) ) ;
#687 = LINE ( 'NONE', #2944, #1434 ) ;
#688 = DIRECTION ( 'NONE',  ( -0.000000000000000000, -0.000000000000000000, 1.000000000000000000 ) ) ;
#689 = ORIENTED_EDGE ( 'NONE', *, *, #2606, .T. ) ;
#690 = ORIENTED_EDGE ( 'NONE', *, *, #2805, .F. ) ;
#691 = ORIENTED_EDGE ( 'NONE', *, *, #415, .T. ) ;
#692 = DIRECTION ( 'NONE',  ( -1.000000000000000000, 0.000000000000000000, 0.000000000000000000 ) ) ;
#693 = DIRECTION ( 'NONE',  ( 1.000000000000000000, 0.000000000000000000, -0.000000000000000000 ) ) ;
#694 = DIRECTION ( 'NONE',  ( 1.000000000000000000, 0.000000000000000000, 0.000000000000000000 ) ) ;
#695 = EDGE_LOOP ( 'NONE', ( #1010, #2248, #1062, #1210 ) ) ;
#696 = ORIENTED_EDGE ( 'NONE', *, *, #1528, .F. ) ;
#697 = CARTESIAN_POINT ( 'NONE',  ( 6.669999999999999041, 1.460000000000000187, 0.3199999999999985079 ) ) ;
#698 = AXIS2_PLACEMENT_3D ( 'NONE', #3092, #3864, #1336 ) ;
#699 = ORIENTED_EDGE ( 'NONE', *, *, #3631, .F. ) ;
#700 = ORIENTED_EDGE ( 'NONE', *, *, #2753, .F. ) ;
#701 = EDGE_CURVE ( 'NONE', #4310, #2264, #3323, .T. ) ;
#702 = EDGE_CURVE ( 'NONE', #1294, #930, #1502, .T. ) ;
#703 = DIRECTION ( 'NONE',  ( -0.000000000000000000, -0.000000000000000000, 1.000000000000000000 ) ) ;
#704 = VECTOR ( 'NONE', #1767, 1000.000000000000000 ) ;
#705 = DIRECTION ( 'NONE',  ( 0.5000000000000026645, 0.000000000000000000, -0.8660254037844371533 ) ) ;
#706 = ORIENTED_EDGE ( 'NONE', *, *, #327, .T. ) ;
#707 = ORIENTED_EDGE ( 'NONE', *, *, #189, .T. ) ;
#708 = VECTOR ( 'NONE', #4467, 1000.000000000000000 ) ;
#709 = EDGE_CURVE ( 'NONE', #3224, #4708, #2997, .T. ) ;
#710 = DIRECTION ( 'NONE',  ( 0.5000000000000014433, 0.000000000000000000, -0.8660254037844379305 ) ) ;
#711 = DIRECTION ( 'NONE',  ( 0.000000000000000000, 0.000000000000000000, -1.000000000000000000 ) ) ;
#712 = ADVANCED_FACE ( 'NONE', ( #2609 ), #1956, .T. ) ;
#713 = VECTOR ( 'NONE', #4749, 1000.000000000000000 ) ;
#714 = CARTESIAN_POINT ( 'NONE',  ( 5.480000000000000426, 1.160000000000000142, 1.249999999999999778 ) ) ;
#715 = ADVANCED_FACE ( 'NONE', ( #370 ), #4460, .T. ) ;
#716 = ORIENTED_EDGE ( 'NONE', *, *, #1625, .F. ) ;
#717 = VECTOR ( 'NONE', #251, 1000.000000000000000 ) ;
#718 = AXIS2_PLACEMENT_3D ( 'NONE', #3845, #4630, #4648 ) ;
#719 = LINE ( 'NONE', #1047, #2357 ) ;
#720 = CARTESIAN_POINT ( 'NONE',  ( 7.220000000000000639, 0.8600000000000000977, 0.7000000000000030642 ) ) ;
#721 = EDGE_LOOP ( 'NONE', ( #4345, #1760, #1259, #1716 ) ) ;
#722 = ORIENTED_EDGE ( 'NONE', *, *, #4294, .F. ) ;
#723 = CARTESIAN_POINT ( 'NONE',  ( 3.489999999999998881, 3.700000000000000178, 0.3199999999999988964 ) ) ;
#724 = DIRECTION ( 'NONE',  ( -0.000000000000000000, 1.000000000000000000, -0.000000000000000000 ) ) ;
#725 = ORIENTED_EDGE ( 'NONE', *, *, #449, .F. ) ;
#726 = EDGE_LOOP ( 'NONE', ( #560, #226, #4269, #4352, #335, #3156, #4117, #2117 ) ) ;
#727 = ORIENTED_EDGE ( 'NONE', *, *, #3335, .F. ) ;
#728 = PRODUCT_CONTEXT ( 'NONE', #2183, 'mechanical' ) ;
#729 = EDGE_CURVE ( 'NONE', #1837, #796, #1883, .T. ) ;
#730 = DIRECTION ( 'NONE',  ( 0.000000000000000000, 0.000000000000000000, -1.000000000000000000 ) ) ;
#731 = CARTESIAN_POINT ( 'NONE',  ( 4.679999999999999716, 1.459999999999999964, -1.250000000000002442 ) ) ;
#732 = PLANE ( 'NONE',  #2713 ) ;
#733 = ORIENTED_EDGE ( 'NONE', *, *, #1298, .F. ) ;
#734 = FACE_OUTER_BOUND ( 'NONE', #3007, .T. ) ;
#735 = FACE_OUTER_BOUND ( 'NONE', #4799, .T. ) ;
#736 = LINE ( 'NONE', #1932, #4126 ) ;
#737 = ORIENTED_EDGE ( 'NONE', *, *, #4730, .T. ) ;
#738 = CARTESIAN_POINT ( 'NONE',  ( -5.080000000000000959, 1.459999999999999964, 0.7500000000000032196 ) ) ;
#739 = EDGE_CURVE ( 'NONE', #1631, #3804, #4152, .T. ) ;
#740 = DIRECTION ( 'NONE',  ( -0.000000000000000000, 1.000000000000000000, -0.000000000000000000 ) ) ;
#741 = DIRECTION ( 'NONE',  ( -0.000000000000000000, -0.000000000000000000, 1.000000000000000000 ) ) ;
#742 = VERTEX_POINT ( 'NONE', #1551 ) ;
#743 = ORIENTED_EDGE ( 'NONE', *, *, #3931, .F. ) ;
#744 = CARTESIAN_POINT ( 'NONE',  ( 7.620000000000000107, 1.159999999999999920, -1.250000000000001776 ) ) ;
#745 = ADVANCED_FACE ( 'NONE', ( #4528 ), #390, .T. ) ;
#746 = CARTESIAN_POINT ( 'NONE',  ( 7.620000000000000107, 1.159999999999999920, -0.7500000000000017764 ) ) ;
#747 = ORIENTED_EDGE ( 'NONE', *, *, #1328, .F. ) ;
#748 = CARTESIAN_POINT ( 'NONE',  ( 3.660766279201532303, 8.437308430199616183, 0.1492337207984647252 ) ) ;
#749 = VECTOR ( 'NONE', #4144, 1000.000000000000000 ) ;
#750 = AXIS2_PLACEMENT_3D ( 'NONE', #4350, #2513, #1009 ) ;
#751 = VERTEX_POINT ( 'NONE', #2674 ) ;
#752 = EDGE_LOOP ( 'NONE', ( #3956, #967, #4008, #4662 ) ) ;
#753 = DIRECTION ( 'NONE',  ( 0.000000000000000000, 0.000000000000000000, 1.000000000000000000 ) ) ;
#754 = VECTOR ( 'NONE', #946, 1000.000000000000000 ) ;
#755 = LINE ( 'NONE', #1518, #1909 ) ;
#756 = FACE_OUTER_BOUND ( 'NONE', #2782, .T. ) ;
#757 = FACE_BOUND ( 'NONE', #643, .T. ) ;
#758 = EDGE_LOOP ( 'NONE', ( #318, #2028, #2933, #2547 ) ) ;
#759 = CARTESIAN_POINT ( 'NONE',  ( -2.828675134594815344, 3.700000000000000178, -1.250000000000000000 ) ) ;
#760 = DIRECTION ( 'NONE',  ( -0.5000000000000014433, 0.000000000000000000, -0.8660254037844379305 ) ) ;
#761 = DIRECTION ( 'NONE',  ( -0.000000000000000000, 1.000000000000000000, -0.000000000000000000 ) ) ;
#762 = DIRECTION ( 'NONE',  ( 0.000000000000000000, 0.000000000000000000, 1.000000000000000000 ) ) ;
#763 = DIRECTION ( 'NONE',  ( 0.000000000000000000, 0.000000000000000000, 1.000000000000000000 ) ) ;
#764 = CARTESIAN_POINT ( 'NONE',  ( 3.489999999999998881, 0.8399999999999996358, -0.3200000000000015610 ) ) ;
#765 = EDGE_CURVE ( 'NONE', #613, #3750, #3367, .T. ) ;
#766 = EDGE_CURVE ( 'NONE', #3140, #3031, #3790, .T. ) ;
#767 = CARTESIAN_POINT ( 'NONE',  ( 3.650769515458672565, 8.400000000000000355, 0.3199999999999985079 ) ) ;
#768 = EDGE_CURVE ( 'NONE', #4044, #3539, #4557, .T. ) ;
#769 = EDGE_CURVE ( 'NONE', #1994, #4698, #4174, .T. ) ;
#770 = PLANE ( 'NONE',  #3427 ) ;
#771 = PLANE ( 'NONE',  #4064 ) ;
#772 = CARTESIAN_POINT ( 'NONE',  ( -6.670000000000002593, 1.159999999999999920, 0.3200000000000004508 ) ) ;
#773 = EDGE_CURVE ( 'NONE', #1928, #78, #3695, .T. ) ;
#774 = EDGE_LOOP ( 'NONE', ( #3615, #4627, #428, #4497 ) ) ;
#775 = FACE_OUTER_BOUND ( 'NONE', #4758, .T. ) ;
#776 = EDGE_CURVE ( 'NONE', #3672, #4671, #1115, .T. ) ;
#777 =( GEOMETRIC_REPRESENTATION_CONTEXT ( 3 ) GLOBAL_UNCERTAINTY_ASSIGNED_CONTEXT ( ( #3172 ) ) GLOBAL_UNIT_ASSIGNED_CONTEXT ( ( #2006, #2727, #3115 ) ) REPRESENTATION_CONTEXT ( 'NONE', 'WORKASPACE' ) );
#778 = CARTESIAN_POINT ( 'NONE',  ( 0.000000000000000000, 0.000000000000000000, 0.000000000000000000 ) ) ;
#779 = DIRECTION ( 'NONE',  ( -4.336808689942018229E-16, 0.000000000000000000, 1.000000000000000000 ) ) ;
#780 = CARTESIAN_POINT ( 'NONE',  ( -5.480000000000000426, 1.160000000000000142, -1.250000000000002665 ) ) ;
#781 = CYLINDRICAL_SURFACE ( 'NONE', #3718, 0.1999999999999999833 ) ;
#782 = VECTOR ( 'NONE', #441, 1000.000000000000000 ) ;
#783 = ORIENTED_EDGE ( 'NONE', *, *, #1472, .T. ) ;
#784 = VERTEX_POINT ( 'NONE', #3090 ) ;
#785 = DIRECTION ( 'NONE',  ( -0.8660254037844379305, 0.000000000000000000, 0.5000000000000014433 ) ) ;
#786 = DIRECTION ( 'NONE',  ( -0.000000000000000000, -0.000000000000000000, 1.000000000000000000 ) ) ;
#787 = CARTESIAN_POINT ( 'NONE',  ( -0.4000000000000001887, 1.460000000000000187, -0.7000000000000031752 ) ) ;
#788 = AXIS2_PLACEMENT_3D ( 'NONE', #600, #4658, #972 ) ;
#789 = DIRECTION ( 'NONE',  ( -0.000000000000000000, -0.000000000000000000, 1.000000000000000000 ) ) ;
#790 = VERTEX_POINT ( 'NONE', #112 ) ;
#791 = CARTESIAN_POINT ( 'NONE',  ( -4.791324865405186983, 1.459999999999999964, 1.250000000000001332 ) ) ;
#792 = AXIS2_PLACEMENT_3D ( 'NONE', #97, #4209, #151 ) ;
#793 = CARTESIAN_POINT ( 'NONE',  ( -7.220000000000000639, 1.460000000000000187, -0.7000000000000031752 ) ) ;
#794 = DIRECTION ( 'NONE',  ( 1.000000000000000000, 0.000000000000000000, -1.138269997360109674E-16 ) ) ;
#795 = VECTOR ( 'NONE', #38, 999.9999999999998863 ) ;
#796 = VERTEX_POINT ( 'NONE', #3814 ) ;
#797 = PLANE ( 'NONE',  #3680 ) ;
#798 = VECTOR ( 'NONE', #4778, 1000.000000000000000 ) ;
#799 = DIRECTION ( 'NONE',  ( 0.000000000000000000, 0.000000000000000000, 1.000000000000000000 ) ) ;
#800 = FACE_OUTER_BOUND ( 'NONE', #2244, .T. ) ;
#801 = ORIENTED_EDGE ( 'NONE', *, *, #3126, .T. ) ;
#802 = FACE_OUTER_BOUND ( 'NONE', #812, .T. ) ;
#803 = AXIS2_PLACEMENT_3D ( 'NONE', #2064, #2112, #1684 ) ;
#804 = VECTOR ( 'NONE', #4299, 1000.000000000000000 ) ;
#805 = ORIENTED_EDGE ( 'NONE', *, *, #4449, .F. ) ;
#806 = LINE ( 'NONE', #487, #1748 ) ;
#807 = EDGE_CURVE ( 'NONE', #1732, #4039, #4642, .T. ) ;
#808 = DIRECTION ( 'NONE',  ( 0.000000000000000000, 0.2588190451025190741, -0.9659258262890687563 ) ) ;
#809 = LINE ( 'NONE', #2293, #3633 ) ;
#810 = ORIENTED_EDGE ( 'NONE', *, *, #2011, .F. ) ;
#811 =( NAMED_UNIT ( * ) SI_UNIT ( $, .STERADIAN. ) SOLID_ANGLE_UNIT ( ) );
#812 = EDGE_LOOP ( 'NONE', ( #965, #1305, #3404, #2356 ) ) ;
#813 = CARTESIAN_POINT ( 'NONE',  ( 2.539999999999999591, 1.159999999999999920, -0.7500000000000017764 ) ) ;
#814 = DIRECTION ( 'NONE',  ( 0.000000000000000000, -1.000000000000000000, 0.000000000000000000 ) ) ;
#815 = CARTESIAN_POINT ( 'NONE',  ( -7.620000000000000107, 1.159999999999999920, 1.250000000000000666 ) ) ;
#816 = CARTESIAN_POINT ( 'NONE',  ( -0.4000000000000001887, 1.160000000000000142, -1.250000000000002665 ) ) ;
#817 = LINE ( 'NONE', #42, #1538 ) ;
#818 = CARTESIAN_POINT ( 'NONE',  ( -7.620000000000001883, 1.460000000000000187, 0.7000000000000030642 ) ) ;
#819 = VECTOR ( 'NONE', #2274, 1000.000000000000000 ) ;
#820 = CARTESIAN_POINT ( 'NONE',  ( -2.139999999999999680, 1.459999999999999964, -1.250000000000002665 ) ) ;
#821 = APPLICATION_CONTEXT ( 'automotive_design' ) ;
#822 = CARTESIAN_POINT ( 'NONE',  ( 0.000000000000000000, 1.459999999999999964, -0.7500000000000015543 ) ) ;
#823 = ORIENTED_EDGE ( 'NONE', *, *, #2467, .T. ) ;
#824 = PLANE ( 'NONE',  #223 ) ;
#825 = CARTESIAN_POINT ( 'NONE',  ( 3.969230484541326209, -1.836709923159817663E-31, -2.649999999999994582 ) ) ;
#826 = LINE ( 'NONE', #3153, #3144 ) ;
#827 = CARTESIAN_POINT ( 'NONE',  ( 2.940000000000000391, 1.160000000000000142, -1.250000000000002887 ) ) ;
#828 = EDGE_CURVE ( 'NONE', #915, #421, #1651, .T. ) ;
#829 = VECTOR ( 'NONE', #393, 1000.000000000000000 ) ;
#830 = EDGE_CURVE ( 'NONE', #3369, #4457, #137, .T. ) ;
#831 = ADVANCED_FACE ( 'NONE', ( #465 ), #3184, .F. ) ;
#832 = VERTEX_POINT ( 'NONE', #3863 ) ;
#833 = VECTOR ( 'NONE', #2737, 1000.000000000000000 ) ;
#834 = VERTEX_POINT ( 'NONE', #2390 ) ;
#835 = DIRECTION ( 'NONE',  ( 0.5000000000000014433, -0.000000000000000000, 0.8660254037844379305 ) ) ;
#836 = LINE ( 'NONE', #1310, #2181 ) ;
#837 = FACE_OUTER_BOUND ( 'NONE', #1600, .T. ) ;
#838 = CARTESIAN_POINT ( 'NONE',  ( 3.489999999999998881, 3.700000000000000178, 0.3199999999999988964 ) ) ;
#839 = CARTESIAN_POINT ( 'NONE',  ( -0.4000000000000001887, 1.160000000000000142, -1.250000000000002665 ) ) ;
#840 = EDGE_CURVE ( 'NONE', #973, #3259, #1603, .T. ) ;
#841 = LINE ( 'NONE', #4225, #1183 ) ;
#842 = CARTESIAN_POINT ( 'NONE',  ( -5.368675134594814935, 3.700000000000000178, 1.250000000000003331 ) ) ;
#843 = ADVANCED_FACE ( 'NONE', ( #2082 ), #4620, .F. ) ;
#844 = DIRECTION ( 'NONE',  ( 1.000000000000000000, -0.000000000000000000, -0.000000000000000000 ) ) ;
#845 = DIRECTION ( 'NONE',  ( 0.5000000000000014433, 0.000000000000000000, -0.8660254037844379305 ) ) ;
#846 = LINE ( 'NONE', #2355, #2913 ) ;
#847 = VERTEX_POINT ( 'NONE', #887 ) ;
#848 = CARTESIAN_POINT ( 'NONE',  ( -4.679999999999999716, 1.160000000000000142, 0.7000000000000029532 ) ) ;
#849 = CARTESIAN_POINT ( 'NONE',  ( 4.679999999999999716, 1.459999999999999964, -1.250000000000002442 ) ) ;
#850 = DIRECTION ( 'NONE',  ( 0.5000000000000026645, 0.000000000000000000, -0.8660254037844372643 ) ) ;
#851 = FACE_OUTER_BOUND ( 'NONE', #2843, .T. ) ;
#852 = ADVANCED_FACE ( 'NONE', ( #166 ), #3909, .F. ) ;
#853 = VECTOR ( 'NONE', #4156, 1000.000000000000000 ) ;
#854 = ORIENTED_EDGE ( 'NONE', *, *, #4360, .F. ) ;
#855 = ADVANCED_FACE ( 'NONE', ( #837 ), #496, .F. ) ;
#856 = VECTOR ( 'NONE', #2460, 1000.000000000000000 ) ;
#857 = EDGE_LOOP ( 'NONE', ( #1523, #1447, #3321, #3032 ) ) ;
#858 = CARTESIAN_POINT ( 'NONE',  ( -7.620000000000001883, 0.8600000000000000977, -0.7000000000000031752 ) ) ;
#859 = DIRECTION ( 'NONE',  ( -1.000000000000000000, 0.000000000000000000, 0.000000000000000000 ) ) ;
#860 = LINE ( 'NONE', #3159, #1284 ) ;
#861 = EDGE_CURVE ( 'NONE', #3630, #1928, #2414, .T. ) ;
#862 =( GEOMETRIC_REPRESENTATION_CONTEXT ( 3 ) GLOBAL_UNCERTAINTY_ASSIGNED_CONTEXT ( ( #2784 ) ) GLOBAL_UNIT_ASSIGNED_CONTEXT ( ( #4301, #2464, #588 ) ) REPRESENTATION_CONTEXT ( 'NONE', 'WORKASPACE' ) );
#863 = DIRECTION ( 'NONE',  ( -1.000000000000000000, 0.000000000000000000, -0.000000000000000000 ) ) ;
#864 = ORIENTED_EDGE ( 'NONE', *, *, #2691, .F. ) ;
#865 = ADVANCED_FACE ( 'NONE', ( #564 ), #2434, .F. ) ;
#866 = DIRECTION ( 'NONE',  ( -0.000000000000000000, -0.000000000000000000, 1.000000000000000000 ) ) ;
#867 = DIRECTION ( 'NONE',  ( 0.5000000000000026645, 0.000000000000000000, -0.8660254037844371533 ) ) ;
#868 = CARTESIAN_POINT ( 'NONE',  ( -7.620000000000000107, 1.159999999999999920, 1.250000000000000666 ) ) ;
#869 = DIRECTION ( 'NONE',  ( 1.000000000000000000, 0.000000000000000000, -4.235164736271502188E-16 ) ) ;
#870 = VECTOR ( 'NONE', #1172, 1000.000000000000000 ) ;
#871 = LINE ( 'NONE', #1274, #1203 ) ;
#872 = FACE_OUTER_BOUND ( 'NONE', #1455, .T. ) ;
#873 = VERTEX_POINT ( 'NONE', #538 ) ;
#874 = LINE ( 'NONE', #3923, #1942 ) ;
#875 = VECTOR ( 'NONE', #1205, 1000.000000000000000 ) ;
#876 = CARTESIAN_POINT ( 'NONE',  ( 1.589999999999998082, 1.159999999999999920, 0.3199999999999992850 ) ) ;
#877 = VECTOR ( 'NONE', #2801, 1000.000000000000000 ) ;
#878 = DIRECTION ( 'NONE',  ( 0.000000000000000000, 0.000000000000000000, 1.000000000000000000 ) ) ;
#879 = VECTOR ( 'NONE', #3552, 1000.000000000000000 ) ;
#880 = LINE ( 'NONE', #2791, #2375 ) ;
#881 = CARTESIAN_POINT ( 'NONE',  ( -0.4000000000000001887, 1.160000000000000142, 1.250000000000000444 ) ) ;
#882 = VECTOR ( 'NONE', #664, 1000.000000000000000 ) ;
#883 = VERTEX_POINT ( 'NONE', #3158 ) ;
#884 = ORIENTED_EDGE ( 'NONE', *, *, #1643, .T. ) ;
#885 = ORIENTED_EDGE ( 'NONE', *, *, #4286, .T. ) ;
#886 = PLANE ( 'NONE',  #3916 ) ;
#887 = CARTESIAN_POINT ( 'NONE',  ( -6.030000000000002025, 3.700000000000000178, 0.3200000000000004508 ) ) ;
#888 = CARTESIAN_POINT ( 'NONE',  ( 3.489999999999998881, 7.799999999999996270, 0.3199999999999985079 ) ) ;
#889 = DIRECTION ( 'NONE',  ( -0.000000000000000000, -0.000000000000000000, 1.000000000000000000 ) ) ;
#890 = VERTEX_POINT ( 'NONE', #3511 ) ;
#891 = ORIENTED_EDGE ( 'NONE', *, *, #2492, .F. ) ;
#892 = CARTESIAN_POINT ( 'NONE',  ( 0.9499999999999986233, 1.159999999999999920, -0.3200000000000007838 ) ) ;
#893 = CARTESIAN_POINT ( 'NONE',  ( 6.669999999999999041, 8.400000000000000355, 2.049999999999990496 ) ) ;
#894 = EDGE_CURVE ( 'NONE', #1365, #3604, #2347, .T. ) ;
#895 = LINE ( 'NONE', #2780, #180 ) ;
#896 = LINE ( 'NONE', #1893, #3759 ) ;
#897 = FACE_OUTER_BOUND ( 'NONE', #514, .T. ) ;
#898 = ORIENTED_EDGE ( 'NONE', *, *, #2520, .F. ) ;
#899 = LINE ( 'NONE', #3123, #1462 ) ;
#900 = VECTOR ( 'NONE', #786, 1000.000000000000000 ) ;
#901 = CARTESIAN_POINT ( 'NONE',  ( -7.220000000000000639, 1.160000000000000142, -1.250000000000002442 ) ) ;
#902 = ORIENTED_EDGE ( 'NONE', *, *, #4766, .T. ) ;
#903 = LINE ( 'NONE', #2340, #1583 ) ;
#904 = ADVANCED_FACE ( 'NONE', ( #932 ), #517, .T. ) ;
#905 = CARTESIAN_POINT ( 'NONE',  ( 0.000000000000000000, 1.159999999999999920, 0.7000000000000030642 ) ) ;
#906 = VERTEX_POINT ( 'NONE', #3837 ) ;
#907 = ORIENTED_EDGE ( 'NONE', *, *, #2696, .T. ) ;
#908 = VECTOR ( 'NONE', #2376, 1000.000000000000000 ) ;
#909 = DIRECTION ( 'NONE',  ( -0.2505628070857292555, -0.2505628070857295331, -0.9351131265310305141 ) ) ;
#910 = CARTESIAN_POINT ( 'NONE',  ( 4.679999999999999716, 1.459999999999999964, 1.249999999999999778 ) ) ;
#911 = AXIS2_PLACEMENT_3D ( 'NONE', #160, #1234, #4549 ) ;
#912 =( GEOMETRIC_REPRESENTATION_CONTEXT ( 3 ) GLOBAL_UNCERTAINTY_ASSIGNED_CONTEXT ( ( #3448 ) ) GLOBAL_UNIT_ASSIGNED_CONTEXT ( ( #1830, #2960, #3709 ) ) REPRESENTATION_CONTEXT ( 'NONE', 'WORKASPACE' ) );
#913 = LINE ( 'NONE', #4274, #3664 ) ;
#914 = CARTESIAN_POINT ( 'NONE',  ( 7.220000000000000639, 1.459999999999999964, 1.250000000000000444 ) ) ;
#915 = VERTEX_POINT ( 'NONE', #1262 ) ;
#916 = EDGE_LOOP ( 'NONE', ( #1366, #2984, #4786, #4526 ) ) ;
#917 = VERTEX_POINT ( 'NONE', #4598 ) ;
#918 = VECTOR ( 'NONE', #3133, 1000.000000000000000 ) ;
#919 = DIRECTION ( 'NONE',  ( 0.000000000000000000, 0.000000000000000000, -1.000000000000000000 ) ) ;
#920 = PLANE ( 'NONE',  #3352 ) ;
#921 = EDGE_CURVE ( 'NONE', #201, #1554, #3461, .T. ) ;
#922 = PRODUCT_DEFINITION ( 'UNKNOWN', '', #2564, #3173 ) ;
#923 = CARTESIAN_POINT ( 'NONE',  ( -2.139999999999999680, 1.459999999999999964, 1.250000000000000888 ) ) ;
#924 = VERTEX_POINT ( 'NONE', #1057 ) ;
#925 = LINE ( 'NONE', #2424, #754 ) ;
#926 = UNCERTAINTY_MEASURE_WITH_UNIT (LENGTH_MEASURE( 1.000000000000000082E-05 ), #4404, 'distance_accuracy_value', 'NONE');
#927 = DIRECTION ( 'NONE',  ( -1.000000000000000000, 0.000000000000000000, 0.000000000000000000 ) ) ;
#928 = LINE ( 'NONE', #2070, #4372 ) ;
#929 = EDGE_CURVE ( 'NONE', #962, #4613, #3228, .T. ) ;
#930 = VERTEX_POINT ( 'NONE', #638 ) ;
#931 = CARTESIAN_POINT ( 'NONE',  ( -4.679999999999999716, 1.459999999999999964, -1.250000000000002665 ) ) ;
#932 = FACE_OUTER_BOUND ( 'NONE', #2811, .T. ) ;
#933 = CARTESIAN_POINT ( 'NONE',  ( -2.251324865405186948, 1.459999999999999964, 1.250000000000000888 ) ) ;
#934 = CARTESIAN_POINT ( 'NONE',  ( -7.620000000000001883, 1.459999999999999964, -0.7500000000000027756 ) ) ;
#935 = VECTOR ( 'NONE', #1225, 1000.000000000000000 ) ;
#936 = FILL_AREA_STYLE ('',( #497 ) ) ;
#937 = CARTESIAN_POINT ( 'NONE',  ( 4.129999999999998117, 3.700000000000000178, 0.3199999999999988964 ) ) ;
#938 = ORIENTED_EDGE ( 'NONE', *, *, #894, .T. ) ;
#939 = ORIENTED_EDGE ( 'NONE', *, *, #1864, .F. ) ;
#940 = VERTEX_POINT ( 'NONE', #2555 ) ;
#941 = COLOUR_RGB ( '',0.9686274509803921573, 0.8784313725490195957, 0.5999999999999999778 ) ;
#942 = CARTESIAN_POINT ( 'NONE',  ( 6.669999999999999041, 1.460000000000000187, 0.3199999999999985079 ) ) ;
#943 = LINE ( 'NONE', #2441, #908 ) ;
#944 = DIRECTION ( 'NONE',  ( 0.000000000000000000, 0.000000000000000000, -1.000000000000000000 ) ) ;
#945 = ORIENTED_EDGE ( 'NONE', *, *, #2079, .F. ) ;
#946 = DIRECTION ( 'NONE',  ( 0.000000000000000000, 0.000000000000000000, 1.000000000000000000 ) ) ;
#947 = PRODUCT_RELATED_PRODUCT_CATEGORY ( 'part', '', ( #365 ) ) ;
#948 = LINE ( 'NONE', #1639, #18 ) ;
#949 = DIRECTION ( 'NONE',  ( -0.000000000000000000, -1.000000000000000000, -0.000000000000000000 ) ) ;
#950 = AXIS2_PLACEMENT_3D ( 'NONE', #669, #4062, #2161 ) ;
#951 = ORIENTED_EDGE ( 'NONE', *, *, #504, .T. ) ;
#952 = CARTESIAN_POINT ( 'NONE',  ( -0.9500000000000011768, 1.159999999999999920, -0.3200000000000003397 ) ) ;
#953 = AXIS2_PLACEMENT_3D ( 'NONE', #1872, #1151, #1074 ) ;
#954 = ORIENTED_EDGE ( 'NONE', *, *, #3449, .F. ) ;
#955 = VECTOR ( 'NONE', #2627, 1000.000000000000000 ) ;
#956 = ORIENTED_EDGE ( 'NONE', *, *, #4479, .F. ) ;
#957 = LINE ( 'NONE', #3835, #1835 ) ;
#958 = AXIS2_PLACEMENT_3D ( 'NONE', #3401, #510, #2715 ) ;
#959 = DIRECTION ( 'NONE',  ( 0.000000000000000000, 0.000000000000000000, 1.000000000000000000 ) ) ;
#960 = CARTESIAN_POINT ( 'NONE',  ( 6.669999999999999041, 1.159999999999999920, 0.3199999999999985079 ) ) ;
#961 = ORIENTED_EDGE ( 'NONE', *, *, #3057, .F. ) ;
#962 = VERTEX_POINT ( 'NONE', #2174 ) ;
#963 = ADVANCED_FACE ( 'NONE', ( #2122 ), #4010, .T. ) ;
#964 = ORIENTED_EDGE ( 'NONE', *, *, #468, .F. ) ;
#965 = ORIENTED_EDGE ( 'NONE', *, *, #2289, .F. ) ;
#966 = DIRECTION ( 'NONE',  ( -0.000000000000000000, -0.000000000000000000, 1.000000000000000000 ) ) ;
#967 = ORIENTED_EDGE ( 'NONE', *, *, #3419, .T. ) ;
#968 = SHAPE_DEFINITION_REPRESENTATION ( #3481, #2665 ) ;
#969 = DIRECTION ( 'NONE',  ( -1.000000000000000000, 0.000000000000000000, -0.000000000000000000 ) ) ;
#970 = PLANE ( 'NONE',  #4428 ) ;
#971 = DIRECTION ( 'NONE',  ( 1.000000000000000000, 0.000000000000000000, 0.000000000000000000 ) ) ;
#972 = DIRECTION ( 'NONE',  ( 0.5000000000000014433, 0.000000000000000000, 0.8660254037844379305 ) ) ;
#973 = VERTEX_POINT ( 'NONE', #1450 ) ;
#974 = VERTEX_POINT ( 'NONE', #2915 ) ;
#975 = LINE ( 'NONE', #2072, #1831 ) ;
#976 = LINE ( 'NONE', #2478, #1912 ) ;
#977 = VERTEX_POINT ( 'NONE', #2845 ) ;
#978 = ORIENTED_EDGE ( 'NONE', *, *, #4392, .T. ) ;
#979 = VERTEX_POINT ( 'NONE', #3202 ) ;
#980 = ADVANCED_FACE ( 'NONE', ( #2195 ), #3661, .F. ) ;
#981 = CARTESIAN_POINT ( 'NONE',  ( 0.2886751345948132541, 1.459999999999999964, 1.250000000000000444 ) ) ;
#982 = EDGE_CURVE ( 'NONE', #1547, #4063, #4347, .T. ) ;
#983 = PLANE ( 'NONE',  #3103 ) ;
#984 = EDGE_CURVE ( 'NONE', #4660, #3849, #3635, .T. ) ;
#985 = DIRECTION ( 'NONE',  ( 0.000000000000000000, 1.000000000000000000, 0.000000000000000000 ) ) ;
#986 = VERTEX_POINT ( 'NONE', #297 ) ;
#987 = ORIENTED_EDGE ( 'NONE', *, *, #215, .T. ) ;
#988 = EDGE_LOOP ( 'NONE', ( #3473, #1958, #1743, #1004, #4314, #1384, #629, #392 ) ) ;
#989 = CARTESIAN_POINT ( 'NONE',  ( 1.589999999999998082, 1.460000000000000187, 0.3199999999999992850 ) ) ;
#990 = DIRECTION ( 'NONE',  ( 1.000000000000000000, 0.000000000000000000, 0.000000000000000000 ) ) ;
#991 = EDGE_CURVE ( 'NONE', #4457, #1127, #4374, .T. ) ;
#992 = VECTOR ( 'NONE', #4533, 999.9999999999998863 ) ;
#993 = EDGE_CURVE ( 'NONE', #57, #832, #4782, .T. ) ;
#994 = AXIS2_PLACEMENT_3D ( 'NONE', #2835, #2360, #3946 ) ;
#995 = LINE ( 'NONE', #4045, #640 ) ;
#996 = CARTESIAN_POINT ( 'NONE',  ( 0.9499999999999986233, 1.159999999999999920, -0.3200000000000007838 ) ) ;
#997 = CARTESIAN_POINT ( 'NONE',  ( 6.029999999999998472, 8.400000000000000355, 0.3200000000000015610 ) ) ;
#998 = PLANE ( 'NONE',  #4179 ) ;
#999 = DIRECTION ( 'NONE',  ( -1.000000000000000000, 0.000000000000000000, 1.565121246370150864E-16 ) ) ;
#1000 = SURFACE_STYLE_FILL_AREA ( #1372 ) ;
#1001 = ORIENTED_EDGE ( 'NONE', *, *, #1180, .F. ) ;
#1002 = LINE ( 'NONE', #3530, #4141 ) ;
#1003 = ORIENTED_EDGE ( 'NONE', *, *, #2520, .T. ) ;
#1004 = ORIENTED_EDGE ( 'NONE', *, *, #4267, .F. ) ;
#1005 = DIRECTION ( 'NONE',  ( 1.000000000000000000, -0.000000000000000000, 0.000000000000000000 ) ) ;
#1006 = CARTESIAN_POINT ( 'NONE',  ( 5.480000000000000426, 1.459999999999999964, -1.250000000000002442 ) ) ;
#1007 = CARTESIAN_POINT ( 'NONE',  ( 4.129999999999998117, 7.799999999999996270, 0.3199999999999985079 ) ) ;
#1008 = ORIENTED_EDGE ( 'NONE', *, *, #533, .F. ) ;
#1009 = DIRECTION ( 'NONE',  ( 1.000000000000000000, 0.000000000000000000, 0.000000000000000000 ) ) ;
#1010 = ORIENTED_EDGE ( 'NONE', *, *, #4281, .F. ) ;
#1011 = ORIENTED_EDGE ( 'NONE', *, *, #1654, .F. ) ;
#1012 = CARTESIAN_POINT ( 'NONE',  ( 7.620000000000000107, 1.459999999999999964, -0.7500000000000017764 ) ) ;
#1013 = CARTESIAN_POINT ( 'NONE',  ( -1.590000000000000746, 1.159999999999999920, -0.3200000000000003397 ) ) ;
#1014 = ORIENTED_EDGE ( 'NONE', *, *, #4077, .F. ) ;
#1015 = VECTOR ( 'NONE', #4408, 999.9999999999998863 ) ;
#1016 = PLANE ( 'NONE',  #4800 ) ;
#1017 = ORIENTED_EDGE ( 'NONE', *, *, #2458, .F. ) ;
#1018 = EDGE_CURVE ( 'NONE', #1581, #3779, #1423, .T. ) ;
#1019 = CARTESIAN_POINT ( 'NONE',  ( 6.670000000000001705, 0.8399999999999999689, 0.5200000000000013500 ) ) ;
#1020 = CARTESIAN_POINT ( 'NONE',  ( 0.9499999999999986233, 1.460000000000000187, -0.3200000000000007838 ) ) ;
#1021 = AXIS2_PLACEMENT_3D ( 'NONE', #1165, #2327, #2650 ) ;
#1022 = DIRECTION ( 'NONE',  ( 0.000000000000000000, -1.000000000000000000, 0.000000000000000000 ) ) ;
#1023 = EDGE_LOOP ( 'NONE', ( #2107, #2300, #3459, #3296, #161, #699, #3374, #3564 ) ) ;
#1024 = ORIENTED_EDGE ( 'NONE', *, *, #1180, .T. ) ;
#1025 = DIRECTION ( 'NONE',  ( -1.000000000000000000, 0.000000000000000000, 0.000000000000000000 ) ) ;
#1026 = ORIENTED_EDGE ( 'NONE', *, *, #2813, .T. ) ;
#1027 = EDGE_LOOP ( 'NONE', ( #1820, #2604, #2481, #3196 ) ) ;
#1028 = VECTOR ( 'NONE', #4563, 1000.000000000000000 ) ;
#1029 = FACE_OUTER_BOUND ( 'NONE', #758, .T. ) ;
#1030 = PLANE ( 'NONE',  #5 ) ;
#1031 = CARTESIAN_POINT ( 'NONE',  ( 1.146001696317177003E-15, 0.4792304845413269399, 2.649999999999996803 ) ) ;
#1032 = VECTOR ( 'NONE', #1514, 1000.000000000000000 ) ;
#1033 = VERTEX_POINT ( 'NONE', #3985 ) ;
#1034 = ADVANCED_FACE ( 'NONE', ( #3247 ), #1030, .F. ) ;
#1035 = CARTESIAN_POINT ( 'NONE',  ( 5.079999999999999183, 3.700000000000000178, -0.7500000000000022204 ) ) ;
#1036 = ORIENTED_EDGE ( 'NONE', *, *, #1927, .F. ) ;
#1037 = VECTOR ( 'NONE', #4241, 1000.000000000000000 ) ;
#1038 = EDGE_LOOP ( 'NONE', ( #3380, #1601, #3588, #3117 ) ) ;
#1039 = AXIS2_PLACEMENT_3D ( 'NONE', #3079, #1228, #1209 ) ;
#1040 = DIRECTION ( 'NONE',  ( -0.000000000000000000, 0.000000000000000000, 1.000000000000000000 ) ) ;
#1041 = CARTESIAN_POINT ( 'NONE',  ( 2.539999999999999591, 3.700000000000000178, -0.7500000000000017764 ) ) ;
#1042 = VECTOR ( 'NONE', #2175, 1000.000000000000000 ) ;
#1043 = ORIENTED_EDGE ( 'NONE', *, *, #1500, .F. ) ;
#1044 = ORIENTED_EDGE ( 'NONE', *, *, #1808, .T. ) ;
#1045 = CARTESIAN_POINT ( 'NONE',  ( 2.140000000000000124, 1.160000000000000142, -1.250000000000002887 ) ) ;
#1046 = EDGE_CURVE ( 'NONE', #973, #2825, #4690, .T. ) ;
#1047 = CARTESIAN_POINT ( 'NONE',  ( 2.940000000000000391, 1.459999999999999964, -1.250000000000002887 ) ) ;
#1048 = EDGE_CURVE ( 'NONE', #2528, #4304, #4733, .T. ) ;
#1049 = ADVANCED_FACE ( 'NONE', ( #586 ), #611, .F. ) ;
#1050 = DIRECTION ( 'NONE',  ( 0.000000000000000000, 0.000000000000000000, -1.000000000000000000 ) ) ;
#1051 = VERTEX_POINT ( 'NONE', #4755 ) ;
#1052 = CARTESIAN_POINT ( 'NONE',  ( -2.540000000000000480, 1.159999999999999920, -0.7500000000000014433 ) ) ;
#1053 = VERTEX_POINT ( 'NONE', #4323 ) ;
#1054 = EDGE_LOOP ( 'NONE', ( #656, #4430, #4366, #671 ) ) ;
#1055 = ADVANCED_FACE ( 'NONE', ( #2536 ), #983, .F. ) ;
#1056 = ITEM_DEFINED_TRANSFORMATION ( 'NONE', 'NONE', #2410,  #750 ) ;
#1057 = CARTESIAN_POINT ( 'NONE',  ( -7.620000000000001883, 1.459999999999999964, -0.7500000000000027756 ) ) ;
#1058 = CARTESIAN_POINT ( 'NONE',  ( 2.140000000000000124, 1.459999999999999964, 1.250000000000000222 ) ) ;
#1059 = VECTOR ( 'NONE', #1627, 1000.000000000000000 ) ;
#1060 = ORIENTED_EDGE ( 'NONE', *, *, #766, .T. ) ;
#1061 = EDGE_LOOP ( 'NONE', ( #584, #2863, #220, #3715 ) ) ;
#1062 = ORIENTED_EDGE ( 'NONE', *, *, #4169, .T. ) ;
#1063 = CARTESIAN_POINT ( 'NONE',  ( 1.589999999999998082, 3.700000000000000178, 0.3199999999999992850 ) ) ;
#1064 = CARTESIAN_POINT ( 'NONE',  ( 1.146001696317177003E-15, -1.836709923159833427E-31, 2.649999999999996803 ) ) ;
#1065 = ORIENTED_EDGE ( 'NONE', *, *, #4592, .F. ) ;
#1066 = ORIENTED_EDGE ( 'NONE', *, *, #3440, .T. ) ;
#1067 = CARTESIAN_POINT ( 'NONE',  ( -0.4000000000000001887, 1.459999999999999964, -1.250000000000002665 ) ) ;
#1068 = VECTOR ( 'NONE', #363, 1000.000000000000000 ) ;
#1069 = LINE ( 'NONE', #4001, #2299 ) ;
#1070 = EDGE_CURVE ( 'NONE', #2206, #1415, #1399, .T. ) ;
#1071 = ORIENTED_EDGE ( 'NONE', *, *, #617, .T. ) ;
#1072 = ORIENTED_EDGE ( 'NONE', *, *, #4594, .T. ) ;
#1073 = EDGE_CURVE ( 'NONE', #1497, #185, #3336, .T. ) ;
#1074 = DIRECTION ( 'NONE',  ( 0.000000000000000000, -0.000000000000000000, 1.000000000000000000 ) ) ;
#1075 = DIRECTION ( 'NONE',  ( -0.000000000000000000, -0.000000000000000000, 1.000000000000000000 ) ) ;
#1076 = ORIENTED_EDGE ( 'NONE', *, *, #2453, .F. ) ;
#1077 = VECTOR ( 'NONE', #474, 1000.000000000000000 ) ;
#1078 = EDGE_CURVE ( 'NONE', #2395, #1732, #3011, .T. ) ;
#1079 = EDGE_CURVE ( 'NONE', #15, #784, #2578, .T. ) ;
#1080 = ORIENTED_EDGE ( 'NONE', *, *, #327, .F. ) ;
#1081 = EDGE_CURVE ( 'NONE', #1712, #3623, #3359, .T. ) ;
#1082 = EDGE_CURVE ( 'NONE', #3349, #162, #1854, .T. ) ;
#1083 = LINE ( 'NONE', #4073, #2756 ) ;
#1084 = CARTESIAN_POINT ( 'NONE',  ( 2.940000000000000391, 1.459999999999999964, 1.250000000000000222 ) ) ;
#1085 = DIRECTION ( 'NONE',  ( 1.000000000000000000, 0.000000000000000000, 0.000000000000000000 ) ) ;
#1086 = ADVANCED_FACE ( 'NONE', ( #4074 ), #2939, .F. ) ;
#1087 = VECTOR ( 'NONE', #2868, 999.9999999999998863 ) ;
#1088 = ORIENTED_EDGE ( 'NONE', *, *, #4717, .F. ) ;
#1089 = ORIENTED_EDGE ( 'NONE', *, *, #4535, .F. ) ;
#1090 = EDGE_LOOP ( 'NONE', ( #2411, #4572, #2152, #2572 ) ) ;
#1091 = FACE_OUTER_BOUND ( 'NONE', #1175, .T. ) ;
#1092 = LINE ( 'NONE', #2542, #3147 ) ;
#1093 = DIRECTION ( 'NONE',  ( 0.000000000000000000, -1.000000000000000000, 0.000000000000000000 ) ) ;
#1094 = LINE ( 'NONE', #4491, #4255 ) ;
#1095 = LINE ( 'NONE', #2159, #294 ) ;
#1096 = CARTESIAN_POINT ( 'NONE',  ( -2.828675134594814455, 1.159999999999999920, -1.250000000000001554 ) ) ;
#1097 = DIRECTION ( 'NONE',  ( -1.000000000000000000, 0.000000000000000000, -4.235164736271502188E-16 ) ) ;
#1098 = ORIENTED_EDGE ( 'NONE', *, *, #1070, .T. ) ;
#1099 = VECTOR ( 'NONE', #2890, 1000.000000000000000 ) ;
#1100 = ORIENTED_EDGE ( 'NONE', *, *, #3505, .F. ) ;
#1101 = CARTESIAN_POINT ( 'NONE',  ( 0.4000000000000001887, 1.459999999999999964, -1.250000000000002665 ) ) ;
#1102 = ADVANCED_FACE ( 'NONE', ( #756 ), #434, .F. ) ;
#1103 = DIRECTION ( 'NONE',  ( -1.000000000000000000, 0.000000000000000000, 1.565121246370150617E-16 ) ) ;
#1104 = PRESENTATION_LAYER_ASSIGNMENT (  '', '', ( #3418 ) ) ;
#1105 = VERTEX_POINT ( 'NONE', #1877 ) ;
#1106 = EDGE_LOOP ( 'NONE', ( #4443, #939, #1112, #2954, #3457, #3843, #4071, #3428 ) ) ;
#1107 = CARTESIAN_POINT ( 'NONE',  ( 6.029999999999998472, 0.8400000000000005240, 0.5200000000000015721 ) ) ;
#1108 = VECTOR ( 'NONE', #3306, 999.9999999999998863 ) ;
#1109 = DIRECTION ( 'NONE',  ( -1.000000000000000000, 0.000000000000000000, 0.000000000000000000 ) ) ;
#1110 = FACE_OUTER_BOUND ( 'NONE', #2558, .T. ) ;
#1111 = ORIENTED_EDGE ( 'NONE', *, *, #2462, .T. ) ;
#1112 = ORIENTED_EDGE ( 'NONE', *, *, #1802, .F. ) ;
#1113 = AXIS2_PLACEMENT_3D ( 'NONE', #4604, #204, #1611 ) ;
#1114 = DIRECTION ( 'NONE',  ( 0.000000000000000000, 0.000000000000000000, -1.000000000000000000 ) ) ;
#1115 = LINE ( 'NONE', #4081, #4242 ) ;
#1116 = DIRECTION ( 'NONE',  ( 1.000000000000000000, 0.000000000000000000, -0.000000000000000000 ) ) ;
#1117 = VECTOR ( 'NONE', #4441, 1000.000000000000000 ) ;
#1118 = FILL_AREA_STYLE ('',( #1984 ) ) ;
#1119 = VECTOR ( 'NONE', #3885, 1000.000000000000000 ) ;
#1120 = CARTESIAN_POINT ( 'NONE',  ( 6.190769515458672601, 8.400000000000000355, -0.1592304845413246572 ) ) ;
#1121 = VECTOR ( 'NONE', #2735, 1000.000000000000114 ) ;
#1122 = PRODUCT_DEFINITION_SHAPE ( 'NONE', 'NONE',  #1803 ) ;
#1123 = VECTOR ( 'NONE', #1233, 1000.000000000000000 ) ;
#1124 = DIRECTION ( 'NONE',  ( -0.000000000000000000, -0.000000000000000000, 1.000000000000000000 ) ) ;
#1125 = LINE ( 'NONE', #424, #3755 ) ;
#1126 = ORIENTED_EDGE ( 'NONE', *, *, #2421, .T. ) ;
#1127 = VERTEX_POINT ( 'NONE', #731 ) ;
#1128 = CARTESIAN_POINT ( 'NONE',  ( 4.129999999999999893, 0.6399999999999999023, -0.5200000000000013500 ) ) ;
#1129 = VERTEX_POINT ( 'NONE', #3784 ) ;
#1130 = LINE ( 'NONE', #2268, #2020 ) ;
#1131 = VERTEX_POINT ( 'NONE', #1471 ) ;
#1132 = ORIENTED_EDGE ( 'NONE', *, *, #2480, .F. ) ;
#1133 = DIRECTION ( 'NONE',  ( 1.000000000000000000, 0.000000000000000000, -0.000000000000000000 ) ) ;
#1134 = PLANE ( 'NONE',  #1622 ) ;
#1135 = VERTEX_POINT ( 'NONE', #1160 ) ;
#1136 =( NAMED_UNIT ( * ) SI_UNIT ( $, .STERADIAN. ) SOLID_ANGLE_UNIT ( ) );
#1137 = EDGE_CURVE ( 'NONE', #3706, #873, #4052, .T. ) ;
#1138 = EDGE_CURVE ( 'NONE', #3354, #3238, #54, .T. ) ;
#1139 = VERTEX_POINT ( 'NONE', #2963 ) ;
#1140 = PLANE ( 'NONE',  #1751 ) ;
#1141 = ADVANCED_FACE ( 'NONE', ( #1496 ), #1545, .F. ) ;
#1142 = LINE ( 'NONE', #3019, #3129 ) ;
#1143 = DIRECTION ( 'NONE',  ( -1.000000000000000000, -0.000000000000000000, -0.000000000000000000 ) ) ;
#1144 = LINE ( 'NONE', #3772, #3981 ) ;
#1145 = CARTESIAN_POINT ( 'NONE',  ( -5.080000000000000959, 1.159999999999999920, 0.7500000000000032196 ) ) ;
#1146 = ORIENTED_EDGE ( 'NONE', *, *, #3906, .T. ) ;
#1147 = EDGE_CURVE ( 'NONE', #1395, #915, #3711, .T. ) ;
#1148 = ADVANCED_FACE ( 'NONE', ( #2988 ), #1134, .F. ) ;
#1149 = CARTESIAN_POINT ( 'NONE',  ( -1.590000000000000746, 3.700000000000000178, -0.3200000000000003397 ) ) ;
#1150 = EDGE_LOOP ( 'NONE', ( #3375, #4521, #1571, #1572 ) ) ;
#1151 = DIRECTION ( 'NONE',  ( 0.000000000000000000, 1.000000000000000000, 0.000000000000000000 ) ) ;
#1152 = VECTOR ( 'NONE', #665, 1000.000000000000000 ) ;
#1153 = ORIENTED_EDGE ( 'NONE', *, *, #444, .T. ) ;
#1154 = DIRECTION ( 'NONE',  ( -0.000000000000000000, -0.000000000000000000, 1.000000000000000000 ) ) ;
#1155 = VECTOR ( 'NONE', #3317, 1000.000000000000000 ) ;
#1156 = ORIENTED_EDGE ( 'NONE', *, *, #4087, .F. ) ;
#1157 =( NAMED_UNIT ( * ) SI_UNIT ( $, .STERADIAN. ) SOLID_ANGLE_UNIT ( ) );
#1158 = AXIS2_PLACEMENT_3D ( 'NONE', #1019, #692, #1766 ) ;
#1159 = LINE ( 'NONE', #3710, #4769 ) ;
#1160 = CARTESIAN_POINT ( 'NONE',  ( 2.539999999999999591, 1.459999999999999964, 0.7500000000000029976 ) ) ;
#1161 = DIRECTION ( 'NONE',  ( 1.000000000000000000, -0.000000000000000000, 0.000000000000000000 ) ) ;
#1162 = EDGE_LOOP ( 'NONE', ( #747, #1891, #3708, #3894 ) ) ;
#1163 = ORIENTED_EDGE ( 'NONE', *, *, #2402, .T. ) ;
#1164 = CARTESIAN_POINT ( 'NONE',  ( 2.251324865405185616, 1.459999999999999964, -1.250000000000001776 ) ) ;
#1165 = CARTESIAN_POINT ( 'NONE',  ( 2.140000000000000124, 1.160000000000000142, -1.250000000000002887 ) ) ;
#1166 = CARTESIAN_POINT ( 'NONE',  ( -2.828675134594813123, 1.459999999999999964, 1.250000000000000888 ) ) ;
#1167 = CARTESIAN_POINT ( 'NONE',  ( 4.129999999999998117, 0.000000000000000000, -0.5200000000000013500 ) ) ;
#1168 = CARTESIAN_POINT ( 'NONE',  ( 5.480000000000000426, 1.160000000000000142, -1.250000000000002442 ) ) ;
#1169 = SHAPE_REPRESENTATION ( 'body^BG055-xx_06', ( #750 ), #1939 ) ;
#1170 = CARTESIAN_POINT ( 'NONE',  ( 0.4000000000000001887, 1.160000000000000142, 1.250000000000000444 ) ) ;
#1171 = DIRECTION ( 'NONE',  ( -1.000000000000000000, -0.000000000000000000, -0.000000000000000000 ) ) ;
#1172 = DIRECTION ( 'NONE',  ( -1.000000000000000000, 0.000000000000000000, 0.000000000000000000 ) ) ;
#1173 = EDGE_CURVE ( 'NONE', #2999, #1994, #1519, .T. ) ;
#1174 = ORIENTED_EDGE ( 'NONE', *, *, #2232, .T. ) ;
#1175 = EDGE_LOOP ( 'NONE', ( #1220, #11, #2001, #2345 ) ) ;
#1176 = DIRECTION ( 'NONE',  ( 0.000000000000000000, 0.000000000000000000, 1.000000000000000000 ) ) ;
#1177 = DIRECTION ( 'NONE',  ( -1.000000000000000000, 0.000000000000000000, -0.000000000000000000 ) ) ;
#1178 = VERTEX_POINT ( 'NONE', #3402 ) ;
#1179 = LINE ( 'NONE', #597, #833 ) ;
#1180 = EDGE_CURVE ( 'NONE', #2, #3750, #809, .T. ) ;
#1181 = ORIENTED_EDGE ( 'NONE', *, *, #2500, .T. ) ;
#1182 = VERTEX_POINT ( 'NONE', #3761 ) ;
#1183 = VECTOR ( 'NONE', #889, 1000.000000000000000 ) ;
#1184 = PLANE ( 'NONE',  #1354 ) ;
#1185 = DIRECTION ( 'NONE',  ( 0.000000000000000000, 0.000000000000000000, -1.000000000000000000 ) ) ;
#1186 = CARTESIAN_POINT ( 'NONE',  ( 3.489999999999998881, 1.159999999999999920, 0.3199999999999988964 ) ) ;
#1187 = PRESENTATION_LAYER_ASSIGNMENT (  '', '', ( #2898 ) ) ;
#1188 = ORIENTED_EDGE ( 'NONE', *, *, #1874, .F. ) ;
#1189 = ORIENTED_EDGE ( 'NONE', *, *, #3135, .F. ) ;
#1190 = ORIENTED_EDGE ( 'NONE', *, *, #4645, .T. ) ;
#1191 = VECTOR ( 'NONE', #1865, 1000.000000000000000 ) ;
#1192 = CARTESIAN_POINT ( 'NONE',  ( 3.490000000000001545, 0.6399999999999999023, -2.049999999999990941 ) ) ;
#1193 = DIRECTION ( 'NONE',  ( -1.565121246370150617E-16, 0.000000000000000000, -1.000000000000000000 ) ) ;
#1194 = CARTESIAN_POINT ( 'NONE',  ( 0.000000000000000000, 1.159999999999999920, 0.7000000000000030642 ) ) ;
#1195 = EDGE_CURVE ( 'NONE', #986, #2482, #4523, .T. ) ;
#1196 = AXIS2_PLACEMENT_3D ( 'NONE', #4437, #1768, #1845 ) ;
#1197 = ORIENTED_EDGE ( 'NONE', *, *, #3325, .F. ) ;
#1198 = DIRECTION ( 'NONE',  ( 0.000000000000000000, 1.000000000000000000, -5.739718509874452474E-31 ) ) ;
#1199 = AXIS2_PLACEMENT_3D ( 'NONE', #1781, #3248, #3267 ) ;
#1200 = CARTESIAN_POINT ( 'NONE',  ( 5.480000000000000426, 1.160000000000000142, -0.7000000000000031752 ) ) ;
#1201 = LINE ( 'NONE', #1585, #3655 ) ;
#1202 = DIRECTION ( 'NONE',  ( 0.000000000000000000, 1.000000000000000000, 0.000000000000000000 ) ) ;
#1203 = VECTOR ( 'NONE', #3778, 1000.000000000000000 ) ;
#1204 = VERTEX_POINT ( 'NONE', #2321 ) ;
#1205 = DIRECTION ( 'NONE',  ( -0.000000000000000000, 1.000000000000000000, -0.000000000000000000 ) ) ;
#1206 = EDGE_CURVE ( 'NONE', #1415, #2888, #3858, .T. ) ;
#1207 = VECTOR ( 'NONE', #4753, 1000.000000000000000 ) ;
#1208 = EDGE_CURVE ( 'NONE', #3630, #1497, #1642, .T. ) ;
#1209 = DIRECTION ( 'NONE',  ( 0.000000000000000000, 0.000000000000000000, 1.000000000000000000 ) ) ;
#1210 = ORIENTED_EDGE ( 'NONE', *, *, #2197, .T. ) ;
#1211 = DIRECTION ( 'NONE',  ( 0.000000000000000000, 1.000000000000000000, 0.000000000000000000 ) ) ;
#1212 = ADVANCED_FACE ( 'NONE', ( #598 ), #4334, .F. ) ;
#1213 = EDGE_CURVE ( 'NONE', #977, #1837, #2499, .T. ) ;
#1214 = AXIS2_PLACEMENT_3D ( 'NONE', #462, #3112, #2457 ) ;
#1215 = FACE_OUTER_BOUND ( 'NONE', #2885, .T. ) ;
#1216 = FACE_OUTER_BOUND ( 'NONE', #4687, .T. ) ;
#1217 = CARTESIAN_POINT ( 'NONE',  ( 7.620000000000000107, 3.700000000000000178, -1.250000000000001776 ) ) ;
#1218 = ADVANCED_FACE ( 'NONE', ( #1568 ), #2693, .F. ) ;
#1219 = ORIENTED_EDGE ( 'NONE', *, *, #350, .F. ) ;
#1220 = ORIENTED_EDGE ( 'NONE', *, *, #125, .F. ) ;
#1221 = CARTESIAN_POINT ( 'NONE',  ( 2.140000000000000124, 1.160000000000000142, -1.250000000000002887 ) ) ;
#1222 = DIRECTION ( 'NONE',  ( -1.000000000000000000, 0.000000000000000000, 0.000000000000000000 ) ) ;
#1223 = CARTESIAN_POINT ( 'NONE',  ( 4.679999999999999716, 1.160000000000000142, 1.249999999999999778 ) ) ;
#1224 = CARTESIAN_POINT ( 'NONE',  ( -1.590000000000000746, 1.159999999999999920, 0.3199999999999996736 ) ) ;
#1225 = DIRECTION ( 'NONE',  ( 0.000000000000000000, -1.000000000000000000, 0.000000000000000000 ) ) ;
#1226 = CARTESIAN_POINT ( 'NONE',  ( 5.480000000000000426, 1.459999999999999964, 1.249999999999999778 ) ) ;
#1227 = CARTESIAN_POINT ( 'NONE',  ( 7.620000000000000107, 1.159999999999999920, -1.250000000000001776 ) ) ;
#1228 = DIRECTION ( 'NONE',  ( 1.000000000000000000, 0.000000000000000000, -0.000000000000000000 ) ) ;
#1229 = ORIENTED_EDGE ( 'NONE', *, *, #1864, .T. ) ;
#1230 = CARTESIAN_POINT ( 'NONE',  ( -1.590000000000000746, 3.700000000000000178, 0.3199999999999996736 ) ) ;
#1231 = EDGE_CURVE ( 'NONE', #234, #2823, #490, .T. ) ;
#1232 = FACE_OUTER_BOUND ( 'NONE', #262, .T. ) ;
#1233 = DIRECTION ( 'NONE',  ( -0.000000000000000000, -0.000000000000000000, 1.000000000000000000 ) ) ;
#1234 = DIRECTION ( 'NONE',  ( 1.138269997360109674E-16, -0.000000000000000000, 1.000000000000000000 ) ) ;
#1235 = AXIS2_PLACEMENT_3D ( 'NONE', #3847, #502, #476 ) ;
#1236 = EDGE_CURVE ( 'NONE', #2226, #4525, #3828, .T. ) ;
#1237 = EDGE_LOOP ( 'NONE', ( #854, #2490, #4170, #2198 ) ) ;
#1238 = VECTOR ( 'NONE', #2385, 1000.000000000000000 ) ;
#1239 = EDGE_CURVE ( 'NONE', #162, #2225, #4258, .T. ) ;
#1240 = ORIENTED_EDGE ( 'NONE', *, *, #773, .T. ) ;
#1241 = DIRECTION ( 'NONE',  ( 0.000000000000000000, 1.000000000000000000, 0.000000000000000000 ) ) ;
#1242 = DIRECTION ( 'NONE',  ( 0.8660254037844371533, 0.000000000000000000, -0.5000000000000026645 ) ) ;
#1243 = EDGE_CURVE ( 'NONE', #832, #1769, #1973, .T. ) ;
#1244 = CARTESIAN_POINT ( 'NONE',  ( -4.679999999999999716, 1.160000000000000142, -1.250000000000002665 ) ) ;
#1245 = CARTESIAN_POINT ( 'NONE',  ( 6.670000000000001705, 0.6399999999999999023, 2.649999999999994582 ) ) ;
#1246 = ORIENTED_EDGE ( 'NONE', *, *, #4080, .T. ) ;
#1247 = LINE ( 'NONE', #3094, #332 ) ;
#1248 = PLANE ( 'NONE',  #1113 ) ;
#1249 = SHAPE_DEFINITION_REPRESENTATION ( #154, #1169 ) ;
#1250 = CARTESIAN_POINT ( 'NONE',  ( 2.251324865405185616, 1.159999999999999920, 1.250000000000003109 ) ) ;
#1251 = DIRECTION ( 'NONE',  ( -0.000000000000000000, 1.000000000000000000, -0.000000000000000000 ) ) ;
#1252 = ORIENTED_EDGE ( 'NONE', *, *, #1802, .T. ) ;
#1253 = CARTESIAN_POINT ( 'NONE',  ( 3.490000000000000657, 0.6399999999999999023, -0.5200000000000013500 ) ) ;
#1254 = CARTESIAN_POINT ( 'NONE',  ( -1.590000000000000746, 1.159999999999999920, -0.3200000000000003397 ) ) ;
#1255 = CARTESIAN_POINT ( 'NONE',  ( 0.000000000000000000, 1.159999999999999920, 0.7500000000000032196 ) ) ;
#1256 = CARTESIAN_POINT ( 'NONE',  ( -2.540000000000000036, 8.400000000000000355, -0.1592304845413276826 ) ) ;
#1257 = LINE ( 'NONE', #2743, #2408 ) ;
#1258 = ORIENTED_EDGE ( 'NONE', *, *, #1528, .T. ) ;
#1259 = ORIENTED_EDGE ( 'NONE', *, *, #4028, .T. ) ;
#1260 = EDGE_LOOP ( 'NONE', ( #1355, #344, #2817, #2088 ) ) ;
#1261 = CARTESIAN_POINT ( 'NONE',  ( 5.368675134594812270, 1.459999999999999964, 1.249999999999999778 ) ) ;
#1262 = CARTESIAN_POINT ( 'NONE',  ( 2.828675134594812679, 1.459999999999999964, 1.250000000000000222 ) ) ;
#1263 = ADVANCED_FACE ( 'NONE', ( #1347 ), #3214, .F. ) ;
#1264 = DIRECTION ( 'NONE',  ( 1.000000000000000000, 0.000000000000000000, -1.138269997360109674E-16 ) ) ;
#1265 = PRESENTATION_STYLE_ASSIGNMENT (( #198 ) ) ;
#1266 = LINE ( 'NONE', #4625, #289 ) ;
#1267 = ORIENTED_EDGE ( 'NONE', *, *, #3811, .F. ) ;
#1268 = ORIENTED_EDGE ( 'NONE', *, *, #729, .F. ) ;
#1269 = LINE ( 'NONE', #892, #4657 ) ;
#1270 = DIRECTION ( 'NONE',  ( -0.000000000000000000, -0.000000000000000000, 1.000000000000000000 ) ) ;
#1271 = ADVANCED_FACE ( 'NONE', ( #3059 ), #3085, .F. ) ;
#1272 = FACE_OUTER_BOUND ( 'NONE', #1539, .T. ) ;
#1273 = AXIS2_PLACEMENT_3D ( 'NONE', #4652, #222, #3523 ) ;
#1274 = CARTESIAN_POINT ( 'NONE',  ( -7.220000000000000639, 1.459999999999999964, -1.250000000000002442 ) ) ;
#1275 = VERTEX_POINT ( 'NONE', #4191 ) ;
#1276 = CARTESIAN_POINT ( 'NONE',  ( -2.540000000000000036, 8.400000000000000355, 0.1592304845413246572 ) ) ;
#1277 = VECTOR ( 'NONE', #2189, 1000.000000000000000 ) ;
#1278 = LINE ( 'NONE', #2069, #2526 ) ;
#1279 = AXIS2_PLACEMENT_3D ( 'NONE', #4290, #606, #4368 ) ;
#1280 = DIRECTION ( 'NONE',  ( -1.000000000000000000, 0.000000000000000000, 1.565121246370150864E-16 ) ) ;
#1281 = CARTESIAN_POINT ( 'NONE',  ( -6.670000000000002593, 3.700000000000000178, -0.3199999999999996181 ) ) ;
#1282 = AXIS2_PLACEMENT_3D ( 'NONE', #1738, #4654, #4309 ) ;
#1283 = FACE_OUTER_BOUND ( 'NONE', #3199, .T. ) ;
#1284 = VECTOR ( 'NONE', #2415, 999.9999999999998863 ) ;
#1285 = ORIENTED_EDGE ( 'NONE', *, *, #407, .T. ) ;
#1286 = ORIENTED_EDGE ( 'NONE', *, *, #3263, .F. ) ;
#1287 = CARTESIAN_POINT ( 'NONE',  ( 7.620000000000000107, 3.700000000000000178, -1.250000000000001776 ) ) ;
#1288 = DIRECTION ( 'NONE',  ( 0.000000000000000000, 0.000000000000000000, -1.000000000000000000 ) ) ;
#1289 = DIRECTION ( 'NONE',  ( 0.5000000000000014433, 0.000000000000000000, 0.8660254037844379305 ) ) ;
#1290 = CARTESIAN_POINT ( 'NONE',  ( 4.129999999999998117, 8.400000000000000355, -2.049999999999990496 ) ) ;
#1291 = EDGE_CURVE ( 'NONE', #4525, #2993, #2857, .T. ) ;
#1292 = ADVANCED_FACE ( 'NONE', ( #851 ), #998, .F. ) ;
#1293 = ORIENTED_EDGE ( 'NONE', *, *, #3873, .T. ) ;
#1294 = VERTEX_POINT ( 'NONE', #2342 ) ;
#1295 = ADVANCED_FACE ( 'NONE', ( #3107 ), #248, .T. ) ;
#1296 = ORIENTED_EDGE ( 'NONE', *, *, #1780, .T. ) ;
#1297 = PLANE ( 'NONE',  #3599 ) ;
#1298 = EDGE_CURVE ( 'NONE', #3611, #4188, #3426, .T. ) ;
#1299 = APPLICATION_PROTOCOL_DEFINITION ( 'draft international standard', 'automotive_design', 1998, #821 ) ;
#1300 = FACE_OUTER_BOUND ( 'NONE', #2142, .T. ) ;
#1301 = EDGE_LOOP ( 'NONE', ( #4814, #3062, #3830, #2548 ) ) ;
#1302 = DIRECTION ( 'NONE',  ( 0.000000000000000000, -0.000000000000000000, 1.000000000000000000 ) ) ;
#1303 = PLANE ( 'NONE',  #1577 ) ;
#1304 = LINE ( 'NONE', #2840, #3764 ) ;
#1305 = ORIENTED_EDGE ( 'NONE', *, *, #3302, .T. ) ;
#1306 = ORIENTED_EDGE ( 'NONE', *, *, #2115, .T. ) ;
#1307 = ORIENTED_EDGE ( 'NONE', *, *, #1435, .T. ) ;
#1308 = VECTOR ( 'NONE', #422, 1000.000000000000000 ) ;
#1309 = DIRECTION ( 'NONE',  ( 0.000000000000000000, 1.000000000000000000, 0.000000000000000000 ) ) ;
#1310 = CARTESIAN_POINT ( 'NONE',  ( 6.029999999999998472, 0.000000000000000000, 0.3200000000000015610 ) ) ;
#1311 = CARTESIAN_POINT ( 'NONE',  ( 3.939143570304167508, 0.4491435703041691263, -2.762285892576035629 ) ) ;
#1312 = LINE ( 'NONE', #2435, #2309 ) ;
#1313 = VECTOR ( 'NONE', #3480, 1000.000000000000000 ) ;
#1314 = EDGE_CURVE ( 'NONE', #3242, #2752, #1257, .T. ) ;
#1315 = DIRECTION ( 'NONE',  ( 0.000000000000000000, 1.000000000000000000, 0.000000000000000000 ) ) ;
#1316 = VECTOR ( 'NONE', #4608, 1000.000000000000000 ) ;
#1317 = CARTESIAN_POINT ( 'NONE',  ( 5.480000000000000426, 1.460000000000000187, 0.7000000000000030642 ) ) ;
#1318 = ORIENTED_EDGE ( 'NONE', *, *, #984, .T. ) ;
#1319 = CARTESIAN_POINT ( 'NONE',  ( 7.220000000000000639, 1.160000000000000142, -1.250000000000002665 ) ) ;
#1320 = APPLICATION_PROTOCOL_DEFINITION ( 'draft international standard', 'automotive_design', 1998, #16 ) ;
#1321 = CARTESIAN_POINT ( 'NONE',  ( 2.539999999999999591, 1.159999999999999920, -0.7500000000000017764 ) ) ;
#1322 = ORIENTED_EDGE ( 'NONE', *, *, #4080, .F. ) ;
#1323 = DIRECTION ( 'NONE',  ( 1.000000000000000000, 0.000000000000000000, 0.000000000000000000 ) ) ;
#1324 = EDGE_CURVE ( 'NONE', #1732, #4660, #2114, .T. ) ;
#1325 = CARTESIAN_POINT ( 'NONE',  ( -2.828675134594814455, 3.700000000000000178, 1.250000000000003331 ) ) ;
#1326 = LINE ( 'NONE', #3948, #2361 ) ;
#1327 = LINE ( 'NONE', #4365, #4069 ) ;
#1328 = EDGE_CURVE ( 'NONE', #4250, #751, #3361, .T. ) ;
#1329 = EDGE_LOOP ( 'NONE', ( #1563, #2035, #3980, #568 ) ) ;
#1330 = VERTEX_POINT ( 'NONE', #1925 ) ;
#1331 = ORIENTED_EDGE ( 'NONE', *, *, #3419, .F. ) ;
#1332 = FACE_OUTER_BOUND ( 'NONE', #4056, .T. ) ;
#1333 =( REPRESENTATION_RELATIONSHIP ('NONE','NONE', #3684, #1169 ) REPRESENTATION_RELATIONSHIP_WITH_TRANSFORMATION ( #2173 )SHAPE_REPRESENTATION_RELATIONSHIP( ) );
#1334 = DIRECTION ( 'NONE',  ( 0.000000000000000000, 0.000000000000000000, -1.000000000000000000 ) ) ;
#1335 = CARTESIAN_POINT ( 'NONE',  ( 6.029999999999998472, 3.700000000000000178, 0.3199999999999985079 ) ) ;
#1336 = DIRECTION ( 'NONE',  ( -1.000000000000000000, 0.000000000000000000, 0.000000000000000000 ) ) ;
#1337 = ORIENTED_EDGE ( 'NONE', *, *, #4682, .T. ) ;
#1338 = DIRECTION ( 'NONE',  ( 1.000000000000000000, 0.000000000000000000, 4.235164736271502188E-16 ) ) ;
#1339 = EDGE_LOOP ( 'NONE', ( #3116, #2581, #3886, #4305 ) ) ;
#1340 = ORIENTED_EDGE ( 'NONE', *, *, #1173, .T. ) ;
#1341 = DIRECTION ( 'NONE',  ( -0.000000000000000000, 1.000000000000000000, -0.000000000000000000 ) ) ;
#1342 = ORIENTED_EDGE ( 'NONE', *, *, #1048, .F. ) ;
#1343 = DIRECTION ( 'NONE',  ( -1.000000000000000000, 0.000000000000000000, 0.000000000000000000 ) ) ;
#1344 = CARTESIAN_POINT ( 'NONE',  ( 3.650769515458671677, 0.1607695154586729902, -2.649999999999994582 ) ) ;
#1345 = PLANE ( 'NONE',  #3799 ) ;
#1346 = VECTOR ( 'NONE', #1915, 1000.000000000000000 ) ;
#1347 = FACE_OUTER_BOUND ( 'NONE', #1484, .T. ) ;
#1348 = CARTESIAN_POINT ( 'NONE',  ( 7.331324865405186131, 3.700000000000000178, -1.250000000000001776 ) ) ;
#1349 = ADVANCED_FACE ( 'NONE', ( #1569 ), #3379, .F. ) ;
#1350 = VECTOR ( 'NONE', #741, 1000.000000000000000 ) ;
#1351 = VERTEX_POINT ( 'NONE', #4053 ) ;
#1352 = ADVANCED_FACE ( 'NONE', ( #4808 ), #781, .F. ) ;
#1353 = ADVANCED_FACE ( 'NONE', ( #1855, #8, #3012, #3740, #1546, #4524, #757 ), #414, .T. ) ;
#1354 = AXIS2_PLACEMENT_3D ( 'NONE', #2666, #4140, #3451 ) ;
#1355 = ORIENTED_EDGE ( 'NONE', *, *, #1, .T. ) ;
#1356 = ORIENTED_EDGE ( 'NONE', *, *, #4536, .F. ) ;
#1357 = VECTOR ( 'NONE', #2806, 1000.000000000000000 ) ;
#1358 = CONTEXT_DEPENDENT_SHAPE_REPRESENTATION ( #323, #3722 ) ;
#1359 = EDGE_CURVE ( 'NONE', #1416, #4050, #4075, .T. ) ;
#1360 = CARTESIAN_POINT ( 'NONE',  ( -6.670000000000002593, 3.700000000000000178, 0.3200000000000004508 ) ) ;
#1361 = VECTOR ( 'NONE', #2828, 1000.000000000000000 ) ;
#1362 = ADVANCED_FACE ( 'NONE', ( #1110 ), #732, .F. ) ;
#1363 = DIRECTION ( 'NONE',  ( 0.000000000000000000, 0.000000000000000000, -1.000000000000000000 ) ) ;
#1364 = DIRECTION ( 'NONE',  ( -1.000000000000000000, 0.000000000000000000, 1.565121246370150864E-16 ) ) ;
#1365 = VERTEX_POINT ( 'NONE', #4426 ) ;
#1366 = ORIENTED_EDGE ( 'NONE', *, *, #3834, .F. ) ;
#1367 = CARTESIAN_POINT ( 'NONE',  ( 5.368675134594814047, 1.159999999999999920, -1.250000000000002220 ) ) ;
#1368 = LINE ( 'NONE', #3972, #2445 ) ;
#1369 = CARTESIAN_POINT ( 'NONE',  ( 0.000000000000000000, 8.400000000000000355, 0.1592304845413276826 ) ) ;
#1370 = DIRECTION ( 'NONE',  ( 0.000000000000000000, -0.000000000000000000, 1.000000000000000000 ) ) ;
#1371 = DIRECTION ( 'NONE',  ( -0.5000000000000014433, 0.000000000000000000, 0.8660254037844379305 ) ) ;
#1372 = FILL_AREA_STYLE ('',( #2447 ) ) ;
#1373 = EDGE_LOOP ( 'NONE', ( #3195, #164, #2332, #172 ) ) ;
#1374 = EDGE_LOOP ( 'NONE', ( #1759, #1190, #4012, #477 ) ) ;
#1375 = VECTOR ( 'NONE', #814, 1000.000000000000000 ) ;
#1376 = ORIENTED_EDGE ( 'NONE', *, *, #1780, .F. ) ;
#1377 = CARTESIAN_POINT ( 'NONE',  ( 0.000000000000000000, 1.159999999999999920, 0.000000000000000000 ) ) ;
#1378 = ADVANCED_FACE ( 'NONE', ( #3712 ), #2645, .F. ) ;
#1379 = DIRECTION ( 'NONE',  ( 0.000000000000000000, 0.000000000000000000, -1.000000000000000000 ) ) ;
#1380 = DIRECTION ( 'NONE',  ( 0.000000000000000000, 0.000000000000000000, -1.000000000000000000 ) ) ;
#1381 = EDGE_CURVE ( 'NONE', #3963, #1443, #2295, .T. ) ;
#1382 = ADVANCED_FACE ( 'NONE', ( #3754 ), #824, .F. ) ;
#1383 = VERTEX_POINT ( 'NONE', #3081 ) ;
#1384 = ORIENTED_EDGE ( 'NONE', *, *, #4498, .F. ) ;
#1385 = VERTEX_POINT ( 'NONE', #454 ) ;
#1386 = CARTESIAN_POINT ( 'NONE',  ( 2.251324865405187392, 1.459999999999999964, 1.250000000000000222 ) ) ;
#1387 = AXIS2_PLACEMENT_3D ( 'NONE', #2982, #3780, #3398 ) ;
#1388 = CARTESIAN_POINT ( 'NONE',  ( -2.939999999999999947, 1.160000000000000142, -0.7000000000000031752 ) ) ;
#1389 = VECTOR ( 'NONE', #1960, 1000.000000000000000 ) ;
#1390 = ORIENTED_EDGE ( 'NONE', *, *, #3249, .T. ) ;
#1391 = AXIS2_PLACEMENT_3D ( 'NONE', #1369, #2521, #2926 ) ;
#1392 = FACE_OUTER_BOUND ( 'NONE', #2768, .T. ) ;
#1393 = PLANE ( 'NONE',  #1809 ) ;
#1394 = FACE_OUTER_BOUND ( 'NONE', #4747, .T. ) ;
#1395 = VERTEX_POINT ( 'NONE', #2689 ) ;
#1396 = ORIENTED_EDGE ( 'NONE', *, *, #353, .F. ) ;
#1397 = ORIENTED_EDGE ( 'NONE', *, *, #3305, .T. ) ;
#1398 = DIRECTION ( 'NONE',  ( 0.5000000000000026645, 0.000000000000000000, -0.8660254037844371533 ) ) ;
#1399 = LINE ( 'NONE', #3689, #4100 ) ;
#1400 = PLANE ( 'NONE',  #4389 ) ;
#1401 = ORIENTED_EDGE ( 'NONE', *, *, #483, .T. ) ;
#1402 = ORIENTED_EDGE ( 'NONE', *, *, #3567, .T. ) ;
#1403 = EDGE_CURVE ( 'NONE', #4243, #977, #3006, .T. ) ;
#1404 = ADVANCED_FACE ( 'NONE', ( #802 ), #3803, .F. ) ;
#1405 = ADVANCED_FACE ( 'NONE', ( #1968 ), #2641, .F. ) ;
#1406 = LINE ( 'NONE', #3989, #3766 ) ;
#1407 = LINE ( 'NONE', #1432, #3979 ) ;
#1408 = CARTESIAN_POINT ( 'NONE',  ( -4.679999999999999716, 1.459999999999999964, 1.250000000000001332 ) ) ;
#1409 = VECTOR ( 'NONE', #3386, 1000.000000000000000 ) ;
#1410 = DIRECTION ( 'NONE',  ( 0.000000000000000000, 1.000000000000000000, 5.739718509874452474E-31 ) ) ;
#1411 = ADVANCED_FACE ( 'NONE', ( #775 ), #3350, .F. ) ;
#1412 = CARTESIAN_POINT ( 'NONE',  ( 2.539999999999999591, 1.159999999999999920, 0.7500000000000029976 ) ) ;
#1413 = EDGE_CURVE ( 'NONE', #1765, #1796, #4162, .T. ) ;
#1414 = FACE_OUTER_BOUND ( 'NONE', #1301, .T. ) ;
#1415 = VERTEX_POINT ( 'NONE', #1593 ) ;
#1416 = VERTEX_POINT ( 'NONE', #403 ) ;
#1417 = DIRECTION ( 'NONE',  ( -0.5000000000000014433, 0.000000000000000000, 0.8660254037844379305 ) ) ;
#1418 = CARTESIAN_POINT ( 'NONE',  ( -7.620000000000001883, 1.459999999999999964, 0.7500000000000021094 ) ) ;
#1419 = ORIENTED_EDGE ( 'NONE', *, *, #3737, .F. ) ;
#1420 = CIRCLE ( 'NONE', #2139, 0.8400000000000001910 ) ;
#1421 = ORIENTED_EDGE ( 'NONE', *, *, #2323, .F. ) ;
#1422 = AXIS2_PLACEMENT_3D ( 'NONE', #528, #2042, #4633 ) ;
#1423 = LINE ( 'NONE', #4298, #856 ) ;
#1424 = DIRECTION ( 'NONE',  ( 0.000000000000000000, -0.000000000000000000, 1.000000000000000000 ) ) ;
#1425 = AXIS2_PLACEMENT_3D ( 'NONE', #561, #4296, #2389 ) ;
#1426 = ORIENTED_EDGE ( 'NONE', *, *, #3668, .F. ) ;
#1427 = AXIS2_PLACEMENT_3D ( 'NONE', #1107, #1495, #4522 ) ;
#1428 = ORIENTED_EDGE ( 'NONE', *, *, #2979, .T. ) ;
#1429 = CARTESIAN_POINT ( 'NONE',  ( -2.139999999999999680, 1.459999999999999964, 1.250000000000000888 ) ) ;
#1430 = VECTOR ( 'NONE', #281, 1000.000000000000000 ) ;
#1431 = DIRECTION ( 'NONE',  ( 0.000000000000000000, 1.000000000000000000, 0.000000000000000000 ) ) ;
#1432 = CARTESIAN_POINT ( 'NONE',  ( -7.620000000000001883, 1.460000000000000187, 0.7000000000000030642 ) ) ;
#1433 = EDGE_CURVE ( 'NONE', #4553, #1917, #4567, .T. ) ;
#1434 = VECTOR ( 'NONE', #4407, 999.9999999999998863 ) ;
#1435 = EDGE_CURVE ( 'NONE', #1632, #662, #1130, .T. ) ;
#1436 = EDGE_CURVE ( 'NONE', #437, #4494, #3033, .T. ) ;
#1437 = PLANE ( 'NONE',  #3243 ) ;
#1438 = PLANE ( 'NONE',  #2635 ) ;
#1439 = EDGE_CURVE ( 'NONE', #4494, #3233, #4187, .T. ) ;
#1440 = DIRECTION ( 'NONE',  ( 1.000000000000000000, 0.000000000000000000, -0.000000000000000000 ) ) ;
#1441 = CARTESIAN_POINT ( 'NONE',  ( -5.080000000000000959, 1.159999999999999920, -0.7500000000000015543 ) ) ;
#1442 = EDGE_CURVE ( 'NONE', #2528, #2186, #3376, .T. ) ;
#1443 = VERTEX_POINT ( 'NONE', #4520 ) ;
#1444 = DIRECTION ( 'NONE',  ( -0.8660254037844379305, 0.000000000000000000, -0.5000000000000014433 ) ) ;
#1445 = ORIENTED_EDGE ( 'NONE', *, *, #2220, .F. ) ;
#1446 = EDGE_CURVE ( 'NONE', #3186, #1632, #1179, .T. ) ;
#1447 = ORIENTED_EDGE ( 'NONE', *, *, #3659, .F. ) ;
#1448 = DIRECTION ( 'NONE',  ( 1.000000000000000000, 0.000000000000000000, 0.000000000000000000 ) ) ;
#1449 = DIRECTION ( 'NONE',  ( -0.000000000000000000, 1.000000000000000000, -0.000000000000000000 ) ) ;
#1450 = CARTESIAN_POINT ( 'NONE',  ( 4.130000000000001670, 0.6399999999999999023, -2.049999999999990496 ) ) ;
#1451 = LINE ( 'NONE', #2871, #4477 ) ;
#1452 = EDGE_LOOP ( 'NONE', ( #1908, #2036, #1296, #3189 ) ) ;
#1453 = SHAPE_REPRESENTATION_RELATIONSHIP ( 'NONE' , 'NONE' ,  #1169, #1944 ) ;
#1454 = ORIENTED_EDGE ( 'NONE', *, *, #2162, .T. ) ;
#1455 = EDGE_LOOP ( 'NONE', ( #4014, #3038, #2140, #3198 ) ) ;
#1456 = LINE ( 'NONE', #4057, #3601 ) ;
#1457 = DIRECTION ( 'NONE',  ( 0.5000000000000014433, -0.000000000000000000, 0.8660254037844379305 ) ) ;
#1458 = DIRECTION ( 'NONE',  ( 0.000000000000000000, 0.000000000000000000, 1.000000000000000000 ) ) ;
#1459 = ORIENTED_EDGE ( 'NONE', *, *, #3566, .F. ) ;
#1460 = DIRECTION ( 'NONE',  ( 1.000000000000000000, 0.000000000000000000, -1.138269997360109674E-16 ) ) ;
#1461 = CARTESIAN_POINT ( 'NONE',  ( 3.969230484541326209, -1.836709923159817663E-31, -2.649999999999994582 ) ) ;
#1462 = VECTOR ( 'NONE', #3193, 1000.000000000000114 ) ;
#1463 = CARTESIAN_POINT ( 'NONE',  ( 4.130000000000001670, 0.6399999999999999023, -2.049999999999990941 ) ) ;
#1464 = ORIENTED_EDGE ( 'NONE', *, *, #1737, .T. ) ;
#1465 = CARTESIAN_POINT ( 'NONE',  ( -2.939999999999999947, 1.459999999999999964, -1.250000000000002665 ) ) ;
#1466 = LINE ( 'NONE', #2191, #2909 ) ;
#1467 = ORIENTED_EDGE ( 'NONE', *, *, #525, .F. ) ;
#1468 = PRODUCT_DEFINITION_SHAPE ( 'NONE', 'NONE',  #4227 ) ;
#1469 = EDGE_LOOP ( 'NONE', ( #4796, #521, #2272, #1746 ) ) ;
#1470 = CARTESIAN_POINT ( 'NONE',  ( -6.030000000000002025, 1.159999999999999920, -0.3199999999999996181 ) ) ;
#1471 = CARTESIAN_POINT ( 'NONE',  ( 6.669999999999999041, 3.700000000000000178, 0.3199999999999985079 ) ) ;
#1472 = EDGE_CURVE ( 'NONE', #3642, #4283, #2401, .T. ) ;
#1473 = ORIENTED_EDGE ( 'NONE', *, *, #2662, .F. ) ;
#1474 = VERTEX_POINT ( 'NONE', #2444 ) ;
#1475 = ORIENTED_EDGE ( 'NONE', *, *, #4342, .F. ) ;
#1476 = LINE ( 'NONE', #4151, #2147 ) ;
#1477 = CARTESIAN_POINT ( 'NONE',  ( -0.4000000000000001887, 1.160000000000000142, -0.7000000000000031752 ) ) ;
#1478 = ORIENTED_EDGE ( 'NONE', *, *, #1381, .T. ) ;
#1479 = CARTESIAN_POINT ( 'NONE',  ( 6.669999999999999041, 7.799999999999996270, 0.3200000000000015610 ) ) ;
#1480 = LINE ( 'NONE', #1096, #1191 ) ;
#1481 = VECTOR ( 'NONE', #2180, 1000.000000000000000 ) ;
#1482 = CARTESIAN_POINT ( 'NONE',  ( 4.129999999999998117, 1.460000000000000187, 0.3199999999999988964 ) ) ;
#1483 = ORIENTED_EDGE ( 'NONE', *, *, #483, .F. ) ;
#1484 = EDGE_LOOP ( 'NONE', ( #3506, #1285, #4779, #2489 ) ) ;
#1485 = CARTESIAN_POINT ( 'NONE',  ( 0.000000000000000000, 8.400000000000000355, -0.1592304845413246572 ) ) ;
#1486 = DIRECTION ( 'NONE',  ( 0.5000000000000014433, 0.000000000000000000, -0.8660254037844379305 ) ) ;
#1487 = ORIENTED_EDGE ( 'NONE', *, *, #1442, .T. ) ;
#1488 = DIRECTION ( 'NONE',  ( -0.000000000000000000, 0.000000000000000000, 1.000000000000000000 ) ) ;
#1489 = EDGE_CURVE ( 'NONE', #2423, #1631, #506, .T. ) ;
#1490 = EDGE_CURVE ( 'NONE', #4671, #1570, #3553, .T. ) ;
#1491 = ORIENTED_EDGE ( 'NONE', *, *, #60, .F. ) ;
#1492 = ORIENTED_EDGE ( 'NONE', *, *, #2633, .F. ) ;
#1493 = EDGE_CURVE ( 'NONE', #1383, #974, #874, .T. ) ;
#1494 = SURFACE_STYLE_USAGE ( .BOTH. , #2985 ) ;
#1495 = DIRECTION ( 'NONE',  ( 1.000000000000000000, 0.000000000000000000, 0.000000000000000000 ) ) ;
#1496 = FACE_OUTER_BOUND ( 'NONE', #752, .T. ) ;
#1497 = VERTEX_POINT ( 'NONE', #3474 ) ;
#1498 = ORIENTED_EDGE ( 'NONE', *, *, #4543, .T. ) ;
#1499 = AXIS2_PLACEMENT_3D ( 'NONE', #2138, #1819, #292 ) ;
#1500 = EDGE_CURVE ( 'NONE', #2226, #2363, #899, .T. ) ;
#1501 = CARTESIAN_POINT ( 'NONE',  ( -0.4000000000000001887, 1.460000000000000187, 0.7000000000000030642 ) ) ;
#1502 = LINE ( 'NONE', #1931, #2396 ) ;
#1503 = DIRECTION ( 'NONE',  ( -1.000000000000000000, 0.000000000000000000, 0.000000000000000000 ) ) ;
#1504 = VECTOR ( 'NONE', #1834, 1000.000000000000000 ) ;
#1505 = ORIENTED_EDGE ( 'NONE', *, *, #276, .T. ) ;
#1506 = VECTOR ( 'NONE', #3106, 1000.000000000000000 ) ;
#1507 = CARTESIAN_POINT ( 'NONE',  ( 2.940000000000000391, 1.160000000000000142, -1.250000000000002887 ) ) ;
#1508 = VERTEX_POINT ( 'NONE', #579 ) ;
#1509 = VECTOR ( 'NONE', #1550, 1000.000000000000000 ) ;
#1510 = VECTOR ( 'NONE', #113, 1000.000000000000000 ) ;
#1511 = CARTESIAN_POINT ( 'NONE',  ( -2.939999999999999947, 1.460000000000000187, 0.7000000000000030642 ) ) ;
#1512 = CARTESIAN_POINT ( 'NONE',  ( -3.490000000000001990, 1.159999999999999920, -0.3199999999999999512 ) ) ;
#1513 = ORIENTED_EDGE ( 'NONE', *, *, #1564, .T. ) ;
#1514 = DIRECTION ( 'NONE',  ( -0.000000000000000000, 1.000000000000000000, -0.000000000000000000 ) ) ;
#1515 = PLANE ( 'NONE',  #2832 ) ;
#1516 = ORIENTED_EDGE ( 'NONE', *, *, #1195, .T. ) ;
#1517 = ORIENTED_EDGE ( 'NONE', *, *, #1435, .F. ) ;
#1518 = CARTESIAN_POINT ( 'NONE',  ( 5.079999999999999183, 1.159999999999999920, 0.7500000000000026645 ) ) ;
#1519 = LINE ( 'NONE', #780, #3872 ) ;
#1520 = DIRECTION ( 'NONE',  ( 0.000000000000000000, 0.000000000000000000, 1.000000000000000000 ) ) ;
#1521 = ORIENTED_EDGE ( 'NONE', *, *, #1314, .F. ) ;
#1522 = ORIENTED_EDGE ( 'NONE', *, *, #353, .T. ) ;
#1523 = ORIENTED_EDGE ( 'NONE', *, *, #2786, .F. ) ;
#1524 = DIRECTION ( 'NONE',  ( 0.000000000000000000, -1.000000000000000000, 0.000000000000000000 ) ) ;
#1525 = DIRECTION ( 'NONE',  ( -1.000000000000000000, -0.000000000000000000, -0.000000000000000000 ) ) ;
#1526 = VECTOR ( 'NONE', #39, 1000.000000000000000 ) ;
#1527 = CARTESIAN_POINT ( 'NONE',  ( -7.620000000000001883, 1.159999999999999920, 0.7500000000000021094 ) ) ;
#1528 = EDGE_CURVE ( 'NONE', #2264, #3238, #4311, .T. ) ;
#1529 = PLANE ( 'NONE',  #4751 ) ;
#1530 = LINE ( 'NONE', #374, #3388 ) ;
#1531 = ORIENTED_EDGE ( 'NONE', *, *, #3303, .F. ) ;
#1532 = DIRECTION ( 'NONE',  ( 1.000000000000000000, 0.000000000000000000, -0.000000000000000000 ) ) ;
#1533 = CARTESIAN_POINT ( 'NONE',  ( 3.489999999999998881, 3.700000000000000178, -0.3200000000000011724 ) ) ;
#1534 = ADVANCED_FACE ( 'NONE', ( #123 ), #1345, .F. ) ;
#1535 = CARTESIAN_POINT ( 'NONE',  ( 7.331324865405187907, 1.459999999999999964, 1.250000000000000444 ) ) ;
#1536 = VERTEX_POINT ( 'NONE', #4656 ) ;
#1537 = DIRECTION ( 'NONE',  ( -1.565121246370150617E-16, 0.000000000000000000, -1.000000000000000000 ) ) ;
#1538 = VECTOR ( 'NONE', #4129, 1000.000000000000000 ) ;
#1539 = EDGE_LOOP ( 'NONE', ( #4054, #684, #2512, #1267, #3421, #2172, #4388, #1890 ) ) ;
#1540 = DIRECTION ( 'NONE',  ( 0.2505628070857300882, 0.9351131265310301810, -0.2505628070857300882 ) ) ;
#1541 = VECTOR ( 'NONE', #3878, 1000.000000000000000 ) ;
#1542 = PRODUCT_DEFINITION_FORMATION_WITH_SPECIFIED_SOURCE ( 'ANY', '', #1594, .NOT_KNOWN. ) ;
#1543 = VECTOR ( 'NONE', #1323, 1000.000000000000000 ) ;
#1544 = DIRECTION ( 'NONE',  ( -0.2505628070857292555, -0.2505628070857295331, 0.9351131265310305141 ) ) ;
#1545 = PLANE ( 'NONE',  #3025 ) ;
#1546 = FACE_BOUND ( 'NONE', #492, .T. ) ;
#1547 = VERTEX_POINT ( 'NONE', #3945 ) ;
#1548 = EDGE_CURVE ( 'NONE', #2920, #742, #2783, .T. ) ;
#1549 = ORIENTED_EDGE ( 'NONE', *, *, #4202, .T. ) ;
#1550 = DIRECTION ( 'NONE',  ( -0.000000000000000000, 1.000000000000000000, -0.000000000000000000 ) ) ;
#1551 = CARTESIAN_POINT ( 'NONE',  ( 6.029999999999998472, 1.460000000000000187, 0.3199999999999985079 ) ) ;
#1552 = DIRECTION ( 'NONE',  ( -0.5000000000000026645, 0.000000000000000000, 0.8660254037844371533 ) ) ;
#1553 = EDGE_CURVE ( 'NONE', #2912, #4380, #2094, .T. ) ;
#1554 = VERTEX_POINT ( 'NONE', #1614 ) ;
#1555 = LINE ( 'NONE', #3044, #1389 ) ;
#1556 = ADVANCED_FACE ( 'NONE', ( #3102 ), #970, .T. ) ;
#1557 = ORIENTED_EDGE ( 'NONE', *, *, #4, .T. ) ;
#1558 = DIRECTION ( 'NONE',  ( 1.000000000000000000, 0.000000000000000000, 0.000000000000000000 ) ) ;
#1559 = LINE ( 'NONE', #3821, #4672 ) ;
#1560 = LINE ( 'NONE', #3048, #478 ) ;
#1561 = VERTEX_POINT ( 'NONE', #3546 ) ;
#1562 = DIRECTION ( 'NONE',  ( -0.000000000000000000, 1.000000000000000000, -0.000000000000000000 ) ) ;
#1563 = ORIENTED_EDGE ( 'NONE', *, *, #3014, .F. ) ;
#1564 = EDGE_CURVE ( 'NONE', #3187, #613, #529, .T. ) ;
#1565 = CIRCLE ( 'NONE', #2814, 0.8400000000000001910 ) ;
#1566 = DIRECTION ( 'NONE',  ( 0.000000000000000000, -1.000000000000000000, 5.739718509874452474E-31 ) ) ;
#1567 = CARTESIAN_POINT ( 'NONE',  ( 2.940000000000000391, 1.459999999999999964, -1.250000000000002887 ) ) ;
#1568 = FACE_OUTER_BOUND ( 'NONE', #1061, .T. ) ;
#1569 = FACE_OUTER_BOUND ( 'NONE', #252, .T. ) ;
#1570 = VERTEX_POINT ( 'NONE', #1253 ) ;
#1571 = ORIENTED_EDGE ( 'NONE', *, *, #1964, .T. ) ;
#1572 = ORIENTED_EDGE ( 'NONE', *, *, #3240, .T. ) ;
#1573 = VECTOR ( 'NONE', #3725, 1000.000000000000000 ) ;
#1574 = PLANE ( 'NONE',  #4000 ) ;
#1575 = CARTESIAN_POINT ( 'NONE',  ( 0.000000000000000000, 1.159999999999999920, 0.7000000000000030642 ) ) ;
#1576 = CARTESIAN_POINT ( 'NONE',  ( -4.791324865405186095, 1.159999999999999920, 1.250000000000003331 ) ) ;
#1577 = AXIS2_PLACEMENT_3D ( 'NONE', #1615, #208, #2740 ) ;
#1578 = EDGE_LOOP ( 'NONE', ( #408, #309, #3264, #1522 ) ) ;
#1579 = APPLICATION_CONTEXT ( 'automotive_design' ) ;
#1580 = CARTESIAN_POINT ( 'NONE',  ( 0.4000000000000001887, 1.160000000000000142, -1.250000000000002665 ) ) ;
#1581 = VERTEX_POINT ( 'NONE', #2763 ) ;
#1582 = EDGE_CURVE ( 'NONE', #4519, #4050, #2066, .T. ) ;
#1583 = VECTOR ( 'NONE', #2358, 999.9999999999998863 ) ;
#1584 = EDGE_CURVE ( 'NONE', #188, #2465, #3150, .T. ) ;
#1585 = CARTESIAN_POINT ( 'NONE',  ( -7.220000000000000639, 1.160000000000000142, -1.250000000000002442 ) ) ;
#1586 = DIRECTION ( 'NONE',  ( -1.000000000000000000, 0.000000000000000000, 0.000000000000000000 ) ) ;
#1587 = AXIS2_PLACEMENT_3D ( 'NONE', #225, #2134, #3596 ) ;
#1588 = DIRECTION ( 'NONE',  ( 0.000000000000000000, 0.000000000000000000, 1.000000000000000000 ) ) ;
#1589 = AXIS2_PLACEMENT_3D ( 'NONE', #1914, #45, #677 ) ;
#1590 = DIRECTION ( 'NONE',  ( 1.000000000000000000, 0.000000000000000000, 0.000000000000000000 ) ) ;
#1591 = ADVANCED_FACE ( 'NONE', ( #4261 ), #4635, .F. ) ;
#1592 = ORIENTED_EDGE ( 'NONE', *, *, #525, .T. ) ;
#1593 = CARTESIAN_POINT ( 'NONE',  ( -0.4000000000000001887, 1.459999999999999964, 1.250000000000000444 ) ) ;
#1594 = PRODUCT ( 'body^BG055-xx_06', 'body^BG055-xx_06', '', ( #4257 ) ) ;
#1595 = EDGE_CURVE ( 'NONE', #4429, #2226, #925, .T. ) ;
#1596 = DIRECTION ( 'NONE',  ( 1.000000000000000000, 0.000000000000000000, 0.000000000000000000 ) ) ;
#1597 = ADVANCED_FACE ( 'NONE', ( #4789 ), #3675, .T. ) ;
#1598 = DIRECTION ( 'NONE',  ( -1.000000000000000000, 0.000000000000000000, 0.000000000000000000 ) ) ;
#1599 = DIRECTION ( 'NONE',  ( -0.000000000000000000, 1.000000000000000000, -0.000000000000000000 ) ) ;
#1600 = EDGE_LOOP ( 'NONE', ( #4021, #1829, #44, #1044 ) ) ;
#1601 = ORIENTED_EDGE ( 'NONE', *, *, #929, .T. ) ;
#1602 = CARTESIAN_POINT ( 'NONE',  ( -4.679999999999999716, 1.160000000000000142, -1.250000000000002665 ) ) ;
#1603 = LINE ( 'NONE', #1311, #2775 ) ;
#1604 = DIRECTION ( 'NONE',  ( -0.000000000000000000, 0.000000000000000000, 1.000000000000000000 ) ) ;
#1605 = DIRECTION ( 'NONE',  ( 0.000000000000000000, -1.000000000000000000, 0.000000000000000000 ) ) ;
#1606 = PLANE ( 'NONE',  #140 ) ;
#1607 = ORIENTED_EDGE ( 'NONE', *, *, #1073, .F. ) ;
#1608 = VECTOR ( 'NONE', #2699, 1000.000000000000000 ) ;
#1609 = LINE ( 'NONE', #3143, #2228 ) ;
#1610 = CARTESIAN_POINT ( 'NONE',  ( 1.589999999999998082, 1.460000000000000187, -0.3200000000000007838 ) ) ;
#1611 = DIRECTION ( 'NONE',  ( -1.000000000000000000, 0.000000000000000000, -0.000000000000000000 ) ) ;
#1612 = CARTESIAN_POINT ( 'NONE',  ( -7.331324865405187019, 1.459999999999999964, -1.250000000000002442 ) ) ;
#1613 = ORIENTED_EDGE ( 'NONE', *, *, #2867, .F. ) ;
#1614 = CARTESIAN_POINT ( 'NONE',  ( 5.480000000000000426, 1.160000000000000142, -0.7000000000000031752 ) ) ;
#1615 = CARTESIAN_POINT ( 'NONE',  ( 0.000000000000000000, 1.159999999999999920, 0.000000000000000000 ) ) ;
#1616 = CARTESIAN_POINT ( 'NONE',  ( -5.080000000000000959, 3.700000000000000178, -0.7500000000000015543 ) ) ;
#1617 = EDGE_CURVE ( 'NONE', #2619, #1692, #2567, .T. ) ;
#1618 = LINE ( 'NONE', #1947, #1119 ) ;
#1619 = CARTESIAN_POINT ( 'NONE',  ( -2.139999999999999680, 1.160000000000000142, 1.250000000000000888 ) ) ;
#1620 = VECTOR ( 'NONE', #2132, 1000.000000000000000 ) ;
#1621 = VERTEX_POINT ( 'NONE', #3996 ) ;
#1622 = AXIS2_PLACEMENT_3D ( 'NONE', #2624, #4097, #31 ) ;
#1623 =( LENGTH_UNIT ( ) NAMED_UNIT ( * ) SI_UNIT ( .MILLI., .METRE. ) );
#1624 = VERTEX_POINT ( 'NONE', #2856 ) ;
#1625 = EDGE_CURVE ( 'NONE', #3288, #4304, #2793, .T. ) ;
#1626 = DIRECTION ( 'NONE',  ( 0.5000000000000026645, -0.000000000000000000, 0.8660254037844371533 ) ) ;
#1627 = DIRECTION ( 'NONE',  ( -0.000000000000000000, 1.000000000000000000, -0.000000000000000000 ) ) ;
#1628 = CARTESIAN_POINT ( 'NONE',  ( 1.589999999999998082, 3.700000000000000178, -0.3200000000000007838 ) ) ;
#1629 = SURFACE_SIDE_STYLE ('',( #3515 ) ) ;
#1630 = CARTESIAN_POINT ( 'NONE',  ( -4.679999999999999716, 1.160000000000000142, -1.250000000000002665 ) ) ;
#1631 = VERTEX_POINT ( 'NONE', #2900 ) ;
#1632 = VERTEX_POINT ( 'NONE', #4720 ) ;
#1633 = PRODUCT ( 'pin^BG055-xx_1', 'pin^BG055-xx_1', '', ( #148 ) ) ;
#1634 = LINE ( 'NONE', #3118, #3522 ) ;
#1635 = DIRECTION ( 'NONE',  ( -0.000000000000000000, -0.000000000000000000, 1.000000000000000000 ) ) ;
#1636 = LINE ( 'NONE', #3120, #4615 ) ;
#1637 = CARTESIAN_POINT ( 'NONE',  ( -0.2886751345948148639, 3.700000000000000178, -1.250000000000000444 ) ) ;
#1638 = EDGE_LOOP ( 'NONE', ( #3562, #2971, #4172, #4217 ) ) ;
#1639 = CARTESIAN_POINT ( 'NONE',  ( 4.791324865405186095, 1.159999999999999920, 1.250000000000002665 ) ) ;
#1640 = DIRECTION ( 'NONE',  ( 1.000000000000000000, 0.000000000000000000, -0.000000000000000000 ) ) ;
#1641 = DIRECTION ( 'NONE',  ( 0.000000000000000000, 0.000000000000000000, 1.000000000000000000 ) ) ;
#1642 = LINE ( 'NONE', #458, #519 ) ;
#1643 = EDGE_CURVE ( 'NONE', #2226, #445, #2949, .T. ) ;
#1644 = ADVANCED_FACE ( 'NONE', ( #1392 ), #1438, .F. ) ;
#1645 = EDGE_CURVE ( 'NONE', #4525, #2225, #4017, .T. ) ;
#1646 = EDGE_CURVE ( 'NONE', #486, #4738, #306, .T. ) ;
#1647 = VERTEX_POINT ( 'NONE', #4390 ) ;
#1648 = EDGE_LOOP ( 'NONE', ( #3753, #1071, #3181, #2862 ) ) ;
#1649 = CARTESIAN_POINT ( 'NONE',  ( 2.940000000000000391, 1.160000000000000142, 1.250000000000000222 ) ) ;
#1650 = EDGE_CURVE ( 'NONE', #35, #3288, #2113, .T. ) ;
#1651 = LINE ( 'NONE', #3134, #3782 ) ;
#1652 = VECTOR ( 'NONE', #1697, 1000.000000000000000 ) ;
#1653 = LINE ( 'NONE', #2749, #804 ) ;
#1654 = EDGE_CURVE ( 'NONE', #2126, #437, #624, .T. ) ;
#1655 = CARTESIAN_POINT ( 'NONE',  ( -4.679999999999999716, 1.160000000000000142, -1.250000000000002665 ) ) ;
#1656 = DIRECTION ( 'NONE',  ( -0.5000000000000026645, 0.000000000000000000, 0.8660254037844371533 ) ) ;
#1657 = ORIENTED_EDGE ( 'NONE', *, *, #4734, .F. ) ;
#1658 = LINE ( 'NONE', #3868, #3070 ) ;
#1659 = LINE ( 'NONE', #3145, #358 ) ;
#1660 = VECTOR ( 'NONE', #352, 1000.000000000000000 ) ;
#1661 = DIRECTION ( 'NONE',  ( -0.2505628070857294221, 0.2505628070857296441, -0.9351131265310305141 ) ) ;
#1662 = EDGE_LOOP ( 'NONE', ( #1902, #2570, #2362, #2592 ) ) ;
#1663 = DIRECTION ( 'NONE',  ( -1.000000000000000000, 0.000000000000000000, 1.565121246370150864E-16 ) ) ;
#1664 = VECTOR ( 'NONE', #3607, 1000.000000000000000 ) ;
#1665 = CARTESIAN_POINT ( 'NONE',  ( 6.669999999999999041, 0.8400000000000005240, 0.5200000000000015721 ) ) ;
#1666 = VECTOR ( 'NONE', #433, 1000.000000000000000 ) ;
#1667 = FACE_OUTER_BOUND ( 'NONE', #2647, .T. ) ;
#1668 = VECTOR ( 'NONE', #835, 999.9999999999998863 ) ;
#1669 = CARTESIAN_POINT ( 'NONE',  ( -2.139999999999999680, 1.160000000000000142, -0.7000000000000031752 ) ) ;
#1670 = AXIS2_PLACEMENT_3D ( 'NONE', #3890, #1604, #2821 ) ;
#1671 = ORIENTED_EDGE ( 'NONE', *, *, #4024, .F. ) ;
#1672 =( NAMED_UNIT ( * ) PLANE_ANGLE_UNIT ( ) SI_UNIT ( $, .RADIAN. ) );
#1673 = ORIENTED_EDGE ( 'NONE', *, *, #3547, .T. ) ;
#1674 = CARTESIAN_POINT ( 'NONE',  ( 6.029999999999998472, 0.8400000000000005240, -0.3199999999999985079 ) ) ;
#1675 = DIRECTION ( 'NONE',  ( -0.5000000000000026645, 0.000000000000000000, -0.8660254037844371533 ) ) ;
#1676 = DIRECTION ( 'NONE',  ( 0.000000000000000000, 1.000000000000000000, -5.739718509874452474E-31 ) ) ;
#1677 = LINE ( 'NONE', #937, #4098 ) ;
#1678 = VERTEX_POINT ( 'NONE', #3646 ) ;
#1679 = ORIENTED_EDGE ( 'NONE', *, *, #4479, .T. ) ;
#1680 = EDGE_LOOP ( 'NONE', ( #1322, #1401, #4362, #987 ) ) ;
#1681 = EDGE_CURVE ( 'NONE', #3031, #2479, #3275, .T. ) ;
#1682 = CARTESIAN_POINT ( 'NONE',  ( -4.130000000000001670, 3.700000000000000178, -0.3199999999999999512 ) ) ;
#1683 = CARTESIAN_POINT ( 'NONE',  ( 1.589999999999998082, 1.460000000000000187, 0.3199999999999992850 ) ) ;
#1684 = DIRECTION ( 'NONE',  ( 0.000000000000000000, -0.000000000000000000, 1.000000000000000000 ) ) ;
#1685 = ORIENTED_EDGE ( 'NONE', *, *, #3724, .F. ) ;
#1686 = CARTESIAN_POINT ( 'NONE',  ( 0.000000000000000000, 1.159999999999999920, 0.000000000000000000 ) ) ;
#1687 = VECTOR ( 'NONE', #1525, 1000.000000000000000 ) ;
#1688 = LINE ( 'NONE', #3194, #4612 ) ;
#1689 = CARTESIAN_POINT ( 'NONE',  ( 0.4000000000000001887, 1.160000000000000142, -1.250000000000002665 ) ) ;
#1690 = CARTESIAN_POINT ( 'NONE',  ( 4.129999999999998117, 8.400000000000000355, -0.3200000000000015610 ) ) ;
#1691 = ORIENTED_EDGE ( 'NONE', *, *, #1490, .T. ) ;
#1692 = VERTEX_POINT ( 'NONE', #1067 ) ;
#1693 =( GEOMETRIC_REPRESENTATION_CONTEXT ( 3 ) GLOBAL_UNCERTAINTY_ASSIGNED_CONTEXT ( ( #580 ) ) GLOBAL_UNIT_ASSIGNED_CONTEXT ( ( #36, #3297, #1136 ) ) REPRESENTATION_CONTEXT ( 'NONE', 'WORKASPACE' ) );
#1694 = CARTESIAN_POINT ( 'NONE',  ( -5.080000000000000959, 1.159999999999999920, -0.7500000000000015543 ) ) ;
#1695 = CARTESIAN_POINT ( 'NONE',  ( 7.331324865405186131, 1.159999999999999920, -1.250000000000001776 ) ) ;
#1696 = FACE_OUTER_BOUND ( 'NONE', #4095, .T. ) ;
#1697 = DIRECTION ( 'NONE',  ( 0.000000000000000000, 0.000000000000000000, -1.000000000000000000 ) ) ;
#1698 = VECTOR ( 'NONE', #1154, 1000.000000000000000 ) ;
#1699 = SURFACE_STYLE_FILL_AREA ( #936 ) ;
#1700 = ORIENTED_EDGE ( 'NONE', *, *, #3519, .T. ) ;
#1701 = ORIENTED_EDGE ( 'NONE', *, *, #3014, .T. ) ;
#1702 = EDGE_LOOP ( 'NONE', ( #2538, #2507, #4122, #3207 ) ) ;
#1703 = VECTOR ( 'NONE', #1460, 1000.000000000000000 ) ;
#1704 = DIRECTION ( 'NONE',  ( -1.000000000000000000, 0.000000000000000000, 1.565121246370150864E-16 ) ) ;
#1705 = ADVANCED_FACE ( 'NONE', ( #3570 ), #270, .F. ) ;
#1706 = EDGE_CURVE ( 'NONE', #1561, #78, #1095, .T. ) ;
#1707 = EDGE_LOOP ( 'NONE', ( #3701, #285, #1701, #2276 ) ) ;
#1708 = ADVANCED_FACE ( 'NONE', ( #4768 ), #245, .F. ) ;
#1709 = EDGE_CURVE ( 'NONE', #4304, #3050, #2207, .T. ) ;
#1710 = LINE ( 'NONE', #3190, #3629 ) ;
#1711 = FACE_OUTER_BOUND ( 'NONE', #3080, .T. ) ;
#1712 = VERTEX_POINT ( 'NONE', #3256 ) ;
#1713 = DIRECTION ( 'NONE',  ( -0.000000000000000000, 1.000000000000000000, -0.000000000000000000 ) ) ;
#1714 = VECTOR ( 'NONE', #4221, 1000.000000000000000 ) ;
#1715 = DIRECTION ( 'NONE',  ( -0.000000000000000000, -1.000000000000000000, -0.000000000000000000 ) ) ;
#1716 = ORIENTED_EDGE ( 'NONE', *, *, #1403, .T. ) ;
#1717 = LINE ( 'NONE', #4265, #260 ) ;
#1718 = EDGE_CURVE ( 'NONE', #1928, #4566, #4744, .T. ) ;
#1719 = CARTESIAN_POINT ( 'NONE',  ( -7.331324865405187019, 1.159999999999999920, 1.250000000000002220 ) ) ;
#1720 = DIRECTION ( 'NONE',  ( 0.000000000000000000, 1.000000000000000000, 0.000000000000000000 ) ) ;
#1721 = ORIENTED_EDGE ( 'NONE', *, *, #3540, .F. ) ;
#1722 = ORIENTED_EDGE ( 'NONE', *, *, #4440, .F. ) ;
#1723 = VERTEX_POINT ( 'NONE', #791 ) ;
#1724 = CARTESIAN_POINT ( 'NONE',  ( 7.220000000000000639, 1.459999999999999964, -0.7000000000000031752 ) ) ;
#1725 = LINE ( 'NONE', #3201, #2872 ) ;
#1726 = DIRECTION ( 'NONE',  ( -0.000000000000000000, -0.000000000000000000, 1.000000000000000000 ) ) ;
#1727 = CARTESIAN_POINT ( 'NONE',  ( 6.509230484541325801, 0.1607695154586729902, 2.649999999999994582 ) ) ;
#1728 = VECTOR ( 'NONE', #3647, 1000.000000000000114 ) ;
#1729 = VECTOR ( 'NONE', #4488, 1000.000000000000000 ) ;
#1730 =( NAMED_UNIT ( * ) SI_UNIT ( $, .STERADIAN. ) SOLID_ANGLE_UNIT ( ) );
#1731 = ORIENTED_EDGE ( 'NONE', *, *, #2777, .T. ) ;
#1732 = VERTEX_POINT ( 'NONE', #2279 ) ;
#1733 = AXIS2_PLACEMENT_3D ( 'NONE', #4508, #467, #4127 ) ;
#1734 = DIRECTION ( 'NONE',  ( -1.000000000000000000, 0.000000000000000000, 0.000000000000000000 ) ) ;
#1735 = AXIS2_PLACEMENT_3D ( 'NONE', #4041, #351, #693 ) ;
#1736 = CARTESIAN_POINT ( 'NONE',  ( 5.480000000000000426, 1.459999999999999964, -1.250000000000002442 ) ) ;
#1737 = EDGE_CURVE ( 'NONE', #796, #4243, #4628, .T. ) ;
#1738 = CARTESIAN_POINT ( 'NONE',  ( -7.620000000000000107, 1.159999999999999920, 1.250000000000000666 ) ) ;
#1739 = CARTESIAN_POINT ( 'NONE',  ( 6.190769515458671712, -1.836709923159818538E-31, 2.649999999999994582 ) ) ;
#1740 = CARTESIAN_POINT ( 'NONE',  ( 8.020000000000001350, 1.459999999999999964, -1.250000000000002665 ) ) ;
#1741 = FACE_OUTER_BOUND ( 'NONE', #2200, .T. ) ;
#1742 = VECTOR ( 'NONE', #2844, 1000.000000000000000 ) ;
#1743 = ORIENTED_EDGE ( 'NONE', *, *, #3227, .T. ) ;
#1744 = EDGE_CURVE ( 'NONE', #2286, #3673, #1269, .T. ) ;
#1745 = LINE ( 'NONE', #1771, #3839 ) ;
#1746 = ORIENTED_EDGE ( 'NONE', *, *, #739, .T. ) ;
#1747 = EDGE_CURVE ( 'NONE', #2924, #3779, #573, .T. ) ;
#1748 = VECTOR ( 'NONE', #3056, 1000.000000000000000 ) ;
#1749 = VECTOR ( 'NONE', #2515, 1000.000000000000000 ) ;
#1750 = ORIENTED_EDGE ( 'NONE', *, *, #2583, .F. ) ;
#1751 = AXIS2_PLACEMENT_3D ( 'NONE', #4103, #1930, #3406 ) ;
#1752 = ITEM_DEFINED_TRANSFORMATION ( 'NONE', 'NONE', #1943,  #750 ) ;
#1753 = CARTESIAN_POINT ( 'NONE',  ( 5.079999999999999183, 1.159999999999999920, -0.7500000000000022204 ) ) ;
#1754 = VECTOR ( 'NONE', #2102, 1000.000000000000000 ) ;
#1755 = DIRECTION ( 'NONE',  ( 1.000000000000000000, 0.000000000000000000, 0.000000000000000000 ) ) ;
#1756 = DIRECTION ( 'NONE',  ( 1.000000000000000000, 0.000000000000000000, -1.138269997360109674E-16 ) ) ;
#1757 = ORIENTED_EDGE ( 'NONE', *, *, #3332, .F. ) ;
#1758 = CARTESIAN_POINT ( 'NONE',  ( -5.080000000000000959, 1.159999999999999920, 0.7500000000000032196 ) ) ;
#1759 = ORIENTED_EDGE ( 'NONE', *, *, #3164, .F. ) ;
#1760 = ORIENTED_EDGE ( 'NONE', *, *, #1875, .T. ) ;
#1761 = LINE ( 'NONE', #4354, #3836 ) ;
#1762 = LINE ( 'NONE', #3992, #1152 ) ;
#1763 = ORIENTED_EDGE ( 'NONE', *, *, #43, .T. ) ;
#1764 = PLANE ( 'NONE',  #1587 ) ;
#1765 = VERTEX_POINT ( 'NONE', #4761 ) ;
#1766 = DIRECTION ( 'NONE',  ( 0.000000000000000000, 0.000000000000000000, -1.000000000000000000 ) ) ;
#1767 = DIRECTION ( 'NONE',  ( 1.000000000000000000, 0.000000000000000000, 0.000000000000000000 ) ) ;
#1768 = DIRECTION ( 'NONE',  ( -1.000000000000000000, 0.000000000000000000, 0.000000000000000000 ) ) ;
#1769 = VERTEX_POINT ( 'NONE', #1429 ) ;
#1770 = CARTESIAN_POINT ( 'NONE',  ( -0.4000000000000001887, 1.160000000000000142, -1.250000000000002665 ) ) ;
#1771 = CARTESIAN_POINT ( 'NONE',  ( -6.030000000000002025, 3.700000000000000178, 0.3200000000000004508 ) ) ;
#1772 = ORIENTED_EDGE ( 'NONE', *, *, #450, .F. ) ;
#1773 = CARTESIAN_POINT ( 'NONE',  ( 4.679999999999999716, 1.159999999999999920, -0.7000000000000031752 ) ) ;
#1774 =( REPRESENTATION_RELATIONSHIP ('NONE','NONE', #3684, #2665 ) REPRESENTATION_RELATIONSHIP_WITH_TRANSFORMATION ( #1752 )SHAPE_REPRESENTATION_RELATIONSHIP( ) );
#1775 = VERTEX_POINT ( 'NONE', #4787 ) ;
#1776 = ADVANCED_FACE ( 'NONE', ( #2921 ), #4037, .F. ) ;
#1777 = ITEM_DEFINED_TRANSFORMATION ( 'NONE', 'NONE', #3554,  #750 ) ;
#1778 = DIRECTION ( 'NONE',  ( -0.000000000000000000, 1.000000000000000000, -0.000000000000000000 ) ) ;
#1779 = CARTESIAN_POINT ( 'NONE',  ( 7.220000000000000639, 1.160000000000000142, -1.250000000000002665 ) ) ;
#1780 = EDGE_CURVE ( 'NONE', #3810, #906, #464, .T. ) ;
#1781 = CARTESIAN_POINT ( 'NONE',  ( -6.030000000000002025, 1.159999999999999920, 0.3200000000000004508 ) ) ;
#1782 = ORIENTED_EDGE ( 'NONE', *, *, #4263, .T. ) ;
#1783 = VERTEX_POINT ( 'NONE', #4195 ) ;
#1784 = VECTOR ( 'NONE', #91, 1000.000000000000000 ) ;
#1785 = ORIENTED_EDGE ( 'NONE', *, *, #2111, .T. ) ;
#1786 = EDGE_CURVE ( 'NONE', #4356, #4343, #2003, .T. ) ;
#1787 = LINE ( 'NONE', #2179, #1749 ) ;
#1788 = VECTOR ( 'NONE', #4168, 1000.000000000000000 ) ;
#1789 = LINE ( 'NONE', #3254, #2739 ) ;
#1790 = VERTEX_POINT ( 'NONE', #2874 ) ;
#1791 = DIRECTION ( 'NONE',  ( 0.000000000000000000, -0.000000000000000000, 1.000000000000000000 ) ) ;
#1792 = VECTOR ( 'NONE', #2544, 1000.000000000000000 ) ;
#1793 = DIRECTION ( 'NONE',  ( 1.000000000000000000, 0.000000000000000000, 0.000000000000000000 ) ) ;
#1794 = CARTESIAN_POINT ( 'NONE',  ( 2.828675134594814455, 3.700000000000000178, -1.250000000000001776 ) ) ;
#1795 = DIRECTION ( 'NONE',  ( 0.5000000000000026645, 0.000000000000000000, -0.8660254037844372643 ) ) ;
#1796 = VERTEX_POINT ( 'NONE', #3510 ) ;
#1797 = VERTEX_POINT ( 'NONE', #4619 ) ;
#1798 = DIRECTION ( 'NONE',  ( 0.000000000000000000, -1.000000000000000000, -5.739718509874452474E-31 ) ) ;
#1799 = CARTESIAN_POINT ( 'NONE',  ( 6.670000000000001705, 0.6399999999999999023, 2.049999999999990496 ) ) ;
#1800 = ORIENTED_EDGE ( 'NONE', *, *, #2323, .T. ) ;
#1801 = CARTESIAN_POINT ( 'NONE',  ( -2.251324865405185616, 1.159999999999999920, -1.250000000000001554 ) ) ;
#1802 = EDGE_CURVE ( 'NONE', #883, #2133, #836, .T. ) ;
#1803 = PRODUCT_DEFINITION ( 'UNKNOWN', '', #61, #2738 ) ;
#1804 = DIRECTION ( 'NONE',  ( -1.000000000000000000, 0.000000000000000000, 0.000000000000000000 ) ) ;
#1805 = ADVANCED_FACE ( 'NONE', ( #4271 ), #3908, .F. ) ;
#1806 = CARTESIAN_POINT ( 'NONE',  ( -0.4000000000000001887, 1.160000000000000142, 0.7000000000000029532 ) ) ;
#1807 = CARTESIAN_POINT ( 'NONE',  ( 0.4000000000000001887, 1.160000000000000142, 0.7000000000000029532 ) ) ;
#1808 = EDGE_CURVE ( 'NONE', #1275, #3185, #111, .T. ) ;
#1809 = AXIS2_PLACEMENT_3D ( 'NONE', #4359, #4770, #1440 ) ;
#1810 = DIRECTION ( 'NONE',  ( 1.000000000000000000, 0.000000000000000000, -1.138269997360109674E-16 ) ) ;
#1811 = LINE ( 'NONE', #3670, #3415 ) ;
#1812 = VERTEX_POINT ( 'NONE', #3265 ) ;
#1813 = AXIS2_PLACEMENT_3D ( 'NONE', #1655, #216, #4644 ) ;
#1814 = FACE_BOUND ( 'NONE', #1879, .T. ) ;
#1815 = AXIS2_PLACEMENT_3D ( 'NONE', #3408, #1906, #3368 ) ;
#1816 = DIRECTION ( 'NONE',  ( 1.000000000000000000, -0.000000000000000000, -0.000000000000000000 ) ) ;
#1817 = VECTOR ( 'NONE', #551, 1000.000000000000114 ) ;
#1818 = DIRECTION ( 'NONE',  ( -1.000000000000000000, 0.000000000000000000, -0.000000000000000000 ) ) ;
#1819 = DIRECTION ( 'NONE',  ( -0.000000000000000000, 0.000000000000000000, 1.000000000000000000 ) ) ;
#1820 = ORIENTED_EDGE ( 'NONE', *, *, #1926, .F. ) ;
#1821 = ORIENTED_EDGE ( 'NONE', *, *, #4169, .F. ) ;
#1822 = VECTOR ( 'NONE', #740, 1000.000000000000000 ) ;
#1823 = CARTESIAN_POINT ( 'NONE',  ( -4.679999999999999716, 1.459999999999999964, -1.250000000000002665 ) ) ;
#1824 = DIRECTION ( 'NONE',  ( -1.565121246370150617E-16, 0.000000000000000000, -1.000000000000000000 ) ) ;
#1825 = EDGE_LOOP ( 'NONE', ( #4068, #4668, #171, #1731 ) ) ;
#1826 = CARTESIAN_POINT ( 'NONE',  ( -0.2886751345948123659, 1.459999999999999964, 1.250000000000000444 ) ) ;
#1827 = AXIS2_PLACEMENT_3D ( 'NONE', #3279, #249, #1050 ) ;
#1828 = ORIENTED_EDGE ( 'NONE', *, *, #3452, .F. ) ;
#1829 = ORIENTED_EDGE ( 'NONE', *, *, #2990, .T. ) ;
#1830 =( LENGTH_UNIT ( ) NAMED_UNIT ( * ) SI_UNIT ( .MILLI., .METRE. ) );
#1831 = VECTOR ( 'NONE', #1798, 1000.000000000000000 ) ;
#1832 = DIRECTION ( 'NONE',  ( -0.000000000000000000, 1.000000000000000000, -0.000000000000000000 ) ) ;
#1833 = CARTESIAN_POINT ( 'NONE',  ( 3.650769515458672565, 8.400000000000000355, 0.000000000000000000 ) ) ;
#1834 = DIRECTION ( 'NONE',  ( -0.000000000000000000, 1.000000000000000000, -0.000000000000000000 ) ) ;
#1835 = VECTOR ( 'NONE', #4597, 1000.000000000000000 ) ;
#1836 = ORIENTED_EDGE ( 'NONE', *, *, #3873, .F. ) ;
#1837 = VERTEX_POINT ( 'NONE', #4373 ) ;
#1838 = AXIS2_PLACEMENT_3D ( 'NONE', #2623, #30, #4096 ) ;
#1839 = ORIENTED_EDGE ( 'NONE', *, *, #4236, .F. ) ;
#1840 = VECTOR ( 'NONE', #2819, 1000.000000000000000 ) ;
#1841 = DIRECTION ( 'NONE',  ( -0.000000000000000000, -0.000000000000000000, 1.000000000000000000 ) ) ;
#1842 = FACE_BOUND ( 'NONE', #2476, .T. ) ;
#1843 = CARTESIAN_POINT ( 'NONE',  ( 6.669999999999999041, 8.400000000000000355, 0.3200000000000015610 ) ) ;
#1844 = LINE ( 'NONE', #4061, #3819 ) ;
#1845 = DIRECTION ( 'NONE',  ( 0.000000000000000000, 0.000000000000000000, 1.000000000000000000 ) ) ;
#1846 = ORIENTED_EDGE ( 'NONE', *, *, #2232, .F. ) ;
#1847 = EDGE_LOOP ( 'NONE', ( #3904, #4102, #558, #4414 ) ) ;
#1848 = CARTESIAN_POINT ( 'NONE',  ( 6.029999999999998472, 3.700000000000000178, 0.3199999999999985079 ) ) ;
#1849 = EDGE_CURVE ( 'NONE', #343, #1911, #1725, .T. ) ;
#1850 = CARTESIAN_POINT ( 'NONE',  ( -2.939999999999999947, 1.160000000000000142, 1.250000000000000888 ) ) ;
#1851 = ORIENTED_EDGE ( 'NONE', *, *, #4203, .T. ) ;
#1852 = ORIENTED_EDGE ( 'NONE', *, *, #2109, .T. ) ;
#1853 = DIRECTION ( 'NONE',  ( 0.000000000000000000, 0.000000000000000000, 1.000000000000000000 ) ) ;
#1854 = LINE ( 'NONE', #4120, #1155 ) ;
#1855 = FACE_OUTER_BOUND ( 'NONE', #3955, .T. ) ;
#1856 = ORIENTED_EDGE ( 'NONE', *, *, #3269, .F. ) ;
#1857 = ORIENTED_EDGE ( 'NONE', *, *, #2419, .T. ) ;
#1858 = CARTESIAN_POINT ( 'NONE',  ( 3.489999999999998881, 0.000000000000000000, -0.3200000000000015610 ) ) ;
#1859 = CARTESIAN_POINT ( 'NONE',  ( 7.220000000000000639, 1.459999999999999964, -1.250000000000002665 ) ) ;
#1860 = LINE ( 'NONE', #2494, #1887 ) ;
#1861 = DIRECTION ( 'NONE',  ( 0.5000000000000014433, -0.000000000000000000, 0.8660254037844379305 ) ) ;
#1862 = EDGE_CURVE ( 'NONE', #1365, #1769, #4806, .T. ) ;
#1863 = AXIS2_PLACEMENT_3D ( 'NONE', #1224, #863, #3893 ) ;
#1864 = EDGE_CURVE ( 'NONE', #2133, #1678, #2071, .T. ) ;
#1865 = DIRECTION ( 'NONE',  ( -0.000000000000000000, 1.000000000000000000, -0.000000000000000000 ) ) ;
#1866 = EDGE_CURVE ( 'NONE', #2762, #4671, #1083, .T. ) ;
#1867 = EDGE_CURVE ( 'NONE', #2935, #3354, #2600, .T. ) ;
#1868 = VECTOR ( 'NONE', #3266, 1000.000000000000000 ) ;
#1869 = CARTESIAN_POINT ( 'NONE',  ( 5.802102355330312378, -0.2278976446696873992, 1.199474411167431365 ) ) ;
#1870 = ORIENTED_EDGE ( 'NONE', *, *, #2870, .F. ) ;
#1871 = ORIENTED_EDGE ( 'NONE', *, *, #3987, .F. ) ;
#1872 = CARTESIAN_POINT ( 'NONE',  ( 0.000000000000000000, 1.159999999999999920, 0.000000000000000000 ) ) ;
#1873 = ORIENTED_EDGE ( 'NONE', *, *, #2850, .T. ) ;
#1874 = EDGE_CURVE ( 'NONE', #279, #2560, #2962, .T. ) ;
#1875 = EDGE_CURVE ( 'NONE', #3654, #890, #4119, .T. ) ;
#1876 = CARTESIAN_POINT ( 'NONE',  ( 6.190769515458672601, 8.400000000000000355, -0.3199999999999985079 ) ) ;
#1877 = CARTESIAN_POINT ( 'NONE',  ( -2.939999999999999947, 1.160000000000000142, 1.250000000000000888 ) ) ;
#1878 = CARTESIAN_POINT ( 'NONE',  ( -7.220000000000000639, 1.160000000000000142, -1.250000000000002442 ) ) ;
#1879 = EDGE_LOOP ( 'NONE', ( #4784, #536, #1076, #2263 ) ) ;
#1880 = ORIENTED_EDGE ( 'NONE', *, *, #1231, .T. ) ;
#1881 = VERTEX_POINT ( 'NONE', #2667 ) ;
#1882 = FACE_OUTER_BOUND ( 'NONE', #2745, .T. ) ;
#1883 = LINE ( 'NONE', #4104, #819 ) ;
#1884 = PLANE ( 'NONE',  #1733 ) ;
#1885 = CARTESIAN_POINT ( 'NONE',  ( 3.489999999999998881, 1.460000000000000187, 0.3199999999999988964 ) ) ;
#1886 = CARTESIAN_POINT ( 'NONE',  ( 4.129999999999998117, 0.000000000000000000, 0.3199999999999985079 ) ) ;
#1887 = VECTOR ( 'NONE', #328, 1000.000000000000000 ) ;
#1888 = VECTOR ( 'NONE', #1605, 1000.000000000000000 ) ;
#1889 = DIRECTION ( 'NONE',  ( -0.000000000000000000, -0.000000000000000000, 1.000000000000000000 ) ) ;
#1890 = ORIENTED_EDGE ( 'NONE', *, *, #4444, .T. ) ;
#1891 = ORIENTED_EDGE ( 'NONE', *, *, #470, .T. ) ;
#1892 = LINE ( 'NONE', #1848, #3142 ) ;
#1893 = CARTESIAN_POINT ( 'NONE',  ( 5.079999999999999183, 1.459999999999999964, 0.7500000000000026645 ) ) ;
#1894 = ORIENTED_EDGE ( 'NONE', *, *, #1231, .F. ) ;
#1895 = CARTESIAN_POINT ( 'NONE',  ( 2.940000000000000391, 1.160000000000000142, -1.250000000000002887 ) ) ;
#1896 = ORIENTED_EDGE ( 'NONE', *, *, #4024, .T. ) ;
#1897 = FILL_AREA_STYLE ('',( #4481 ) ) ;
#1898 = ADVANCED_FACE ( 'NONE', ( #3316 ), #2270, .T. ) ;
#1899 = CARTESIAN_POINT ( 'NONE',  ( 6.200766279201532782, 8.437308430199616183, -0.1492337207984647252 ) ) ;
#1900 = CARTESIAN_POINT ( 'NONE',  ( 7.620000000000000107, 1.459999999999999964, -0.7500000000000017764 ) ) ;
#1901 = EDGE_LOOP ( 'NONE', ( #3746, #1390, #4534, #3563 ) ) ;
#1902 = ORIENTED_EDGE ( 'NONE', *, *, #348, .T. ) ;
#1903 = AXIS2_PLACEMENT_3D ( 'NONE', #2425, #4588, #2809 ) ;
#1904 = FACE_OUTER_BOUND ( 'NONE', #2431, .T. ) ;
#1905 = CARTESIAN_POINT ( 'NONE',  ( 7.620000000000000107, 1.159999999999999920, -1.250000000000001776 ) ) ;
#1906 = DIRECTION ( 'NONE',  ( 0.000000000000000000, -0.000000000000000000, 1.000000000000000000 ) ) ;
#1907 = AXIS2_PLACEMENT_3D ( 'NONE', #1227, #1537, #2734 ) ;
#1908 = ORIENTED_EDGE ( 'NONE', *, *, #1195, .F. ) ;
#1909 = VECTOR ( 'NONE', #384, 1000.000000000000000 ) ;
#1910 = FACE_OUTER_BOUND ( 'NONE', #2853, .T. ) ;
#1911 = VERTEX_POINT ( 'NONE', #411 ) ;
#1912 = VECTOR ( 'NONE', #604, 1000.000000000000000 ) ;
#1913 = VECTOR ( 'NONE', #985, 1000.000000000000000 ) ;
#1914 = CARTESIAN_POINT ( 'NONE',  ( 3.489999999999998881, 1.159999999999999920, -0.3200000000000011724 ) ) ;
#1915 = DIRECTION ( 'NONE',  ( 1.000000000000000000, -0.000000000000000000, -0.000000000000000000 ) ) ;
#1916 = CARTESIAN_POINT ( 'NONE',  ( -0.4000000000000001887, 1.459999999999999964, -1.250000000000002665 ) ) ;
#1917 = VERTEX_POINT ( 'NONE', #1922 ) ;
#1918 = LINE ( 'NONE', #311, #183 ) ;
#1919 = ORIENTED_EDGE ( 'NONE', *, *, #3786, .F. ) ;
#1920 = DIRECTION ( 'NONE',  ( 1.000000000000000000, 0.000000000000000000, 0.000000000000000000 ) ) ;
#1921 = CARTESIAN_POINT ( 'NONE',  ( 0.000000000000000000, 0.000000000000000000, 0.000000000000000000 ) ) ;
#1922 = CARTESIAN_POINT ( 'NONE',  ( 6.509230484541324913, 8.400000000000000355, -0.1592304845413246572 ) ) ;
#1923 = DIRECTION ( 'NONE',  ( -1.000000000000000000, -0.000000000000000000, -0.000000000000000000 ) ) ;
#1924 = ADVANCED_FACE ( 'NONE', ( #4451 ), #2938, .F. ) ;
#1925 = CARTESIAN_POINT ( 'NONE',  ( 0.000000000000000000, 3.700000000000000178, -0.7500000000000015543 ) ) ;
#1926 = EDGE_CURVE ( 'NONE', #1051, #924, #1159, .T. ) ;
#1927 = EDGE_CURVE ( 'NONE', #1783, #15, #4424, .T. ) ;
#1928 = VERTEX_POINT ( 'NONE', #2643 ) ;
#1929 = ORIENTED_EDGE ( 'NONE', *, *, #3270, .F. ) ;
#1930 = DIRECTION ( 'NONE',  ( 0.000000000000000000, -0.000000000000000000, 1.000000000000000000 ) ) ;
#1931 = CARTESIAN_POINT ( 'NONE',  ( 3.489999999999998881, 8.400000000000000355, -0.1592304845413276826 ) ) ;
#1932 = CARTESIAN_POINT ( 'NONE',  ( 2.940000000000000391, 1.459999999999999964, -1.250000000000002887 ) ) ;
#1933 = CARTESIAN_POINT ( 'NONE',  ( -5.080000000000000959, 3.700000000000000178, 0.7500000000000032196 ) ) ;
#1934 = CARTESIAN_POINT ( 'NONE',  ( 3.650769515458671677, 0.4792304845413269399, -2.649999999999994582 ) ) ;
#1935 = ORIENTED_EDGE ( 'NONE', *, *, #468, .T. ) ;
#1936 = FACE_OUTER_BOUND ( 'NONE', #2215, .T. ) ;
#1937 = LINE ( 'NONE', #720, #2440 ) ;
#1938 = EDGE_LOOP ( 'NONE', ( #1340, #3093, #2483, #4228 ) ) ;
#1939 =( GEOMETRIC_REPRESENTATION_CONTEXT ( 3 ) GLOBAL_UNCERTAINTY_ASSIGNED_CONTEXT ( ( #926 ) ) GLOBAL_UNIT_ASSIGNED_CONTEXT ( ( #4404, #4328, #1730 ) ) REPRESENTATION_CONTEXT ( 'NONE', 'WORKASPACE' ) );
#1940 = LINE ( 'NONE', #4584, #2676 ) ;
#1941 = ORIENTED_EDGE ( 'NONE', *, *, #2850, .F. ) ;
#1942 = VECTOR ( 'NONE', #3528, 1000.000000000000000 ) ;
#1943 = AXIS2_PLACEMENT_3D ( 'NONE', #2937, #3008, #4450 ) ;
#1944 = ADVANCED_BREP_SHAPE_REPRESENTATION ( '', ( #100, #750 ), #1939 ) ;
#1945 = LINE ( 'NONE', #102, #2373 ) ;
#1946 = VECTOR ( 'NONE', #1663, 1000.000000000000000 ) ;
#1947 = CARTESIAN_POINT ( 'NONE',  ( 6.029999999999998472, 3.700000000000000178, 0.3199999999999985079 ) ) ;
#1948 = DIRECTION ( 'NONE',  ( 0.000000000000000000, 0.000000000000000000, 1.000000000000000000 ) ) ;
#1949 = DIRECTION ( 'NONE',  ( 0.5000000000000026645, 0.000000000000000000, -0.8660254037844372643 ) ) ;
#1950 = PRODUCT_DEFINITION_SHAPE ( 'NONE', 'NONE',  #4817 ) ;
#1951 = EDGE_LOOP ( 'NONE', ( #1419, #4275, #1258, #2873 ) ) ;
#1952 = EDGE_CURVE ( 'NONE', #3242, #1790, #2221, .T. ) ;
#1953 = EDGE_CURVE ( 'NONE', #4429, #4553, #341, .T. ) ;
#1954 = ORIENTED_EDGE ( 'NONE', *, *, #2804, .T. ) ;
#1955 = EDGE_CURVE ( 'NONE', #2363, #4553, #4142, .T. ) ;
#1956 = PLANE ( 'NONE',  #3009 ) ;
#1957 = FACE_OUTER_BOUND ( 'NONE', #3582, .T. ) ;
#1958 = ORIENTED_EDGE ( 'NONE', *, *, #3547, .F. ) ;
#1959 = ADVANCED_FACE ( 'NONE', ( #3738 ), #6, .F. ) ;
#1960 = DIRECTION ( 'NONE',  ( -1.000000000000000000, 0.000000000000000000, 0.000000000000000000 ) ) ;
#1961 = ORIENTED_EDGE ( 'NONE', *, *, #657, .F. ) ;
#1962 = EDGE_CURVE ( 'NONE', #3642, #1570, #3035, .T. ) ;
#1963 = CARTESIAN_POINT ( 'NONE',  ( -4.130000000000001670, 1.460000000000000187, -0.3199999999999999512 ) ) ;
#1964 = EDGE_CURVE ( 'NONE', #1508, #3185, #755, .T. ) ;
#1965 = DIRECTION ( 'NONE',  ( 0.000000000000000000, 1.000000000000000000, 0.000000000000000000 ) ) ;
#1966 = FACE_OUTER_BOUND ( 'NONE', #50, .T. ) ;
#1967 = ORIENTED_EDGE ( 'NONE', *, *, #2717, .T. ) ;
#1968 = FACE_OUTER_BOUND ( 'NONE', #4737, .T. ) ;
#1969 = VECTOR ( 'NONE', #2590, 1000.000000000000000 ) ;
#1970 = VERTEX_POINT ( 'NONE', #3358 ) ;
#1971 = DIRECTION ( 'NONE',  ( -0.000000000000000000, -0.000000000000000000, 1.000000000000000000 ) ) ;
#1972 = PLANE ( 'NONE',  #4618 ) ;
#1973 = LINE ( 'NONE', #1619, #1788 ) ;
#1974 = ORIENTED_EDGE ( 'NONE', *, *, #4281, .T. ) ;
#1975 = ORIENTED_EDGE ( 'NONE', *, *, #4735, .F. ) ;
#1976 = EDGE_LOOP ( 'NONE', ( #2146, #2239, #3054, #3122 ) ) ;
#1977 = ADVANCED_FACE ( 'NONE', ( #3660 ), #3010, .F. ) ;
#1978 = CARTESIAN_POINT ( 'NONE',  ( 3.489999999999998881, 1.460000000000000187, -0.3200000000000011724 ) ) ;
#1979 = CARTESIAN_POINT ( 'NONE',  ( 0.000000000000000000, 1.159999999999999920, 0.000000000000000000 ) ) ;
#1980 = DIRECTION ( 'NONE',  ( -0.000000000000000000, 1.000000000000000000, -0.000000000000000000 ) ) ;
#1981 = CARTESIAN_POINT ( 'NONE',  ( -7.620000000000000107, 1.159999999999999920, 1.250000000000000666 ) ) ;
#1982 = FACE_OUTER_BOUND ( 'NONE', #1339, .T. ) ;
#1983 = AXIS2_PLACEMENT_3D ( 'NONE', #4042, #694, #2951 ) ;
#1984 = FILL_AREA_STYLE_COLOUR ( '', #941 ) ;
#1985 = LINE ( 'NONE', #2751, #4578 ) ;
#1986 = CARTESIAN_POINT ( 'NONE',  ( -2.939999999999999947, 1.459999999999999964, -1.250000000000002665 ) ) ;
#1987 = VECTOR ( 'NONE', #3105, 999.9999999999998863 ) ;
#1988 = PLANE ( 'NONE',  #1589 ) ;
#1989 = LINE ( 'NONE', #2656, #4291 ) ;
#1990 = CARTESIAN_POINT ( 'NONE',  ( -7.620000000000000107, 1.159999999999999920, 1.250000000000000666 ) ) ;
#1991 = AXIS2_PLACEMENT_3D ( 'NONE', #269, #4282, #4701 ) ;
#1992 = AXIS2_PLACEMENT_3D ( 'NONE', #3293, #3760, #2577 ) ;
#1993 = DIRECTION ( 'NONE',  ( -1.000000000000000000, 0.000000000000000000, -4.235164736271502188E-16 ) ) ;
#1994 = VERTEX_POINT ( 'NONE', #457 ) ;
#1995 = CARTESIAN_POINT ( 'NONE',  ( -4.130000000000001670, 1.159999999999999920, 0.3200000000000000622 ) ) ;
#1996 = CARTESIAN_POINT ( 'NONE',  ( 3.680856429695829490, 0.4491435703041691263, -2.762285892576035629 ) ) ;
#1997 = EDGE_CURVE ( 'NONE', #883, #3623, #2742, .T. ) ;
#1998 = DIRECTION ( 'NONE',  ( 0.000000000000000000, -1.000000000000000000, 0.000000000000000000 ) ) ;
#1999 = CARTESIAN_POINT ( 'NONE',  ( -2.939999999999999947, 1.160000000000000142, -1.250000000000002665 ) ) ;
#2000 = EDGE_LOOP ( 'NONE', ( #3887, #3391, #22, #4757 ) ) ;
#2001 = ORIENTED_EDGE ( 'NONE', *, *, #3880, .F. ) ;
#2002 = CARTESIAN_POINT ( 'NONE',  ( -2.939999999999999947, 1.460000000000000187, -0.7000000000000031752 ) ) ;
#2003 = LINE ( 'NONE', #4556, #918 ) ;
#2004 = DIRECTION ( 'NONE',  ( 0.000000000000000000, 1.000000000000000000, 0.000000000000000000 ) ) ;
#2005 = CARTESIAN_POINT ( 'NONE',  ( -7.220000000000000639, 1.459999999999999964, -1.250000000000002442 ) ) ;
#2006 =( LENGTH_UNIT ( ) NAMED_UNIT ( * ) SI_UNIT ( .MILLI., .METRE. ) );
#2007 = LINE ( 'NONE', #4560, #2178 ) ;
#2008 = LINE ( 'NONE', #4603, #3287 ) ;
#2009 = DIRECTION ( 'NONE',  ( 0.000000000000000000, 0.000000000000000000, 1.000000000000000000 ) ) ;
#2010 = ADVANCED_FACE ( 'NONE', ( #128 ), #1972, .F. ) ;
#2011 = EDGE_CURVE ( 'NONE', #2659, #2528, #880, .T. ) ;
#2012 = FACE_OUTER_BOUND ( 'NONE', #1106, .T. ) ;
#2013 = ORIENTED_EDGE ( 'NONE', *, *, #2867, .T. ) ;
#2014 = CARTESIAN_POINT ( 'NONE',  ( -6.670000000000002593, 1.159999999999999920, -0.3199999999999996181 ) ) ;
#2015 = EDGE_CURVE ( 'NONE', #2823, #4494, #2409, .T. ) ;
#2016 = DIRECTION ( 'NONE',  ( 0.000000000000000000, 1.000000000000000000, -5.739718509874452474E-31 ) ) ;
#2017 = COLOUR_RGB ( '',0.2509803921568627416, 0.2509803921568627416, 0.2509803921568627416 ) ;
#2018 = CARTESIAN_POINT ( 'NONE',  ( 7.620000000000000107, 1.159999999999999920, -1.250000000000001776 ) ) ;
#2019 = DIRECTION ( 'NONE',  ( -1.000000000000000000, 0.000000000000000000, -0.000000000000000000 ) ) ;
#2020 = VECTOR ( 'NONE', #99, 1000.000000000000000 ) ;
#2021 = DIRECTION ( 'NONE',  ( -1.000000000000000000, 0.000000000000000000, 0.000000000000000000 ) ) ;
#2022 = EDGE_CURVE ( 'NONE', #512, #1474, #4167, .T. ) ;
#2023 = CARTESIAN_POINT ( 'NONE',  ( 6.669999999999999041, 0.8399999999999999689, 0.5200000000000013500 ) ) ;
#2024 = VECTOR ( 'NONE', #2679, 1000.000000000000114 ) ;
#2025 = EDGE_CURVE ( 'NONE', #1775, #1554, #3857, .T. ) ;
#2026 = ORIENTED_EDGE ( 'NONE', *, *, #1997, .F. ) ;
#2027 = VECTOR ( 'NONE', #1713, 1000.000000000000000 ) ;
#2028 = ORIENTED_EDGE ( 'NONE', *, *, #324, .T. ) ;
#2029 = EDGE_LOOP ( 'NONE', ( #4339, #2616, #1454, #1464 ) ) ;
#2030 = DIRECTION ( 'NONE',  ( 1.000000000000000000, 0.000000000000000000, -1.138269997360109674E-16 ) ) ;
#2031 = CARTESIAN_POINT ( 'NONE',  ( 5.079999999999999183, 1.459999999999999964, -0.7500000000000022204 ) ) ;
#2032 = LINE ( 'NONE', #3136, #1510 ) ;
#2033 = PLANE ( 'NONE',  #3197 ) ;
#2034 = SURFACE_SIDE_STYLE ('',( #1699 ) ) ;
#2035 = ORIENTED_EDGE ( 'NONE', *, *, #3768, .T. ) ;
#2036 = ORIENTED_EDGE ( 'NONE', *, *, #4236, .T. ) ;
#2037 = ORIENTED_EDGE ( 'NONE', *, *, #193, .F. ) ;
#2038 = DIRECTION ( 'NONE',  ( -0.000000000000000000, -1.000000000000000000, -0.000000000000000000 ) ) ;
#2039 = EDGE_LOOP ( 'NONE', ( #152, #116, #1089, #1856 ) ) ;
#2040 = CARTESIAN_POINT ( 'NONE',  ( 3.489999999999998881, 7.799999999999996270, -0.3200000000000015610 ) ) ;
#2041 = CARTESIAN_POINT ( 'NONE',  ( 7.620000000000000107, 1.159999999999999920, -1.250000000000001776 ) ) ;
#2042 = DIRECTION ( 'NONE',  ( -0.9659258262890687563, 0.2588190451025190741, 0.000000000000000000 ) ) ;
#2043 = ORIENTED_EDGE ( 'NONE', *, *, #119, .F. ) ;
#2044 = ADVANCED_FACE ( 'NONE', ( #3084 ), #3827, .T. ) ;
#2045 = CARTESIAN_POINT ( 'NONE',  ( -7.620000000000001883, 1.460000000000000187, -0.7000000000000031752 ) ) ;
#2046 = LINE ( 'NONE', #3104, #2669 ) ;
#2047 = CARTESIAN_POINT ( 'NONE',  ( 5.079999999999999183, 3.700000000000000178, 0.7500000000000028866 ) ) ;
#2048 = DIRECTION ( 'NONE',  ( 0.000000000000000000, 1.000000000000000000, 0.000000000000000000 ) ) ;
#2049 = VERTEX_POINT ( 'NONE', #2359 ) ;
#2050 = ADVANCED_FACE ( 'NONE', ( #1283 ), #159, .F. ) ;
#2051 = ORIENTED_EDGE ( 'NONE', *, *, #1173, .F. ) ;
#2052 = DIRECTION ( 'NONE',  ( -0.000000000000000000, 1.000000000000000000, -0.000000000000000000 ) ) ;
#2053 = AXIS2_PLACEMENT_3D ( 'NONE', #274, #3237, #3573 ) ;
#2054 = DIRECTION ( 'NONE',  ( 0.000000000000000000, 0.000000000000000000, -1.000000000000000000 ) ) ;
#2055 = DIRECTION ( 'NONE',  ( 1.000000000000000000, 0.000000000000000000, -1.138269997360109674E-16 ) ) ;
#2056 = DIRECTION ( 'NONE',  ( -1.000000000000000000, 0.000000000000000000, 0.000000000000000000 ) ) ;
#2057 = EDGE_LOOP ( 'NONE', ( #3225, #4319, #3640, #2721 ) ) ;
#2058 = EDGE_LOOP ( 'NONE', ( #1072, #2799, #2660, #1066 ) ) ;
#2059 = ORIENTED_EDGE ( 'NONE', *, *, #861, .T. ) ;
#2060 = LINE ( 'NONE', #3521, #2839 ) ;
#2061 = VECTOR ( 'NONE', #4746, 1000.000000000000000 ) ;
#2062 = LINE ( 'NONE', #1683, #3471 ) ;
#2063 = VECTOR ( 'NONE', #3477, 1000.000000000000114 ) ;
#2064 = CARTESIAN_POINT ( 'NONE',  ( 0.000000000000000000, 1.159999999999999920, 0.000000000000000000 ) ) ;
#2065 = ORIENTED_EDGE ( 'NONE', *, *, #2654, .T. ) ;
#2066 = LINE ( 'NONE', #178, #1946 ) ;
#2067 = VECTOR ( 'NONE', #1661, 1000.000000000000114 ) ;
#2068 = EDGE_CURVE ( 'NONE', #376, #2423, #826, .T. ) ;
#2069 = CARTESIAN_POINT ( 'NONE',  ( -2.939999999999999947, 1.160000000000000142, -1.250000000000002665 ) ) ;
#2070 = CARTESIAN_POINT ( 'NONE',  ( 3.979323871292763659, 0.1506761287072352906, -2.612330967823185635 ) ) ;
#2071 = CIRCLE ( 'NONE', #1427, 0.8400000000000003020 ) ;
#2072 = CARTESIAN_POINT ( 'NONE',  ( 6.029999999999998472, 8.400000000000000355, 2.049999999999990941 ) ) ;
#2073 = CARTESIAN_POINT ( 'NONE',  ( -0.2886751345948139758, 3.700000000000000178, 1.250000000000003331 ) ) ;
#2074 = VECTOR ( 'NONE', #1241, 1000.000000000000000 ) ;
#2075 = CARTESIAN_POINT ( 'NONE',  ( -6.030000000000002025, 1.159999999999999920, 0.3200000000000004508 ) ) ;
#2076 = VECTOR ( 'NONE', #761, 1000.000000000000000 ) ;
#2077 = ORIENTED_EDGE ( 'NONE', *, *, #2315, .F. ) ;
#2078 = EDGE_LOOP ( 'NONE', ( #4785, #4003, #1671, #4234 ) ) ;
#2079 = EDGE_CURVE ( 'NONE', #2466, #4397, #2341, .T. ) ;
#2080 = FACE_OUTER_BOUND ( 'NONE', #1707, .T. ) ;
#2081 = DIRECTION ( 'NONE',  ( 0.000000000000000000, 1.000000000000000000, 0.000000000000000000 ) ) ;
#2082 = FACE_OUTER_BOUND ( 'NONE', #1680, .T. ) ;
#2083 = EDGE_CURVE ( 'NONE', #1385, #3672, #3501, .T. ) ;
#2084 = ADVANCED_FACE ( 'NONE', ( #1216 ), #3808, .F. ) ;
#2085 = CARTESIAN_POINT ( 'NONE',  ( -5.480000000000000426, 1.160000000000000142, 1.250000000000001332 ) ) ;
#2086 = ORIENTED_EDGE ( 'NONE', *, *, #1709, .F. ) ;
#2087 = ORIENTED_EDGE ( 'NONE', *, *, #1442, .F. ) ;
#2088 = ORIENTED_EDGE ( 'NONE', *, *, #1997, .T. ) ;
#2089 = CARTESIAN_POINT ( 'NONE',  ( 7.620000000000000107, 3.700000000000000178, -1.250000000000001776 ) ) ;
#2090 = DIRECTION ( 'NONE',  ( -0.2505628070857294221, -0.2505628070857294776, -0.9351131265310304030 ) ) ;
#2091 = PRODUCT_CONTEXT ( 'NONE', #1579, 'mechanical' ) ;
#2092 = PLANE ( 'NONE',  #3362 ) ;
#2093 = EDGE_LOOP ( 'NONE', ( #1459, #241, #1700, #1935 ) ) ;
#2094 = LINE ( 'NONE', #2834, #2565 ) ;
#2095 = CARTESIAN_POINT ( 'NONE',  ( 7.220000000000000639, 1.160000000000000142, 1.250000000000000444 ) ) ;
#2096 = ORIENTED_EDGE ( 'NONE', *, *, #2353, .F. ) ;
#2097 = CARTESIAN_POINT ( 'NONE',  ( -1.590000000000000746, 1.460000000000000187, -0.3200000000000003397 ) ) ;
#2098 = CARTESIAN_POINT ( 'NONE',  ( -2.540000000000000036, 8.400000000000000355, 0.000000000000000000 ) ) ;
#2099 = ORIENTED_EDGE ( 'NONE', *, *, #4164, .F. ) ;
#2100 = CARTESIAN_POINT ( 'NONE',  ( -4.791324865405186095, 1.159999999999999920, -1.250000000000001554 ) ) ;
#2101 = DIRECTION ( 'NONE',  ( 1.000000000000000000, -0.000000000000000000, 0.000000000000000000 ) ) ;
#2102 = DIRECTION ( 'NONE',  ( 1.000000000000000000, 0.000000000000000000, -1.138269997360109674E-16 ) ) ;
#2103 = AXIS2_PLACEMENT_3D ( 'NONE', #1999, #4703, #511 ) ;
#2104 = EDGE_CURVE ( 'NONE', #2380, #2363, #4190, .T. ) ;
#2105 = FACE_OUTER_BOUND ( 'NONE', #1976, .T. ) ;
#2106 = ORIENTED_EDGE ( 'NONE', *, *, #2812, .T. ) ;
#2107 = ORIENTED_EDGE ( 'NONE', *, *, #120, .F. ) ;
#2108 = CARTESIAN_POINT ( 'NONE',  ( 5.079999999999999183, 1.459999999999999964, -0.7500000000000022204 ) ) ;
#2109 = EDGE_CURVE ( 'NONE', #2569, #1131, #1618, .T. ) ;
#2110 = ORIENTED_EDGE ( 'NONE', *, *, #2598, .T. ) ;
#2111 = EDGE_CURVE ( 'NONE', #4457, #3319, #534, .T. ) ;
#2112 = DIRECTION ( 'NONE',  ( 0.000000000000000000, 1.000000000000000000, 0.000000000000000000 ) ) ;
#2113 = LINE ( 'NONE', #650, #4033 ) ;
#2114 = LINE ( 'NONE', #1740, #4580 ) ;
#2115 = EDGE_CURVE ( 'NONE', #4380, #3187, #4590, .T. ) ;
#2116 = CARTESIAN_POINT ( 'NONE',  ( -5.480000000000000426, 1.160000000000000142, -0.7000000000000031752 ) ) ;
#2117 = ORIENTED_EDGE ( 'NONE', *, *, #1291, .F. ) ;
#2118 = ORIENTED_EDGE ( 'NONE', *, *, #4297, .F. ) ;
#2119 = ORIENTED_EDGE ( 'NONE', *, *, #3332, .T. ) ;
#2120 = EDGE_LOOP ( 'NONE', ( #4765, #3289, #373, #3867 ) ) ;
#2121 = LINE ( 'NONE', #3930, #3291 ) ;
#2122 = FACE_OUTER_BOUND ( 'NONE', #4090, .T. ) ;
#2123 = DIRECTION ( 'NONE',  ( -0.5000000000000014433, 0.000000000000000000, 0.8660254037844379305 ) ) ;
#2124 = AXIS2_PLACEMENT_3D ( 'NONE', #1013, #2156, #2516 ) ;
#2125 = AXIS2_PLACEMENT_3D ( 'NONE', #2275, #3745, #2629 ) ;
#2126 = VERTEX_POINT ( 'NONE', #1773 ) ;
#2127 = ADVANCED_FACE ( 'NONE', ( #3609 ), #2887, .T. ) ;
#2128 = ORIENTED_EDGE ( 'NONE', *, *, #1952, .F. ) ;
#2129 = ORIENTED_EDGE ( 'NONE', *, *, #3221, .F. ) ;
#2130 = DIRECTION ( 'NONE',  ( -0.000000000000000000, -0.000000000000000000, 1.000000000000000000 ) ) ;
#2131 = DIRECTION ( 'NONE',  ( -4.235164736271502188E-16, 5.739718509874452474E-31, -1.000000000000000000 ) ) ;
#2132 = DIRECTION ( 'NONE',  ( -1.000000000000000000, 0.000000000000000000, 0.000000000000000000 ) ) ;
#2133 = VERTEX_POINT ( 'NONE', #2169 ) ;
#2134 = DIRECTION ( 'NONE',  ( -1.096141292893649616E-16, 0.9659258262890689783, -0.2588190451025184635 ) ) ;
#2135 = DIRECTION ( 'NONE',  ( -0.000000000000000000, -0.000000000000000000, 1.000000000000000000 ) ) ;
#2136 = CARTESIAN_POINT ( 'NONE',  ( -7.620000000000001883, 0.8600000000000000977, -0.7000000000000031752 ) ) ;
#2137 = EDGE_CURVE ( 'NONE', #2448, #847, #2841, .T. ) ;
#2138 = CARTESIAN_POINT ( 'NONE',  ( 3.489999999999998881, 1.159999999999999920, 0.3199999999999988964 ) ) ;
#2139 = AXIS2_PLACEMENT_3D ( 'NONE', #1665, #927, #581 ) ;
#2140 = ORIENTED_EDGE ( 'NONE', *, *, #1500, .T. ) ;
#2141 = LINE ( 'NONE', #1770, #1664 ) ;
#2142 = EDGE_LOOP ( 'NONE', ( #4418, #3692, #389, #2504 ) ) ;
#2143 = VECTOR ( 'NONE', #1075, 1000.000000000000000 ) ;
#2144 = VECTOR ( 'NONE', #3334, 1000.000000000000000 ) ;
#2145 = EDGE_CURVE ( 'NONE', #3877, #4397, #295, .T. ) ;
#2146 = ORIENTED_EDGE ( 'NONE', *, *, #3567, .F. ) ;
#2147 = VECTOR ( 'NONE', #2649, 1000.000000000000000 ) ;
#2148 = LINE ( 'NONE', #2534, #3209 ) ;
#2149 = VECTOR ( 'NONE', #1457, 999.9999999999998863 ) ;
#2150 = CARTESIAN_POINT ( 'NONE',  ( 3.489999999999998881, 8.400000000000000355, 0.3199999999999985079 ) ) ;
#2151 = DIRECTION ( 'NONE',  ( 0.000000000000000000, 0.000000000000000000, 1.000000000000000000 ) ) ;
#2152 = ORIENTED_EDGE ( 'NONE', *, *, #3565, .T. ) ;
#2153 = FILL_AREA_STYLE_COLOUR ( '', #2017 ) ;
#2154 = EDGE_LOOP ( 'NONE', ( #301, #368, #1722, #4559 ) ) ;
#2155 = DIRECTION ( 'NONE',  ( 1.000000000000000000, -0.000000000000000000, -0.000000000000000000 ) ) ;
#2156 = DIRECTION ( 'NONE',  ( 0.000000000000000000, 0.000000000000000000, -1.000000000000000000 ) ) ;
#2157 = EDGE_LOOP ( 'NONE', ( #1342, #3679, #4161, #1691, #3069, #783, #2243, #2895 ) ) ;
#2158 = VERTEX_POINT ( 'NONE', #4266 ) ;
#2159 = CARTESIAN_POINT ( 'NONE',  ( -7.620000000000001883, 1.460000000000000187, -0.7000000000000031752 ) ) ;
#2160 = DIRECTION ( 'NONE',  ( -0.5000000000000014433, 0.000000000000000000, 0.8660254037844379305 ) ) ;
#2161 = DIRECTION ( 'NONE',  ( -0.5000000000000026645, 0.000000000000000000, -0.8660254037844371533 ) ) ;
#2162 = EDGE_CURVE ( 'NONE', #4076, #796, #2430, .T. ) ;
#2163 = EDGE_LOOP ( 'NONE', ( #366, #3464, #3496, #641 ) ) ;
#2164 = ORIENTED_EDGE ( 'NONE', *, *, #2879, .F. ) ;
#2165 = ADVANCED_FACE ( 'NONE', ( #3927 ), #232, .T. ) ;
#2166 = ADVANCED_FACE ( 'NONE', ( #4561 ), #1988, .F. ) ;
#2167 = EDGE_LOOP ( 'NONE', ( #1857, #439, #325, #1483 ) ) ;
#2168 = AXIS2_PLACEMENT_3D ( 'NONE', #4575, #192, #1289 ) ;
#2169 = CARTESIAN_POINT ( 'NONE',  ( 6.029999999999998472, 0.000000000000000000, 0.5200000000000015721 ) ) ;
#2170 = ADVANCED_FACE ( 'NONE', ( #2551 ), #3774, .F. ) ;
#2171 = ORIENTED_EDGE ( 'NONE', *, *, #768, .T. ) ;
#2172 = ORIENTED_EDGE ( 'NONE', *, *, #2421, .F. ) ;
#2173 = ITEM_DEFINED_TRANSFORMATION ( 'NONE', 'NONE', #145,  #750 ) ;
#2174 = CARTESIAN_POINT ( 'NONE',  ( -5.368675134594814047, 1.459999999999999964, 1.250000000000001332 ) ) ;
#2175 = DIRECTION ( 'NONE',  ( 1.000000000000000000, 0.000000000000000000, -4.235164736271502188E-16 ) ) ;
#2176 = ORIENTED_EDGE ( 'NONE', *, *, #2284, .T. ) ;
#2177 = ORIENTED_EDGE ( 'NONE', *, *, #2979, .F. ) ;
#2178 = VECTOR ( 'NONE', #2056, 1000.000000000000000 ) ;
#2179 = CARTESIAN_POINT ( 'NONE',  ( 2.140000000000000124, 1.160000000000000142, -1.250000000000002887 ) ) ;
#2180 = DIRECTION ( 'NONE',  ( -4.336808689942018229E-16, 0.000000000000000000, -1.000000000000000000 ) ) ;
#2181 = VECTOR ( 'NONE', #1288, 1000.000000000000000 ) ;
#2182 = DIRECTION ( 'NONE',  ( -1.000000000000000000, -0.000000000000000000, 0.000000000000000000 ) ) ;
#2183 = APPLICATION_CONTEXT ( 'automotive_design' ) ;
#2184 = CARTESIAN_POINT ( 'NONE',  ( 6.670000000000000817, 0.6399999999999999023, 0.5200000000000013500 ) ) ;
#2185 = DIRECTION ( 'NONE',  ( -0.000000000000000000, -0.000000000000000000, 1.000000000000000000 ) ) ;
#2186 = VERTEX_POINT ( 'NONE', #4130 ) ;
#2187 = ORIENTED_EDGE ( 'NONE', *, *, #193, .T. ) ;
#2188 = ORIENTED_EDGE ( 'NONE', *, *, #3906, .F. ) ;
#2189 = DIRECTION ( 'NONE',  ( -1.000000000000000000, 0.000000000000000000, 0.000000000000000000 ) ) ;
#2190 = EDGE_CURVE ( 'NONE', #2186, #3928, #4026, .T. ) ;
#2191 = CARTESIAN_POINT ( 'NONE',  ( 5.079999999999999183, 1.459999999999999964, 0.7500000000000026645 ) ) ;
#2192 = ORIENTED_EDGE ( 'NONE', *, *, #619, .T. ) ;
#2193 = CARTESIAN_POINT ( 'NONE',  ( 6.669999999999999041, 0.8399999999999996358, 0.3200000000000015610 ) ) ;
#2194 = CARTESIAN_POINT ( 'NONE',  ( 3.490000000000001545, 0.6399999999999999023, -2.649999999999995026 ) ) ;
#2195 = FACE_OUTER_BOUND ( 'NONE', #635, .T. ) ;
#2196 = FACE_OUTER_BOUND ( 'NONE', #2211, .T. ) ;
#2197 = EDGE_CURVE ( 'NONE', #2049, #3, #4513, .T. ) ;
#2198 = ORIENTED_EDGE ( 'NONE', *, *, #2779, .T. ) ;
#2199 = ORIENTED_EDGE ( 'NONE', *, *, #766, .F. ) ;
#2200 = EDGE_LOOP ( 'NONE', ( #2188, #3262, #4816, #1549 ) ) ;
#2201 = VECTOR ( 'NONE', #688, 1000.000000000000000 ) ;
#2202 = CARTESIAN_POINT ( 'NONE',  ( -2.540000000000000480, 3.700000000000000178, -0.7500000000000014433 ) ) ;
#2203 = LINE ( 'NONE', #4788, #1409 ) ;
#2204 = ORIENTED_EDGE ( 'NONE', *, *, #830, .F. ) ;
#2205 = MECHANICAL_DESIGN_GEOMETRIC_PRESENTATION_REPRESENTATION (  '', ( #625 ), #777 ) ;
#2206 = VERTEX_POINT ( 'NONE', #1826 ) ;
#2207 = LINE ( 'NONE', #3620, #3182 ) ;
#2208 = DIRECTION ( 'NONE',  ( 0.8660254037844371533, 0.000000000000000000, -0.5000000000000026645 ) ) ;
#2209 = CARTESIAN_POINT ( 'NONE',  ( -6.670000000000002593, 3.700000000000000178, 0.3200000000000004508 ) ) ;
#2210 = ORIENTED_EDGE ( 'NONE', *, *, #120, .T. ) ;
#2211 = EDGE_LOOP ( 'NONE', ( #2469, #542, #28, #956 ) ) ;
#2212 = LINE ( 'NONE', #744, #4218 ) ;
#2213 = VECTOR ( 'NONE', #3028, 1000.000000000000000 ) ;
#2214 = LINE ( 'NONE', #1850, #4692 ) ;
#2215 = EDGE_LOOP ( 'NONE', ( #4602, #4020, #1782, #1003 ) ) ;
#2216 = VECTOR ( 'NONE', #2185, 1000.000000000000000 ) ;
#2217 = ORIENTED_EDGE ( 'NONE', *, *, #3270, .T. ) ;
#2218 = DIRECTION ( 'NONE',  ( 1.000000000000000000, 0.000000000000000000, 0.000000000000000000 ) ) ;
#2219 = VECTOR ( 'NONE', #603, 1000.000000000000000 ) ;
#2220 = EDGE_CURVE ( 'NONE', #1554, #3088, #3047, .T. ) ;
#2221 = LINE ( 'NONE', #3688, #3997 ) ;
#2222 = CARTESIAN_POINT ( 'NONE',  ( -7.620000000000001883, 1.159999999999999920, -0.7500000000000027756 ) ) ;
#2223 = DIRECTION ( 'NONE',  ( -0.000000000000000000, 1.000000000000000000, -0.000000000000000000 ) ) ;
#2224 = VECTOR ( 'NONE', #3907, 1000.000000000000000 ) ;
#2225 = VERTEX_POINT ( 'NONE', #2193 ) ;
#2226 = VERTEX_POINT ( 'NONE', #2352 ) ;
#2227 = EDGE_CURVE ( 'NONE', #2560, #3673, #3653, .T. ) ;
#2228 = VECTOR ( 'NONE', #3188, 1000.000000000000000 ) ;
#2229 = EDGE_CURVE ( 'NONE', #3673, #188, #1634, .T. ) ;
#2230 = DIRECTION ( 'NONE',  ( 0.2505628070857300882, -0.9351131265310301810, 0.2505628070857300882 ) ) ;
#2231 = EDGE_CURVE ( 'NONE', #1127, #979, #4201, .T. ) ;
#2232 = EDGE_CURVE ( 'NONE', #3399, #3088, #2755, .T. ) ;
#2233 = DIRECTION ( 'NONE',  ( -1.000000000000000000, 0.000000000000000000, 0.000000000000000000 ) ) ;
#2234 = LINE ( 'NONE', #243, #406 ) ;
#2235 = DIRECTION ( 'NONE',  ( -0.000000000000000000, 1.000000000000000000, -0.000000000000000000 ) ) ;
#2236 = LINE ( 'NONE', #3747, #829 ) ;
#2237 = EDGE_CURVE ( 'NONE', #790, #3369, #3466, .T. ) ;
#2238 = CARTESIAN_POINT ( 'NONE',  ( 4.129999999999998117, 3.700000000000000178, 0.3199999999999988964 ) ) ;
#2239 = ORIENTED_EDGE ( 'NONE', *, *, #1413, .T. ) ;
#2240 = ORIENTED_EDGE ( 'NONE', *, *, #215, .F. ) ;
#2241 = FACE_OUTER_BOUND ( 'NONE', #4727, .T. ) ;
#2242 = FACE_OUTER_BOUND ( 'NONE', #2163, .T. ) ;
#2243 = ORIENTED_EDGE ( 'NONE', *, *, #3643, .T. ) ;
#2244 = EDGE_LOOP ( 'NONE', ( #4025, #3691, #3154, #3491 ) ) ;
#2245 = CARTESIAN_POINT ( 'NONE',  ( -7.620000000000001883, 0.8600000000000000977, 0.7000000000000030642 ) ) ;
#2246 = CARTESIAN_POINT ( 'NONE',  ( -6.670000000000002593, 3.700000000000000178, -0.3199999999999996181 ) ) ;
#2247 = CARTESIAN_POINT ( 'NONE',  ( -7.620000000000001883, 3.700000000000000178, -0.7500000000000027756 ) ) ;
#2248 = ORIENTED_EDGE ( 'NONE', *, *, #4802, .T. ) ;
#2249 = ORIENTED_EDGE ( 'NONE', *, *, #320, .F. ) ;
#2250 = EDGE_CURVE ( 'NONE', #962, #4738, #1609, .T. ) ;
#2251 = LINE ( 'NONE', #4811, #955 ) ;
#2252 = PLANE ( 'NONE',  #1021 ) ;
#2253 = FACE_OUTER_BOUND ( 'NONE', #1373, .T. ) ;
#2254 = ORIENTED_EDGE ( 'NONE', *, *, #3467, .T. ) ;
#2255 = CARTESIAN_POINT ( 'NONE',  ( 7.220000000000000639, 1.160000000000000142, -1.250000000000002665 ) ) ;
#2256 = AXIS2_PLACEMENT_3D ( 'NONE', #364, #1085, #4121 ) ;
#2257 = VECTOR ( 'NONE', #4463, 1000.000000000000000 ) ;
#2258 = EDGE_CURVE ( 'NONE', #3623, #3242, #146, .T. ) ;
#2259 = LINE ( 'NONE', #1020, #704 ) ;
#2260 = VECTOR ( 'NONE', #3455, 1000.000000000000000 ) ;
#2261 = CARTESIAN_POINT ( 'NONE',  ( 3.489999999999998881, 0.8400000000000005240, 0.3199999999999985079 ) ) ;
#2262 = ADVANCED_FACE ( 'NONE', ( #173 ), #2730, .F. ) ;
#2263 = ORIENTED_EDGE ( 'NONE', *, *, #3411, .F. ) ;
#2264 = VERTEX_POINT ( 'NONE', #4307 ) ;
#2265 = CARTESIAN_POINT ( 'NONE',  ( 5.079999999999999183, 1.159999999999999920, -0.7500000000000022204 ) ) ;
#2266 = LINE ( 'NONE', #4518, #2143 ) ;
#2267 = ORIENTED_EDGE ( 'NONE', *, *, #3271, .F. ) ;
#2268 = CARTESIAN_POINT ( 'NONE',  ( 4.679999999999999716, 1.459999999999999964, -1.250000000000002442 ) ) ;
#2269 = ORIENTED_EDGE ( 'NONE', *, *, #2258, .T. ) ;
#2270 = PLANE ( 'NONE',  #1992 ) ;
#2271 = DIRECTION ( 'NONE',  ( 0.5000000000000014433, -0.000000000000000000, 0.8660254037844379305 ) ) ;
#2272 = ORIENTED_EDGE ( 'NONE', *, *, #1489, .T. ) ;
#2273 = CARTESIAN_POINT ( 'NONE',  ( 0.2886751345948148639, 3.700000000000000178, -1.250000000000001554 ) ) ;
#2274 = DIRECTION ( 'NONE',  ( 0.000000000000000000, 0.000000000000000000, -1.000000000000000000 ) ) ;
#2275 = CARTESIAN_POINT ( 'NONE',  ( 2.539999999999999591, 1.159999999999999920, 0.7500000000000029976 ) ) ;
#2276 = ORIENTED_EDGE ( 'NONE', *, *, #163, .T. ) ;
#2277 = CARTESIAN_POINT ( 'NONE',  ( -0.9500000000000011768, 1.460000000000000187, 0.3199999999999996736 ) ) ;
#2278 = ORIENTED_EDGE ( 'NONE', *, *, #1548, .T. ) ;
#2279 = CARTESIAN_POINT ( 'NONE',  ( 7.331324865405185243, 1.459999999999999964, -1.250000000000002665 ) ) ;
#2280 = LINE ( 'NONE', #3095, #2213 ) ;
#2281 = LINE ( 'NONE', #19, #3137 ) ;
#2282 = VECTOR ( 'NONE', #3586, 1000.000000000000000 ) ;
#2283 = CARTESIAN_POINT ( 'NONE',  ( 0.4000000000000001887, 1.459999999999999964, -1.250000000000002665 ) ) ;
#2284 = EDGE_CURVE ( 'NONE', #974, #3706, #4253, .T. ) ;
#2285 = DIRECTION ( 'NONE',  ( -0.000000000000000000, 0.000000000000000000, 1.000000000000000000 ) ) ;
#2286 = VERTEX_POINT ( 'NONE', #2397 ) ;
#2287 = DIRECTION ( 'NONE',  ( 0.000000000000000000, -1.000000000000000000, 0.000000000000000000 ) ) ;
#2288 = VECTOR ( 'NONE', #196, 1000.000000000000000 ) ;
#2289 = EDGE_CURVE ( 'NONE', #1812, #188, #2468, .T. ) ;
#2290 = EDGE_CURVE ( 'NONE', #3963, #4698, #2008, .T. ) ;
#2291 = ORIENTED_EDGE ( 'NONE', *, *, #3220, .F. ) ;
#2292 = CARTESIAN_POINT ( 'NONE',  ( -1.590000000000000746, 1.460000000000000187, 0.3199999999999996736 ) ) ;
#2293 = CARTESIAN_POINT ( 'NONE',  ( -0.4000000000000001887, 1.160000000000000142, -1.250000000000002665 ) ) ;
#2294 = AXIS2_PLACEMENT_3D ( 'NONE', #1319, #1343, #2009 ) ;
#2295 = LINE ( 'NONE', #1878, #4504 ) ;
#2296 = EDGE_CURVE ( 'NONE', #4292, #3071, #1247, .T. ) ;
#2297 = EDGE_LOOP ( 'NONE', ( #1252, #743, #4396, #2026 ) ) ;
#2298 = VERTEX_POINT ( 'NONE', #3896 ) ;
#2299 = VECTOR ( 'NONE', #2502, 1000.000000000000000 ) ;
#2300 = ORIENTED_EDGE ( 'NONE', *, *, #4682, .F. ) ;
#2301 = LINE ( 'NONE', #3743, #404 ) ;
#2302 = DIRECTION ( 'NONE',  ( -1.000000000000000000, 0.000000000000000000, 0.000000000000000000 ) ) ;
#2303 = LINE ( 'NONE', #4177, #2589 ) ;
#2304 = VECTOR ( 'NONE', #2151, 1000.000000000000000 ) ;
#2305 = CARTESIAN_POINT ( 'NONE',  ( -2.939999999999999947, 1.160000000000000142, -0.7000000000000031752 ) ) ;
#2306 = VECTOR ( 'NONE', #2451, 1000.000000000000000 ) ;
#2307 = DIRECTION ( 'NONE',  ( 0.8660254037844371533, 0.000000000000000000, -0.5000000000000026645 ) ) ;
#2308 = VECTOR ( 'NONE', #3396, 1000.000000000000000 ) ;
#2309 = VECTOR ( 'NONE', #4666, 1000.000000000000000 ) ;
#2310 = DIRECTION ( 'NONE',  ( 0.000000000000000000, 1.000000000000000000, 0.000000000000000000 ) ) ;
#2311 = LINE ( 'NONE', #3776, #4060 ) ;
#2312 = ORIENTED_EDGE ( 'NONE', *, *, #4535, .T. ) ;
#2313 = LINE ( 'NONE', #822, #1121 ) ;
#2314 = ORIENTED_EDGE ( 'NONE', *, *, #4171, .F. ) ;
#2315 = EDGE_CURVE ( 'NONE', #78, #1621, #1658, .T. ) ;
#2316 = ADVANCED_FACE ( 'NONE', ( #3939 ), #3167, .F. ) ;
#2317 = EDGE_LOOP ( 'NONE', ( #367, #4705, #4085, #430, #3624, #418, #1679, #1880 ) ) ;
#2318 = ADVANCED_FACE ( 'NONE', ( #591 ), #1297, .F. ) ;
#2319 = DIRECTION ( 'NONE',  ( -0.000000000000000000, 0.000000000000000000, 1.000000000000000000 ) ) ;
#2320 = CARTESIAN_POINT ( 'NONE',  ( 4.129999999999998117, 8.400000000000000355, -0.3200000000000015610 ) ) ;
#2321 = CARTESIAN_POINT ( 'NONE',  ( 5.480000000000000426, 1.459999999999999964, 1.249999999999999778 ) ) ;
#2322 = CARTESIAN_POINT ( 'NONE',  ( 4.130000000000001670, 0.8399999999999999689, -0.5200000000000013500 ) ) ;
#2323 = EDGE_CURVE ( 'NONE', #308, #3706, #2060, .T. ) ;
#2324 = ORIENTED_EDGE ( 'NONE', *, *, #4286, .F. ) ;
#2325 = ORIENTED_EDGE ( 'NONE', *, *, #194, .F. ) ;
#2326 = FACE_OUTER_BOUND ( 'NONE', #2058, .T. ) ;
#2327 = DIRECTION ( 'NONE',  ( -1.000000000000000000, 0.000000000000000000, 0.000000000000000000 ) ) ;
#2328 = AXIS2_PLACEMENT_3D ( 'NONE', #87, #3384, #2628 ) ;
#2329 = LINE ( 'NONE', #1576, #1729 ) ;
#2330 = ORIENTED_EDGE ( 'NONE', *, *, #2583, .T. ) ;
#2331 = CARTESIAN_POINT ( 'NONE',  ( 2.140000000000000124, 1.160000000000000142, -1.250000000000002887 ) ) ;
#2332 = ORIENTED_EDGE ( 'NONE', *, *, #507, .F. ) ;
#2333 = LINE ( 'NONE', #2731, #3578 ) ;
#2334 = CARTESIAN_POINT ( 'NONE',  ( 3.489999999999998881, 1.460000000000000187, 0.3199999999999988964 ) ) ;
#2335 = VECTOR ( 'NONE', #3000, 1000.000000000000000 ) ;
#2336 = CARTESIAN_POINT ( 'NONE',  ( 6.030000000000000249, 0.6399999999999999023, 0.5200000000000013500 ) ) ;
#2337 = ORIENTED_EDGE ( 'NONE', *, *, #1314, .T. ) ;
#2338 = CARTESIAN_POINT ( 'NONE',  ( 6.669999999999999041, 8.400000000000000355, -0.1592304845413246572 ) ) ;
#2339 = VECTOR ( 'NONE', #2668, 1000.000000000000000 ) ;
#2340 = CARTESIAN_POINT ( 'NONE',  ( -5.080000000000000959, 3.700000000000000178, 0.7500000000000032196 ) ) ;
#2341 = LINE ( 'NONE', #4548, #3360 ) ;
#2342 = CARTESIAN_POINT ( 'NONE',  ( 3.969230484541324433, 8.400000000000000355, -0.1592304845413276826 ) ) ;
#2343 = ORIENTED_EDGE ( 'NONE', *, *, #2115, .F. ) ;
#2344 = VERTEX_POINT ( 'NONE', #1317 ) ;
#2345 = ORIENTED_EDGE ( 'NONE', *, *, #3440, .F. ) ;
#2346 = PLANE ( 'NONE',  #26 ) ;
#2347 = LINE ( 'NONE', #2748, #3807 ) ;
#2348 = LINE ( 'NONE', #1290, #2914 ) ;
#2349 = CARTESIAN_POINT ( 'NONE',  ( 5.368675134594814047, 3.700000000000000178, -1.250000000000002220 ) ) ;
#2350 = AXIS2_PLACEMENT_3D ( 'NONE', #1833, #3557, #1379 ) ;
#2351 = FACE_OUTER_BOUND ( 'NONE', #1648, .T. ) ;
#2352 = CARTESIAN_POINT ( 'NONE',  ( 6.029999999999998472, 7.799999999999996270, 0.3200000000000015610 ) ) ;
#2353 = EDGE_CURVE ( 'NONE', #2423, #2920, #4278, .T. ) ;
#2354 = FACE_OUTER_BOUND ( 'NONE', #3583, .T. ) ;
#2355 = CARTESIAN_POINT ( 'NONE',  ( -2.539999999999998703, 0.1607695154586729902, -2.649999999999996803 ) ) ;
#2356 = ORIENTED_EDGE ( 'NONE', *, *, #2229, .T. ) ;
#2357 = VECTOR ( 'NONE', #1124, 1000.000000000000000 ) ;
#2358 = DIRECTION ( 'NONE',  ( -0.5000000000000026645, -0.000000000000000000, -0.8660254037844372643 ) ) ;
#2359 = CARTESIAN_POINT ( 'NONE',  ( 0.4000000000000001887, 1.160000000000000142, 1.250000000000000444 ) ) ;
#2360 = DIRECTION ( 'NONE',  ( -1.000000000000000000, 0.000000000000000000, 0.000000000000000000 ) ) ;
#2361 = VECTOR ( 'NONE', #2404, 1000.000000000000114 ) ;
#2362 = ORIENTED_EDGE ( 'NONE', *, *, #3160, .F. ) ;
#2363 = VERTEX_POINT ( 'NONE', #3917 ) ;
#2364 = FACE_OUTER_BOUND ( 'NONE', #92, .T. ) ;
#2365 = CARTESIAN_POINT ( 'NONE',  ( 0.000000000000000000, 8.400000000000000355, 0.000000000000000000 ) ) ;
#2366 = DIRECTION ( 'NONE',  ( -0.000000000000000000, -0.000000000000000000, 1.000000000000000000 ) ) ;
#2367 = EDGE_CURVE ( 'NONE', #3333, #4397, #574, .T. ) ;
#2368 = VECTOR ( 'NONE', #999, 1000.000000000000000 ) ;
#2369 = EDGE_CURVE ( 'NONE', #3238, #4150, #1761, .T. ) ;
#2370 = CARTESIAN_POINT ( 'NONE',  ( -7.220000000000000639, 1.159999999999999920, -0.7000000000000031752 ) ) ;
#2371 = EDGE_CURVE ( 'NONE', #4566, #1621, #1787, .T. ) ;
#2372 = ORIENTED_EDGE ( 'NONE', *, *, #2227, .F. ) ;
#2373 = VECTOR ( 'NONE', #3400, 1000.000000000000000 ) ;
#2374 = DIRECTION ( 'NONE',  ( 0.000000000000000000, -1.000000000000000000, 0.000000000000000000 ) ) ;
#2375 = VECTOR ( 'NONE', #2384, 1000.000000000000000 ) ;
#2376 = DIRECTION ( 'NONE',  ( 1.000000000000000000, 0.000000000000000000, -1.138269997360109674E-16 ) ) ;
#2377 = AXIS2_PLACEMENT_3D ( 'NONE', #1690, #3178, #2861 ) ;
#2378 = VECTOR ( 'NONE', #3462, 999.9999999999998863 ) ;
#2379 = PLANE ( 'NONE',  #3524 ) ;
#2380 = VERTEX_POINT ( 'NONE', #3966 ) ;
#2381 = CARTESIAN_POINT ( 'NONE',  ( 6.669999999999999041, 1.159999999999999920, -0.3200000000000015610 ) ) ;
#2382 = EDGE_CURVE ( 'NONE', #790, #593, #2562, .T. ) ;
#2383 = CARTESIAN_POINT ( 'NONE',  ( 3.650769515458671677, -1.836709923159818538E-31, -2.649999999999994582 ) ) ;
#2384 = DIRECTION ( 'NONE',  ( -1.000000000000000000, 0.000000000000000000, 0.000000000000000000 ) ) ;
#2385 = DIRECTION ( 'NONE',  ( -0.000000000000000000, -1.000000000000000000, -0.000000000000000000 ) ) ;
#2386 = ORIENTED_EDGE ( 'NONE', *, *, #1078, .F. ) ;
#2387 = ORIENTED_EDGE ( 'NONE', *, *, #3631, .T. ) ;
#2388 = ORIENTED_EDGE ( 'NONE', *, *, #2878, .F. ) ;
#2389 = DIRECTION ( 'NONE',  ( 0.000000000000000000, 0.000000000000000000, 1.000000000000000000 ) ) ;
#2390 = CARTESIAN_POINT ( 'NONE',  ( 2.139999999999999680, 1.460000000000000187, 0.7000000000000030642 ) ) ;
#2391 = DIRECTION ( 'NONE',  ( -0.000000000000000000, 1.000000000000000000, -0.000000000000000000 ) ) ;
#2392 = LINE ( 'NONE', #471, #3870 ) ;
#2393 = ORIENTED_EDGE ( 'NONE', *, *, #2930, .T. ) ;
#2394 = EDGE_LOOP ( 'NONE', ( #716, #4043, #4165, #2086 ) ) ;
#2395 = VERTEX_POINT ( 'NONE', #1012 ) ;
#2396 = VECTOR ( 'NONE', #2302, 1000.000000000000000 ) ;
#2397 = CARTESIAN_POINT ( 'NONE',  ( 0.9499999999999986233, 1.460000000000000187, -0.3200000000000007838 ) ) ;
#2398 = CARTESIAN_POINT ( 'NONE',  ( -7.620000000000000107, 1.159999999999999920, 1.250000000000000666 ) ) ;
#2399 = CARTESIAN_POINT ( 'NONE',  ( 4.129999999999998117, 0.000000000000000000, -2.049999999999989608 ) ) ;
#2400 = ORIENTED_EDGE ( 'NONE', *, *, #2808, .T. ) ;
#2401 = LINE ( 'NONE', #4211, #1541 ) ;
#2402 = EDGE_CURVE ( 'NONE', #3611, #2466, #615, .T. ) ;
#2403 = DIRECTION ( 'NONE',  ( 0.9659258262890689783, 1.485548463882955964E-31, 0.2588190451025184635 ) ) ;
#2404 = DIRECTION ( 'NONE',  ( 0.2505628070857300882, -0.9351131265310301810, -0.2505628070857300882 ) ) ;
#2405 = VECTOR ( 'NONE', #1198, 1000.000000000000000 ) ;
#2406 = PLANE ( 'NONE',  #2671 ) ;
#2407 = DIRECTION ( 'NONE',  ( 0.000000000000000000, 0.000000000000000000, -1.000000000000000000 ) ) ;
#2408 = VECTOR ( 'NONE', #2474, 1000.000000000000000 ) ;
#2409 = LINE ( 'NONE', #1567, #1123 ) ;
#2410 = AXIS2_PLACEMENT_3D ( 'NONE', #4780, #4401, #1448 ) ;
#2411 = ORIENTED_EDGE ( 'NONE', *, *, #415, .F. ) ;
#2412 = AXIS2_PLACEMENT_3D ( 'NONE', #686, #3938, #3694 ) ;
#2413 = LINE ( 'NONE', #4640, #4306 ) ;
#2414 = LINE ( 'NONE', #2725, #4815 ) ;
#2415 = DIRECTION ( 'NONE',  ( 0.5000000000000026645, 0.000000000000000000, -0.8660254037844372643 ) ) ;
#2416 = EDGE_LOOP ( 'NONE', ( #961, #4092, #3111, #447 ) ) ;
#2417 = VERTEX_POINT ( 'NONE', #1386 ) ;
#2418 = DIRECTION ( 'NONE',  ( -0.5000000000000026645, 0.000000000000000000, 0.8660254037844371533 ) ) ;
#2419 = EDGE_CURVE ( 'NONE', #2344, #3224, #2586, .T. ) ;
#2420 = FACE_OUTER_BOUND ( 'NONE', #4204, .T. ) ;
#2421 = EDGE_CURVE ( 'NONE', #1769, #2566, #1406, .T. ) ;
#2422 = CARTESIAN_POINT ( 'NONE',  ( -4.130000000000001670, 1.159999999999999920, 0.3200000000000000622 ) ) ;
#2423 = VERTEX_POINT ( 'NONE', #3272 ) ;
#2424 = CARTESIAN_POINT ( 'NONE',  ( 6.029999999999998472, 7.799999999999996270, 0.3200000000000015610 ) ) ;
#2425 = CARTESIAN_POINT ( 'NONE',  ( -3.490000000000001990, 1.159999999999999920, 0.3200000000000000622 ) ) ;
#2426 = EDGE_CURVE ( 'NONE', #2514, #3630, #687, .T. ) ;
#2427 = ADVANCED_FACE ( 'NONE', ( #646 ), #3300, .T. ) ;
#2428 = EDGE_CURVE ( 'NONE', #1536, #3045, #4718, .T. ) ;
#2429 = VECTOR ( 'NONE', #3748, 1000.000000000000000 ) ;
#2430 = LINE ( 'NONE', #952, #2306 ) ;
#2431 = EDGE_LOOP ( 'NONE', ( #938, #1492, #354, #4094 ) ) ;
#2432 = VECTOR ( 'NONE', #4558, 1000.000000000000000 ) ;
#2433 = CARTESIAN_POINT ( 'NONE',  ( -7.620000000000001883, 1.460000000000000187, 0.7000000000000030642 ) ) ;
#2434 = PLANE ( 'NONE',  #3734 ) ;
#2435 = CARTESIAN_POINT ( 'NONE',  ( -7.220000000000000639, 1.459999999999999964, -1.250000000000002442 ) ) ;
#2436 = FACE_OUTER_BOUND ( 'NONE', #2621, .T. ) ;
#2437 = EDGE_LOOP ( 'NONE', ( #4809, #2792, #1870, #1975 ) ) ;
#2438 = VERTEX_POINT ( 'NONE', #989 ) ;
#2439 = CARTESIAN_POINT ( 'NONE',  ( 6.029999999999998472, 1.159999999999999920, -0.3200000000000015610 ) ) ;
#2440 = VECTOR ( 'NONE', #3727, 1000.000000000000000 ) ;
#2441 = CARTESIAN_POINT ( 'NONE',  ( -7.620000000000000107, 1.159999999999999920, 1.250000000000000666 ) ) ;
#2442 = AXIS2_PLACEMENT_3D ( 'NONE', #1485, #2978, #2907 ) ;
#2443 = LINE ( 'NONE', #923, #4695 ) ;
#2444 = CARTESIAN_POINT ( 'NONE',  ( 7.220000000000000639, 1.160000000000000142, 0.7000000000000029532 ) ) ;
#2445 = VECTOR ( 'NONE', #3170, 1000.000000000000000 ) ;
#2446 = CARTESIAN_POINT ( 'NONE',  ( 0.2886751345948148639, 3.700000000000000178, 1.250000000000003331 ) ) ;
#2447 = FILL_AREA_STYLE_COLOUR ( '', #3053 ) ;
#2448 = VERTEX_POINT ( 'NONE', #2851 ) ;
#2449 = AXIS2_PLACEMENT_3D ( 'NONE', #4181, #3073, #1532 ) ;
#2450 = VECTOR ( 'NONE', #3132, 1000.000000000000000 ) ;
#2451 = DIRECTION ( 'NONE',  ( -0.000000000000000000, 1.000000000000000000, -0.000000000000000000 ) ) ;
#2452 = ADVANCED_FACE ( 'NONE', ( #4742 ), #3644, .T. ) ;
#2453 = EDGE_CURVE ( 'NONE', #2935, #2448, #3592, .T. ) ;
#2454 = ORIENTED_EDGE ( 'NONE', *, *, #3934, .T. ) ;
#2455 = EDGE_LOOP ( 'NONE', ( #700, #3686, #3131, #3953 ) ) ;
#2456 = ORIENTED_EDGE ( 'NONE', *, *, #189, .F. ) ;
#2457 = DIRECTION ( 'NONE',  ( -0.5000000000000014433, 0.000000000000000000, 0.8660254037844379305 ) ) ;
#2458 = EDGE_CURVE ( 'NONE', #4039, #2694, #1092, .T. ) ;
#2459 = CARTESIAN_POINT ( 'NONE',  ( 5.079999999999999183, 3.700000000000000178, 0.7500000000000026645 ) ) ;
#2460 = DIRECTION ( 'NONE',  ( 1.000000000000000000, -0.000000000000000000, -0.000000000000000000 ) ) ;
#2461 = LINE ( 'NONE', #587, #2304 ) ;
#2462 = EDGE_CURVE ( 'NONE', #3750, #4380, #2234, .T. ) ;
#2463 = ADVANCED_FACE ( 'NONE', ( #4015 ), #4762, .F. ) ;
#2464 =( NAMED_UNIT ( * ) PLANE_ANGLE_UNIT ( ) SI_UNIT ( $, .RADIAN. ) );
#2465 = VERTEX_POINT ( 'NONE', #1063 ) ;
#2466 = VERTEX_POINT ( 'NONE', #2202 ) ;
#2467 = EDGE_CURVE ( 'NONE', #3483, #4356, #2700, .T. ) ;
#2468 = LINE ( 'NONE', #501, #4220 ) ;
#2469 = ORIENTED_EDGE ( 'NONE', *, *, #4593, .T. ) ;
#2470 = FACE_BOUND ( 'NONE', #2154, .T. ) ;
#2471 = APPLICATION_PROTOCOL_DEFINITION ( 'draft international standard', 'automotive_design', 1998, #4659 ) ;
#2472 = PLANE ( 'NONE',  #1991 ) ;
#2473 = DIRECTION ( 'NONE',  ( 1.000000000000000000, -0.000000000000000000, 0.000000000000000000 ) ) ;
#2474 = DIRECTION ( 'NONE',  ( -1.000000000000000000, 0.000000000000000000, 4.235164736271502188E-16 ) ) ;
#2475 = DIRECTION ( 'NONE',  ( -0.000000000000000000, -1.000000000000000000, -0.000000000000000000 ) ) ;
#2476 = EDGE_LOOP ( 'NONE', ( #3765, #1839, #1065, #2838 ) ) ;
#2477 = LINE ( 'NONE', #3951, #2219 ) ;
#2478 = CARTESIAN_POINT ( 'NONE',  ( 5.480000000000000426, 1.459999999999999964, 1.249999999999999778 ) ) ;
#2479 = VERTEX_POINT ( 'NONE', #371 ) ;
#2480 = EDGE_CURVE ( 'NONE', #3788, #1275, #4530, .T. ) ;
#2481 = ORIENTED_EDGE ( 'NONE', *, *, #2654, .F. ) ;
#2482 = VERTEX_POINT ( 'NONE', #838 ) ;
#2483 = ORIENTED_EDGE ( 'NONE', *, *, #2290, .F. ) ;
#2484 = VECTOR ( 'NONE', #141, 1000.000000000000000 ) ;
#2485 = DIRECTION ( 'NONE',  ( 1.000000000000000000, -0.000000000000000000, 0.000000000000000000 ) ) ;
#2486 = DIRECTION ( 'NONE',  ( -0.5000000000000014433, 0.000000000000000000, 0.8660254037844379305 ) ) ;
#2487 = CARTESIAN_POINT ( 'NONE',  ( -7.220000000000000639, 1.460000000000000187, 0.7000000000000030642 ) ) ;
#2488 = AXIS2_PLACEMENT_3D ( 'NONE', #3613, #2101, #1363 ) ;
#2489 = ORIENTED_EDGE ( 'NONE', *, *, #4019, .F. ) ;
#2490 = ORIENTED_EDGE ( 'NONE', *, *, #1849, .T. ) ;
#2491 = ORIENTED_EDGE ( 'NONE', *, *, #3703, .T. ) ;
#2492 = EDGE_CURVE ( 'NONE', #421, #2794, #3385, .T. ) ;
#2493 = CARTESIAN_POINT ( 'NONE',  ( -2.540000000000000036, 0.000000000000000000, 0.000000000000000000 ) ) ;
#2494 = CARTESIAN_POINT ( 'NONE',  ( -2.139999999999999680, 1.459999999999999964, -1.250000000000002665 ) ) ;
#2495 = DIRECTION ( 'NONE',  ( 0.000000000000000000, -0.000000000000000000, 1.000000000000000000 ) ) ;
#2496 = DIRECTION ( 'NONE',  ( -0.000000000000000000, 1.000000000000000000, -0.000000000000000000 ) ) ;
#2497 = ORIENTED_EDGE ( 'NONE', *, *, #3305, .F. ) ;
#2498 = CARTESIAN_POINT ( 'NONE',  ( -2.540000000000000480, 1.159999999999999920, 0.7500000000000033307 ) ) ;
#2499 = LINE ( 'NONE', #3600, #361 ) ;
#2500 = EDGE_CURVE ( 'NONE', #3071, #1624, #4222, .T. ) ;
#2501 = AXIS2_PLACEMENT_3D ( 'NONE', #4246, #1242, #1675 ) ;
#2502 = DIRECTION ( 'NONE',  ( -0.000000000000000000, -0.000000000000000000, 1.000000000000000000 ) ) ;
#2503 = PRESENTATION_STYLE_ASSIGNMENT (( #230 ) ) ;
#2504 = ORIENTED_EDGE ( 'NONE', *, *, #4538, .F. ) ;
#2505 = CARTESIAN_POINT ( 'NONE',  ( 2.539999999999999591, 3.700000000000000178, 0.7500000000000029976 ) ) ;
#2506 = VERTEX_POINT ( 'NONE', #3512 ) ;
#2507 = ORIENTED_EDGE ( 'NONE', *, *, #2691, .T. ) ;
#2508 = CONTEXT_DEPENDENT_SHAPE_REPRESENTATION ( #1774, #3072 ) ;
#2509 = PLANE ( 'NONE',  #2681 ) ;
#2510 = CARTESIAN_POINT ( 'NONE',  ( -2.139999999999999680, 1.160000000000000142, -1.250000000000002665 ) ) ;
#2511 = CARTESIAN_POINT ( 'NONE',  ( -4.679999999999999716, 1.459999999999999964, -1.250000000000002665 ) ) ;
#2512 = ORIENTED_EDGE ( 'NONE', *, *, #4732, .T. ) ;
#2513 = DIRECTION ( 'NONE',  ( 0.000000000000000000, 0.000000000000000000, 1.000000000000000000 ) ) ;
#2514 = VERTEX_POINT ( 'NONE', #4197 ) ;
#2515 = DIRECTION ( 'NONE',  ( -0.000000000000000000, -0.000000000000000000, 1.000000000000000000 ) ) ;
#2516 = DIRECTION ( 'NONE',  ( -1.000000000000000000, 0.000000000000000000, -0.000000000000000000 ) ) ;
#2517 = EDGE_CURVE ( 'NONE', #421, #940, #4643, .T. ) ;
#2518 = EDGE_CURVE ( 'NONE', #4544, #2680, #4273, .T. ) ;
#2519 = ORIENTED_EDGE ( 'NONE', *, *, #2426, .F. ) ;
#2520 = EDGE_CURVE ( 'NONE', #1330, #3625, #860, .T. ) ;
#2521 = DIRECTION ( 'NONE',  ( -0.000000000000000000, 0.2588190451025190741, 0.9659258262890687563 ) ) ;
#2522 = ADVANCED_FACE ( 'NONE', ( #466 ), #3434, .F. ) ;
#2523 = CARTESIAN_POINT ( 'NONE',  ( 0.000000000000000000, 3.700000000000000178, 0.7500000000000032196 ) ) ;
#2524 = PLANE ( 'NONE',  #950 ) ;
#2525 = EDGE_LOOP ( 'NONE', ( #1954, #2400, #2543, #3993, #4276, #4035, #682, #2702 ) ) ;
#2526 = VECTOR ( 'NONE', #3924, 1000.000000000000000 ) ;
#2527 = CARTESIAN_POINT ( 'NONE',  ( 3.969230484541326209, 0.4792304845413269399, -2.649999999999994582 ) ) ;
#2528 = VERTEX_POINT ( 'NONE', #888 ) ;
#2529 = VECTOR ( 'NONE', #4471, 1000.000000000000000 ) ;
#2530 = VECTOR ( 'NONE', #779, 1000.000000000000000 ) ;
#2531 = ORIENTED_EDGE ( 'NONE', *, *, #619, .F. ) ;
#2532 = ORIENTED_EDGE ( 'NONE', *, *, #2162, .F. ) ;
#2533 = VECTOR ( 'NONE', #1562, 1000.000000000000000 ) ;
#2534 = CARTESIAN_POINT ( 'NONE',  ( 3.262102355330311898, -0.2278976446696873992, -1.199474411167431365 ) ) ;
#2535 = VECTOR ( 'NONE', #1264, 1000.000000000000000 ) ;
#2536 = FACE_OUTER_BOUND ( 'NONE', #1162, .T. ) ;
#2537 = CARTESIAN_POINT ( 'NONE',  ( -0.9500000000000011768, 1.159999999999999920, 0.3199999999999996736 ) ) ;
#2538 = ORIENTED_EDGE ( 'NONE', *, *, #1866, .F. ) ;
#2539 = LINE ( 'NONE', #1807, #2788 ) ;
#2540 = ORIENTED_EDGE ( 'NONE', *, *, #1582, .T. ) ;
#2541 = VERTEX_POINT ( 'NONE', #4599 ) ;
#2542 = CARTESIAN_POINT ( 'NONE',  ( 7.620000000000000107, 3.700000000000000178, -0.7500000000000017764 ) ) ;
#2543 = ORIENTED_EDGE ( 'NONE', *, *, #4685, .T. ) ;
#2544 = DIRECTION ( 'NONE',  ( -0.000000000000000000, -1.000000000000000000, -0.000000000000000000 ) ) ;
#2545 = FACE_OUTER_BOUND ( 'NONE', #1638, .T. ) ;
#2546 = PLANE ( 'NONE',  #4216 ) ;
#2547 = ORIENTED_EDGE ( 'NONE', *, *, #1243, .T. ) ;
#2548 = ORIENTED_EDGE ( 'NONE', *, *, #3313, .T. ) ;
#2549 = PLANE ( 'NONE',  #101 ) ;
#2550 = ORIENTED_EDGE ( 'NONE', *, *, #3786, .T. ) ;
#2551 = FACE_OUTER_BOUND ( 'NONE', #2167, .T. ) ;
#2552 = EDGE_CURVE ( 'NONE', #2465, #2560, #1653, .T. ) ;
#2553 = VERTEX_POINT ( 'NONE', #2797 ) ;
#2554 = DIRECTION ( 'NONE',  ( 0.000000000000000000, 0.000000000000000000, 1.000000000000000000 ) ) ;
#2555 = CARTESIAN_POINT ( 'NONE',  ( 4.791324865405186095, 3.700000000000000178, 1.250000000000002665 ) ) ;
#2556 = CARTESIAN_POINT ( 'NONE',  ( 7.620000000000000107, 3.700000000000000178, -0.7500000000000017764 ) ) ;
#2557 = ORIENTED_EDGE ( 'NONE', *, *, #2805, .T. ) ;
#2558 = EDGE_LOOP ( 'NONE', ( #3665, #3825, #1846, #3616 ) ) ;
#2559 = STYLED_ITEM ( 'NONE', ( #3364 ), #1944 ) ;
#2560 = VERTEX_POINT ( 'NONE', #1628 ) ;
#2561 = DIRECTION ( 'NONE',  ( -0.000000000000000000, -0.000000000000000000, 1.000000000000000000 ) ) ;
#2562 = LINE ( 'NONE', #1367, #27 ) ;
#2563 = VECTOR ( 'NONE', #1923, 1000.000000000000000 ) ;
#2564 = PRODUCT_DEFINITION_FORMATION_WITH_SPECIFIED_SOURCE ( 'ANY', '', #365, .NOT_KNOWN. ) ;
#2565 = VECTOR ( 'NONE', #2807, 1000.000000000000000 ) ;
#2566 = VERTEX_POINT ( 'NONE', #933 ) ;
#2567 = LINE ( 'NONE', #3973, #68 ) ;
#2568 = CARTESIAN_POINT ( 'NONE',  ( 7.620000000000000107, 3.700000000000000178, -1.250000000000001776 ) ) ;
#2569 = VERTEX_POINT ( 'NONE', #1335 ) ;
#2570 = ORIENTED_EDGE ( 'NONE', *, *, #43, .F. ) ;
#2571 = LINE ( 'NONE', #4091, #2529 ) ;
#2572 = ORIENTED_EDGE ( 'NONE', *, *, #282, .T. ) ;
#2573 = EDGE_CURVE ( 'NONE', #917, #1547, #2726, .T. ) ;
#2574 = EDGE_CURVE ( 'NONE', #2438, #1812, #2032, .T. ) ;
#2575 = EDGE_CURVE ( 'NONE', #2619, #3333, #3838, .T. ) ;
#2576 = EDGE_CURVE ( 'NONE', #1443, #322, #539, .T. ) ;
#2577 = DIRECTION ( 'NONE',  ( -1.000000000000000000, 0.000000000000000000, 1.565121246370150617E-16 ) ) ;
#2578 = LINE ( 'NONE', #412, #3179 ) ;
#2579 = VERTEX_POINT ( 'NONE', #3488 ) ;
#2580 = SURFACE_SIDE_STYLE ('',( #3381 ) ) ;
#2581 = ORIENTED_EDGE ( 'NONE', *, *, #4353, .T. ) ;
#2582 = EDGE_LOOP ( 'NONE', ( #1156, #3039, #379, #494 ) ) ;
#2583 = EDGE_CURVE ( 'NONE', #3233, #2126, #3535, .T. ) ;
#2584 = DIRECTION ( 'NONE',  ( -0.000000000000000000, -0.000000000000000000, 1.000000000000000000 ) ) ;
#2585 = AXIS2_PLACEMENT_3D ( 'NONE', #1064, #2131, #2587 ) ;
#2586 = LINE ( 'NONE', #2876, #569 ) ;
#2587 = DIRECTION ( 'NONE',  ( 1.000000000000000000, 0.000000000000000000, -4.235164736271502188E-16 ) ) ;
#2588 = LINE ( 'NONE', #1168, #3550 ) ;
#2589 = VECTOR ( 'NONE', #3771, 1000.000000000000000 ) ;
#2590 = DIRECTION ( 'NONE',  ( 0.000000000000000000, -1.000000000000000000, 5.739718509874452474E-31 ) ) ;
#2591 = CARTESIAN_POINT ( 'NONE',  ( -7.620000000000001883, 3.700000000000000178, 0.7500000000000021094 ) ) ;
#2592 = ORIENTED_EDGE ( 'NONE', *, *, #4802, .F. ) ;
#2593 = ORIENTED_EDGE ( 'NONE', *, *, #1681, .T. ) ;
#2594 = DIRECTION ( 'NONE',  ( 0.000000000000000000, 1.000000000000000000, 0.000000000000000000 ) ) ;
#2595 = ORIENTED_EDGE ( 'NONE', *, *, #3227, .F. ) ;
#2596 = VECTOR ( 'NONE', #375, 1000.000000000000000 ) ;
#2597 = EDGE_LOOP ( 'NONE', ( #1153, #382, #1001, #2992 ) ) ;
#2598 = EDGE_CURVE ( 'NONE', #3382, #973, #2348, .T. ) ;
#2599 = AXIS2_PLACEMENT_3D ( 'NONE', #4166, #2407, #2019 ) ;
#2600 = LINE ( 'NONE', #1470, #3762 ) ;
#2601 = CARTESIAN_POINT ( 'NONE',  ( 6.669999999999999041, 0.000000000000000000, -0.3199999999999985079 ) ) ;
#2602 = DIRECTION ( 'NONE',  ( -1.000000000000000000, 0.000000000000000000, 0.000000000000000000 ) ) ;
#2603 = VECTOR ( 'NONE', #4719, 1000.000000000000000 ) ;
#2604 = ORIENTED_EDGE ( 'NONE', *, *, #567, .T. ) ;
#2605 = VECTOR ( 'NONE', #1704, 1000.000000000000000 ) ;
#2606 = EDGE_CURVE ( 'NONE', #1443, #3371, #1312, .T. ) ;
#2607 = ORIENTED_EDGE ( 'NONE', *, *, #405, .F. ) ;
#2608 = DIRECTION ( 'NONE',  ( 0.5000000000000014433, 0.000000000000000000, 0.8660254037844379305 ) ) ;
#2609 = FACE_OUTER_BOUND ( 'NONE', #2941, .T. ) ;
#2610 = DIRECTION ( 'NONE',  ( 0.5000000000000014433, 0.000000000000000000, -0.8660254037844379305 ) ) ;
#2611 = EDGE_CURVE ( 'NONE', #2774, #2479, #3910, .T. ) ;
#2612 = LINE ( 'NONE', #1885, #2257 ) ;
#2613 = CARTESIAN_POINT ( 'NONE',  ( 4.129999999999998117, 1.159999999999999920, -0.3200000000000011724 ) ) ;
#2614 = LINE ( 'NONE', #1512, #95 ) ;
#2615 = ORIENTED_EDGE ( 'NONE', *, *, #1236, .T. ) ;
#2616 = ORIENTED_EDGE ( 'NONE', *, *, #3269, .T. ) ;
#2617 = LINE ( 'NONE', #2283, #4545 ) ;
#2618 = DIRECTION ( 'NONE',  ( -1.000000000000000000, 0.000000000000000000, 4.235164736271502188E-16 ) ) ;
#2619 = VERTEX_POINT ( 'NONE', #214 ) ;
#2620 = CARTESIAN_POINT ( 'NONE',  ( -7.620000000000001883, 1.460000000000000187, -0.7000000000000031752 ) ) ;
#2621 = EDGE_LOOP ( 'NONE', ( #3590, #4694, #4410, #1873, #3742, #3597, #359, #2059 ) ) ;
#2622 = ADVANCED_FACE ( 'NONE', ( #1696 ), #4576, .F. ) ;
#2623 = CARTESIAN_POINT ( 'NONE',  ( 4.130000000000001670, 0.6399999999999999023, -2.649999999999994582 ) ) ;
#2624 = CARTESIAN_POINT ( 'NONE',  ( 0.000000000000000000, 1.159999999999999920, 0.000000000000000000 ) ) ;
#2625 = ORIENTED_EDGE ( 'NONE', *, *, #2929, .T. ) ;
#2626 = EDGE_LOOP ( 'NONE', ( #481, #2959, #2908, #2919 ) ) ;
#2627 = DIRECTION ( 'NONE',  ( -1.000000000000000000, 0.000000000000000000, 0.000000000000000000 ) ) ;
#2628 = DIRECTION ( 'NONE',  ( 0.000000000000000000, 0.000000000000000000, -1.000000000000000000 ) ) ;
#2629 = DIRECTION ( 'NONE',  ( -0.5000000000000014433, 0.000000000000000000, 0.8660254037844379305 ) ) ;
#2630 = VECTOR ( 'NONE', #3913, 1000.000000000000000 ) ;
#2631 = ORIENTED_EDGE ( 'NONE', *, *, #709, .F. ) ;
#2632 = LINE ( 'NONE', #4813, #3098 ) ;
#2633 = EDGE_CURVE ( 'NONE', #1970, #3604, #4011, .T. ) ;
#2634 = AXIS2_PLACEMENT_3D ( 'NONE', #3422, #51, #3055 ) ;
#2635 = AXIS2_PLACEMENT_3D ( 'NONE', #2498, #2882, #4357 ) ;
#2636 = CARTESIAN_POINT ( 'NONE',  ( 0.000000000000000000, 1.159999999999999920, -0.7500000000000015543 ) ) ;
#2637 = EDGE_LOOP ( 'NONE', ( #461, #4810, #1043, #2615 ) ) ;
#2638 = CARTESIAN_POINT ( 'NONE',  ( -6.030000000000002025, 1.460000000000000187, -0.3199999999999996181 ) ) ;
#2639 = DIRECTION ( 'NONE',  ( -0.8660254037844379305, 0.000000000000000000, 0.5000000000000014433 ) ) ;
#2640 = VERTEX_POINT ( 'NONE', #1727 ) ;
#2641 = PLANE ( 'NONE',  #139 ) ;
#2642 = VECTOR ( 'NONE', #3960, 999.9999999999998863 ) ;
#2643 = CARTESIAN_POINT ( 'NONE',  ( 2.140000000000000124, 1.459999999999999964, -1.250000000000002887 ) ) ;
#2644 = DIRECTION ( 'NONE',  ( -0.000000000000000000, -0.000000000000000000, 1.000000000000000000 ) ) ;
#2645 = PLANE ( 'NONE',  #2256 ) ;
#2646 = VERTEX_POINT ( 'NONE', #2487 ) ;
#2647 = EDGE_LOOP ( 'NONE', ( #1240, #336, #4480, #4760 ) ) ;
#2648 = VERTEX_POINT ( 'NONE', #3558 ) ;
#2649 = DIRECTION ( 'NONE',  ( -1.000000000000000000, 0.000000000000000000, 0.000000000000000000 ) ) ;
#2650 = DIRECTION ( 'NONE',  ( 0.000000000000000000, 0.000000000000000000, 1.000000000000000000 ) ) ;
#2651 = CARTESIAN_POINT ( 'NONE',  ( 4.129999999999998117, 0.8399999999999999689, -0.5200000000000013500 ) ) ;
#2652 = CARTESIAN_POINT ( 'NONE',  ( 2.140000000000000124, 1.160000000000000142, 0.7000000000000031752 ) ) ;
#2653 = DIRECTION ( 'NONE',  ( -0.000000000000000000, -0.000000000000000000, 1.000000000000000000 ) ) ;
#2654 = EDGE_CURVE ( 'NONE', #1416, #1797, #1451, .T. ) ;
#2655 = EDGE_CURVE ( 'NONE', #2049, #3539, #3295, .T. ) ;
#2656 = CARTESIAN_POINT ( 'NONE',  ( 4.129999999999999893, 0.6399999999999999023, -0.5200000000000013500 ) ) ;
#2657 = ADVANCED_FACE ( 'NONE', ( #3636 ), #238, .F. ) ;
#2658 = LINE ( 'NONE', #1916, #1350 ) ;
#2659 = VERTEX_POINT ( 'NONE', #1007 ) ;
#2660 = ORIENTED_EDGE ( 'NONE', *, *, #228, .T. ) ;
#2661 = CARTESIAN_POINT ( 'NONE',  ( 5.079999999999999183, 1.159999999999999920, -0.7500000000000022204 ) ) ;
#2662 = EDGE_CURVE ( 'NONE', #4613, #1723, #2846, .T. ) ;
#2663 = ORIENTED_EDGE ( 'NONE', *, *, #1439, .T. ) ;
#2664 = DIRECTION ( 'NONE',  ( -1.000000000000000000, 0.000000000000000000, -0.000000000000000000 ) ) ;
#2665 = SHAPE_REPRESENTATION ( 'pin^BG055-xx_1', ( #750 ), #2708 ) ;
#2666 = CARTESIAN_POINT ( 'NONE',  ( -6.670000000000002593, 1.159999999999999920, 0.3200000000000004508 ) ) ;
#2667 = CARTESIAN_POINT ( 'NONE',  ( 6.669999999999999041, 0.8400000000000005240, -0.3199999999999985079 ) ) ;
#2668 = DIRECTION ( 'NONE',  ( -0.000000000000000000, 1.000000000000000000, -0.000000000000000000 ) ) ;
#2669 = VECTOR ( 'NONE', #3174, 1000.000000000000000 ) ;
#2670 = ORIENTED_EDGE ( 'NONE', *, *, #1650, .T. ) ;
#2671 = AXIS2_PLACEMENT_3D ( 'NONE', #3805, #158, #878 ) ;
#2672 = ORIENTED_EDGE ( 'NONE', *, *, #470, .F. ) ;
#2673 = FACE_OUTER_BOUND ( 'NONE', #2093, .T. ) ;
#2674 = CARTESIAN_POINT ( 'NONE',  ( 7.331324865405186131, 3.700000000000000178, 1.250000000000003109 ) ) ;
#2675 = DIRECTION ( 'NONE',  ( -0.000000000000000000, 1.000000000000000000, -0.000000000000000000 ) ) ;
#2676 = VECTOR ( 'NONE', #1251, 1000.000000000000000 ) ;
#2677 = ORIENTED_EDGE ( 'NONE', *, *, #3822, .T. ) ;
#2678 = AXIS2_PLACEMENT_3D ( 'NONE', #1256, #808, #4569 ) ;
#2679 = DIRECTION ( 'NONE',  ( 0.2505628070857300882, 0.9351131265310301810, 0.2505628070857300882 ) ) ;
#2680 = VERTEX_POINT ( 'NONE', #2511 ) ;
#2681 = AXIS2_PLACEMENT_3D ( 'NONE', #1753, #3958, #1398 ) ;
#2682 = VECTOR ( 'NONE', #3114, 1000.000000000000000 ) ;
#2683 = CARTESIAN_POINT ( 'NONE',  ( 6.190769515458671712, 0.1607695154586729902, 2.649999999999994582 ) ) ;
#2684 = CARTESIAN_POINT ( 'NONE',  ( -7.620000000000000107, 3.700000000000000178, 1.250000000000000666 ) ) ;
#2685 = ORIENTED_EDGE ( 'NONE', *, *, #1874, .T. ) ;
#2686 = FACE_OUTER_BOUND ( 'NONE', #4252, .T. ) ;
#2687 = PLANE ( 'NONE',  #792 ) ;
#2688 = VERTEX_POINT ( 'NONE', #1058 ) ;
#2689 = CARTESIAN_POINT ( 'NONE',  ( 2.940000000000000391, 1.459999999999999964, 1.250000000000000222 ) ) ;
#2690 = PLANE ( 'NONE',  #2599 ) ;
#2691 = EDGE_CURVE ( 'NONE', #2762, #1385, #4691, .T. ) ;
#2692 = CARTESIAN_POINT ( 'NONE',  ( 6.670000000000001705, 0.6399999999999999023, 2.649999999999994582 ) ) ;
#2693 = PLANE ( 'NONE',  #2103 ) ;
#2694 = VERTEX_POINT ( 'NONE', #2556 ) ;
#2695 = ORIENTED_EDGE ( 'NONE', *, *, #861, .F. ) ;
#2696 = EDGE_CURVE ( 'NONE', #1911, #1790, #284, .T. ) ;
#2697 = CARTESIAN_POINT ( 'NONE',  ( -4.130000000000001670, 1.159999999999999920, -0.3199999999999999512 ) ) ;
#2698 = ADVANCED_FACE ( 'NONE', ( #298 ), #4736, .F. ) ;
#2699 = DIRECTION ( 'NONE',  ( -0.000000000000000000, -0.000000000000000000, 1.000000000000000000 ) ) ;
#2700 = LINE ( 'NONE', #4105, #648 ) ;
#2701 = DIRECTION ( 'NONE',  ( 0.000000000000000000, 0.000000000000000000, 1.000000000000000000 ) ) ;
#2702 = ORIENTED_EDGE ( 'NONE', *, *, #1617, .T. ) ;
#2703 = LINE ( 'NONE', #570, #1784 ) ;
#2704 = EDGE_LOOP ( 'NONE', ( #4684, #2454, #1475, #4287 ) ) ;
#2705 = CARTESIAN_POINT ( 'NONE',  ( 6.029999999999998472, 1.460000000000000187, -0.3200000000000015610 ) ) ;
#2706 = CARTESIAN_POINT ( 'NONE',  ( 3.489999999999998881, 0.000000000000000000, -2.049999999999990496 ) ) ;
#2707 = DIRECTION ( 'NONE',  ( 1.000000000000000000, 0.000000000000000000, 0.000000000000000000 ) ) ;
#2708 =( GEOMETRIC_REPRESENTATION_CONTEXT ( 3 ) GLOBAL_UNCERTAINTY_ASSIGNED_CONTEXT ( ( #3851 ) ) GLOBAL_UNIT_ASSIGNED_CONTEXT ( ( #1623, #1672, #811 ) ) REPRESENTATION_CONTEXT ( 'NONE', 'WORKASPACE' ) );
#2709 = CARTESIAN_POINT ( 'NONE',  ( 6.029999999999998472, 1.159999999999999920, 0.3199999999999985079 ) ) ;
#2710 = DIRECTION ( 'NONE',  ( -0.000000000000000000, 1.000000000000000000, -0.000000000000000000 ) ) ;
#2711 = ORIENTED_EDGE ( 'NONE', *, *, #380, .F. ) ;
#2712 = CARTESIAN_POINT ( 'NONE',  ( 2.940000000000000391, 1.160000000000000142, -0.7000000000000031752 ) ) ;
#2713 = AXIS2_PLACEMENT_3D ( 'NONE', #4502, #1161, #3403 ) ;
#2714 = CARTESIAN_POINT ( 'NONE',  ( 0.000000000000000000, 1.159999999999999920, 0.7000000000000030642 ) ) ;
#2715 = DIRECTION ( 'NONE',  ( -1.000000000000000000, 0.000000000000000000, -0.000000000000000000 ) ) ;
#2716 = CARTESIAN_POINT ( 'NONE',  ( 0.000000000000000000, 1.159999999999999920, 0.000000000000000000 ) ) ;
#2717 = EDGE_CURVE ( 'NONE', #2506, #20, #4756, .T. ) ;
#2718 = ADVANCED_FACE ( 'NONE', ( #2196 ), #1400, .F. ) ;
#2719 = EDGE_CURVE ( 'NONE', #4566, #1647, #4375, .T. ) ;
#2720 = EDGE_CURVE ( 'NONE', #2553, #1105, #4324, .T. ) ;
#2721 = ORIENTED_EDGE ( 'NONE', *, *, #1584, .T. ) ;
#2722 = ORIENTED_EDGE ( 'NONE', *, *, #4793, .F. ) ;
#2723 = LINE ( 'NONE', #3157, #4146 ) ;
#2724 = DIRECTION ( 'NONE',  ( -0.000000000000000000, 1.000000000000000000, -0.000000000000000000 ) ) ;
#2725 = CARTESIAN_POINT ( 'NONE',  ( 2.940000000000000391, 1.459999999999999964, -1.250000000000002887 ) ) ;
#2726 = LINE ( 'NONE', #195, #2682 ) ;
#2727 =( NAMED_UNIT ( * ) PLANE_ANGLE_UNIT ( ) SI_UNIT ( $, .RADIAN. ) );
#2728 = EDGE_CURVE ( 'NONE', #3045, #751, #612, .T. ) ;
#2729 = ORIENTED_EDGE ( 'NONE', *, *, #3220, .T. ) ;
#2730 = PLANE ( 'NONE',  #106 ) ;
#2731 = CARTESIAN_POINT ( 'NONE',  ( -7.620000000000001883, 1.460000000000000187, 0.7000000000000030642 ) ) ;
#2732 = ORIENTED_EDGE ( 'NONE', *, *, #1433, .T. ) ;
#2733 = PLANE ( 'NONE',  #2294 ) ;
#2734 = DIRECTION ( 'NONE',  ( -1.000000000000000000, 0.000000000000000000, 1.565121246370150617E-16 ) ) ;
#2735 = DIRECTION ( 'NONE',  ( -0.5000000000000026645, 0.000000000000000000, 0.8660254037844371533 ) ) ;
#2736 = ORIENTED_EDGE ( 'NONE', *, *, #739, .F. ) ;
#2737 = DIRECTION ( 'NONE',  ( 0.000000000000000000, 1.000000000000000000, 0.000000000000000000 ) ) ;
#2738 = PRODUCT_DEFINITION_CONTEXT ( 'detailed design', #16, 'design' ) ;
#2739 = VECTOR ( 'NONE', #4743, 999.9999999999998863 ) ;
#2740 = DIRECTION ( 'NONE',  ( 0.000000000000000000, -0.000000000000000000, 1.000000000000000000 ) ) ;
#2741 = DIRECTION ( 'NONE',  ( -0.9659258262890689783, 1.485548463882955088E-31, 0.2588190451025182970 ) ) ;
#2742 = LINE ( 'NONE', #2766, #3438 ) ;
#2743 = CARTESIAN_POINT ( 'NONE',  ( 6.670000000000001705, 0.6399999999999999023, 2.049999999999990941 ) ) ;
#2744 = EDGE_CURVE ( 'NONE', #2920, #1131, #4403, .T. ) ;
#2745 = EDGE_LOOP ( 'NONE', ( #3016, #4351, #2187, #1163 ) ) ;
#2746 = VERTEX_POINT ( 'NONE', #3587 ) ;
#2747 = CARTESIAN_POINT ( 'NONE',  ( 0.000000000000000000, 1.459999999999999964, 0.7500000000000032196 ) ) ;
#2748 = CARTESIAN_POINT ( 'NONE',  ( -7.620000000000001883, 1.460000000000000187, 0.7000000000000030642 ) ) ;
#2749 = CARTESIAN_POINT ( 'NONE',  ( 1.589999999999998082, 3.700000000000000178, 0.3199999999999992850 ) ) ;
#2750 = VECTOR ( 'NONE', #1795, 999.9999999999998863 ) ;
#2751 = CARTESIAN_POINT ( 'NONE',  ( -0.2886751345948139758, 1.159999999999999920, 1.250000000000003331 ) ) ;
#2752 = VERTEX_POINT ( 'NONE', #4783 ) ;
#2753 = EDGE_CURVE ( 'NONE', #2395, #1536, #2461, .T. ) ;
#2754 = VECTOR ( 'NONE', #1364, 1000.000000000000000 ) ;
#2755 = LINE ( 'NONE', #4230, #1361 ) ;
#2756 = VECTOR ( 'NONE', #4781, 1000.000000000000000 ) ;
#2757 = DIRECTION ( 'NONE',  ( 1.000000000000000000, 0.000000000000000000, -1.138269997360109674E-16 ) ) ;
#2758 = VECTOR ( 'NONE', #4124, 1000.000000000000000 ) ;
#2759 = AXIS2_PLACEMENT_3D ( 'NONE', #2493, #1431, #2922 ) ;
#2760 = CARTESIAN_POINT ( 'NONE',  ( 5.480000000000000426, 1.459999999999999964, -1.250000000000002442 ) ) ;
#2761 = FACE_OUTER_BOUND ( 'NONE', #3230, .T. ) ;
#2762 = VERTEX_POINT ( 'NONE', #3229 ) ;
#2763 = CARTESIAN_POINT ( 'NONE',  ( -4.679999999999999716, 1.460000000000000187, -0.7000000000000031752 ) ) ;
#2764 = CARTESIAN_POINT ( 'NONE',  ( -7.331324865405187019, 3.700000000000000178, -1.250000000000002665 ) ) ;
#2765 = DIRECTION ( 'NONE',  ( -1.000000000000000000, 0.000000000000000000, 0.000000000000000000 ) ) ;
#2766 = CARTESIAN_POINT ( 'NONE',  ( 8.682087709356553824E-16, 0.000000000000000000, 2.049999999999993605 ) ) ;
#2767 = ORIENTED_EDGE ( 'NONE', *, *, #2662, .T. ) ;
#2768 = EDGE_LOOP ( 'NONE', ( #2595, #3988, #4198, #3397 ) ) ;
#2769 = LINE ( 'NONE', #1674, #1840 ) ;
#2770 = DIRECTION ( 'NONE',  ( 1.000000000000000000, 0.000000000000000000, 0.000000000000000000 ) ) ;
#2771 = CARTESIAN_POINT ( 'NONE',  ( -2.139999999999999680, 1.159999999999999920, 0.7000000000000030642 ) ) ;
#2772 = PLANE ( 'NONE',  #1863 ) ;
#2773 = ORIENTED_EDGE ( 'NONE', *, *, #2190, .F. ) ;
#2774 = VERTEX_POINT ( 'NONE', #2886 ) ;
#2775 = VECTOR ( 'NONE', #909, 1000.000000000000114 ) ;
#2776 = DIRECTION ( 'NONE',  ( 0.000000000000000000, 0.000000000000000000, -1.000000000000000000 ) ) ;
#2777 = EDGE_CURVE ( 'NONE', #1131, #1631, #1717, .T. ) ;
#2778 = EDGE_CURVE ( 'NONE', #4429, #1678, #4315, .T. ) ;
#2779 = EDGE_CURVE ( 'NONE', #2752, #883, #975, .T. ) ;
#2780 = CARTESIAN_POINT ( 'NONE',  ( -2.139999999999999680, 1.459999999999999964, -1.250000000000002665 ) ) ;
#2781 = FACE_OUTER_BOUND ( 'NONE', #1260, .T. ) ;
#2782 = EDGE_LOOP ( 'NONE', ( #2497, #2192, #4446, #499 ) ) ;
#2783 = LINE ( 'NONE', #4235, #1316 ) ;
#2784 = UNCERTAINTY_MEASURE_WITH_UNIT (LENGTH_MEASURE( 1.000000000000000082E-05 ), #4301, 'distance_accuracy_value', 'NONE');
#2785 = DIRECTION ( 'NONE',  ( -0.000000000000000000, 1.000000000000000000, -0.000000000000000000 ) ) ;
#2786 = EDGE_CURVE ( 'NONE', #4292, #3186, #2477, .T. ) ;
#2787 = CARTESIAN_POINT ( 'NONE',  ( 2.140000000000000124, 1.160000000000000142, 1.250000000000000222 ) ) ;
#2788 = VECTOR ( 'NONE', #2824, 1000.000000000000000 ) ;
#2789 = EDGE_CURVE ( 'NONE', #4646, #1033, #630, .T. ) ;
#2790 = AXIS2_PLACEMENT_3D ( 'NONE', #56, #436, #3763 ) ;
#2791 = CARTESIAN_POINT ( 'NONE',  ( 3.489999999999998881, 7.799999999999996270, 0.3199999999999985079 ) ) ;
#2792 = ORIENTED_EDGE ( 'NONE', *, *, #3795, .T. ) ;
#2793 = CIRCLE ( 'NONE', #4262, 0.8400000000000003020 ) ;
#2794 = VERTEX_POINT ( 'NONE', #2505 ) ;
#2795 = DIRECTION ( 'NONE',  ( -1.000000000000000000, 0.000000000000000000, 1.565121246370150864E-16 ) ) ;
#2796 = DIRECTION ( 'NONE',  ( -0.5000000000000014433, 0.000000000000000000, -0.8660254037844379305 ) ) ;
#2797 = CARTESIAN_POINT ( 'NONE',  ( -4.679999999999999716, 1.160000000000000142, 1.250000000000001332 ) ) ;
#2798 = LINE ( 'NONE', #209, #1817 ) ;
#2799 = ORIENTED_EDGE ( 'NONE', *, *, #4793, .T. ) ;
#2800 = ORIENTED_EDGE ( 'NONE', *, *, #4766, .F. ) ;
#2801 = DIRECTION ( 'NONE',  ( -1.000000000000000000, -0.000000000000000000, -0.000000000000000000 ) ) ;
#2802 = LINE ( 'NONE', #575, #4279 ) ;
#2803 = CARTESIAN_POINT ( 'NONE',  ( -2.539999999999999147, 0.000000000000000000, -2.049999999999993605 ) ) ;
#2804 = EDGE_CURVE ( 'NONE', #1692, #2, #2141, .T. ) ;
#2805 = EDGE_CURVE ( 'NONE', #3928, #1294, #3239, .T. ) ;
#2806 = DIRECTION ( 'NONE',  ( 0.000000000000000000, 0.000000000000000000, -1.000000000000000000 ) ) ;
#2807 = DIRECTION ( 'NONE',  ( -0.000000000000000000, -0.000000000000000000, 1.000000000000000000 ) ) ;
#2808 = EDGE_CURVE ( 'NONE', #2, #2912, #2212, .T. ) ;
#2809 = DIRECTION ( 'NONE',  ( 0.000000000000000000, 0.000000000000000000, -1.000000000000000000 ) ) ;
#2810 = PLANE ( 'NONE',  #2053 ) ;
#2811 = EDGE_LOOP ( 'NONE', ( #4709, #4006, #186, #4034 ) ) ;
#2812 = EDGE_CURVE ( 'NONE', #3369, #2746, #2934, .T. ) ;
#2813 = EDGE_CURVE ( 'NONE', #254, #2917, #3681, .T. ) ;
#2814 = AXIS2_PLACEMENT_3D ( 'NONE', #3490, #4249, #3892 ) ;
#2815 = EDGE_LOOP ( 'NONE', ( #1961, #658, #1036, #2291 ) ) ;
#2816 = EDGE_CURVE ( 'NONE', #1135, #915, #4495, .T. ) ;
#2817 = ORIENTED_EDGE ( 'NONE', *, *, #4360, .T. ) ;
#2818 = ORIENTED_EDGE ( 'NONE', *, *, #2402, .F. ) ;
#2819 = DIRECTION ( 'NONE',  ( 1.000000000000000000, 0.000000000000000000, 0.000000000000000000 ) ) ;
#2820 = DIRECTION ( 'NONE',  ( -1.000000000000000000, -0.000000000000000000, -0.000000000000000000 ) ) ;
#2821 = DIRECTION ( 'NONE',  ( 1.000000000000000000, 0.000000000000000000, 0.000000000000000000 ) ) ;
#2822 = CARTESIAN_POINT ( 'NONE',  ( 2.139999999999999680, 1.460000000000000187, -0.7000000000000031752 ) ) ;
#2823 = VERTEX_POINT ( 'NONE', #3751 ) ;
#2824 = DIRECTION ( 'NONE',  ( 0.000000000000000000, -1.000000000000000000, 0.000000000000000000 ) ) ;
#2825 = VERTEX_POINT ( 'NONE', #1128 ) ;
#2826 = ORIENTED_EDGE ( 'NONE', *, *, #678, .T. ) ;
#2827 = ORIENTED_EDGE ( 'NONE', *, *, #4543, .F. ) ;
#2828 = DIRECTION ( 'NONE',  ( -0.000000000000000000, -0.000000000000000000, 1.000000000000000000 ) ) ;
#2829 = AXIS2_PLACEMENT_3D ( 'NONE', #3246, #2485, #4711 ) ;
#2830 = APPLICATION_CONTEXT ( 'automotive_design' ) ;
#2831 = ORIENTED_EDGE ( 'NONE', *, *, #4791, .F. ) ;
#2832 = AXIS2_PLACEMENT_3D ( 'NONE', #4047, #2639, #3705 ) ;
#2833 = LINE ( 'NONE', #205, #4623 ) ;
#2834 = CARTESIAN_POINT ( 'NONE',  ( -2.139999999999999680, 1.160000000000000142, -1.250000000000002665 ) ) ;
#2835 = CARTESIAN_POINT ( 'NONE',  ( -2.939999999999999947, 1.160000000000000142, -1.250000000000002665 ) ) ;
#2836 = VECTOR ( 'NONE', #3952, 1000.000000000000000 ) ;
#2837 = CARTESIAN_POINT ( 'NONE',  ( 2.140000000000000124, 1.160000000000000142, 0.7000000000000031752 ) ) ;
#2838 = ORIENTED_EDGE ( 'NONE', *, *, #2467, .F. ) ;
#2839 = VECTOR ( 'NONE', #203, 1000.000000000000000 ) ;
#2840 = CARTESIAN_POINT ( 'NONE',  ( 5.079999999999999183, 3.700000000000000178, 0.7500000000000026645 ) ) ;
#2841 = LINE ( 'NONE', #2075, #4391 ) ;
#2842 = ORIENTED_EDGE ( 'NONE', *, *, #4132, .T. ) ;
#2843 = EDGE_LOOP ( 'NONE', ( #2325, #2906, #4158, #4669 ) ) ;
#2844 = DIRECTION ( 'NONE',  ( -0.000000000000000000, 1.000000000000000000, -0.000000000000000000 ) ) ;
#2845 = CARTESIAN_POINT ( 'NONE',  ( -1.590000000000000746, 3.700000000000000178, 0.3199999999999996736 ) ) ;
#2846 = LINE ( 'NONE', #259, #3525 ) ;
#2847 = ORIENTED_EDGE ( 'NONE', *, *, #3452, .T. ) ;
#2848 = ORIENTED_EDGE ( 'NONE', *, *, #4710, .F. ) ;
#2849 = EDGE_LOOP ( 'NONE', ( #1821, #4114, #2171, #377 ) ) ;
#2850 = EDGE_CURVE ( 'NONE', #3043, #1351, #310, .T. ) ;
#2851 = CARTESIAN_POINT ( 'NONE',  ( -6.030000000000002025, 1.460000000000000187, 0.3200000000000004508 ) ) ;
#2852 = CARTESIAN_POINT ( 'NONE',  ( -7.220000000000000639, 1.160000000000000142, -0.7000000000000031752 ) ) ;
#2853 = EDGE_LOOP ( 'NONE', ( #4729, #2767, #951, #3995 ) ) ;
#2854 = FACE_OUTER_BOUND ( 'NONE', #3941, .T. ) ;
#2855 = PLANE ( 'NONE',  #1282 ) ;
#2856 = CARTESIAN_POINT ( 'NONE',  ( 4.679999999999999716, 1.160000000000000142, 1.249999999999999778 ) ) ;
#2857 = LINE ( 'NONE', #4312, #1313 ) ;
#2858 = LINE ( 'NONE', #2591, #256 ) ;
#2859 = ORIENTED_EDGE ( 'NONE', *, *, #672, .F. ) ;
#2860 = DIRECTION ( 'NONE',  ( -0.000000000000000000, -0.000000000000000000, 1.000000000000000000 ) ) ;
#2861 = DIRECTION ( 'NONE',  ( 1.000000000000000000, 0.000000000000000000, 0.000000000000000000 ) ) ;
#2862 = ORIENTED_EDGE ( 'NONE', *, *, #1213, .T. ) ;
#2863 = ORIENTED_EDGE ( 'NONE', *, *, #3999, .T. ) ;
#2864 = VECTOR ( 'NONE', #1920, 1000.000000000000000 ) ;
#2865 = EDGE_CURVE ( 'NONE', #3804, #2569, #1892, .T. ) ;
#2866 = CARTESIAN_POINT ( 'NONE',  ( 2.939999999999999947, 1.460000000000000187, 0.7000000000000030642 ) ) ;
#2867 = EDGE_CURVE ( 'NONE', #2680, #3284, #4066, .T. ) ;
#2868 = DIRECTION ( 'NONE',  ( 0.5000000000000014433, 0.000000000000000000, -0.8660254037844379305 ) ) ;
#2869 = ADVANCED_BREP_SHAPE_REPRESENTATION ( '', ( #132, #52, #750 ), #2708 ) ;
#2870 = EDGE_CURVE ( 'NONE', #3043, #1561, #2617, .T. ) ;
#2871 = CARTESIAN_POINT ( 'NONE',  ( -7.620000000000000107, 3.700000000000000178, -1.249999999999999334 ) ) ;
#2872 = VECTOR ( 'NONE', #3959, 1000.000000000000000 ) ;
#2873 = ORIENTED_EDGE ( 'NONE', *, *, #2369, .T. ) ;
#2874 = CARTESIAN_POINT ( 'NONE',  ( 6.509230484541325801, 0.4792304845413269399, 2.649999999999994582 ) ) ;
#2875 = ORIENTED_EDGE ( 'NONE', *, *, #4649, .T. ) ;
#2876 = CARTESIAN_POINT ( 'NONE',  ( -7.620000000000001883, 1.460000000000000187, 0.7000000000000030642 ) ) ;
#2877 = FACE_OUTER_BOUND ( 'NONE', #2078, .T. ) ;
#2878 = EDGE_CURVE ( 'NONE', #1275, #751, #995, .T. ) ;
#2879 = EDGE_CURVE ( 'NONE', #906, #2482, #3283, .T. ) ;
#2880 = ORIENTED_EDGE ( 'NONE', *, *, #2231, .F. ) ;
#2881 = ORIENTED_EDGE ( 'NONE', *, *, #4, .F. ) ;
#2882 = DIRECTION ( 'NONE',  ( -0.8660254037844379305, 0.000000000000000000, -0.5000000000000014433 ) ) ;
#2883 = CARTESIAN_POINT ( 'NONE',  ( 0.9499999999999986233, 3.700000000000000178, 0.3199999999999992850 ) ) ;
#2884 = LINE ( 'NONE', #3307, #4688 ) ;
#2885 = EDGE_LOOP ( 'NONE', ( #4773, #206, #1011, #1750 ) ) ;
#2886 = CARTESIAN_POINT ( 'NONE',  ( -5.480000000000000426, 1.459999999999999964, 1.250000000000001332 ) ) ;
#2887 = PLANE ( 'NONE',  #1279 ) ;
#2888 = VERTEX_POINT ( 'NONE', #4775 ) ;
#2889 = FACE_OUTER_BOUND ( 'NONE', #107, .T. ) ;
#2890 = DIRECTION ( 'NONE',  ( -0.000000000000000000, -0.000000000000000000, 1.000000000000000000 ) ) ;
#2891 = CARTESIAN_POINT ( 'NONE',  ( 0.000000000000000000, 1.159999999999999920, 0.000000000000000000 ) ) ;
#2892 = AXIS2_PLACEMENT_3D ( 'NONE', #816, #4109, #763 ) ;
#2893 = VERTEX_POINT ( 'NONE', #4797 ) ;
#2894 = DIRECTION ( 'NONE',  ( -0.5000000000000014433, 0.000000000000000000, 0.8660254037844379305 ) ) ;
#2895 = ORIENTED_EDGE ( 'NONE', *, *, #1625, .T. ) ;
#2896 = VECTOR ( 'NONE', #2160, 999.9999999999998863 ) ;
#2897 = LINE ( 'NONE', #1041, #620 ) ;
#2898 = STYLED_ITEM ( 'NONE', ( #2503 ), #132 ) ;
#2899 = ADVANCED_FACE ( 'NONE', ( #2241 ), #4416, .F. ) ;
#2900 = CARTESIAN_POINT ( 'NONE',  ( 6.669999999999999041, 3.700000000000000178, -0.3200000000000015610 ) ) ;
#2901 = VECTOR ( 'NONE', #1778, 1000.000000000000000 ) ;
#2902 = CARTESIAN_POINT ( 'NONE',  ( 5.480000000000000426, 1.160000000000000142, -1.250000000000002442 ) ) ;
#2903 = LINE ( 'NONE', #4395, #2750 ) ;
#2904 = ORIENTED_EDGE ( 'NONE', *, *, #2611, .F. ) ;
#2905 = VECTOR ( 'NONE', #2710, 1000.000000000000000 ) ;
#2906 = ORIENTED_EDGE ( 'NONE', *, *, #407, .F. ) ;
#2907 = DIRECTION ( 'NONE',  ( -1.000000000000000000, 0.000000000000000000, 0.000000000000000000 ) ) ;
#2908 = ORIENTED_EDGE ( 'NONE', *, *, #2576, .F. ) ;
#2909 = VECTOR ( 'NONE', #1486, 999.9999999999998863 ) ;
#2910 = VECTOR ( 'NONE', #93, 1000.000000000000000 ) ;
#2911 = ORIENTED_EDGE ( 'NONE', *, *, #3856, .T. ) ;
#2912 = VERTEX_POINT ( 'NONE', #3651 ) ;
#2913 = VECTOR ( 'NONE', #1993, 1000.000000000000000 ) ;
#2914 = VECTOR ( 'NONE', #1676, 1000.000000000000000 ) ;
#2915 = CARTESIAN_POINT ( 'NONE',  ( -3.490000000000001990, 3.700000000000000178, -0.3199999999999999512 ) ) ;
#2916 = CARTESIAN_POINT ( 'NONE',  ( 7.620000000000000107, 1.159999999999999920, -1.250000000000001776 ) ) ;
#2917 = VERTEX_POINT ( 'NONE', #356 ) ;
#2918 = ADVANCED_FACE ( 'NONE', ( #3261 ), #771, .F. ) ;
#2919 = ORIENTED_EDGE ( 'NONE', *, *, #1381, .F. ) ;
#2920 = VERTEX_POINT ( 'NONE', #697 ) ;
#2921 = FACE_OUTER_BOUND ( 'NONE', #3087, .T. ) ;
#2922 = DIRECTION ( 'NONE',  ( 0.000000000000000000, 0.000000000000000000, 1.000000000000000000 ) ) ;
#2923 = LINE ( 'NONE', #1388, #81 ) ;
#2924 = VERTEX_POINT ( 'NONE', #1465 ) ;
#2925 = ORIENTED_EDGE ( 'NONE', *, *, #320, .T. ) ;
#2926 = DIRECTION ( 'NONE',  ( 1.000000000000000000, 0.000000000000000000, 0.000000000000000000 ) ) ;
#2927 = ADVANCED_FACE ( 'NONE', ( #3004 ), #3347, .T. ) ;
#2928 = CARTESIAN_POINT ( 'NONE',  ( -7.220000000000000639, 1.160000000000000142, 1.250000000000001554 ) ) ;
#2929 = EDGE_CURVE ( 'NONE', #254, #2479, #2571, .T. ) ;
#2930 = EDGE_CURVE ( 'NONE', #3802, #2466, #23, .T. ) ;
#2931 = DIRECTION ( 'NONE',  ( 0.8660254037844371533, 0.000000000000000000, 0.5000000000000026645 ) ) ;
#2932 = ORIENTED_EDGE ( 'NONE', *, *, #1147, .F. ) ;
#2933 = ORIENTED_EDGE ( 'NONE', *, *, #993, .T. ) ;
#2934 = LINE ( 'NONE', #2265, #3281 ) ;
#2935 = VERTEX_POINT ( 'NONE', #2638 ) ;
#2936 = ADVANCED_FACE ( 'NONE', ( #4399 ), #2549, .F. ) ;
#2937 = CARTESIAN_POINT ( 'NONE',  ( -10.16000000000000014, 0.000000000000000000, 0.000000000000000000 ) ) ;
#2938 = PLANE ( 'NONE',  #3918 ) ;
#2939 = PLANE ( 'NONE',  #3324 ) ;
#2940 = DIRECTION ( 'NONE',  ( 0.5000000000000014433, 0.000000000000000000, 0.8660254037844379305 ) ) ;
#2941 = EDGE_LOOP ( 'NONE', ( #3608, #3957, #4293, #3713, #685, #1685, #293, #122 ) ) ;
#2942 = ORIENTED_EDGE ( 'NONE', *, *, #4326, .T. ) ;
#2943 = PLANE ( 'NONE',  #330 ) ;
#2944 = CARTESIAN_POINT ( 'NONE',  ( 2.539999999999999591, 1.459999999999999964, -0.7500000000000017764 ) ) ;
#2945 = VECTOR ( 'NONE', #1540, 1000.000000000000114 ) ;
#2946 = LINE ( 'NONE', #616, #2201 ) ;
#2947 = CARTESIAN_POINT ( 'NONE',  ( 2.940000000000000391, 1.160000000000000142, 0.7000000000000031752 ) ) ;
#2948 = FACE_OUTER_BOUND ( 'NONE', #721, .T. ) ;
#2949 = LINE ( 'NONE', #997, #4728 ) ;
#2950 =( NAMED_UNIT ( * ) SI_UNIT ( $, .STERADIAN. ) SOLID_ANGLE_UNIT ( ) );
#2951 = DIRECTION ( 'NONE',  ( 0.000000000000000000, 0.000000000000000000, 1.000000000000000000 ) ) ;
#2952 = ADVANCED_FACE ( 'NONE', ( #4159 ), #3051, .F. ) ;
#2953 = ORIENTED_EDGE ( 'NONE', *, *, #2929, .F. ) ;
#2954 = ORIENTED_EDGE ( 'NONE', *, *, #2779, .F. ) ;
#2955 = DIRECTION ( 'NONE',  ( -0.000000000000000000, -0.000000000000000000, 1.000000000000000000 ) ) ;
#2956 = CARTESIAN_POINT ( 'NONE',  ( -5.480000000000000426, 1.160000000000000142, -1.250000000000002665 ) ) ;
#2957 = ORIENTED_EDGE ( 'NONE', *, *, #2789, .T. ) ;
#2958 = EDGE_CURVE ( 'NONE', #2417, #544, #3076, .T. ) ;
#2959 = ORIENTED_EDGE ( 'NONE', *, *, #380, .T. ) ;
#2960 =( NAMED_UNIT ( * ) PLANE_ANGLE_UNIT ( ) SI_UNIT ( $, .RADIAN. ) );
#2961 = ADVANCED_FACE ( 'NONE', ( #3470 ), #4564, .T. ) ;
#2962 = LINE ( 'NONE', #4482, #24 ) ;
#2963 = CARTESIAN_POINT ( 'NONE',  ( -5.080000000000000959, 3.700000000000000178, -0.7500000000000015543 ) ) ;
#2964 = ADVANCED_FACE ( 'NONE', ( #4184 ), #797, .F. ) ;
#2965 = ORIENTED_EDGE ( 'NONE', *, *, #1862, .T. ) ;
#2966 = ORIENTED_EDGE ( 'NONE', *, *, #2576, .T. ) ;
#2967 = ORIENTED_EDGE ( 'NONE', *, *, #4458, .F. ) ;
#2968 = CARTESIAN_POINT ( 'NONE',  ( 4.129999999999998117, 0.8399999999999996358, -0.3200000000000015610 ) ) ;
#2969 = AXIS2_PLACEMENT_3D ( 'NONE', #3698, #1818, #3278 ) ;
#2970 = CARTESIAN_POINT ( 'NONE',  ( 0.000000000000000000, 1.159999999999999920, -0.7000000000000031752 ) ) ;
#2971 = ORIENTED_EDGE ( 'NONE', *, *, #4317, .T. ) ;
#2972 = LINE ( 'NONE', #3370, #992 ) ;
#2973 = AXIS2_PLACEMENT_3D ( 'NONE', #815, #443, #3067 ) ;
#2974 = LINE ( 'NONE', #4721, #1728 ) ;
#2975 = LINE ( 'NONE', #2334, #4541 ) ;
#2976 = ORIENTED_EDGE ( 'NONE', *, *, #2025, .F. ) ;
#2977 = ORIENTED_EDGE ( 'NONE', *, *, #3387, .F. ) ;
#2978 = DIRECTION ( 'NONE',  ( 0.000000000000000000, 0.2588190451025190741, -0.9659258262890687563 ) ) ;
#2979 = EDGE_CURVE ( 'NONE', #1775, #3849, #1636, .T. ) ;
#2980 = CARTESIAN_POINT ( 'NONE',  ( 0.4000000000000001887, 1.459999999999999964, -1.250000000000002665 ) ) ;
#2981 = ORIENTED_EDGE ( 'NONE', *, *, #385, .F. ) ;
#2982 = CARTESIAN_POINT ( 'NONE',  ( 0.9499999999999986233, 1.159999999999999920, 0.3199999999999992850 ) ) ;
#2983 = VECTOR ( 'NONE', #4361, 1000.000000000000000 ) ;
#2984 = ORIENTED_EDGE ( 'NONE', *, *, #507, .T. ) ;
#2985 = SURFACE_SIDE_STYLE ('',( #340 ) ) ;
#2986 = VECTOR ( 'NONE', #378, 1000.000000000000114 ) ;
#2987 = CARTESIAN_POINT ( 'NONE',  ( -2.139999999999999680, 1.459999999999999964, -1.250000000000002665 ) ) ;
#2988 = FACE_OUTER_BOUND ( 'NONE', #916, .T. ) ;
#2989 = AXIS2_PLACEMENT_3D ( 'NONE', #2692, #1998, #3783 ) ;
#2990 = EDGE_CURVE ( 'NONE', #1508, #3788, #896, .T. ) ;
#2991 = VECTOR ( 'NONE', #710, 999.9999999999998863 ) ;
#2992 = ORIENTED_EDGE ( 'NONE', *, *, #2804, .F. ) ;
#2993 = VERTEX_POINT ( 'NONE', #338 ) ;
#2994 = AXIS2_PLACEMENT_3D ( 'NONE', #4432, #4381, #1810 ) ;
#2995 = CARTESIAN_POINT ( 'NONE',  ( 6.669999999999999041, 0.000000000000000000, 2.049999999999989608 ) ) ;
#2996 = ADVANCED_FACE ( 'NONE', ( #4067 ), #3348, .T. ) ;
#2997 = LINE ( 'NONE', #1859, #900 ) ;
#2998 = CARTESIAN_POINT ( 'NONE',  ( -7.331324865405187019, 3.700000000000000178, 1.250000000000000666 ) ) ;
#2999 = VERTEX_POINT ( 'NONE', #2956 ) ;
#3000 = DIRECTION ( 'NONE',  ( -0.000000000000000000, -0.000000000000000000, 1.000000000000000000 ) ) ;
#3001 = EDGE_CURVE ( 'NONE', #3252, #1105, #2214, .T. ) ;
#3002 = CARTESIAN_POINT ( 'NONE',  ( 0.2886751345948148639, 1.159999999999999920, 1.250000000000003331 ) ) ;
#3003 = LINE ( 'NONE', #4112, #708 ) ;
#3004 = FACE_OUTER_BOUND ( 'NONE', #675, .T. ) ;
#3005 = ORIENTED_EDGE ( 'NONE', *, *, #3610, .T. ) ;
#3006 = LINE ( 'NONE', #1230, #1698 ) ;
#3007 = EDGE_LOOP ( 'NONE', ( #1421, #2729, #885, #2176 ) ) ;
#3008 = DIRECTION ( 'NONE',  ( 0.000000000000000000, 0.000000000000000000, 1.000000000000000000 ) ) ;
#3009 = AXIS2_PLACEMENT_3D ( 'NONE', #67, #4487, #3717 ) ;
#3010 = PLANE ( 'NONE',  #2989 ) ;
#3011 = LINE ( 'NONE', #1900, #4653 ) ;
#3012 = FACE_BOUND ( 'NONE', #4639, .T. ) ;
#3013 = ORIENTED_EDGE ( 'NONE', *, *, #388, .T. ) ;
#3014 = EDGE_CURVE ( 'NONE', #355, #3690, #4442, .T. ) ;
#3015 = ADVANCED_FACE ( 'NONE', ( #2242 ), #1515, .F. ) ;
#3016 = ORIENTED_EDGE ( 'NONE', *, *, #2930, .F. ) ;
#3017 = DIRECTION ( 'NONE',  ( -1.000000000000000000, 0.000000000000000000, -0.000000000000000000 ) ) ;
#3018 = EDGE_CURVE ( 'NONE', #300, #3252, #2266, .T. ) ;
#3019 = CARTESIAN_POINT ( 'NONE',  ( 0.000000000000000000, 1.459999999999999964, -0.7500000000000015543 ) ) ;
#3020 = CARTESIAN_POINT ( 'NONE',  ( 4.791324865405186983, 1.459999999999999964, 1.249999999999999778 ) ) ;
#3021 = VECTOR ( 'NONE', #4059, 1000.000000000000000 ) ;
#3022 = DIRECTION ( 'NONE',  ( -0.000000000000000000, 0.000000000000000000, 1.000000000000000000 ) ) ;
#3023 = ADVANCED_FACE ( 'NONE', ( #674 ), #4496, .F. ) ;
#3024 = LINE ( 'NONE', #1145, #1308 ) ;
#3025 = AXIS2_PLACEMENT_3D ( 'NONE', #386, #1109, #1948 ) ;
#3026 = EDGE_CURVE ( 'NONE', #548, #1508, #1466, .T. ) ;
#3027 = CARTESIAN_POINT ( 'NONE',  ( 4.129999999999998117, 8.400000000000000355, 0.1592304845413246572 ) ) ;
#3028 = DIRECTION ( 'NONE',  ( 1.000000000000000000, 0.000000000000000000, -0.000000000000000000 ) ) ;
#3029 = VECTOR ( 'NONE', #2724, 1000.000000000000000 ) ;
#3030 = LINE ( 'NONE', #2636, #2596 ) ;
#3031 = VERTEX_POINT ( 'NONE', #3752 ) ;
#3032 = ORIENTED_EDGE ( 'NONE', *, *, #1446, .F. ) ;
#3033 = LINE ( 'NONE', #2712, #4722 ) ;
#3034 = VECTOR ( 'NONE', #3294, 1000.000000000000000 ) ;
#3035 = LINE ( 'NONE', #2194, #2530 ) ;
#3036 = DIRECTION ( 'NONE',  ( -0.000000000000000000, -0.000000000000000000, 1.000000000000000000 ) ) ;
#3037 = DIRECTION ( 'NONE',  ( -1.000000000000000000, 0.000000000000000000, 0.000000000000000000 ) ) ;
#3038 = ORIENTED_EDGE ( 'NONE', *, *, #1595, .T. ) ;
#3039 = ORIENTED_EDGE ( 'NONE', *, *, #2633, .T. ) ;
#3040 = CARTESIAN_POINT ( 'NONE',  ( -2.539999999999998703, -1.836709923159833427E-31, -2.649999999999996803 ) ) ;
#3041 = CARTESIAN_POINT ( 'NONE',  ( -6.670000000000002593, 1.460000000000000187, 0.3200000000000004508 ) ) ;
#3042 = LINE ( 'NONE', #1527, #2432 ) ;
#3043 = VERTEX_POINT ( 'NONE', #2980 ) ;
#3044 = CARTESIAN_POINT ( 'NONE',  ( 2.940000000000000391, 1.459999999999999964, 1.250000000000000222 ) ) ;
#3045 = VERTEX_POINT ( 'NONE', #401 ) ;
#3046 = AXIS2_PLACEMENT_3D ( 'NONE', #3344, #74, #867 ) ;
#3047 = LINE ( 'NONE', #1200, #2910 ) ;
#3048 = CARTESIAN_POINT ( 'NONE',  ( -4.679999999999999716, 1.160000000000000142, -0.7000000000000031752 ) ) ;
#3049 = EDGE_CURVE ( 'NONE', #2640, #343, #1918, .T. ) ;
#3050 = VERTEX_POINT ( 'NONE', #3732 ) ;
#3051 = PLANE ( 'NONE',  #4469 ) ;
#3052 = PLANE ( 'NONE',  #265 ) ;
#3053 = COLOUR_RGB ( '',0.9686274509803921573, 0.8784313725490195957, 0.5999999999999999778 ) ;
#3054 = ORIENTED_EDGE ( 'NONE', *, *, #3834, .T. ) ;
#3055 = DIRECTION ( 'NONE',  ( -1.000000000000000000, 0.000000000000000000, -0.000000000000000000 ) ) ;
#3056 = DIRECTION ( 'NONE',  ( 1.000000000000000000, 0.000000000000000000, 0.000000000000000000 ) ) ;
#3057 = EDGE_CURVE ( 'NONE', #2395, #2694, #49, .T. ) ;
#3058 = CARTESIAN_POINT ( 'NONE',  ( 0.000000000000000000, 1.159999999999999920, -0.7000000000000031752 ) ) ;
#3059 = FACE_OUTER_BOUND ( 'NONE', #2849, .T. ) ;
#3060 = VECTOR ( 'NONE', #3548, 1000.000000000000000 ) ;
#3061 = EDGE_LOOP ( 'NONE', ( #177, #3482, #605, #4554 ) ) ;
#3062 = ORIENTED_EDGE ( 'NONE', *, *, #3505, .T. ) ;
#3063 = AXIS2_PLACEMENT_3D ( 'NONE', #3781, #2319, #1596 ) ;
#3064 = EDGE_LOOP ( 'NONE', ( #4421, #4693, #1467, #1396 ) ) ;
#3065 = PLANE ( 'NONE',  #4394 ) ;
#3066 = DIRECTION ( 'NONE',  ( 1.000000000000000000, 0.000000000000000000, -0.000000000000000000 ) ) ;
#3067 = DIRECTION ( 'NONE',  ( 1.000000000000000000, 0.000000000000000000, -1.138269997360109674E-16 ) ) ;
#3068 = AXIS2_PLACEMENT_3D ( 'NONE', #4565, #3824, #176 ) ;
#3069 = ORIENTED_EDGE ( 'NONE', *, *, #1962, .F. ) ;
#3070 = VECTOR ( 'NONE', #2374, 1000.000000000000000 ) ;
#3071 = VERTEX_POINT ( 'NONE', #480 ) ;
#3072 = PRODUCT_DEFINITION_SHAPE ( 'NONE', 'NONE',  #4820 ) ;
#3073 = DIRECTION ( 'NONE',  ( 0.000000000000000000, -0.000000000000000000, 1.000000000000000000 ) ) ;
#3074 = DIRECTION ( 'NONE',  ( 1.000000000000000000, 0.000000000000000000, 0.000000000000000000 ) ) ;
#3075 = LINE ( 'NONE', #1869, #3594 ) ;
#3076 = LINE ( 'NONE', #1250, #875 ) ;
#3077 = ADVANCED_FACE ( 'NONE', ( #2761 ), #2687, .F. ) ;
#3078 = ADVANCED_FACE ( 'NONE', ( #872 ), #3876, .T. ) ;
#3079 = CARTESIAN_POINT ( 'NONE',  ( 6.029999999999998472, 8.400000000000000355, 0.3200000000000015610 ) ) ;
#3080 = EDGE_LOOP ( 'NONE', ( #1197, #4363, #706, #1026 ) ) ;
#3081 = CARTESIAN_POINT ( 'NONE',  ( -3.490000000000001990, 3.700000000000000178, 0.3200000000000000622 ) ) ;
#3082 = ADVANCED_FACE ( 'NONE', ( #800 ), #4610, .F. ) ;
#3083 = LINE ( 'NONE', #2714, #4763 ) ;
#3084 = FACE_OUTER_BOUND ( 'NONE', #3812, .T. ) ;
#3085 = PLANE ( 'NONE',  #4423 ) ;
#3086 = EDGE_CURVE ( 'NONE', #2448, #4310, #4546, .T. ) ;
#3087 = EDGE_LOOP ( 'NONE', ( #696, #3730, #4422, #423 ) ) ;
#3088 = VERTEX_POINT ( 'NONE', #4589 ) ;
#3089 = DIRECTION ( 'NONE',  ( 0.000000000000000000, 0.000000000000000000, -1.000000000000000000 ) ) ;
#3090 = CARTESIAN_POINT ( 'NONE',  ( -4.130000000000001670, 1.460000000000000187, 0.3200000000000000622 ) ) ;
#3091 = DIRECTION ( 'NONE',  ( -0.000000000000000000, -1.000000000000000000, -0.000000000000000000 ) ) ;
#3092 = CARTESIAN_POINT ( 'NONE',  ( 3.489999999999998881, 8.400000000000000355, 0.3199999999999985079 ) ) ;
#3093 = ORIENTED_EDGE ( 'NONE', *, *, #769, .T. ) ;
#3094 = CARTESIAN_POINT ( 'NONE',  ( 2.940000000000000391, 1.160000000000000142, -1.250000000000002887 ) ) ;
#3095 = CARTESIAN_POINT ( 'NONE',  ( 0.000000000000000000, 1.159999999999999920, 0.7000000000000030642 ) ) ;
#3096 = DIRECTION ( 'NONE',  ( 1.000000000000000000, 0.000000000000000000, -1.138269997360109674E-16 ) ) ;
#3097 = SHAPE_DEFINITION_REPRESENTATION ( #1468, #3684 ) ;
#3098 = VECTOR ( 'NONE', #1861, 999.9999999999998863 ) ;
#3099 = DIRECTION ( 'NONE',  ( 0.5000000000000014433, 0.000000000000000000, 0.8660254037844379305 ) ) ;
#3100 = ORIENTED_EDGE ( 'NONE', *, *, #1786, .T. ) ;
#3101 = ADVANCED_FACE ( 'NONE', ( #4568 ), #3424, .F. ) ;
#3102 = FACE_OUTER_BOUND ( 'NONE', #4277, .T. ) ;
#3103 = AXIS2_PLACEMENT_3D ( 'NONE', #4402, #258, #2486 ) ;
#3104 = CARTESIAN_POINT ( 'NONE',  ( 0.000000000000000000, 0.000000000000000000, 0.5200000000000015721 ) ) ;
#3105 = DIRECTION ( 'NONE',  ( 0.5000000000000014433, -0.000000000000000000, 0.8660254037844379305 ) ) ;
#3106 = DIRECTION ( 'NONE',  ( -0.000000000000000000, 1.000000000000000000, -0.000000000000000000 ) ) ;
#3107 = FACE_OUTER_BOUND ( 'NONE', #1023, .T. ) ;
#3108 = ADVANCED_FACE ( 'NONE', ( #1232 ), #3854, .F. ) ;
#3109 = ORIENTED_EDGE ( 'NONE', *, *, #1208, .T. ) ;
#3110 = EDGE_CURVE ( 'NONE', #1917, #2380, #1945, .T. ) ;
#3111 = ORIENTED_EDGE ( 'NONE', *, *, #807, .T. ) ;
#3112 = DIRECTION ( 'NONE',  ( -0.8660254037844379305, 0.000000000000000000, -0.5000000000000014433 ) ) ;
#3113 = CARTESIAN_POINT ( 'NONE',  ( 5.480000000000000426, 1.160000000000000142, -1.250000000000002442 ) ) ;
#3114 = DIRECTION ( 'NONE',  ( -0.000000000000000000, 1.000000000000000000, -0.000000000000000000 ) ) ;
#3115 =( NAMED_UNIT ( * ) SI_UNIT ( $, .STERADIAN. ) SOLID_ANGLE_UNIT ( ) );
#3116 = ORIENTED_EDGE ( 'NONE', *, *, #4740, .T. ) ;
#3117 = ORIENTED_EDGE ( 'NONE', *, *, #449, .T. ) ;
#3118 = CARTESIAN_POINT ( 'NONE',  ( 0.9499999999999986233, 3.700000000000000178, 0.3199999999999992850 ) ) ;
#3119 = CARTESIAN_POINT ( 'NONE',  ( -2.139999999999999680, 1.159999999999999920, -0.7000000000000031752 ) ) ;
#3120 = CARTESIAN_POINT ( 'NONE',  ( 7.220000000000000639, 0.8600000000000000977, -0.7000000000000031752 ) ) ;
#3121 = PLANE ( 'NONE',  #3068 ) ;
#3122 = ORIENTED_EDGE ( 'NONE', *, *, #4288, .T. ) ;
#3123 = CARTESIAN_POINT ( 'NONE',  ( 6.200766279201532782, 8.437308430199617959, 0.1492337207984675562 ) ) ;
#3124 = UNCERTAINTY_MEASURE_WITH_UNIT (LENGTH_MEASURE( 1.000000000000000082E-05 ), #3976, 'distance_accuracy_value', 'NONE');
#3125 = VECTOR ( 'NONE', #4254, 1000.000000000000000 ) ;
#3126 = EDGE_CURVE ( 'NONE', #4596, #3642, #4213, .T. ) ;
#3127 = LINE ( 'NONE', #3450, #3060 ) ;
#3128 = PRESENTATION_LAYER_ASSIGNMENT (  '', '', ( #625 ) ) ;
#3129 = VECTOR ( 'NONE', #760, 999.9999999999998863 ) ;
#3130 = CARTESIAN_POINT ( 'NONE',  ( 0.000000000000000000, 1.159999999999999920, 0.000000000000000000 ) ) ;
#3131 = ORIENTED_EDGE ( 'NONE', *, *, #3467, .F. ) ;
#3132 = DIRECTION ( 'NONE',  ( -1.000000000000000000, 0.000000000000000000, 0.000000000000000000 ) ) ;
#3133 = DIRECTION ( 'NONE',  ( -0.000000000000000000, 1.000000000000000000, -0.000000000000000000 ) ) ;
#3134 = CARTESIAN_POINT ( 'NONE',  ( 2.828675134594814455, 1.159999999999999920, 1.250000000000003109 ) ) ;
#3135 = EDGE_CURVE ( 'NONE', #108, #48, #903, .T. ) ;
#3136 = CARTESIAN_POINT ( 'NONE',  ( 0.9499999999999986233, 1.460000000000000187, 0.3199999999999992850 ) ) ;
#3137 = VECTOR ( 'NONE', #794, 1000.000000000000000 ) ;
#3138 = PRESENTATION_STYLE_ASSIGNMENT (( #168 ) ) ;
#3139 = FACE_OUTER_BOUND ( 'NONE', #1038, .T. ) ;
#3140 = VERTEX_POINT ( 'NONE', #509 ) ;
#3141 = ORIENTED_EDGE ( 'NONE', *, *, #4317, .F. ) ;
#3142 = VECTOR ( 'NONE', #4115, 1000.000000000000000 ) ;
#3143 = CARTESIAN_POINT ( 'NONE',  ( -5.368675134594814935, 1.159999999999999920, 1.250000000000003331 ) ) ;
#3144 = VECTOR ( 'NONE', #3454, 1000.000000000000000 ) ;
#3145 = CARTESIAN_POINT ( 'NONE',  ( 7.620000000000000107, 1.159999999999999920, -1.250000000000001776 ) ) ;
#3146 = VECTOR ( 'NONE', #2230, 1000.000000000000114 ) ;
#3147 = VECTOR ( 'NONE', #4058, 999.9999999999998863 ) ;
#3148 = CARTESIAN_POINT ( 'NONE',  ( -2.540000000000000480, 1.459999999999999964, 0.7500000000000033307 ) ) ;
#3149 = ORIENTED_EDGE ( 'NONE', *, *, #2109, .F. ) ;
#3150 = LINE ( 'NONE', #207, #1543 ) ;
#3151 = FACE_OUTER_BOUND ( 'NONE', #360, .T. ) ;
#3152 = CARTESIAN_POINT ( 'NONE',  ( -6.670000000000002593, 1.460000000000000187, 0.3200000000000004508 ) ) ;
#3153 = CARTESIAN_POINT ( 'NONE',  ( 6.029999999999998472, 1.460000000000000187, -0.3200000000000015610 ) ) ;
#3154 = ORIENTED_EDGE ( 'NONE', *, *, #840, .F. ) ;
#3155 = EDGE_LOOP ( 'NONE', ( #4739, #4400, #1785, #4516 ) ) ;
#3156 = ORIENTED_EDGE ( 'NONE', *, *, #4022, .F. ) ;
#3157 = CARTESIAN_POINT ( 'NONE',  ( -7.620000000000000107, 3.700000000000000178, 1.250000000000000666 ) ) ;
#3158 = CARTESIAN_POINT ( 'NONE',  ( 6.029999999999998472, 0.000000000000000000, 2.049999999999990496 ) ) ;
#3159 = CARTESIAN_POINT ( 'NONE',  ( 0.000000000000000000, 3.700000000000000178, -0.7500000000000015543 ) ) ;
#3160 = EDGE_CURVE ( 'NONE', #275, #4044, #3083, .T. ) ;
#3161 = ADVANCED_FACE ( 'NONE', ( #1667 ), #2406, .F. ) ;
#3162 = ORIENTED_EDGE ( 'NONE', *, *, #217, .T. ) ;
#3163 = ORIENTED_EDGE ( 'NONE', *, *, #4022, .T. ) ;
#3164 = EDGE_CURVE ( 'NONE', #4405, #201, #455, .T. ) ;
#3165 = VECTOR ( 'NONE', #2233, 1000.000000000000000 ) ;
#3166 = DIRECTION ( 'NONE',  ( -0.000000000000000000, 1.000000000000000000, -0.000000000000000000 ) ) ;
#3167 = PLANE ( 'NONE',  #718 ) ;
#3168 = EDGE_CURVE ( 'NONE', #1127, #3233, #3884, .T. ) ;
#3169 = PLANE ( 'NONE',  #1273 ) ;
#3170 = DIRECTION ( 'NONE',  ( -0.000000000000000000, 1.000000000000000000, -0.000000000000000000 ) ) ;
#3171 = ORIENTED_EDGE ( 'NONE', *, *, #273, .T. ) ;
#3172 = UNCERTAINTY_MEASURE_WITH_UNIT (LENGTH_MEASURE( 1.000000000000000082E-05 ), #2006, 'distance_accuracy_value', 'NONE');
#3173 = PRODUCT_DEFINITION_CONTEXT ( 'detailed design', #2830, 'design' ) ;
#3174 = DIRECTION ( 'NONE',  ( -1.000000000000000000, -0.000000000000000000, -0.000000000000000000 ) ) ;
#3175 = FACE_OUTER_BOUND ( 'NONE', #2120, .T. ) ;
#3176 = MECHANICAL_DESIGN_GEOMETRIC_PRESENTATION_REPRESENTATION (  '', ( #2559 ), #1693 ) ;
#3177 = DIRECTION ( 'NONE',  ( -0.000000000000000000, -1.000000000000000000, 0.000000000000000000 ) ) ;
#3178 = DIRECTION ( 'NONE',  ( 0.000000000000000000, 0.000000000000000000, 1.000000000000000000 ) ) ;
#3179 = VECTOR ( 'NONE', #3739, 1000.000000000000000 ) ;
#3180 = DIRECTION ( 'NONE',  ( -0.000000000000000000, 1.000000000000000000, -0.000000000000000000 ) ) ;
#3181 = ORIENTED_EDGE ( 'NONE', *, *, #3503, .T. ) ;
#3182 = VECTOR ( 'NONE', #1793, 1000.000000000000000 ) ;
#3183 = DIRECTION ( 'NONE',  ( -1.000000000000000000, 0.000000000000000000, -0.000000000000000000 ) ) ;
#3184 = PLANE ( 'NONE',  #2168 ) ;
#3185 = VERTEX_POINT ( 'NONE', #2047 ) ;
#3186 = VERTEX_POINT ( 'NONE', #3826 ) ;
#3187 = VERTEX_POINT ( 'NONE', #3499 ) ;
#3188 = DIRECTION ( 'NONE',  ( -0.000000000000000000, 1.000000000000000000, -0.000000000000000000 ) ) ;
#3189 = ORIENTED_EDGE ( 'NONE', *, *, #2879, .T. ) ;
#3190 = CARTESIAN_POINT ( 'NONE',  ( -2.540000000000000480, 1.459999999999999964, 0.7500000000000033307 ) ) ;
#3191 = APPLICATION_PROTOCOL_DEFINITION ( 'draft international standard', 'automotive_design', 1998, #1579 ) ;
#3192 = CARTESIAN_POINT ( 'NONE',  ( 0.000000000000000000, 1.459999999999999964, 0.7500000000000032196 ) ) ;
#3193 = DIRECTION ( 'NONE',  ( 0.2505628070857300882, 0.9351131265310301810, -0.2505628070857300882 ) ) ;
#3194 = CARTESIAN_POINT ( 'NONE',  ( -2.939999999999999947, 1.160000000000000142, 0.7000000000000029532 ) ) ;
#3195 = ORIENTED_EDGE ( 'NONE', *, *, #450, .T. ) ;
#3196 = ORIENTED_EDGE ( 'NONE', *, *, #531, .F. ) ;
#3197 = AXIS2_PLACEMENT_3D ( 'NONE', #3911, #3513, #3489 ) ;
#3198 = ORIENTED_EDGE ( 'NONE', *, *, #1955, .T. ) ;
#3199 = EDGE_LOOP ( 'NONE', ( #3914, #2330, #3338, #2880 ) ) ;
#3200 = FACE_OUTER_BOUND ( 'NONE', #2626, .T. ) ;
#3201 = CARTESIAN_POINT ( 'NONE',  ( 6.190769515458671712, -1.836709923159818538E-31, 2.649999999999994582 ) ) ;
#3202 = CARTESIAN_POINT ( 'NONE',  ( 4.679999999999999716, 1.160000000000000142, -1.250000000000002442 ) ) ;
#3203 = DIRECTION ( 'NONE',  ( -0.8660254037844379305, 0.000000000000000000, 0.5000000000000014433 ) ) ;
#3204 = ORIENTED_EDGE ( 'NONE', *, *, #3737, .T. ) ;
#3205 = ORIENTED_EDGE ( 'NONE', *, *, #2517, .F. ) ;
#3206 = VECTOR ( 'NONE', #4393, 1000.000000000000000 ) ;
#3207 = ORIENTED_EDGE ( 'NONE', *, *, #776, .T. ) ;
#3208 = ORIENTED_EDGE ( 'NONE', *, *, #4386, .T. ) ;
#3209 = VECTOR ( 'NONE', #4731, 1000.000000000000114 ) ;
#3210 = ORIENTED_EDGE ( 'NONE', *, *, #1046, .T. ) ;
#3211 = VECTOR ( 'NONE', #1280, 1000.000000000000000 ) ;
#3212 = LINE ( 'NONE', #1321, #559 ) ;
#3213 = DIRECTION ( 'NONE',  ( 0.000000000000000000, 0.000000000000000000, -1.000000000000000000 ) ) ;
#3214 = PLANE ( 'NONE',  #994 ) ;
#3215 = VECTOR ( 'NONE', #150, 1000.000000000000000 ) ;
#3216 = LINE ( 'NONE', #3678, #4133 ) ;
#3217 = ADVANCED_FACE ( 'NONE', ( #181 ), #1184, .F. ) ;
#3218 = ORIENTED_EDGE ( 'NONE', *, *, #4294, .T. ) ;
#3219 = VECTOR ( 'NONE', #730, 1000.000000000000000 ) ;
#3220 = EDGE_CURVE ( 'NONE', #308, #1783, #806, .T. ) ;
#3221 = EDGE_CURVE ( 'NONE', #4519, #1139, #127, .T. ) ;
#3222 = ADVANCED_FACE ( 'NONE', ( #1215 ), #2690, .F. ) ;
#3223 = FACE_OUTER_BOUND ( 'NONE', #1702, .T. ) ;
#3224 = VERTEX_POINT ( 'NONE', #4189 ) ;
#3225 = ORIENTED_EDGE ( 'NONE', *, *, #3968, .F. ) ;
#3226 = DIRECTION ( 'NONE',  ( 1.000000000000000000, 0.000000000000000000, 0.000000000000000000 ) ) ;
#3227 = EDGE_CURVE ( 'NONE', #493, #4063, #3453, .T. ) ;
#3228 = LINE ( 'NONE', #283, #1087 ) ;
#3229 = CARTESIAN_POINT ( 'NONE',  ( 3.489999999999998881, 7.799999999999996270, -0.3200000000000015610 ) ) ;
#3230 = EDGE_LOOP ( 'NONE', ( #1491, #3431, #1307, #1557 ) ) ;
#3231 = ORIENTED_EDGE ( 'NONE', *, *, #4601, .F. ) ;
#3232 = CARTESIAN_POINT ( 'NONE',  ( -6.030000000000002025, 1.460000000000000187, 0.3200000000000004508 ) ) ;
#3233 = VERTEX_POINT ( 'NONE', #456 ) ;
#3234 = LINE ( 'NONE', #3192, #2991 ) ;
#3235 = FACE_OUTER_BOUND ( 'NONE', #857, .T. ) ;
#3236 = LINE ( 'NONE', #3648, #2216 ) ;
#3237 = DIRECTION ( 'NONE',  ( 0.8660254037844371533, 0.000000000000000000, -0.5000000000000026645 ) ) ;
#3238 = VERTEX_POINT ( 'NONE', #1281 ) ;
#3239 = LINE ( 'NONE', #4726, #713 ) ;
#3240 = EDGE_CURVE ( 'NONE', #3185, #940, #1304, .T. ) ;
#3241 = DIRECTION ( 'NONE',  ( 0.000000000000000000, 0.000000000000000000, -1.000000000000000000 ) ) ;
#3242 = VERTEX_POINT ( 'NONE', #1799 ) ;
#3243 = AXIS2_PLACEMENT_3D ( 'NONE', #286, #3255, #1791 ) ;
#3244 = ORIENTED_EDGE ( 'NONE', *, *, #2015, .T. ) ;
#3245 = VECTOR ( 'NONE', #2271, 999.9999999999998863 ) ;
#3246 = CARTESIAN_POINT ( 'NONE',  ( -2.139999999999999680, 1.160000000000000142, -1.250000000000002665 ) ) ;
#3247 = FACE_OUTER_BOUND ( 'NONE', #2704, .T. ) ;
#3248 = DIRECTION ( 'NONE',  ( 1.000000000000000000, 0.000000000000000000, 0.000000000000000000 ) ) ;
#3249 = EDGE_CURVE ( 'NONE', #1621, #622, #1327, .T. ) ;
#3250 = ORIENTED_EDGE ( 'NONE', *, *, #3355, .T. ) ;
#3251 = ORIENTED_EDGE ( 'NONE', *, *, #1403, .F. ) ;
#3252 = VERTEX_POINT ( 'NONE', #655 ) ;
#3253 = DIRECTION ( 'NONE',  ( 1.000000000000000000, -0.000000000000000000, 0.000000000000000000 ) ) ;
#3254 = CARTESIAN_POINT ( 'NONE',  ( -5.080000000000000959, 3.700000000000000178, 0.7500000000000032196 ) ) ;
#3255 = DIRECTION ( 'NONE',  ( 0.000000000000000000, 1.000000000000000000, 0.000000000000000000 ) ) ;
#3256 = CARTESIAN_POINT ( 'NONE',  ( 6.669999999999999041, 0.000000000000000000, 0.5200000000000013500 ) ) ;
#3257 = PLANE ( 'NONE',  #3274 ) ;
#3258 = LINE ( 'NONE', #2116, #2061 ) ;
#3259 = VERTEX_POINT ( 'NONE', #2527 ) ;
#3260 = ORIENTED_EDGE ( 'NONE', *, *, #4267, .T. ) ;
#3261 = FACE_OUTER_BOUND ( 'NONE', #1150, .T. ) ;
#3262 = ORIENTED_EDGE ( 'NONE', *, *, #119, .T. ) ;
#3263 = EDGE_CURVE ( 'NONE', #1053, #486, #583, .T. ) ;
#3264 = ORIENTED_EDGE ( 'NONE', *, *, #1962, .T. ) ;
#3265 = CARTESIAN_POINT ( 'NONE',  ( 0.9499999999999986233, 1.460000000000000187, 0.3199999999999992850 ) ) ;
#3266 = DIRECTION ( 'NONE',  ( 0.000000000000000000, -1.000000000000000000, -0.000000000000000000 ) ) ;
#3267 = DIRECTION ( 'NONE',  ( 0.000000000000000000, 0.000000000000000000, -1.000000000000000000 ) ) ;
#3268 = EDGE_LOOP ( 'NONE', ( #4406, #500, #3282, #2372 ) ) ;
#3269 = EDGE_CURVE ( 'NONE', #890, #4076, #4005, .T. ) ;
#3270 = EDGE_CURVE ( 'NONE', #2993, #4429, #4316, .T. ) ;
#3271 = EDGE_CURVE ( 'NONE', #548, #662, #976, .T. ) ;
#3272 = CARTESIAN_POINT ( 'NONE',  ( 6.669999999999999041, 1.460000000000000187, -0.3200000000000015610 ) ) ;
#3273 = DIRECTION ( 'NONE',  ( 0.5000000000000026645, 0.000000000000000000, -0.8660254037844372643 ) ) ;
#3274 = AXIS2_PLACEMENT_3D ( 'NONE', #1412, #2208, #3327 ) ;
#3275 = LINE ( 'NONE', #3304, #523 ) ;
#3276 = EDGE_CURVE ( 'NONE', #1051, #1053, #278, .T. ) ;
#3277 = VECTOR ( 'NONE', #1715, 1000.000000000000000 ) ;
#3278 = DIRECTION ( 'NONE',  ( -0.000000000000000000, 0.000000000000000000, 1.000000000000000000 ) ) ;
#3279 = CARTESIAN_POINT ( 'NONE',  ( 2.940000000000000391, 1.160000000000000142, -1.250000000000002887 ) ) ;
#3280 = ORIENTED_EDGE ( 'NONE', *, *, #3313, .F. ) ;
#3281 = VECTOR ( 'NONE', #3702, 1000.000000000000000 ) ;
#3282 = ORIENTED_EDGE ( 'NONE', *, *, #2229, .F. ) ;
#3283 = LINE ( 'NONE', #723, #3994 ) ;
#3284 = VERTEX_POINT ( 'NONE', #210 ) ;
#3285 = CARTESIAN_POINT ( 'NONE',  ( 0.9499999999999986233, 3.700000000000000178, -0.3200000000000007838 ) ) ;
#3286 = AXIS2_PLACEMENT_3D ( 'NONE', #4173, #785, #2608 ) ;
#3287 = VECTOR ( 'NONE', #966, 1000.000000000000000 ) ;
#3288 = VERTEX_POINT ( 'NONE', #3903 ) ;
#3289 = ORIENTED_EDGE ( 'NONE', *, *, #3276, .T. ) ;
#3290 = SHAPE_REPRESENTATION_RELATIONSHIP ( 'NONE' , 'NONE' ,  #2665, #2869 ) ;
#3291 = VECTOR ( 'NONE', #4371, 1000.000000000000000 ) ;
#3292 = VECTOR ( 'NONE', #2366, 1000.000000000000000 ) ;
#3293 = CARTESIAN_POINT ( 'NONE',  ( 7.620000000000000107, 1.159999999999999920, -1.250000000000001776 ) ) ;
#3294 = DIRECTION ( 'NONE',  ( -1.000000000000000000, 0.000000000000000000, 0.000000000000000000 ) ) ;
#3295 = LINE ( 'NONE', #3614, #1754 ) ;
#3296 = ORIENTED_EDGE ( 'NONE', *, *, #4326, .F. ) ;
#3297 =( NAMED_UNIT ( * ) PLANE_ANGLE_UNIT ( ) SI_UNIT ( $, .RADIAN. ) );
#3298 = ORIENTED_EDGE ( 'NONE', *, *, #2296, .F. ) ;
#3299 = VERTEX_POINT ( 'NONE', #2073 ) ;
#3300 = PLANE ( 'NONE',  #4149 ) ;
#3301 = CARTESIAN_POINT ( 'NONE',  ( 2.940000000000000391, 1.160000000000000142, -0.7000000000000031752 ) ) ;
#3302 = EDGE_CURVE ( 'NONE', #1812, #2286, #3577, .T. ) ;
#3303 = EDGE_CURVE ( 'NONE', #847, #3354, #1745, .T. ) ;
#3304 = CARTESIAN_POINT ( 'NONE',  ( -5.480000000000000426, 1.160000000000000142, -1.250000000000002665 ) ) ;
#3305 = EDGE_CURVE ( 'NONE', #3371, #4050, #1002, .T. ) ;
#3306 = DIRECTION ( 'NONE',  ( -0.5000000000000026645, -0.000000000000000000, -0.8660254037844372643 ) ) ;
#3307 = CARTESIAN_POINT ( 'NONE',  ( -7.220000000000000639, 1.160000000000000142, 0.7000000000000031752 ) ) ;
#3308 = ADVANCED_FACE ( 'NONE', ( #3223 ), #4707, .F. ) ;
#3309 = ORIENTED_EDGE ( 'NONE', *, *, #2958, .F. ) ;
#3310 = ORIENTED_EDGE ( 'NONE', *, *, #3519, .F. ) ;
#3311 = DIRECTION ( 'NONE',  ( -0.000000000000000000, -0.000000000000000000, 1.000000000000000000 ) ) ;
#3312 = ORIENTED_EDGE ( 'NONE', *, *, #672, .T. ) ;
#3313 = EDGE_CURVE ( 'NONE', #3560, #1547, #4338, .T. ) ;
#3314 = APPLICATION_CONTEXT ( 'automotive_design' ) ;
#3315 =( NAMED_UNIT ( * ) PLANE_ANGLE_UNIT ( ) SI_UNIT ( $, .RADIAN. ) );
#3316 = FACE_OUTER_BOUND ( 'NONE', #2525, .T. ) ;
#3317 = DIRECTION ( 'NONE',  ( 1.000000000000000000, 0.000000000000000000, 0.000000000000000000 ) ) ;
#3318 = CARTESIAN_POINT ( 'NONE',  ( 0.000000000000000000, 3.700000000000000178, 0.000000000000000000 ) ) ;
#3319 = VERTEX_POINT ( 'NONE', #4233 ) ;
#3320 = STYLED_ITEM ( 'NONE', ( #410 ), #2869 ) ;
#3321 = ORIENTED_EDGE ( 'NONE', *, *, #3758, .T. ) ;
#3322 = DIRECTION ( 'NONE',  ( -0.000000000000000000, -1.000000000000000000, 0.000000000000000000 ) ) ;
#3323 = LINE ( 'NONE', #3041, #782 ) ;
#3324 = AXIS2_PLACEMENT_3D ( 'NONE', #4807, #4483, #3378 ) ;
#3325 = EDGE_CURVE ( 'NONE', #2646, #2917, #871, .T. ) ;
#3326 = CARTESIAN_POINT ( 'NONE',  ( 3.650769515458671677, -1.836709923159818538E-31, -2.649999999999994582 ) ) ;
#3327 = DIRECTION ( 'NONE',  ( -0.5000000000000026645, 0.000000000000000000, -0.8660254037844371533 ) ) ;
#3328 = LINE ( 'NONE', #75, #1660 ) ;
#3329 = ORIENTED_EDGE ( 'NONE', *, *, #3086, .T. ) ;
#3330 = CARTESIAN_POINT ( 'NONE',  ( 5.079999999999999183, 1.159999999999999920, 0.7500000000000026645 ) ) ;
#3331 = EDGE_LOOP ( 'NONE', ( #4447, #1306, #3860, #239 ) ) ;
#3332 = EDGE_CURVE ( 'NONE', #2506, #4544, #4160, .T. ) ;
#3333 = VERTEX_POINT ( 'NONE', #1637 ) ;
#3334 = DIRECTION ( 'NONE',  ( 0.000000000000000000, 0.000000000000000000, -1.000000000000000000 ) ) ;
#3335 = EDGE_CURVE ( 'NONE', #1351, #1182, #2313, .T. ) ;
#3336 = LINE ( 'NONE', #342, #3245 ) ;
#3337 = DIRECTION ( 'NONE',  ( 0.000000000000000000, -0.000000000000000000, 1.000000000000000000 ) ) ;
#3338 = ORIENTED_EDGE ( 'NONE', *, *, #4593, .F. ) ;
#3339 = DIRECTION ( 'NONE',  ( 0.5000000000000026645, 0.000000000000000000, -0.8660254037844371533 ) ) ;
#3340 = VECTOR ( 'NONE', #2610, 999.9999999999998863 ) ;
#3341 = CARTESIAN_POINT ( 'NONE',  ( 5.480000000000000426, 1.160000000000000142, 0.7000000000000031752 ) ) ;
#3342 = DIRECTION ( 'NONE',  ( -1.000000000000000000, 0.000000000000000000, 1.565121246370150864E-16 ) ) ;
#3343 = VECTOR ( 'NONE', #582, 1000.000000000000000 ) ;
#3344 = CARTESIAN_POINT ( 'NONE',  ( 0.000000000000000000, 1.159999999999999920, -0.7500000000000015543 ) ) ;
#3345 = DIRECTION ( 'NONE',  ( 0.000000000000000000, 0.000000000000000000, -1.000000000000000000 ) ) ;
#3346 = ORIENTED_EDGE ( 'NONE', *, *, #66, .T. ) ;
#3347 = PLANE ( 'NONE',  #2442 ) ;
#3348 = PLANE ( 'NONE',  #329 ) ;
#3349 = VERTEX_POINT ( 'NONE', #2336 ) ;
#3350 = PLANE ( 'NONE',  #2634 ) ;
#3351 = ADVANCED_FACE ( 'NONE', ( #897 ), #3121, .F. ) ;
#3352 = AXIS2_PLACEMENT_3D ( 'NONE', #2398, #3871, #4183 ) ;
#3353 = PRODUCT_RELATED_PRODUCT_CATEGORY ( 'part', '', ( #4147 ) ) ;
#3354 = VERTEX_POINT ( 'NONE', #3420 ) ;
#3355 = EDGE_CURVE ( 'NONE', #742, #2569, #527, .T. ) ;
#3356 = DIRECTION ( 'NONE',  ( 1.000000000000000000, 0.000000000000000000, 0.000000000000000000 ) ) ;
#3357 = VECTOR ( 'NONE', #3177, 1000.000000000000000 ) ;
#3358 = CARTESIAN_POINT ( 'NONE',  ( -0.4000000000000001887, 1.160000000000000142, 0.7000000000000029532 ) ) ;
#3359 = LINE ( 'NONE', #2601, #749 ) ;
#3360 = VECTOR ( 'NONE', #850, 999.9999999999998863 ) ;
#3361 = LINE ( 'NONE', #32, #4804 ) ;
#3362 = AXIS2_PLACEMENT_3D ( 'NONE', #3544, #345, #4332 ) ;
#3363 = ORIENTED_EDGE ( 'NONE', *, *, #4202, .F. ) ;
#3364 = PRESENTATION_STYLE_ASSIGNMENT (( #4055 ) ) ;
#3365 = VECTOR ( 'NONE', #1040, 1000.000000000000000 ) ;
#3366 = ORIENTED_EDGE ( 'NONE', *, *, #1646, .F. ) ;
#3367 = LINE ( 'NONE', #1477, #1375 ) ;
#3368 = DIRECTION ( 'NONE',  ( 1.000000000000000000, 0.000000000000000000, -0.000000000000000000 ) ) ;
#3369 = VERTEX_POINT ( 'NONE', #3801 ) ;
#3370 = CARTESIAN_POINT ( 'NONE',  ( -2.540000000000000480, 1.459999999999999964, -0.7500000000000014433 ) ) ;
#3371 = VERTEX_POINT ( 'NONE', #1612 ) ;
#3372 = LINE ( 'NONE', #46, #935 ) ;
#3373 = CARTESIAN_POINT ( 'NONE',  ( -4.679999999999999716, 1.159999999999999920, -0.7000000000000031752 ) ) ;
#3374 = ORIENTED_EDGE ( 'NONE', *, *, #2197, .F. ) ;
#3375 = ORIENTED_EDGE ( 'NONE', *, *, #4007, .F. ) ;
#3376 = LINE ( 'NONE', #748, #2945 ) ;
#3377 = DIRECTION ( 'NONE',  ( 0.000000000000000000, -0.000000000000000000, 1.000000000000000000 ) ) ;
#3378 = DIRECTION ( 'NONE',  ( 0.000000000000000000, 0.000000000000000000, 1.000000000000000000 ) ) ;
#3379 = PLANE ( 'NONE',  #2790 ) ;
#3380 = ORIENTED_EDGE ( 'NONE', *, *, #2250, .F. ) ;
#3381 = SURFACE_STYLE_FILL_AREA ( #218 ) ;
#3382 = VERTEX_POINT ( 'NONE', #2399 ) ;
#3383 = CARTESIAN_POINT ( 'NONE',  ( 6.669999999999999041, 8.400000000000000355, -0.3199999999999985079 ) ) ;
#3384 = DIRECTION ( 'NONE',  ( 1.000000000000000000, 0.000000000000000000, 0.000000000000000000 ) ) ;
#3385 = LINE ( 'NONE', #4082, #2378 ) ;
#3386 = DIRECTION ( 'NONE',  ( -0.000000000000000000, 1.000000000000000000, -0.000000000000000000 ) ) ;
#3387 = EDGE_CURVE ( 'NONE', #1911, #2752, #452, .T. ) ;
#3388 = VECTOR ( 'NONE', #3342, 1000.000000000000000 ) ;
#3389 = ORIENTED_EDGE ( 'NONE', *, *, #2808, .F. ) ;
#3390 = CARTESIAN_POINT ( 'NONE',  ( -5.480000000000000426, 1.459999999999999964, -1.250000000000002665 ) ) ;
#3391 = ORIENTED_EDGE ( 'NONE', *, *, #299, .T. ) ;
#3392 = VECTOR ( 'NONE', #3497, 1000.000000000000000 ) ;
#3393 = VECTOR ( 'NONE', #4040, 1000.000000000000000 ) ;
#3394 = LINE ( 'NONE', #2684, #1028 ) ;
#3395 = ORIENTED_EDGE ( 'NONE', *, *, #1953, .T. ) ;
#3396 = DIRECTION ( 'NONE',  ( -1.000000000000000000, 0.000000000000000000, 1.565121246370150864E-16 ) ) ;
#3397 = ORIENTED_EDGE ( 'NONE', *, *, #982, .T. ) ;
#3398 = DIRECTION ( 'NONE',  ( -0.000000000000000000, 0.000000000000000000, 1.000000000000000000 ) ) ;
#3399 = VERTEX_POINT ( 'NONE', #2760 ) ;
#3400 = DIRECTION ( 'NONE',  ( 0.000000000000000000, 0.000000000000000000, 1.000000000000000000 ) ) ;
#3401 = CARTESIAN_POINT ( 'NONE',  ( -7.620000000000001883, 0.8600000000000000977, -0.7000000000000031752 ) ) ;
#3402 = CARTESIAN_POINT ( 'NONE',  ( -2.828675134594814455, 1.459999999999999964, -1.250000000000001554 ) ) ;
#3403 = DIRECTION ( 'NONE',  ( 0.000000000000000000, 0.000000000000000000, -1.000000000000000000 ) ) ;
#3404 = ORIENTED_EDGE ( 'NONE', *, *, #1744, .T. ) ;
#3405 = EDGE_LOOP ( 'NONE', ( #1024, #1111, #357, #3389 ) ) ;
#3406 = DIRECTION ( 'NONE',  ( 1.000000000000000000, 0.000000000000000000, -0.000000000000000000 ) ) ;
#3407 = DIRECTION ( 'NONE',  ( -1.000000000000000000, 0.000000000000000000, 1.565121246370150617E-16 ) ) ;
#3408 = CARTESIAN_POINT ( 'NONE',  ( -7.620000000000001883, 0.8600000000000000977, 0.7000000000000030642 ) ) ;
#3409 = ADVANCED_FACE ( 'NONE', ( #1966 ), #3052, .F. ) ;
#3410 = DIRECTION ( 'NONE',  ( 1.000000000000000000, 0.000000000000000000, 0.000000000000000000 ) ) ;
#3411 = EDGE_CURVE ( 'NONE', #2264, #2935, #427, .T. ) ;
#3412 = LINE ( 'NONE', #4155, #4501 ) ;
#3413 = ADVANCED_FACE ( 'NONE', ( #2012 ), #4542, .F. ) ;
#3414 = ORIENTED_EDGE ( 'NONE', *, *, #1646, .T. ) ;
#3415 = VECTOR ( 'NONE', #2235, 1000.000000000000000 ) ;
#3416 = AXIS2_PLACEMENT_3D ( 'NONE', #2651, #1143, #762 ) ;
#3417 = LINE ( 'NONE', #1886, #2429 ) ;
#3418 = STYLED_ITEM ( 'NONE', ( #3138 ), #100 ) ;
#3419 = EDGE_CURVE ( 'NONE', #3031, #2893, #4606, .T. ) ;
#3420 = CARTESIAN_POINT ( 'NONE',  ( -6.030000000000002025, 3.700000000000000178, -0.3199999999999996181 ) ) ;
#3421 = ORIENTED_EDGE ( 'NONE', *, *, #3628, .F. ) ;
#3422 = CARTESIAN_POINT ( 'NONE',  ( -7.620000000000001883, 0.8600000000000000977, -0.7000000000000031752 ) ) ;
#3423 = ADVANCED_FACE ( 'NONE', ( #2686 ), #2379, .T. ) ;
#3424 = PLANE ( 'NONE',  #4138 ) ;
#3425 = DIRECTION ( 'NONE',  ( 0.000000000000000000, 0.000000000000000000, -1.000000000000000000 ) ) ;
#3426 = LINE ( 'NONE', #1217, #3797 ) ;
#3427 = AXIS2_PLACEMENT_3D ( 'NONE', #4131, #1965, #3749 ) ;
#3428 = ORIENTED_EDGE ( 'NONE', *, *, #1595, .F. ) ;
#3429 = EDGE_LOOP ( 'NONE', ( #3298, #578, #3532, #4571 ) ) ;
#3430 = AXIS2_PLACEMENT_3D ( 'NONE', #772, #1177, #2285 ) ;
#3431 = ORIENTED_EDGE ( 'NONE', *, *, #1446, .T. ) ;
#3432 = DIRECTION ( 'NONE',  ( -1.000000000000000000, 0.000000000000000000, 0.000000000000000000 ) ) ;
#3433 = DIRECTION ( 'NONE',  ( 0.000000000000000000, 0.000000000000000000, -1.000000000000000000 ) ) ;
#3434 = PLANE ( 'NONE',  #1670 ) ;
#3435 = LINE ( 'NONE', #934, #627 ) ;
#3436 = VECTOR ( 'NONE', #3704, 999.9999999999998863 ) ;
#3437 = EDGE_LOOP ( 'NONE', ( #2557, #4493, #1505, #4655 ) ) ;
#3438 = VECTOR ( 'NONE', #4637, 1000.000000000000000 ) ;
#3439 = ORIENTED_EDGE ( 'NONE', *, *, #1048, .T. ) ;
#3440 = EDGE_CURVE ( 'NONE', #633, #3551, #846, .T. ) ;
#3441 = PRODUCT_DEFINITION ( 'UNKNOWN', '', #1542, #4237 ) ;
#3442 = PLANE ( 'NONE',  #3046 ) ;
#3443 = LINE ( 'NONE', #118, #3792 ) ;
#3444 = FACE_OUTER_BOUND ( 'NONE', #3155, .T. ) ;
#3445 = ADVANCED_FACE ( 'NONE', ( #3444 ), #121, .F. ) ;
#3446 = ORIENTED_EDGE ( 'NONE', *, *, #3820, .T. ) ;
#3447 = CARTESIAN_POINT ( 'NONE',  ( 3.489999999999998881, 0.8399999999999999689, -0.5200000000000013500 ) ) ;
#3448 = UNCERTAINTY_MEASURE_WITH_UNIT (LENGTH_MEASURE( 1.000000000000000082E-05 ), #1830, 'distance_accuracy_value', 'NONE');
#3449 = EDGE_CURVE ( 'NONE', #2298, #4519, #1940, .T. ) ;
#3450 = CARTESIAN_POINT ( 'NONE',  ( 6.509230484541325801, -1.836709923159817663E-31, 2.649999999999994582 ) ) ;
#3451 = DIRECTION ( 'NONE',  ( 1.000000000000000000, 0.000000000000000000, 0.000000000000000000 ) ) ;
#3452 = EDGE_CURVE ( 'NONE', #3928, #2659, #4208, .T. ) ;
#3453 = LINE ( 'NONE', #3806, #3832 ) ;
#3454 = DIRECTION ( 'NONE',  ( 1.000000000000000000, 0.000000000000000000, 0.000000000000000000 ) ) ;
#3455 = DIRECTION ( 'NONE',  ( 0.000000000000000000, 1.000000000000000000, 0.000000000000000000 ) ) ;
#3456 = AXIS2_PLACEMENT_3D ( 'NONE', #1905, #1193, #3407 ) ;
#3457 = ORIENTED_EDGE ( 'NONE', *, *, #417, .T. ) ;
#3458 = EDGE_LOOP ( 'NONE', ( #4464, #3733, #1800, #3650 ) ) ;
#3459 = ORIENTED_EDGE ( 'NONE', *, *, #2958, .T. ) ;
#3460 = PLANE ( 'NONE',  #1214 ) ;
#3461 = LINE ( 'NONE', #3113, #1714 ) ;
#3462 = DIRECTION ( 'NONE',  ( -0.5000000000000026645, -0.000000000000000000, -0.8660254037844372643 ) ) ;
#3463 = DIRECTION ( 'NONE',  ( -0.000000000000000000, 1.000000000000000000, -0.000000000000000000 ) ) ;
#3464 = ORIENTED_EDGE ( 'NONE', *, *, #3632, .T. ) ;
#3465 = VERTEX_POINT ( 'NONE', #4431 ) ;
#3466 = LINE ( 'NONE', #2108, #4550 ) ;
#3467 = EDGE_CURVE ( 'NONE', #3045, #2694, #244, .T. ) ;
#3468 = FACE_OUTER_BOUND ( 'NONE', #988, .T. ) ;
#3469 = AXIS2_PLACEMENT_3D ( 'NONE', #3130, #130, #3809 ) ;
#3470 = FACE_OUTER_BOUND ( 'NONE', #4438, .T. ) ;
#3471 = VECTOR ( 'NONE', #4205, 1000.000000000000000 ) ;
#3472 = CARTESIAN_POINT ( 'NONE',  ( 6.220856429695829526, 0.4491435703041691263, 2.762285892576035629 ) ) ;
#3473 = ORIENTED_EDGE ( 'NONE', *, *, #3001, .F. ) ;
#3474 = CARTESIAN_POINT ( 'NONE',  ( 2.251324865405185616, 3.700000000000000178, -1.250000000000000888 ) ) ;
#3475 = VECTOR ( 'NONE', #4411, 1000.000000000000000 ) ;
#3476 = CARTESIAN_POINT ( 'NONE',  ( -5.480000000000000426, 1.160000000000000142, -1.250000000000002665 ) ) ;
#3477 = DIRECTION ( 'NONE',  ( -0.2505628070857294221, 0.2505628070857296441, 0.9351131265310305141 ) ) ;
#3478 = ADVANCED_FACE ( 'NONE', ( #1091 ), #2472, .F. ) ;
#3479 = CARTESIAN_POINT ( 'NONE',  ( 6.029999999999998472, 8.400000000000000355, 0.1592304845413276826 ) ) ;
#3480 = DIRECTION ( 'NONE',  ( 0.000000000000000000, 0.000000000000000000, -1.000000000000000000 ) ) ;
#3481 = PRODUCT_DEFINITION_SHAPE ( 'NONE', 'NONE',  #922 ) ;
#3482 = ORIENTED_EDGE ( 'NONE', *, *, #282, .F. ) ;
#3483 = VERTEX_POINT ( 'NONE', #577 ) ;
#3484 = ORIENTED_EDGE ( 'NONE', *, *, #4448, .T. ) ;
#3485 = LINE ( 'NONE', #165, #3920 ) ;
#3486 = CARTESIAN_POINT ( 'NONE',  ( 5.480000000000000426, 1.160000000000000142, -1.250000000000002442 ) ) ;
#3487 = ADVANCED_FACE ( 'NONE', ( #2781 ), #1764, .F. ) ;
#3488 = CARTESIAN_POINT ( 'NONE',  ( -0.9500000000000011768, 1.460000000000000187, 0.3199999999999996736 ) ) ;
#3489 = DIRECTION ( 'NONE',  ( -1.000000000000000000, 0.000000000000000000, 1.565121246370150617E-16 ) ) ;
#3490 = CARTESIAN_POINT ( 'NONE',  ( 4.129999999999998117, 0.8400000000000005240, -0.5200000000000015721 ) ) ;
#3491 = ORIENTED_EDGE ( 'NONE', *, *, #2598, .F. ) ;
#3492 = ORIENTED_EDGE ( 'NONE', *, *, #982, .F. ) ;
#3493 = CARTESIAN_POINT ( 'NONE',  ( 0.4000000000000001887, 1.160000000000000142, -1.250000000000002665 ) ) ;
#3494 = FACE_OUTER_BOUND ( 'NONE', #609, .T. ) ;
#3495 = CARTESIAN_POINT ( 'NONE',  ( 6.029999999999998472, 8.400000000000000355, -0.3199999999999985079 ) ) ;
#3496 = ORIENTED_EDGE ( 'NONE', *, *, #3449, .T. ) ;
#3497 = DIRECTION ( 'NONE',  ( -0.000000000000000000, 1.000000000000000000, -0.000000000000000000 ) ) ;
#3498 = PLANE ( 'NONE',  #788 ) ;
#3499 = CARTESIAN_POINT ( 'NONE',  ( -2.139999999999999680, 1.460000000000000187, -0.7000000000000031752 ) ) ;
#3500 = DIRECTION ( 'NONE',  ( -0.000000000000000000, 1.000000000000000000, -0.000000000000000000 ) ) ;
#3501 = LINE ( 'NONE', #2320, #1037 ) ;
#3502 = ADVANCED_FACE ( 'NONE', ( #1711 ), #2092, .F. ) ;
#3503 = EDGE_CURVE ( 'NONE', #3654, #977, #1368, .T. ) ;
#3504 = ADVANCED_FACE ( 'NONE', ( #3526 ), #2943, .F. ) ;
#3505 = EDGE_CURVE ( 'NONE', #917, #2566, #4259, .T. ) ;
#3506 = ORIENTED_EDGE ( 'NONE', *, *, #1747, .T. ) ;
#3507 = VECTOR ( 'NONE', #4609, 1000.000000000000000 ) ;
#3508 = LINE ( 'NONE', #1287, #197 ) ;
#3509 = ADVANCED_FACE ( 'NONE', ( #623 ), #2855, .T. ) ;
#3510 = CARTESIAN_POINT ( 'NONE',  ( -4.679999999999999716, 1.159999999999999920, 0.7000000000000030642 ) ) ;
#3511 = CARTESIAN_POINT ( 'NONE',  ( -1.590000000000000746, 1.460000000000000187, -0.3200000000000003397 ) ) ;
#3512 = CARTESIAN_POINT ( 'NONE',  ( -2.939999999999999947, 1.160000000000000142, -1.250000000000002665 ) ) ;
#3513 = DIRECTION ( 'NONE',  ( -1.565121246370150617E-16, 0.000000000000000000, -1.000000000000000000 ) ) ;
#3514 = VECTOR ( 'NONE', #1756, 1000.000000000000000 ) ;
#3515 = SURFACE_STYLE_FILL_AREA ( #1118 ) ;
#3516 = LINE ( 'NONE', #3842, #4101 ) ;
#3517 = ORIENTED_EDGE ( 'NONE', *, *, #1927, .T. ) ;
#3518 = ORIENTED_EDGE ( 'NONE', *, *, #1298, .T. ) ;
#3519 = EDGE_CURVE ( 'NONE', #2514, #185, #3212, .T. ) ;
#3520 = AXIS2_PLACEMENT_3D ( 'NONE', #858, #3089, #3183 ) ;
#3521 = CARTESIAN_POINT ( 'NONE',  ( -4.130000000000001670, 1.159999999999999920, -0.3199999999999999512 ) ) ;
#3522 = VECTOR ( 'NONE', #1270, 1000.000000000000000 ) ;
#3523 = DIRECTION ( 'NONE',  ( 0.5000000000000026645, 0.000000000000000000, -0.8660254037844371533 ) ) ;
#3524 = AXIS2_PLACEMENT_3D ( 'NONE', #479, #3875, #1176 ) ;
#3525 = VECTOR ( 'NONE', #3935, 1000.000000000000114 ) ;
#3526 = FACE_OUTER_BOUND ( 'NONE', #4123, .T. ) ;
#3527 = ORIENTED_EDGE ( 'NONE', *, *, #2227, .T. ) ;
#3528 = DIRECTION ( 'NONE',  ( 0.000000000000000000, 0.000000000000000000, -1.000000000000000000 ) ) ;
#3529 = FACE_OUTER_BOUND ( 'NONE', #3405, .T. ) ;
#3530 = CARTESIAN_POINT ( 'NONE',  ( -7.331324865405187019, 1.159999999999999920, -1.250000000000002665 ) ) ;
#3531 = ORIENTED_EDGE ( 'NONE', *, *, #1744, .F. ) ;
#3532 = ORIENTED_EDGE ( 'NONE', *, *, #60, .T. ) ;
#3533 = CARTESIAN_POINT ( 'NONE',  ( 4.129999999999998117, 1.159999999999999920, 0.3199999999999988964 ) ) ;
#3534 = DIRECTION ( 'NONE',  ( 1.000000000000000000, -0.000000000000000000, 0.000000000000000000 ) ) ;
#3535 = LINE ( 'NONE', #167, #4398 ) ;
#3536 = CARTESIAN_POINT ( 'NONE',  ( 3.969230484541326209, 0.1607695154586729902, -2.649999999999994582 ) ) ;
#3537 = ORIENTED_EDGE ( 'NONE', *, *, #4143, .F. ) ;
#3538 = CARTESIAN_POINT ( 'NONE',  ( -2.539999999999998703, 0.4792304845413269399, -2.649999999999996803 ) ) ;
#3539 = VERTEX_POINT ( 'NONE', #4676 ) ;
#3540 = EDGE_CURVE ( 'NONE', #2206, #355, #3234, .T. ) ;
#3541 = DIRECTION ( 'NONE',  ( -0.000000000000000000, 0.000000000000000000, 1.000000000000000000 ) ) ;
#3542 = LINE ( 'NONE', #1990, #3714 ) ;
#3543 = APPLICATION_PROTOCOL_DEFINITION ( 'draft international standard', 'automotive_design', 1998, #2830 ) ;
#3544 = CARTESIAN_POINT ( 'NONE',  ( -7.220000000000000639, 1.160000000000000142, -1.250000000000002442 ) ) ;
#3545 = ORIENTED_EDGE ( 'NONE', *, *, #385, .T. ) ;
#3546 = CARTESIAN_POINT ( 'NONE',  ( 0.4000000000000010214, 1.460000000000000187, -0.7000000000000031752 ) ) ;
#3547 = EDGE_CURVE ( 'NONE', #493, #3252, #2443, .T. ) ;
#3548 = DIRECTION ( 'NONE',  ( 0.000000000000000000, -1.000000000000000000, -5.739718509874452474E-31 ) ) ;
#3549 = LINE ( 'NONE', #1689, #3343 ) ;
#3550 = VECTOR ( 'NONE', #789, 1000.000000000000000 ) ;
#3551 = VERTEX_POINT ( 'NONE', #1344 ) ;
#3552 = DIRECTION ( 'NONE',  ( 1.000000000000000000, 0.000000000000000000, 0.000000000000000000 ) ) ;
#3553 = CIRCLE ( 'NONE', #4031, 0.1999999999999999833 ) ;
#3554 = AXIS2_PLACEMENT_3D ( 'NONE', #1921, #753, #4030 ) ;
#3555 = ORIENTED_EDGE ( 'NONE', *, *, #1082, .F. ) ;
#3556 = CARTESIAN_POINT ( 'NONE',  ( -7.220000000000000639, 1.160000000000000142, -1.250000000000002442 ) ) ;
#3557 = DIRECTION ( 'NONE',  ( -0.9659258262890687563, 0.2588190451025190741, 0.000000000000000000 ) ) ;
#3558 = CARTESIAN_POINT ( 'NONE',  ( 0.4000000000000010214, 1.460000000000000187, 0.7000000000000030642 ) ) ;
#3559 = CARTESIAN_POINT ( 'NONE',  ( 0.3999999999999993006, 1.159999999999999920, -0.7000000000000031752 ) ) ;
#3560 = VERTEX_POINT ( 'NONE', #3944 ) ;
#3561 = DIRECTION ( 'NONE',  ( 0.5000000000000026645, 0.000000000000000000, -0.8660254037844372643 ) ) ;
#3562 = ORIENTED_EDGE ( 'NONE', *, *, #3355, .F. ) ;
#3563 = ORIENTED_EDGE ( 'NONE', *, *, #2719, .F. ) ;
#3564 = ORIENTED_EDGE ( 'NONE', *, *, #2655, .T. ) ;
#3565 = EDGE_CURVE ( 'NONE', #784, #873, #3693, .T. ) ;
#3566 = EDGE_CURVE ( 'NONE', #2158, #170, #2833, .T. ) ;
#3567 = EDGE_CURVE ( 'NONE', #1765, #1129, #1456, .T. ) ;
#3568 = ADVANCED_FACE ( 'NONE', ( #1300 ), #3898, .F. ) ;
#3569 = LINE ( 'NONE', #3383, #488 ) ;
#3570 = FACE_OUTER_BOUND ( 'NONE', #1054, .T. ) ;
#3571 = DIRECTION ( 'NONE',  ( 0.000000000000000000, 1.000000000000000000, 0.000000000000000000 ) ) ;
#3572 = PLANE ( 'NONE',  #1827 ) ;
#3573 = DIRECTION ( 'NONE',  ( -0.5000000000000026645, 0.000000000000000000, -0.8660254037844371533 ) ) ;
#3574 = ORIENTED_EDGE ( 'NONE', *, *, #2083, .F. ) ;
#3575 = CARTESIAN_POINT ( 'NONE',  ( -5.480000000000000426, 1.459999999999999964, -1.250000000000002665 ) ) ;
#3576 = EDGE_CURVE ( 'NONE', #2993, #1881, #3569, .T. ) ;
#3577 = LINE ( 'NONE', #3978, #717 ) ;
#3578 = VECTOR ( 'NONE', #844, 1000.000000000000000 ) ;
#3579 = ORIENTED_EDGE ( 'NONE', *, *, #1747, .F. ) ;
#3580 = CIRCLE ( 'NONE', #3416, 0.1999999999999999833 ) ;
#3581 = ORIENTED_EDGE ( 'NONE', *, *, #2789, .F. ) ;
#3582 = EDGE_LOOP ( 'NONE', ( #3309, #4029, #2491, #505 ) ) ;
#3583 = EDGE_LOOP ( 'NONE', ( #4251, #902, #2393, #4754 ) ) ;
#3584 = LINE ( 'NONE', #3983, #1742 ) ;
#3585 = VECTOR ( 'NONE', #949, 1000.000000000000000 ) ;
#3586 = DIRECTION ( 'NONE',  ( -4.336808689942018229E-16, 0.000000000000000000, 1.000000000000000000 ) ) ;
#3587 = CARTESIAN_POINT ( 'NONE',  ( 5.079999999999999183, 3.700000000000000178, -0.7500000000000022204 ) ) ;
#3588 = ORIENTED_EDGE ( 'NONE', *, *, #4629, .T. ) ;
#3589 = ORIENTED_EDGE ( 'NONE', *, *, #4509, .T. ) ;
#3590 = ORIENTED_EDGE ( 'NONE', *, *, #1718, .T. ) ;
#3591 = ORIENTED_EDGE ( 'NONE', *, *, #3325, .T. ) ;
#3592 = LINE ( 'NONE', #3232, #3365 ) ;
#3593 = CARTESIAN_POINT ( 'NONE',  ( 2.828675134594814455, 3.700000000000000178, 1.250000000000003109 ) ) ;
#3594 = VECTOR ( 'NONE', #2090, 1000.000000000000114 ) ;
#3595 = VECTOR ( 'NONE', #2860, 1000.000000000000000 ) ;
#3596 = DIRECTION ( 'NONE',  ( -1.000000000000000000, 0.000000000000000000, 4.235164736271502188E-16 ) ) ;
#3597 = ORIENTED_EDGE ( 'NONE', *, *, #4649, .F. ) ;
#3598 = DIRECTION ( 'NONE',  ( -1.000000000000000000, 0.000000000000000000, 0.000000000000000000 ) ) ;
#3599 = AXIS2_PLACEMENT_3D ( 'NONE', #2439, #2776, #545 ) ;
#3600 = CARTESIAN_POINT ( 'NONE',  ( -1.590000000000000746, 3.700000000000000178, 0.3199999999999996736 ) ) ;
#3601 = VECTOR ( 'NONE', #2584, 1000.000000000000000 ) ;
#3602 = PLANE ( 'NONE',  #1196 ) ;
#3603 = LINE ( 'NONE', #2787, #3585 ) ;
#3604 = VERTEX_POINT ( 'NONE', #1501 ) ;
#3605 = VECTOR ( 'NONE', #2055, 1000.000000000000000 ) ;
#3606 = ADVANCED_FACE ( 'NONE', ( #1904 ), #1140, .F. ) ;
#3607 = DIRECTION ( 'NONE',  ( -0.000000000000000000, -1.000000000000000000, -0.000000000000000000 ) ) ;
#3608 = ORIENTED_EDGE ( 'NONE', *, *, #4077, .T. ) ;
#3609 = FACE_OUTER_BOUND ( 'NONE', #1847, .T. ) ;
#3610 = EDGE_CURVE ( 'NONE', #3333, #1330, #3769, .T. ) ;
#3611 = VERTEX_POINT ( 'NONE', #759 ) ;
#3612 = DIRECTION ( 'NONE',  ( 0.000000000000000000, 1.000000000000000000, 0.000000000000000000 ) ) ;
#3613 = CARTESIAN_POINT ( 'NONE',  ( 0.4000000000000001887, 1.160000000000000142, -1.250000000000002665 ) ) ;
#3614 = CARTESIAN_POINT ( 'NONE',  ( -7.620000000000000107, 1.159999999999999920, 1.250000000000000666 ) ) ;
#3615 = ORIENTED_EDGE ( 'NONE', *, *, #1867, .F. ) ;
#3616 = ORIENTED_EDGE ( 'NONE', *, *, #4715, .F. ) ;
#3617 = ORIENTED_EDGE ( 'NONE', *, *, #765, .F. ) ;
#3618 = ORIENTED_EDGE ( 'NONE', *, *, #405, .T. ) ;
#3619 = VECTOR ( 'NONE', #3066, 1000.000000000000000 ) ;
#3620 = CARTESIAN_POINT ( 'NONE',  ( 3.489999999999998881, 0.8400000000000005240, 0.3199999999999985079 ) ) ;
#3621 = FACE_OUTER_BOUND ( 'NONE', #1662, .T. ) ;
#3622 = CARTESIAN_POINT ( 'NONE',  ( -4.791324865405186095, 3.700000000000000178, -1.250000000000001554 ) ) ;
#3623 = VERTEX_POINT ( 'NONE', #2995 ) ;
#3624 = ORIENTED_EDGE ( 'NONE', *, *, #991, .T. ) ;
#3625 = VERTEX_POINT ( 'NONE', #2273 ) ;
#3626 = DIRECTION ( 'NONE',  ( 0.5000000000000026645, -0.000000000000000000, 0.8660254037844371533 ) ) ;
#3627 = EDGE_LOOP ( 'NONE', ( #2932, #3866, #1181, #2881, #2267, #4456, #3205, #3844 ) ) ;
#3628 = EDGE_CURVE ( 'NONE', #2566, #3560, #4486, .T. ) ;
#3629 = VECTOR ( 'NONE', #845, 999.9999999999998863 ) ;
#3630 = VERTEX_POINT ( 'NONE', #1164 ) ;
#3631 = EDGE_CURVE ( 'NONE', #3, #3859, #1476, .T. ) ;
#3632 = EDGE_CURVE ( 'NONE', #4268, #2298, #3813, .T. ) ;
#3633 = VECTOR ( 'NONE', #3036, 1000.000000000000000 ) ;
#3634 =( GEOMETRIC_REPRESENTATION_CONTEXT ( 3 ) GLOBAL_UNCERTAINTY_ASSIGNED_CONTEXT ( ( #484 ) ) GLOBAL_UNIT_ASSIGNED_CONTEXT ( ( #3687, #3315, #1157 ) ) REPRESENTATION_CONTEXT ( 'NONE', 'WORKASPACE' ) );
#3635 = LINE ( 'NONE', #316, #233 ) ;
#3636 = FACE_OUTER_BOUND ( 'NONE', #2416, .T. ) ;
#3637 = AXIS2_PLACEMENT_3D ( 'NONE', #1686, #549, #1302 ) ;
#3638 = ORIENTED_EDGE ( 'NONE', *, *, #2744, .F. ) ;
#3639 = LINE ( 'NONE', #3538, #515 ) ;
#3640 = ORIENTED_EDGE ( 'NONE', *, *, #2289, .T. ) ;
#3641 = ADVANCED_FACE ( 'NONE', ( #2326 ), #2346, .F. ) ;
#3642 = VERTEX_POINT ( 'NONE', #1192 ) ;
#3643 = EDGE_CURVE ( 'NONE', #4283, #3288, #3716, .T. ) ;
#3644 = PLANE ( 'NONE',  #2994 ) ;
#3645 = LINE ( 'NONE', #303, #1015 ) ;
#3646 = CARTESIAN_POINT ( 'NONE',  ( 6.029999999999998472, 0.8400000000000005240, -0.3199999999999985079 ) ) ;
#3647 = DIRECTION ( 'NONE',  ( 0.2505628070857300882, -0.9351131265310301810, -0.2505628070857300882 ) ) ;
#3648 = CARTESIAN_POINT ( 'NONE',  ( 5.480000000000000426, 1.459999999999999964, -1.250000000000002442 ) ) ;
#3649 = ORIENTED_EDGE ( 'NONE', *, *, #4651, .T. ) ;
#3650 = ORIENTED_EDGE ( 'NONE', *, *, #1137, .T. ) ;
#3651 = CARTESIAN_POINT ( 'NONE',  ( -2.139999999999999680, 1.160000000000000142, -1.250000000000002665 ) ) ;
#3652 = EDGE_LOOP ( 'NONE', ( #1376, #453, #707, #4318 ) ) ;
#3653 = LINE ( 'NONE', #3285, #798 ) ;
#3654 = VERTEX_POINT ( 'NONE', #369 ) ;
#3655 = VECTOR ( 'NONE', #475, 1000.000000000000000 ) ;
#3656 = DIRECTION ( 'NONE',  ( 1.000000000000000000, 0.000000000000000000, 0.000000000000000000 ) ) ;
#3657 = CONTEXT_DEPENDENT_SHAPE_REPRESENTATION ( #80, #4476 ) ;
#3658 = ADVANCED_FACE ( 'NONE', ( #2673 ), #1574, .F. ) ;
#3659 = EDGE_CURVE ( 'NONE', #3895, #4292, #2301, .T. ) ;
#3660 = FACE_OUTER_BOUND ( 'NONE', #133, .T. ) ;
#3661 = PLANE ( 'NONE',  #235 ) ;
#3662 = ADVANCED_FACE ( 'NONE', ( #734 ), #3065, .F. ) ;
#3663 = DIRECTION ( 'NONE',  ( 0.000000000000000000, 1.000000000000000000, 0.000000000000000000 ) ) ;
#3664 = VECTOR ( 'NONE', #2391, 1000.000000000000000 ) ;
#3665 = ORIENTED_EDGE ( 'NONE', *, *, #921, .T. ) ;
#3666 = ORIENTED_EDGE ( 'NONE', *, *, #4740, .F. ) ;
#3667 = ADVANCED_FACE ( 'NONE', ( #1882 ), #4506, .F. ) ;
#3668 = EDGE_CURVE ( 'NONE', #2917, #1053, #2251, .T. ) ;
#3669 = CARTESIAN_POINT ( 'NONE',  ( 7.620000000000000107, 1.159999999999999920, 1.249999999999998890 ) ) ;
#3670 = CARTESIAN_POINT ( 'NONE',  ( -3.490000000000001990, 1.159999999999999920, 0.3200000000000000622 ) ) ;
#3671 = VECTOR ( 'NONE', #117, 1000.000000000000000 ) ;
#3672 = VERTEX_POINT ( 'NONE', #2968 ) ;
#3673 = VERTEX_POINT ( 'NONE', #4459 ) ;
#3674 = ORIENTED_EDGE ( 'NONE', *, *, #984, .F. ) ;
#3675 = PLANE ( 'NONE',  #1391 ) ;
#3676 = AXIS2_PLACEMENT_3D ( 'NONE', #1377, #3612, #585 ) ;
#3677 = DIRECTION ( 'NONE',  ( 0.000000000000000000, 1.000000000000000000, 0.000000000000000000 ) ) ;
#3678 = CARTESIAN_POINT ( 'NONE',  ( -0.4000000000000001887, 1.160000000000000142, -1.250000000000002665 ) ) ;
#3679 = ORIENTED_EDGE ( 'NONE', *, *, #4449, .T. ) ;
#3680 = AXIS2_PLACEMENT_3D ( 'NONE', #4207, #426, #869 ) ;
#3681 = LINE ( 'NONE', #673, #3912 ) ;
#3682 = ORIENTED_EDGE ( 'NONE', *, *, #3610, .F. ) ;
#3683 = VECTOR ( 'NONE', #2052, 1000.000000000000000 ) ;
#3684 = SHAPE_REPRESENTATION ( 'BG055-06A-1-0450-0530-0350-L-D', ( #595, #145, #3554, #2410, #1943 ), #3634 ) ;
#3685 = AXIS2_PLACEMENT_3D ( 'NONE', #2098, #1720, #4049 ) ;
#3686 = ORIENTED_EDGE ( 'NONE', *, *, #3057, .T. ) ;
#3687 =( LENGTH_UNIT ( ) NAMED_UNIT ( * ) SI_UNIT ( .MILLI., .METRE. ) );
#3688 = CARTESIAN_POINT ( 'NONE',  ( 6.479143570304167987, 0.4491435703041691263, 2.762285892576035629 ) ) ;
#3689 = CARTESIAN_POINT ( 'NONE',  ( 0.4000000000000001887, 1.459999999999999964, 1.250000000000000444 ) ) ;
#3690 = VERTEX_POINT ( 'NONE', #12 ) ;
#3691 = ORIENTED_EDGE ( 'NONE', *, *, #228, .F. ) ;
#3692 = ORIENTED_EDGE ( 'NONE', *, *, #4342, .T. ) ;
#3693 = LINE ( 'NONE', #2422, #2603 ) ;
#3694 = DIRECTION ( 'NONE',  ( -1.000000000000000000, 0.000000000000000000, -0.000000000000000000 ) ) ;
#3695 = LINE ( 'NONE', #346, #1526 ) ;
#3696 = CARTESIAN_POINT ( 'NONE',  ( 6.029999999999998472, 0.8399999999999996358, 0.3200000000000015610 ) ) ;
#3697 = LINE ( 'NONE', #349, #2024 ) ;
#3698 = CARTESIAN_POINT ( 'NONE',  ( 6.029999999999998472, 1.159999999999999920, 0.3199999999999985079 ) ) ;
#3699 = DIRECTION ( 'NONE',  ( -0.000000000000000000, 1.000000000000000000, -0.000000000000000000 ) ) ;
#3700 = ORIENTED_EDGE ( 'NONE', *, *, #1737, .F. ) ;
#3701 = ORIENTED_EDGE ( 'NONE', *, *, #4732, .F. ) ;
#3702 = DIRECTION ( 'NONE',  ( -0.000000000000000000, 1.000000000000000000, -0.000000000000000000 ) ) ;
#3703 = EDGE_CURVE ( 'NONE', #1135, #2794, #957, .T. ) ;
#3704 = DIRECTION ( 'NONE',  ( -0.5000000000000026645, -0.000000000000000000, -0.8660254037844372643 ) ) ;
#3705 = DIRECTION ( 'NONE',  ( 0.5000000000000014433, 0.000000000000000000, 0.8660254037844379305 ) ) ;
#3706 = VERTEX_POINT ( 'NONE', #3862 ) ;
#3707 = ADVANCED_FACE ( 'NONE', ( #2364 ), #886, .F. ) ;
#3708 = ORIENTED_EDGE ( 'NONE', *, *, #2428, .T. ) ;
#3709 =( NAMED_UNIT ( * ) SI_UNIT ( $, .STERADIAN. ) SOLID_ANGLE_UNIT ( ) );
#3710 = CARTESIAN_POINT ( 'NONE',  ( -7.620000000000000107, 1.459999999999999964, -1.249999999999999334 ) ) ;
#3711 = LINE ( 'NONE', #1084, #1068 ) ;
#3712 = FACE_OUTER_BOUND ( 'NONE', #2157, .T. ) ;
#3713 = ORIENTED_EDGE ( 'NONE', *, *, #4710, .T. ) ;
#3714 = VECTOR ( 'NONE', #3096, 1000.000000000000000 ) ;
#3715 = ORIENTED_EDGE ( 'NONE', *, *, #3001, .T. ) ;
#3716 = LINE ( 'NONE', #1858, #2758 ) ;
#3717 = DIRECTION ( 'NONE',  ( -1.000000000000000000, 0.000000000000000000, 1.565121246370150617E-16 ) ) ;
#3718 = AXIS2_PLACEMENT_3D ( 'NONE', #2322, #3037, #1520 ) ;
#3719 = FACE_OUTER_BOUND ( 'NONE', #2582, .T. ) ;
#3720 = DIRECTION ( 'NONE',  ( -0.2505628070857293110, 0.2505628070857294221, 0.9351131265310305141 ) ) ;
#3721 = DIRECTION ( 'NONE',  ( -0.000000000000000000, -0.000000000000000000, 1.000000000000000000 ) ) ;
#3722 = PRODUCT_DEFINITION_SHAPE ( 'NONE', 'NONE',  #4819 ) ;
#3723 = EDGE_CURVE ( 'NONE', #4268, #1139, #212, .T. ) ;
#3724 = EDGE_CURVE ( 'NONE', #4039, #593, #3508, .T. ) ;
#3725 = DIRECTION ( 'NONE',  ( -0.000000000000000000, -0.000000000000000000, 1.000000000000000000 ) ) ;
#3726 = ADVANCED_FACE ( 'NONE', ( #1332 ), #4194, .F. ) ;
#3727 = DIRECTION ( 'NONE',  ( 0.000000000000000000, -1.000000000000000000, 0.000000000000000000 ) ) ;
#3728 = ORIENTED_EDGE ( 'NONE', *, *, #1359, .F. ) ;
#3729 = ORIENTED_EDGE ( 'NONE', *, *, #1236, .F. ) ;
#3730 = ORIENTED_EDGE ( 'NONE', *, *, #3411, .T. ) ;
#3731 = CARTESIAN_POINT ( 'NONE',  ( 2.539999999999999591, 1.459999999999999964, 0.7500000000000029976 ) ) ;
#3732 = CARTESIAN_POINT ( 'NONE',  ( 4.129999999999998117, 0.8400000000000005240, 0.3199999999999985079 ) ) ;
#3733 = ORIENTED_EDGE ( 'NONE', *, *, #657, .T. ) ;
#3734 = AXIS2_PLACEMENT_3D ( 'NONE', #4196, #859, #3433 ) ;
#3735 = EDGE_LOOP ( 'NONE', ( #4439, #287, #2106, #642 ) ) ;
#3736 = EDGE_CURVE ( 'NONE', #445, #3349, #4547, .T. ) ;
#3737 = EDGE_CURVE ( 'NONE', #4310, #4150, #2413, .T. ) ;
#3738 = FACE_OUTER_BOUND ( 'NONE', #1578, .T. ) ;
#3739 = DIRECTION ( 'NONE',  ( -1.000000000000000000, 0.000000000000000000, 0.000000000000000000 ) ) ;
#3740 = FACE_BOUND ( 'NONE', #3268, .T. ) ;
#3741 = EDGE_LOOP ( 'NONE', ( #4700, #3767, #1516, #3545 ) ) ;
#3742 = ORIENTED_EDGE ( 'NONE', *, *, #472, .T. ) ;
#3743 = CARTESIAN_POINT ( 'NONE',  ( 2.940000000000000391, 1.160000000000000142, 0.7000000000000031752 ) ) ;
#3744 = CARTESIAN_POINT ( 'NONE',  ( 6.029999999999998472, 3.700000000000000178, -0.3200000000000015610 ) ) ;
#3745 = DIRECTION ( 'NONE',  ( -0.8660254037844379305, 0.000000000000000000, -0.5000000000000014433 ) ) ;
#3746 = ORIENTED_EDGE ( 'NONE', *, *, #2371, .T. ) ;
#3747 = CARTESIAN_POINT ( 'NONE',  ( -7.620000000000001883, 1.460000000000000187, -0.7000000000000031752 ) ) ;
#3748 = DIRECTION ( 'NONE',  ( 0.000000000000000000, 0.000000000000000000, -1.000000000000000000 ) ) ;
#3749 = DIRECTION ( 'NONE',  ( 0.000000000000000000, -0.000000000000000000, 1.000000000000000000 ) ) ;
#3750 = VERTEX_POINT ( 'NONE', #4663 ) ;
#3751 = CARTESIAN_POINT ( 'NONE',  ( 2.940000000000000391, 1.459999999999999964, -1.250000000000002887 ) ) ;
#3752 = CARTESIAN_POINT ( 'NONE',  ( -5.480000000000000426, 1.160000000000000142, 0.7000000000000029532 ) ) ;
#3753 = ORIENTED_EDGE ( 'NONE', *, *, #3856, .F. ) ;
#3754 = FACE_OUTER_BOUND ( 'NONE', #3458, .T. ) ;
#3755 = VECTOR ( 'NONE', #1889, 1000.000000000000000 ) ;
#3756 = CARTESIAN_POINT ( 'NONE',  ( -4.791324865405186095, 3.700000000000000178, 1.250000000000003331 ) ) ;
#3757 = CARTESIAN_POINT ( 'NONE',  ( 0.000000000000000000, 0.000000000000000000, 0.000000000000000000 ) ) ;
#3758 = EDGE_CURVE ( 'NONE', #3895, #1632, #495, .T. ) ;
#3759 = VECTOR ( 'NONE', #4116, 1000.000000000000114 ) ;
#3760 = DIRECTION ( 'NONE',  ( -1.565121246370150617E-16, 0.000000000000000000, -1.000000000000000000 ) ) ;
#3761 = CARTESIAN_POINT ( 'NONE',  ( 1.635170634894830038E-17, 1.459999999999999964, -0.7500000000000015543 ) ) ;
#3762 = VECTOR ( 'NONE', #1832, 1000.000000000000000 ) ;
#3763 = DIRECTION ( 'NONE',  ( 0.000000000000000000, -1.000000000000000000, -5.739718509874452474E-31 ) ) ;
#3764 = VECTOR ( 'NONE', #3926, 999.9999999999998863 ) ;
#3765 = ORIENTED_EDGE ( 'NONE', *, *, #3929, .F. ) ;
#3766 = VECTOR ( 'NONE', #302, 1000.000000000000000 ) ;
#3767 = ORIENTED_EDGE ( 'NONE', *, *, #4592, .T. ) ;
#3768 = EDGE_CURVE ( 'NONE', #355, #3859, #190, .T. ) ;
#3769 = LINE ( 'NONE', #3789, #1668 ) ;
#3770 = DIRECTION ( 'NONE',  ( 0.2505628070857300882, -0.9351131265310301810, 0.2505628070857300882 ) ) ;
#3771 = DIRECTION ( 'NONE',  ( -1.000000000000000000, 0.000000000000000000, 0.000000000000000000 ) ) ;
#3772 = CARTESIAN_POINT ( 'NONE',  ( 6.519323871292763251, 0.1506761287072352906, 2.612330967823185635 ) ) ;
#3773 = CARTESIAN_POINT ( 'NONE',  ( -4.679999999999999716, 1.160000000000000142, -1.250000000000002665 ) ) ;
#3774 = PLANE ( 'NONE',  #2449 ) ;
#3775 = DIRECTION ( 'NONE',  ( 1.000000000000000000, 0.000000000000000000, 0.000000000000000000 ) ) ;
#3776 = CARTESIAN_POINT ( 'NONE',  ( 6.029999999999998472, 1.460000000000000187, 0.3199999999999985079 ) ) ;
#3777 = ORIENTED_EDGE ( 'NONE', *, *, #3249, .F. ) ;
#3778 = DIRECTION ( 'NONE',  ( -0.000000000000000000, -0.000000000000000000, 1.000000000000000000 ) ) ;
#3779 = VERTEX_POINT ( 'NONE', #2002 ) ;
#3780 = DIRECTION ( 'NONE',  ( -1.000000000000000000, 0.000000000000000000, -0.000000000000000000 ) ) ;
#3781 = CARTESIAN_POINT ( 'NONE',  ( 6.029999999999998472, 1.159999999999999920, 0.3199999999999985079 ) ) ;
#3782 = VECTOR ( 'NONE', #1980, 1000.000000000000000 ) ;
#3783 = DIRECTION ( 'NONE',  ( 0.000000000000000000, 0.000000000000000000, 1.000000000000000000 ) ) ;
#3784 = CARTESIAN_POINT ( 'NONE',  ( -4.679999999999999716, 1.459999999999999964, 1.250000000000001332 ) ) ;
#3785 = ADVANCED_FACE ( 'NONE', ( #2080 ), #3460, .F. ) ;
#3786 = EDGE_CURVE ( 'NONE', #1678, #1881, #2769, .T. ) ;
#3787 = ORIENTED_EDGE ( 'NONE', *, *, #840, .T. ) ;
#3788 = VERTEX_POINT ( 'NONE', #1261 ) ;
#3789 = CARTESIAN_POINT ( 'NONE',  ( 0.000000000000000000, 3.700000000000000178, -0.7500000000000015543 ) ) ;
#3790 = LINE ( 'NONE', #1575, #3619 ) ;
#3791 = CARTESIAN_POINT ( 'NONE',  ( 2.539999999999999591, 1.459999999999999964, 0.7500000000000029976 ) ) ;
#3792 = VECTOR ( 'NONE', #4582, 1000.000000000000000 ) ;
#3793 = CARTESIAN_POINT ( 'NONE',  ( -1.590000000000000746, 1.159999999999999920, 0.3199999999999996736 ) ) ;
#3794 = LINE ( 'NONE', #3326, #2405 ) ;
#3795 = EDGE_CURVE ( 'NONE', #622, #1561, #3888, .T. ) ;
#3796 = ORIENTED_EDGE ( 'NONE', *, *, #1548, .F. ) ;
#3797 = VECTOR ( 'NONE', #4591, 1000.000000000000000 ) ;
#3798 = CARTESIAN_POINT ( 'NONE',  ( 1.635170634894830038E-17, 1.459999999999999964, 0.7500000000000032196 ) ) ;
#3799 = AXIS2_PLACEMENT_3D ( 'NONE', #227, #2473, #153 ) ;
#3800 = CARTESIAN_POINT ( 'NONE',  ( -5.080000000000000959, 1.459999999999999964, -0.7500000000000015543 ) ) ;
#3801 = CARTESIAN_POINT ( 'NONE',  ( 5.079999999999999183, 1.459999999999999964, -0.7500000000000022204 ) ) ;
#3802 = VERTEX_POINT ( 'NONE', #516 ) ;
#3803 = PLANE ( 'NONE',  #1387 ) ;
#3804 = VERTEX_POINT ( 'NONE', #4219 ) ;
#3805 = CARTESIAN_POINT ( 'NONE',  ( 2.140000000000000124, 1.160000000000000142, -1.250000000000002887 ) ) ;
#3806 = CARTESIAN_POINT ( 'NONE',  ( -2.828675134594814455, 1.159999999999999920, 1.250000000000003331 ) ) ;
#3807 = VECTOR ( 'NONE', #4272, 1000.000000000000000 ) ;
#3808 = PLANE ( 'NONE',  #958 ) ;
#3809 = DIRECTION ( 'NONE',  ( 0.000000000000000000, -0.000000000000000000, 1.000000000000000000 ) ) ;
#3810 = VERTEX_POINT ( 'NONE', #1978 ) ;
#3811 = EDGE_CURVE ( 'NONE', #3560, #3299, #2723, .T. ) ;
#3812 = EDGE_LOOP ( 'NONE', ( #98, #864, #1498, #3833 ) ) ;
#3813 = LINE ( 'NONE', #440, #795 ) ;
#3814 = CARTESIAN_POINT ( 'NONE',  ( -0.9500000000000011768, 3.700000000000000178, -0.3200000000000003397 ) ) ;
#3815 = CARTESIAN_POINT ( 'NONE',  ( 5.480000000000000426, 1.160000000000000142, 0.7000000000000031752 ) ) ;
#3816 = ORIENTED_EDGE ( 'NONE', *, *, #828, .T. ) ;
#3817 = EDGE_CURVE ( 'NONE', #4250, #4708, #3485, .T. ) ;
#3818 = LINE ( 'NONE', #1630, #4336 ) ;
#3819 = VECTOR ( 'NONE', #3677, 1000.000000000000000 ) ;
#3820 = EDGE_CURVE ( 'NONE', #3071, #1395, #537, .T. ) ;
#3821 = CARTESIAN_POINT ( 'NONE',  ( -4.130000000000001670, 3.700000000000000178, 0.3200000000000000622 ) ) ;
#3822 = EDGE_CURVE ( 'NONE', #2298, #4646, #4270, .T. ) ;
#3823 = CARTESIAN_POINT ( 'NONE',  ( 6.029999999999998472, 7.799999999999996270, -0.3199999999999985079 ) ) ;
#3824 = DIRECTION ( 'NONE',  ( 0.000000000000000000, 0.000000000000000000, -1.000000000000000000 ) ) ;
#3825 = ORIENTED_EDGE ( 'NONE', *, *, #2220, .T. ) ;
#3826 = CARTESIAN_POINT ( 'NONE',  ( 4.679999999999999716, 1.159999999999999920, 0.7000000000000030642 ) ) ;
#3827 = PLANE ( 'NONE',  #2678 ) ;
#3828 = LINE ( 'NONE', #4679, #4340 ) ;
#3829 = VECTOR ( 'NONE', #4673, 1000.000000000000000 ) ;
#3830 = ORIENTED_EDGE ( 'NONE', *, *, #3628, .T. ) ;
#3831 = ORIENTED_EDGE ( 'NONE', *, *, #3968, .T. ) ;
#3832 = VECTOR ( 'NONE', #3500, 1000.000000000000000 ) ;
#3833 = ORIENTED_EDGE ( 'NONE', *, *, #702, .F. ) ;
#3834 = EDGE_CURVE ( 'NONE', #1796, #2553, #110, .T. ) ;
#3835 = CARTESIAN_POINT ( 'NONE',  ( 2.539999999999999591, 1.159999999999999920, 0.7500000000000029976 ) ) ;
#3836 = VECTOR ( 'NONE', #2130, 1000.000000000000000 ) ;
#3837 = CARTESIAN_POINT ( 'NONE',  ( 3.489999999999998881, 3.700000000000000178, -0.3200000000000011724 ) ) ;
#3838 = LINE ( 'NONE', #4247, #4774 ) ;
#3839 = VECTOR ( 'NONE', #3241, 1000.000000000000000 ) ;
#3840 = PLANE ( 'NONE',  #1813 ) ;
#3841 = AXIS2_PLACEMENT_3D ( 'NONE', #4611, #489, #1641 ) ;
#3842 = CARTESIAN_POINT ( 'NONE',  ( 5.480000000000000426, 1.160000000000000142, -1.250000000000002442 ) ) ;
#3843 = ORIENTED_EDGE ( 'NONE', *, *, #3736, .F. ) ;
#3844 = ORIENTED_EDGE ( 'NONE', *, *, #828, .F. ) ;
#3845 = CARTESIAN_POINT ( 'NONE',  ( 3.489999999999998881, 1.159999999999999920, 0.3199999999999988964 ) ) ;
#3846 = ADVANCED_FACE ( 'NONE', ( #4346 ), #2509, .F. ) ;
#3847 = CARTESIAN_POINT ( 'NONE',  ( -2.539999999999998703, 0.4792304845413269399, -2.649999999999996803 ) ) ;
#3848 = CARTESIAN_POINT ( 'NONE',  ( 4.129999999999998117, 8.400000000000000355, 0.3199999999999985079 ) ) ;
#3849 = VERTEX_POINT ( 'NONE', #1724 ) ;
#3850 = DIRECTION ( 'NONE',  ( 0.000000000000000000, 0.000000000000000000, -1.000000000000000000 ) ) ;
#3851 = UNCERTAINTY_MEASURE_WITH_UNIT (LENGTH_MEASURE( 1.000000000000000082E-05 ), #1623, 'distance_accuracy_value', 'NONE');
#3852 = CARTESIAN_POINT ( 'NONE',  ( 3.489999999999998881, 1.460000000000000187, -0.3200000000000011724 ) ) ;
#3853 = ADVANCED_FACE ( 'NONE', ( #3200 ), #4689, .F. ) ;
#3854 = PLANE ( 'NONE',  #3063 ) ;
#3855 = EDGE_CURVE ( 'NONE', #2541, #1105, #2121, .T. ) ;
#3856 = EDGE_CURVE ( 'NONE', #2579, #1837, #3584, .T. ) ;
#3857 = LINE ( 'NONE', #3058, #400 ) ;
#3858 = LINE ( 'NONE', #881, #1238 ) ;
#3859 = VERTEX_POINT ( 'NONE', #981 ) ;
#3860 = ORIENTED_EDGE ( 'NONE', *, *, #4386, .F. ) ;
#3861 = ORIENTED_EDGE ( 'NONE', *, *, #2575, .T. ) ;
#3862 = CARTESIAN_POINT ( 'NONE',  ( -4.130000000000001670, 3.700000000000000178, -0.3199999999999999512 ) ) ;
#3863 = CARTESIAN_POINT ( 'NONE',  ( -2.139999999999999680, 1.160000000000000142, 1.250000000000000888 ) ) ;
#3864 = DIRECTION ( 'NONE',  ( 0.000000000000000000, 0.000000000000000000, -1.000000000000000000 ) ) ;
#3865 = LINE ( 'NONE', #1245, #2630 ) ;
#3866 = ORIENTED_EDGE ( 'NONE', *, *, #3820, .F. ) ;
#3867 = ORIENTED_EDGE ( 'NONE', *, *, #4143, .T. ) ;
#3868 = CARTESIAN_POINT ( 'NONE',  ( 2.140000000000000124, 1.160000000000000142, -0.7000000000000031752 ) ) ;
#3869 = LINE ( 'NONE', #2852, #3125 ) ;
#3870 = VECTOR ( 'NONE', #1656, 1000.000000000000114 ) ;
#3871 = DIRECTION ( 'NONE',  ( 1.138269997360109674E-16, -0.000000000000000000, 1.000000000000000000 ) ) ;
#3872 = VECTOR ( 'NONE', #2644, 1000.000000000000000 ) ;
#3873 = EDGE_CURVE ( 'NONE', #4150, #847, #257, .T. ) ;
#3874 = PRODUCT_RELATED_PRODUCT_CATEGORY ( 'part', '', ( #1633 ) ) ;
#3875 = DIRECTION ( 'NONE',  ( 0.9659258262890687563, 0.2588190451025190741, -0.000000000000000000 ) ) ;
#3876 = PLANE ( 'NONE',  #1422 ) ;
#3877 = VERTEX_POINT ( 'NONE', #637 ) ;
#3878 = DIRECTION ( 'NONE',  ( 0.000000000000000000, -1.000000000000000000, 5.739718509874452474E-31 ) ) ;
#3879 = ADVANCED_FACE ( 'NONE', ( #1029 ), #4321, .F. ) ;
#3880 = EDGE_CURVE ( 'NONE', #3551, #4283, #2148, .T. ) ;
#3881 = AXIS2_PLACEMENT_3D ( 'NONE', #1739, #288, #1410 ) ;
#3882 = LINE ( 'NONE', #876, #552 ) ;
#3883 = ADVANCED_FACE ( 'NONE', ( #2889 ), #4009, .F. ) ;
#3884 = LINE ( 'NONE', #849, #4300 ) ;
#3885 = DIRECTION ( 'NONE',  ( 1.000000000000000000, 0.000000000000000000, 0.000000000000000000 ) ) ;
#3886 = ORIENTED_EDGE ( 'NONE', *, *, #388, .F. ) ;
#3887 = ORIENTED_EDGE ( 'NONE', *, *, #993, .F. ) ;
#3888 = LINE ( 'NONE', #4245, #2074 ) ;
#3889 = DIRECTION ( 'NONE',  ( -1.000000000000000000, 0.000000000000000000, 0.000000000000000000 ) ) ;
#3890 = CARTESIAN_POINT ( 'NONE',  ( 0.9499999999999986233, 1.159999999999999920, 0.3199999999999992850 ) ) ;
#3891 = LINE ( 'NONE', #540, #2288 ) ;
#3892 = DIRECTION ( 'NONE',  ( 0.000000000000000000, 0.000000000000000000, 1.000000000000000000 ) ) ;
#3893 = DIRECTION ( 'NONE',  ( -0.000000000000000000, 0.000000000000000000, 1.000000000000000000 ) ) ;
#3894 = ORIENTED_EDGE ( 'NONE', *, *, #2728, .T. ) ;
#3895 = VERTEX_POINT ( 'NONE', #2866 ) ;
#3896 = CARTESIAN_POINT ( 'NONE',  ( -5.368675134594814935, 1.459999999999999964, -1.250000000000001554 ) ) ;
#3897 = CARTESIAN_POINT ( 'NONE',  ( -2.251324865405185616, 3.700000000000000178, -1.250000000000001554 ) ) ;
#3898 = PLANE ( 'NONE',  #803 ) ;
#3899 = ORIENTED_EDGE ( 'NONE', *, *, #1018, .T. ) ;
#3900 = DIRECTION ( 'NONE',  ( -1.000000000000000000, 0.000000000000000000, 0.000000000000000000 ) ) ;
#3901 = VECTOR ( 'NONE', #1552, 1000.000000000000114 ) ;
#3902 = DIRECTION ( 'NONE',  ( -0.000000000000000000, 1.000000000000000000, -0.000000000000000000 ) ) ;
#3903 = CARTESIAN_POINT ( 'NONE',  ( 3.489999999999998881, 0.000000000000000000, -0.5200000000000015721 ) ) ;
#3904 = ORIENTED_EDGE ( 'NONE', *, *, #217, .F. ) ;
#3905 = ORIENTED_EDGE ( 'NONE', *, *, #1564, .F. ) ;
#3906 = EDGE_CURVE ( 'NONE', #3284, #4188, #236, .T. ) ;
#3907 = DIRECTION ( 'NONE',  ( 1.000000000000000000, -0.000000000000000000, -0.000000000000000000 ) ) ;
#3908 = PLANE ( 'NONE',  #676 ) ;
#3909 = PLANE ( 'NONE',  #4638 ) ;
#3910 = LINE ( 'NONE', #2085, #4226 ) ;
#3911 = CARTESIAN_POINT ( 'NONE',  ( 7.620000000000000107, 1.159999999999999920, -1.250000000000001776 ) ) ;
#3912 = VECTOR ( 'NONE', #2594, 1000.000000000000000 ) ;
#3913 = DIRECTION ( 'NONE',  ( -4.336808689942018229E-16, 0.000000000000000000, -1.000000000000000000 ) ) ;
#3914 = ORIENTED_EDGE ( 'NONE', *, *, #3168, .T. ) ;
#3915 = ORIENTED_EDGE ( 'NONE', *, *, #273, .F. ) ;
#3916 = AXIS2_PLACEMENT_3D ( 'NONE', #3533, #4617, #4573 ) ;
#3917 = CARTESIAN_POINT ( 'NONE',  ( 6.190769515458672601, 8.400000000000000355, 0.1592304845413276826 ) ) ;
#3918 = AXIS2_PLACEMENT_3D ( 'NONE', #2245, #3377, #1133 ) ;
#3919 = PLANE ( 'NONE',  #1235 ) ;
#3920 = VECTOR ( 'NONE', #3432, 1000.000000000000000 ) ;
#3921 = DIRECTION ( 'NONE',  ( -0.000000000000000000, 1.000000000000000000, -0.000000000000000000 ) ) ;
#3922 = ORIENTED_EDGE ( 'NONE', *, *, #4645, .F. ) ;
#3923 = CARTESIAN_POINT ( 'NONE',  ( -3.490000000000001990, 3.700000000000000178, 0.3200000000000000622 ) ) ;
#3924 = DIRECTION ( 'NONE',  ( -0.000000000000000000, -1.000000000000000000, -0.000000000000000000 ) ) ;
#3925 = ORIENTED_EDGE ( 'NONE', *, *, #326, .F. ) ;
#3926 = DIRECTION ( 'NONE',  ( -0.5000000000000014433, 0.000000000000000000, 0.8660254037844379305 ) ) ;
#3927 = FACE_OUTER_BOUND ( 'NONE', #3437, .T. ) ;
#3928 = VERTEX_POINT ( 'NONE', #4636 ) ;
#3929 = EDGE_CURVE ( 'NONE', #3810, #3483, #530, .T. ) ;
#3930 = CARTESIAN_POINT ( 'NONE',  ( -2.939999999999999947, 1.160000000000000142, -1.250000000000002665 ) ) ;
#3931 = EDGE_CURVE ( 'NONE', #1712, #2133, #2046, .T. ) ;
#3932 = DIRECTION ( 'NONE',  ( -0.5000000000000026645, -0.000000000000000000, -0.8660254037844372643 ) ) ;
#3933 = CARTESIAN_POINT ( 'NONE',  ( 4.130000000000001670, 0.6399999999999999023, -2.649999999999994582 ) ) ;
#3934 = EDGE_CURVE ( 'NONE', #4708, #3465, #229, .T. ) ;
#3935 = DIRECTION ( 'NONE',  ( 0.5000000000000026645, -0.000000000000000000, 0.8660254037844371533 ) ) ;
#3936 = VERTEX_POINT ( 'NONE', #2446 ) ;
#3937 = ADVANCED_FACE ( 'NONE', ( #508 ), #3498, .F. ) ;
#3938 = DIRECTION ( 'NONE',  ( 0.000000000000000000, 0.000000000000000000, -1.000000000000000000 ) ) ;
#3939 = FACE_OUTER_BOUND ( 'NONE', #1452, .T. ) ;
#3940 = ADVANCED_FACE ( 'NONE', ( #3529 ), #1303, .F. ) ;
#3941 = EDGE_LOOP ( 'NONE', ( #4595, #3674, #59, #2386, #4135, #2672, #4370, #2631, #572, #1246, #3218, #4193, #4244, #4192, #1517, #319, #84, #4478, #3982, #1008, #1337, #431, #29, #1974, #2387, #653, #1721, #1098, #2118, #211, #2965, #1126, #1100, #2967, #1673, #571, #1772, #1402, #670, #1473, #535, #3312, #1219, #2249, #3591, #4716, #398, #255, #2531, #381, #2966, #4337, #3581, #4614, #4470, #2043, #1613, #3013, #3899, #3579, #2607, #1356, #2800, #82, #3208, #1513, #25, #4661, #4065, #727, #1941, #200, #339, #4369, #2695, #2519, #4607, #4714, #3244, #2663, #543, #280, #2204, #231, #2848, #1174 ) ) ;
#3942 = FACE_BOUND ( 'NONE', #4378, .T. ) ;
#3943 = APPLICATION_PROTOCOL_DEFINITION ( 'draft international standard', 'automotive_design', 1998, #3314 ) ;
#3944 = CARTESIAN_POINT ( 'NONE',  ( -2.251324865405185616, 3.700000000000000178, 1.250000000000003331 ) ) ;
#3945 = CARTESIAN_POINT ( 'NONE',  ( -2.540000000000000480, 3.700000000000000178, 0.7500000000000033307 ) ) ;
#3946 = DIRECTION ( 'NONE',  ( 0.000000000000000000, 0.000000000000000000, 1.000000000000000000 ) ) ;
#3947 = PLANE ( 'NONE',  #1903 ) ;
#3948 = CARTESIAN_POINT ( 'NONE',  ( 3.959233720798465583, 8.437308430199617959, -0.1492337207984675562 ) ) ;
#3949 = PRESENTATION_LAYER_ASSIGNMENT (  '', '', ( #3320 ) ) ;
#3950 = ORIENTED_EDGE ( 'NONE', *, *, #2813, .F. ) ;
#3951 = CARTESIAN_POINT ( 'NONE',  ( 0.000000000000000000, 1.159999999999999920, 0.7000000000000030642 ) ) ;
#3952 = DIRECTION ( 'NONE',  ( -1.000000000000000000, 0.000000000000000000, 0.000000000000000000 ) ) ;
#3953 = ORIENTED_EDGE ( 'NONE', *, *, #2428, .F. ) ;
#3954 = AXIS2_PLACEMENT_3D ( 'NONE', #2023, #3974, #626 ) ;
#3955 = EDGE_LOOP ( 'NONE', ( #3728, #2065, #3537, #3414, #725, #1189, #3260, #3492, #3280, #654, #402, #634, #2942, #10, #891, #3970, #4303, #4302, #4473, #3964, #2254, #1017, #4626, #2831, #63, #4540, #964, #1607, #2875, #898, #3682, #663, #945, #2818, #3518, #3363, #2129, #2540 ) ) ;
#3956 = ORIENTED_EDGE ( 'NONE', *, *, #1681, .F. ) ;
#3957 = ORIENTED_EDGE ( 'NONE', *, *, #3164, .T. ) ;
#3958 = DIRECTION ( 'NONE',  ( 0.8660254037844371533, 0.000000000000000000, 0.5000000000000026645 ) ) ;
#3959 = DIRECTION ( 'NONE',  ( 0.000000000000000000, 1.000000000000000000, 5.739718509874452474E-31 ) ) ;
#3960 = DIRECTION ( 'NONE',  ( -0.5000000000000014433, 0.000000000000000000, 0.8660254037844379305 ) ) ;
#3961 = DIRECTION ( 'NONE',  ( -0.000000000000000000, -0.000000000000000000, 1.000000000000000000 ) ) ;
#3962 = ORIENTED_EDGE ( 'NONE', *, *, #3576, .T. ) ;
#3963 = VERTEX_POINT ( 'NONE', #901 ) ;
#3964 = ORIENTED_EDGE ( 'NONE', *, *, #2728, .F. ) ;
#3965 = ORIENTED_EDGE ( 'NONE', *, *, #276, .F. ) ;
#3966 = CARTESIAN_POINT ( 'NONE',  ( 6.509230484541324913, 8.400000000000000355, 0.1592304845413276826 ) ) ;
#3967 = LINE ( 'NONE', #4433, #1481 ) ;
#3968 = EDGE_CURVE ( 'NONE', #2438, #2465, #3882, .T. ) ;
#3969 = LINE ( 'NONE', #1408, #1620 ) ;
#3970 = ORIENTED_EDGE ( 'NONE', *, *, #2517, .T. ) ;
#3971 = ADVANCED_FACE ( 'NONE', ( #550 ), #4680, .F. ) ;
#3972 = CARTESIAN_POINT ( 'NONE',  ( -1.590000000000000746, 1.159999999999999920, 0.3199999999999996736 ) ) ;
#3973 = CARTESIAN_POINT ( 'NONE',  ( 0.4000000000000001887, 1.459999999999999964, -1.250000000000002665 ) ) ;
#3974 = DIRECTION ( 'NONE',  ( 1.000000000000000000, -0.000000000000000000, -0.000000000000000000 ) ) ;
#3975 = CARTESIAN_POINT ( 'NONE',  ( 2.539999999999999591, 3.700000000000000178, 0.7500000000000029976 ) ) ;
#3976 =( LENGTH_UNIT ( ) NAMED_UNIT ( * ) SI_UNIT ( .MILLI., .METRE. ) );
#3977 = ORIENTED_EDGE ( 'NONE', *, *, #1709, .T. ) ;
#3978 = CARTESIAN_POINT ( 'NONE',  ( 0.9499999999999986233, 1.460000000000000187, 0.3199999999999992850 ) ) ;
#3979 = VECTOR ( 'NONE', #347, 1000.000000000000000 ) ;
#3980 = ORIENTED_EDGE ( 'NONE', *, *, #304, .T. ) ;
#3981 = VECTOR ( 'NONE', #3720, 1000.000000000000000 ) ;
#3982 = ORIENTED_EDGE ( 'NONE', *, *, #2816, .F. ) ;
#3983 = CARTESIAN_POINT ( 'NONE',  ( -0.9500000000000011768, 1.159999999999999920, 0.3199999999999996736 ) ) ;
#3984 =( GEOMETRIC_REPRESENTATION_CONTEXT ( 3 ) GLOBAL_UNCERTAINTY_ASSIGNED_CONTEXT ( ( #3124 ) ) GLOBAL_UNIT_ASSIGNED_CONTEXT ( ( #3976, #4412, #2950 ) ) REPRESENTATION_CONTEXT ( 'NONE', 'WORKASPACE' ) );
#3985 = CARTESIAN_POINT ( 'NONE',  ( -5.480000000000000426, 1.460000000000000187, -0.7000000000000031752 ) ) ;
#3986 = DIRECTION ( 'NONE',  ( 1.000000000000000000, 0.000000000000000000, 0.000000000000000000 ) ) ;
#3987 = EDGE_CURVE ( 'NONE', #4646, #2999, #4313, .T. ) ;
#3988 = ORIENTED_EDGE ( 'NONE', *, *, #4458, .T. ) ;
#3989 = CARTESIAN_POINT ( 'NONE',  ( -2.139999999999999680, 1.459999999999999964, 1.250000000000000888 ) ) ;
#3990 = LINE ( 'NONE', #647, #383 ) ;
#3991 = VECTOR ( 'NONE', #2475, 1000.000000000000000 ) ;
#3992 = CARTESIAN_POINT ( 'NONE',  ( 7.620000000000000107, 1.159999999999999920, -1.250000000000001776 ) ) ;
#3993 = ORIENTED_EDGE ( 'NONE', *, *, #4358, .T. ) ;
#3994 = VECTOR ( 'NONE', #3311, 1000.000000000000000 ) ;
#3995 = ORIENTED_EDGE ( 'NONE', *, *, #3135, .T. ) ;
#3996 = CARTESIAN_POINT ( 'NONE',  ( 2.140000000000000124, 1.160000000000000142, -0.7000000000000031752 ) ) ;
#3997 = VECTOR ( 'NONE', #1544, 1000.000000000000114 ) ;
#3998 = LINE ( 'NONE', #651, #2896 ) ;
#3999 = EDGE_CURVE ( 'NONE', #2541, #300, #1688, .T. ) ;
#4000 = AXIS2_PLACEMENT_3D ( 'NONE', #813, #85, #3339 ) ;
#4001 = CARTESIAN_POINT ( 'NONE',  ( 2.140000000000000124, 1.459999999999999964, -1.250000000000002887 ) ) ;
#4002 = ORIENTED_EDGE ( 'NONE', *, *, #124, .F. ) ;
#4003 = ORIENTED_EDGE ( 'NONE', *, *, #3049, .F. ) ;
#4004 = VECTOR ( 'NONE', #138, 1000.000000000000000 ) ;
#4005 = LINE ( 'NONE', #2097, #879 ) ;
#4006 = ORIENTED_EDGE ( 'NONE', *, *, #1433, .F. ) ;
#4007 = EDGE_CURVE ( 'NONE', #548, #940, #948, .T. ) ;
#4008 = ORIENTED_EDGE ( 'NONE', *, *, #350, .T. ) ;
#4009 = PLANE ( 'NONE',  #3676 ) ;
#4010 = PLANE ( 'NONE',  #2350 ) ;
#4011 = LINE ( 'NONE', #1806, #1913 ) ;
#4012 = ORIENTED_EDGE ( 'NONE', *, *, #2025, .T. ) ;
#4013 = ORIENTED_EDGE ( 'NONE', *, *, #1706, .F. ) ;
#4014 = ORIENTED_EDGE ( 'NONE', *, *, #1953, .F. ) ;
#4015 = FACE_OUTER_BOUND ( 'NONE', #4186, .T. ) ;
#4016 = CARTESIAN_POINT ( 'NONE',  ( 2.940000000000000391, 1.459999999999999964, -0.7000000000000031752 ) ) ;
#4017 = LINE ( 'NONE', #1843, #3393 ) ;
#4018 = LINE ( 'NONE', #1463, #394 ) ;
#4019 = EDGE_CURVE ( 'NONE', #2924, #2506, #1278, .T. ) ;
#4020 = ORIENTED_EDGE ( 'NONE', *, *, #3335, .T. ) ;
#4021 = ORIENTED_EDGE ( 'NONE', *, *, #1964, .F. ) ;
#4022 = EDGE_CURVE ( 'NONE', #1881, #1712, #1420, .T. ) ;
#4023 = CARTESIAN_POINT ( 'NONE',  ( -4.130000000000001670, 1.159999999999999920, 0.3200000000000000622 ) ) ;
#4024 = EDGE_CURVE ( 'NONE', #1790, #2640, #3127, .T. ) ;
#4025 = ORIENTED_EDGE ( 'NONE', *, *, #125, .T. ) ;
#4026 = LINE ( 'NONE', #3027, #191 ) ;
#4027 = AXIS2_PLACEMENT_3D ( 'NONE', #4434, #2307, #72 ) ;
#4028 = EDGE_CURVE ( 'NONE', #890, #4243, #4285, .T. ) ;
#4029 = ORIENTED_EDGE ( 'NONE', *, *, #533, .T. ) ;
#4030 = DIRECTION ( 'NONE',  ( 1.000000000000000000, 0.000000000000000000, 0.000000000000000000 ) ) ;
#4031 = AXIS2_PLACEMENT_3D ( 'NONE', #3447, #4677, #3850 ) ;
#4032 = CARTESIAN_POINT ( 'NONE',  ( 4.129999999999998117, 7.799999999999996270, -0.3200000000000015610 ) ) ;
#4033 = VECTOR ( 'NONE', #666, 1000.000000000000000 ) ;
#4034 = ORIENTED_EDGE ( 'NONE', *, *, #2104, .F. ) ;
#4035 = ORIENTED_EDGE ( 'NONE', *, *, #2367, .F. ) ;
#4036 = ORIENTED_EDGE ( 'NONE', *, *, #2552, .T. ) ;
#4037 = PLANE ( 'NONE',  #2412 ) ;
#4038 = CARTESIAN_POINT ( 'NONE',  ( 7.620000000000000107, 1.159999999999999920, 0.7500000000000029976 ) ) ;
#4039 = VERTEX_POINT ( 'NONE', #1348 ) ;
#4040 = DIRECTION ( 'NONE',  ( -0.000000000000000000, -1.000000000000000000, 0.000000000000000000 ) ) ;
#4041 = CARTESIAN_POINT ( 'NONE',  ( -7.620000000000001883, 0.8600000000000000977, 0.7000000000000030642 ) ) ;
#4042 = CARTESIAN_POINT ( 'NONE',  ( 6.029999999999998472, 0.8400000000000005240, 0.5200000000000015721 ) ) ;
#4043 = ORIENTED_EDGE ( 'NONE', *, *, #1650, .F. ) ;
#4044 = VERTEX_POINT ( 'NONE', #2837 ) ;
#4045 = CARTESIAN_POINT ( 'NONE',  ( -7.620000000000000107, 3.700000000000000178, 1.250000000000000666 ) ) ;
#4046 = CARTESIAN_POINT ( 'NONE',  ( -2.540000000000000480, 3.700000000000000178, 0.7500000000000033307 ) ) ;
#4047 = CARTESIAN_POINT ( 'NONE',  ( -5.080000000000000959, 1.159999999999999920, -0.7500000000000015543 ) ) ;
#4048 = ORIENTED_EDGE ( 'NONE', *, *, #3126, .F. ) ;
#4049 = DIRECTION ( 'NONE',  ( 0.000000000000000000, 0.000000000000000000, 1.000000000000000000 ) ) ;
#4050 = VERTEX_POINT ( 'NONE', #2764 ) ;
#4051 = DIRECTION ( 'NONE',  ( 0.000000000000000000, 0.000000000000000000, 1.000000000000000000 ) ) ;
#4052 = LINE ( 'NONE', #4425, #438 ) ;
#4053 = CARTESIAN_POINT ( 'NONE',  ( 0.2886751345948154746, 1.459999999999999964, -1.250000000000002665 ) ) ;
#4054 = ORIENTED_EDGE ( 'NONE', *, *, #1206, .F. ) ;
#4055 = SURFACE_STYLE_USAGE ( .BOTH. , #2580 ) ;
#4056 = EDGE_LOOP ( 'NONE', ( #4503, #608, #3231, #2711 ) ) ;
#4057 = CARTESIAN_POINT ( 'NONE',  ( -4.679999999999999716, 1.459999999999999964, -1.250000000000002665 ) ) ;
#4058 = DIRECTION ( 'NONE',  ( 0.5000000000000014433, -0.000000000000000000, 0.8660254037844379305 ) ) ;
#4059 = DIRECTION ( 'NONE',  ( -0.000000000000000000, 0.000000000000000000, 1.000000000000000000 ) ) ;
#4060 = VECTOR ( 'NONE', #4539, 1000.000000000000000 ) ;
#4061 = CARTESIAN_POINT ( 'NONE',  ( 5.480000000000000426, 1.160000000000000142, 1.249999999999999778 ) ) ;
#4062 = DIRECTION ( 'NONE',  ( 0.8660254037844371533, 0.000000000000000000, -0.5000000000000026645 ) ) ;
#4063 = VERTEX_POINT ( 'NONE', #1325 ) ;
#4064 = AXIS2_PLACEMENT_3D ( 'NONE', #3330, #1444, #1417 ) ;
#4065 = ORIENTED_EDGE ( 'NONE', *, *, #678, .F. ) ;
#4066 = LINE ( 'NONE', #1823, #1277 ) ;
#4067 = FACE_OUTER_BOUND ( 'NONE', #264, .T. ) ;
#4068 = ORIENTED_EDGE ( 'NONE', *, *, #1489, .F. ) ;
#4069 = VECTOR ( 'NONE', #1025, 1000.000000000000000 ) ;
#4070 = VECTOR ( 'NONE', #2310, 1000.000000000000000 ) ;
#4071 = ORIENTED_EDGE ( 'NONE', *, *, #1643, .F. ) ;
#4072 = APPLICATION_PROTOCOL_DEFINITION ( 'draft international standard', 'automotive_design', 1998, #2183 ) ;
#4073 = CARTESIAN_POINT ( 'NONE',  ( 3.489999999999998881, 8.400000000000000355, -0.3200000000000015610 ) ) ;
#4074 = FACE_OUTER_BOUND ( 'NONE', #4667, .T. ) ;
#4075 = LINE ( 'NONE', #2247, #144 ) ;
#4076 = VERTEX_POINT ( 'NONE', #4238 ) ;
#4077 = EDGE_CURVE ( 'NONE', #4660, #4405, #179, .T. ) ;
#4078 = ADVANCED_FACE ( 'NONE', ( #3151 ), #3947, .F. ) ;
#4079 = EDGE_CURVE ( 'NONE', #2794, #544, #334, .T. ) ;
#4080 = EDGE_CURVE ( 'NONE', #2344, #1204, #3236, .T. ) ;
#4081 = CARTESIAN_POINT ( 'NONE',  ( 3.489999999999998881, 0.8399999999999999689, -0.3200000000000015610 ) ) ;
#4082 = CARTESIAN_POINT ( 'NONE',  ( 2.539999999999999591, 3.700000000000000178, 0.7500000000000029976 ) ) ;
#4083 = LINE ( 'NONE', #1194, #4367 ) ;
#4084 = LINE ( 'NONE', #2277, #3021 ) ;
#4085 = ORIENTED_EDGE ( 'NONE', *, *, #4113, .F. ) ;
#4086 = PLANE ( 'NONE',  #2969 ) ;
#4087 = EDGE_CURVE ( 'NONE', #1970, #2888, #3216, .T. ) ;
#4088 = LINE ( 'NONE', #1226, #870 ) ;
#4089 = EDGE_LOOP ( 'NONE', ( #3574, #4616, #4099, #3346, #3171, #2110, #3210, #1592 ) ) ;
#4090 = EDGE_LOOP ( 'NONE', ( #1487, #3965, #2827, #805 ) ) ;
#4091 = CARTESIAN_POINT ( 'NONE',  ( -7.620000000000000107, 1.159999999999999920, 1.250000000000000666 ) ) ;
#4092 = ORIENTED_EDGE ( 'NONE', *, *, #1078, .T. ) ;
#4093 = DIRECTION ( 'NONE',  ( 1.000000000000000000, -0.000000000000000000, -0.000000000000000000 ) ) ;
#4094 = ORIENTED_EDGE ( 'NONE', *, *, #324, .F. ) ;
#4095 = EDGE_LOOP ( 'NONE', ( #2532, #2312, #2911, #4777 ) ) ;
#4096 = DIRECTION ( 'NONE',  ( 0.000000000000000000, 0.000000000000000000, -1.000000000000000000 ) ) ;
#4097 = DIRECTION ( 'NONE',  ( 0.000000000000000000, 1.000000000000000000, 0.000000000000000000 ) ) ;
#4098 = VECTOR ( 'NONE', #498, 1000.000000000000000 ) ;
#4099 = ORIENTED_EDGE ( 'NONE', *, *, #4734, .T. ) ;
#4100 = VECTOR ( 'NONE', #79, 1000.000000000000000 ) ;
#4101 = VECTOR ( 'NONE', #115, 1000.000000000000000 ) ;
#4102 = ORIENTED_EDGE ( 'NONE', *, *, #3110, .T. ) ;
#4103 = CARTESIAN_POINT ( 'NONE',  ( -7.620000000000001883, 0.8600000000000000977, 0.7000000000000030642 ) ) ;
#4104 = CARTESIAN_POINT ( 'NONE',  ( -0.9500000000000011768, 3.700000000000000178, 0.3199999999999996736 ) ) ;
#4105 = CARTESIAN_POINT ( 'NONE',  ( 4.129999999999998117, 1.460000000000000187, 0.3199999999999988964 ) ) ;
#4106 = VECTOR ( 'NONE', #4586, 1000.000000000000000 ) ;
#4107 = LINE ( 'NONE', #3791, #3340 ) ;
#4108 = CARTESIAN_POINT ( 'NONE',  ( 0.000000000000000000, 1.159999999999999920, -0.7000000000000031752 ) ) ;
#4109 = DIRECTION ( 'NONE',  ( -1.000000000000000000, 0.000000000000000000, 0.000000000000000000 ) ) ;
#4110 = LINE ( 'NONE', #2255, #4650 ) ;
#4111 = LINE ( 'NONE', #767, #3671 ) ;
#4112 = CARTESIAN_POINT ( 'NONE',  ( -4.679999999999999716, 1.160000000000000142, 1.250000000000001332 ) ) ;
#4113 = EDGE_CURVE ( 'NONE', #3319, #170, #4723, .T. ) ;
#4114 = ORIENTED_EDGE ( 'NONE', *, *, #3160, .T. ) ;
#4115 = DIRECTION ( 'NONE',  ( -0.000000000000000000, -0.000000000000000000, 1.000000000000000000 ) ) ;
#4116 = DIRECTION ( 'NONE',  ( 0.5000000000000026645, -0.000000000000000000, 0.8660254037844371533 ) ) ;
#4117 = ORIENTED_EDGE ( 'NONE', *, *, #3576, .F. ) ;
#4118 = DIRECTION ( 'NONE',  ( 1.000000000000000000, -0.000000000000000000, 0.000000000000000000 ) ) ;
#4119 = LINE ( 'NONE', #2292, #3219 ) ;
#4120 = CARTESIAN_POINT ( 'NONE',  ( 6.670000000000000817, 0.6399999999999999023, 0.5200000000000013500 ) ) ;
#4121 = DIRECTION ( 'NONE',  ( 0.000000000000000000, 0.000000000000000000, -1.000000000000000000 ) ) ;
#4122 = ORIENTED_EDGE ( 'NONE', *, *, #2083, .T. ) ;
#4123 = EDGE_LOOP ( 'NONE', ( #3531, #459, #2685, #3527 ) ) ;
#4124 = DIRECTION ( 'NONE',  ( 0.000000000000000000, 0.000000000000000000, 1.000000000000000000 ) ) ;
#4125 = CARTESIAN_POINT ( 'NONE',  ( 6.499233720798465619, 8.437308430199617959, 0.1492337207984675562 ) ) ;
#4126 = VECTOR ( 'NONE', #1222, 1000.000000000000000 ) ;
#4127 = DIRECTION ( 'NONE',  ( 0.000000000000000000, 0.000000000000000000, -1.000000000000000000 ) ) ;
#4128 = DIRECTION ( 'NONE',  ( -0.000000000000000000, -1.000000000000000000, -0.000000000000000000 ) ) ;
#4129 = DIRECTION ( 'NONE',  ( 1.000000000000000000, -0.000000000000000000, -0.000000000000000000 ) ) ;
#4130 = CARTESIAN_POINT ( 'NONE',  ( 3.650769515458672565, 8.400000000000000355, 0.1592304845413246572 ) ) ;
#4131 = CARTESIAN_POINT ( 'NONE',  ( 0.000000000000000000, 1.159999999999999920, 0.000000000000000000 ) ) ;
#4132 = EDGE_CURVE ( 'NONE', #834, #2688, #1069, .T. ) ;
#4133 = VECTOR ( 'NONE', #4413, 1000.000000000000000 ) ;
#4134 = DIRECTION ( 'NONE',  ( -0.8660254037844379305, 0.000000000000000000, 0.5000000000000014433 ) ) ;
#4135 = ORIENTED_EDGE ( 'NONE', *, *, #2753, .T. ) ;
#4136 = ADVANCED_FACE ( 'NONE', ( #272 ), #628, .F. ) ;
#4137 = ADVANCED_FACE ( 'NONE', ( #1394 ), #652, .T. ) ;
#4138 = AXIS2_PLACEMENT_3D ( 'NONE', #1255, #4240, #432 ) ;
#4139 = ORIENTED_EDGE ( 'NONE', *, *, #3934, .F. ) ;
#4140 = DIRECTION ( 'NONE',  ( -0.000000000000000000, 0.000000000000000000, 1.000000000000000000 ) ) ;
#4141 = VECTOR ( 'NONE', #632, 1000.000000000000000 ) ;
#4142 = LINE ( 'NONE', #1876, #2144 ) ;
#4143 = EDGE_CURVE ( 'NONE', #486, #1797, #2858, .T. ) ;
#4144 = DIRECTION ( 'NONE',  ( 0.000000000000000000, 0.000000000000000000, 1.000000000000000000 ) ) ;
#4145 = VECTOR ( 'NONE', #2021, 1000.000000000000000 ) ;
#4146 = VECTOR ( 'NONE', #2030, 1000.000000000000000 ) ;
#4147 = PRODUCT ( 'BG055-06A-1-0450-0530-0350-L-D', 'BG055-06A-1-0450-0530-0350-L-D', '', ( #728 ) ) ;
#4148 = EDGE_LOOP ( 'NONE', ( #2925, #1331, #2199, #2099 ) ) ;
#4149 = AXIS2_PLACEMENT_3D ( 'NONE', #3669, #3253, #711 ) ;
#4150 = VERTEX_POINT ( 'NONE', #2209 ) ;
#4151 = CARTESIAN_POINT ( 'NONE',  ( 0.4000000000000001887, 1.459999999999999964, 1.250000000000000444 ) ) ;
#4152 = LINE ( 'NONE', #3744, #1687 ) ;
#4153 = PLANE ( 'NONE',  #1815 ) ;
#4154 = PLANE ( 'NONE',  #2892 ) ;
#4155 = CARTESIAN_POINT ( 'NONE',  ( 4.679999999999999716, 1.160000000000000142, -1.250000000000002442 ) ) ;
#4156 = DIRECTION ( 'NONE',  ( -0.000000000000000000, 1.000000000000000000, -0.000000000000000000 ) ) ;
#4157 = LINE ( 'NONE', #820, #4379 ) ;
#4158 = ORIENTED_EDGE ( 'NONE', *, *, #1018, .F. ) ;
#4159 = FACE_OUTER_BOUND ( 'NONE', #4089, .T. ) ;
#4160 = LINE ( 'NONE', #2041, #2308 ) ;
#4161 = ORIENTED_EDGE ( 'NONE', *, *, #1866, .T. ) ;
#4162 = LINE ( 'NONE', #848, #594 ) ;
#4163 = ADVANCED_FACE ( 'NONE', ( #4335 ), #3602, .T. ) ;
#4164 = EDGE_CURVE ( 'NONE', #2646, #3140, #2884, .T. ) ;
#4165 = ORIENTED_EDGE ( 'NONE', *, *, #66, .F. ) ;
#4166 = CARTESIAN_POINT ( 'NONE',  ( -7.620000000000001883, 0.8600000000000000977, -0.7000000000000031752 ) ) ;
#4167 = LINE ( 'NONE', #905, #644 ) ;
#4168 = DIRECTION ( 'NONE',  ( 0.000000000000000000, 1.000000000000000000, 0.000000000000000000 ) ) ;
#4169 = EDGE_CURVE ( 'NONE', #275, #2049, #307, .T. ) ;
#4170 = ORIENTED_EDGE ( 'NONE', *, *, #3387, .T. ) ;
#4171 = EDGE_CURVE ( 'NONE', #973, #3642, #4018, .T. ) ;
#4172 = ORIENTED_EDGE ( 'NONE', *, *, #64, .T. ) ;
#4173 = CARTESIAN_POINT ( 'NONE',  ( -2.540000000000000480, 1.159999999999999920, -0.7500000000000014433 ) ) ;
#4174 = LINE ( 'NONE', #2970, #3165 ) ;
#4175 = ADVANCED_FACE ( 'NONE', ( #1414 ), #2524, .F. ) ;
#4176 = CARTESIAN_POINT ( 'NONE',  ( 5.368675134594814047, 1.159999999999999920, 1.250000000000002665 ) ) ;
#4177 = CARTESIAN_POINT ( 'NONE',  ( -1.590000000000000746, 1.460000000000000187, 0.3199999999999996736 ) ) ;
#4178 = CARTESIAN_POINT ( 'NONE',  ( -3.490000000000001990, 1.460000000000000187, 0.3200000000000000622 ) ) ;
#4179 = AXIS2_PLACEMENT_3D ( 'NONE', #2136, #4570, #105 ) ;
#4180 = AXIS2_PLACEMENT_3D ( 'NONE', #315, #1853, #2218 ) ;
#4181 = CARTESIAN_POINT ( 'NONE',  ( -7.620000000000001883, 0.8600000000000000977, 0.7000000000000030642 ) ) ;
#4182 = LINE ( 'NONE', #1533, #4199 ) ;
#4183 = DIRECTION ( 'NONE',  ( 1.000000000000000000, 0.000000000000000000, -1.138269997360109674E-16 ) ) ;
#4184 = FACE_OUTER_BOUND ( 'NONE', #513, .T. ) ;
#4185 = CARTESIAN_POINT ( 'NONE',  ( -5.480000000000000426, 1.160000000000000142, 0.7000000000000029532 ) ) ;
#4186 = EDGE_LOOP ( 'NONE', ( #37, #978, #3915, #2670 ) ) ;
#4187 = LINE ( 'NONE', #2620, #668 ) ;
#4188 = VERTEX_POINT ( 'NONE', #3622 ) ;
#4189 = CARTESIAN_POINT ( 'NONE',  ( 7.220000000000000639, 1.460000000000000187, 0.7000000000000030642 ) ) ;
#4190 = LINE ( 'NONE', #3479, #4145 ) ;
#4191 = CARTESIAN_POINT ( 'NONE',  ( 5.368675134594814047, 3.700000000000000178, 1.250000000000002665 ) ) ;
#4192 = ORIENTED_EDGE ( 'NONE', *, *, #3271, .T. ) ;
#4193 = ORIENTED_EDGE ( 'NONE', *, *, #2990, .F. ) ;
#4194 = PLANE ( 'NONE',  #3520 ) ;
#4195 = CARTESIAN_POINT ( 'NONE',  ( -3.490000000000001990, 1.460000000000000187, -0.3199999999999999512 ) ) ;
#4196 = CARTESIAN_POINT ( 'NONE',  ( 6.669999999999999041, 8.400000000000000355, -0.3199999999999985079 ) ) ;
#4197 = CARTESIAN_POINT ( 'NONE',  ( 2.539999999999999591, 1.459999999999999964, -0.7500000000000017764 ) ) ;
#4198 = ORIENTED_EDGE ( 'NONE', *, *, #2573, .T. ) ;
#4199 = VECTOR ( 'NONE', #1171, 1000.000000000000000 ) ;
#4200 = VECTOR ( 'NONE', #2675, 1000.000000000000000 ) ;
#4201 = LINE ( 'NONE', #524, #4308 ) ;
#4202 = EDGE_CURVE ( 'NONE', #1139, #4188, #2903, .T. ) ;
#4203 = EDGE_CURVE ( 'NONE', #1033, #1994, #3258, .T. ) ;
#4204 = EDGE_LOOP ( 'NONE', ( #4752, #3617, #3905, #2343 ) ) ;
#4205 = DIRECTION ( 'NONE',  ( -0.000000000000000000, 0.000000000000000000, 1.000000000000000000 ) ) ;
#4206 = ORIENTED_EDGE ( 'NONE', *, *, #240, .F. ) ;
#4207 = CARTESIAN_POINT ( 'NONE',  ( 1.146001696317177003E-15, 0.4792304845413269399, 2.649999999999996803 ) ) ;
#4208 = LINE ( 'NONE', #503, #3146 ) ;
#4209 = DIRECTION ( 'NONE',  ( -1.000000000000000000, 0.000000000000000000, 0.000000000000000000 ) ) ;
#4210 = EDGE_LOOP ( 'NONE', ( #4803, #3329, #3204, #1293 ) ) ;
#4211 = CARTESIAN_POINT ( 'NONE',  ( 3.489999999999998881, 8.400000000000000355, -2.049999999999990941 ) ) ;
#4212 = DIRECTION ( 'NONE',  ( -0.000000000000000000, 1.000000000000000000, -0.000000000000000000 ) ) ;
#4213 = LINE ( 'NONE', #1996, #2063 ) ;
#4214 = CARTESIAN_POINT ( 'NONE',  ( 0.000000000000000000, 0.000000000000000000, 0.000000000000000000 ) ) ;
#4215 = DIRECTION ( 'NONE',  ( 1.000000000000000000, 0.000000000000000000, 0.000000000000000000 ) ) ;
#4216 = AXIS2_PLACEMENT_3D ( 'NONE', #1441, #2931, #47 ) ;
#4217 = ORIENTED_EDGE ( 'NONE', *, *, #2865, .T. ) ;
#4218 = VECTOR ( 'NONE', #399, 1000.000000000000000 ) ;
#4219 = CARTESIAN_POINT ( 'NONE',  ( 6.029999999999998472, 3.700000000000000178, -0.3200000000000015610 ) ) ;
#4220 = VECTOR ( 'NONE', #1341, 1000.000000000000000 ) ;
#4221 = DIRECTION ( 'NONE',  ( -0.000000000000000000, -0.000000000000000000, 1.000000000000000000 ) ) ;
#4222 = LINE ( 'NONE', #1981, #3605 ) ;
#4223 = VECTOR ( 'NONE', #4632, 1000.000000000000114 ) ;
#4224 = ADVANCED_FACE ( 'NONE', ( #4772 ), #3572, .F. ) ;
#4225 = CARTESIAN_POINT ( 'NONE',  ( 4.679999999999999716, 1.160000000000000142, -1.250000000000002442 ) ) ;
#4226 = VECTOR ( 'NONE', #3091, 1000.000000000000000 ) ;
#4227 = PRODUCT_DEFINITION ( 'UNKNOWN', '', #4805, #4587 ) ;
#4228 = ORIENTED_EDGE ( 'NONE', *, *, #4509, .F. ) ;
#4229 = ADVANCED_FACE ( 'NONE', ( #1741 ), #2546, .F. ) ;
#4230 = CARTESIAN_POINT ( 'NONE',  ( 5.480000000000000426, 1.459999999999999964, -1.250000000000002442 ) ) ;
#4231 = LINE ( 'NONE', #2803, #3829 ) ;
#4232 = APPLICATION_PROTOCOL_DEFINITION ( 'draft international standard', 'automotive_design', 1998, #413 ) ;
#4233 = CARTESIAN_POINT ( 'NONE',  ( 4.791324865405186095, 3.700000000000000178, -1.250000000000001332 ) ) ;
#4234 = ORIENTED_EDGE ( 'NONE', *, *, #2696, .F. ) ;
#4235 = CARTESIAN_POINT ( 'NONE',  ( 6.029999999999998472, 1.460000000000000187, 0.3199999999999985079 ) ) ;
#4236 = EDGE_CURVE ( 'NONE', #986, #3810, #2975, .T. ) ;
#4237 = PRODUCT_DEFINITION_CONTEXT ( 'detailed design', #3314, 'design' ) ;
#4238 = CARTESIAN_POINT ( 'NONE',  ( -0.9500000000000011768, 1.460000000000000187, -0.3200000000000003397 ) ) ;
#4239 = ORIENTED_EDGE ( 'NONE', *, *, #2369, .F. ) ;
#4240 = DIRECTION ( 'NONE',  ( 0.8660254037844371533, 0.000000000000000000, -0.5000000000000026645 ) ) ;
#4241 = DIRECTION ( 'NONE',  ( 0.000000000000000000, -1.000000000000000000, -0.000000000000000000 ) ) ;
#4242 = VECTOR ( 'NONE', #2820, 1000.000000000000000 ) ;
#4243 = VERTEX_POINT ( 'NONE', #1149 ) ;
#4244 = ORIENTED_EDGE ( 'NONE', *, *, #3026, .F. ) ;
#4245 = CARTESIAN_POINT ( 'NONE',  ( 0.4000000000000001887, 1.160000000000000142, -0.7000000000000031752 ) ) ;
#4246 = CARTESIAN_POINT ( 'NONE',  ( 5.079999999999999183, 1.159999999999999920, 0.7500000000000026645 ) ) ;
#4247 = CARTESIAN_POINT ( 'NONE',  ( -0.2886751345948139758, 1.159999999999999920, -1.250000000000001554 ) ) ;
#4248 = CARTESIAN_POINT ( 'NONE',  ( -4.130000000000001670, 1.460000000000000187, 0.3200000000000000622 ) ) ;
#4249 = DIRECTION ( 'NONE',  ( 1.000000000000000000, 0.000000000000000000, 0.000000000000000000 ) ) ;
#4250 = VERTEX_POINT ( 'NONE', #1535 ) ;
#4251 = ORIENTED_EDGE ( 'NONE', *, *, #2145, .F. ) ;
#4252 = EDGE_LOOP ( 'NONE', ( #2847, #4552, #4002, #690 ) ) ;
#4253 = LINE ( 'NONE', #1682, #877 ) ;
#4254 = DIRECTION ( 'NONE',  ( 0.000000000000000000, 1.000000000000000000, 0.000000000000000000 ) ) ;
#4255 = VECTOR ( 'NONE', #1458, 1000.000000000000000 ) ;
#4256 = PLANE ( 'NONE',  #636 ) ;
#4257 = PRODUCT_CONTEXT ( 'NONE', #413, 'mechanical' ) ;
#4258 = CIRCLE ( 'NONE', #3954, 0.1999999999999999833 ) ;
#4259 = LINE ( 'NONE', #3148, #4223 ) ;
#4260 = ORIENTED_EDGE ( 'NONE', *, *, #4674, .F. ) ;
#4261 = FACE_OUTER_BOUND ( 'NONE', #1938, .T. ) ;
#4262 = AXIS2_PLACEMENT_3D ( 'NONE', #4435, #2182, #3213 ) ;
#4263 = EDGE_CURVE ( 'NONE', #1182, #1330, #3030, .T. ) ;
#4264 = DIRECTION ( 'NONE',  ( -0.000000000000000000, -1.000000000000000000, -0.000000000000000000 ) ) ;
#4265 = CARTESIAN_POINT ( 'NONE',  ( 6.669999999999999041, 3.700000000000000178, 0.3199999999999985079 ) ) ;
#4266 = CARTESIAN_POINT ( 'NONE',  ( 2.828675134594815344, 1.459999999999999964, -1.250000000000002887 ) ) ;
#4267 = EDGE_CURVE ( 'NONE', #108, #4063, #2281, .T. ) ;
#4268 = VERTEX_POINT ( 'NONE', #3800 ) ;
#4269 = ORIENTED_EDGE ( 'NONE', *, *, #4730, .F. ) ;
#4270 = LINE ( 'NONE', #931, #2450 ) ;
#4271 = FACE_OUTER_BOUND ( 'NONE', #1901, .T. ) ;
#4272 = DIRECTION ( 'NONE',  ( 1.000000000000000000, -0.000000000000000000, -0.000000000000000000 ) ) ;
#4273 = LINE ( 'NONE', #1244, #4004 ) ;
#4274 = CARTESIAN_POINT ( 'NONE',  ( 6.029999999999998472, 1.159999999999999920, -0.3200000000000015610 ) ) ;
#4275 = ORIENTED_EDGE ( 'NONE', *, *, #701, .T. ) ;
#4276 = ORIENTED_EDGE ( 'NONE', *, *, #2145, .T. ) ;
#4277 = EDGE_LOOP ( 'NONE', ( #2087, #810, #1828, #2773 ) ) ;
#4278 = LINE ( 'NONE', #942, #4697 ) ;
#4279 = VECTOR ( 'NONE', #990, 1000.000000000000000 ) ;
#4280 = DIRECTION ( 'NONE',  ( 1.138269997360109674E-16, -0.000000000000000000, 1.000000000000000000 ) ) ;
#4281 = EDGE_CURVE ( 'NONE', #2648, #3, #1125, .T. ) ;
#4282 = DIRECTION ( 'NONE',  ( -1.096141292893649616E-16, 0.9659258262890689783, 0.2588190451025184635 ) ) ;
#4283 = VERTEX_POINT ( 'NONE', #2706 ) ;
#4284 = DIRECTION ( 'NONE',  ( 0.000000000000000000, 0.2588190451025190741, 0.9659258262890687563 ) ) ;
#4285 = LINE ( 'NONE', #1254, #4465 ) ;
#4286 = EDGE_CURVE ( 'NONE', #1783, #974, #2614, .T. ) ;
#4287 = ORIENTED_EDGE ( 'NONE', *, *, #4322, .F. ) ;
#4288 = EDGE_CURVE ( 'NONE', #2553, #1129, #3003, .T. ) ;
#4289 = ADVANCED_FACE ( 'NONE', ( #4515 ), #770, .F. ) ;
#4290 = CARTESIAN_POINT ( 'NONE',  ( 6.509230484541324913, 8.400000000000000355, 0.000000000000000000 ) ) ;
#4291 = VECTOR ( 'NONE', #3775, 1000.000000000000000 ) ;
#4292 = VERTEX_POINT ( 'NONE', #2947 ) ;
#4293 = ORIENTED_EDGE ( 'NONE', *, *, #4715, .T. ) ;
#4294 = EDGE_CURVE ( 'NONE', #1204, #3788, #4088, .T. ) ;
#4295 = VECTOR ( 'NONE', #1371, 999.9999999999998863 ) ;
#4296 = DIRECTION ( 'NONE',  ( -1.000000000000000000, -0.000000000000000000, -0.000000000000000000 ) ) ;
#4297 = EDGE_CURVE ( 'NONE', #3604, #1415, #2658, .T. ) ;
#4298 = CARTESIAN_POINT ( 'NONE',  ( -7.620000000000001883, 1.460000000000000187, -0.7000000000000031752 ) ) ;
#4299 = DIRECTION ( 'NONE',  ( 0.000000000000000000, 0.000000000000000000, -1.000000000000000000 ) ) ;
#4300 = VECTOR ( 'NONE', #1971, 1000.000000000000000 ) ;
#4301 =( LENGTH_UNIT ( ) NAMED_UNIT ( * ) SI_UNIT ( .MILLI., .METRE. ) );
#4302 = ORIENTED_EDGE ( 'NONE', *, *, #1808, .F. ) ;
#4303 = ORIENTED_EDGE ( 'NONE', *, *, #3240, .F. ) ;
#4304 = VERTEX_POINT ( 'NONE', #2261 ) ;
#4305 = ORIENTED_EDGE ( 'NONE', *, *, #2518, .F. ) ;
#4306 = VECTOR ( 'NONE', #135, 1000.000000000000000 ) ;
#4307 = CARTESIAN_POINT ( 'NONE',  ( -6.670000000000002593, 1.460000000000000187, -0.3199999999999996181 ) ) ;
#4308 = VECTOR ( 'NONE', #2038, 1000.000000000000000 ) ;
#4309 = DIRECTION ( 'NONE',  ( 1.000000000000000000, 0.000000000000000000, -1.138269997360109674E-16 ) ) ;
#4310 = VERTEX_POINT ( 'NONE', #396 ) ;
#4311 = LINE ( 'NONE', #2014, #2027 ) ;
#4312 = CARTESIAN_POINT ( 'NONE',  ( 6.669999999999999041, 7.799999999999996270, -0.3199999999999985079 ) ) ;
#4313 = LINE ( 'NONE', #3476, #3277 ) ;
#4314 = ORIENTED_EDGE ( 'NONE', *, *, #504, .F. ) ;
#4315 = LINE ( 'NONE', #4706, #3357 ) ;
#4316 = LINE ( 'NONE', #4750, #2836 ) ;
#4317 = EDGE_CURVE ( 'NONE', #742, #376, #2311, .T. ) ;
#4318 = ORIENTED_EDGE ( 'NONE', *, *, #326, .T. ) ;
#4319 = ORIENTED_EDGE ( 'NONE', *, *, #2574, .T. ) ;
#4320 = VERTEX_POINT ( 'NONE', #3373 ) ;
#4321 = PLANE ( 'NONE',  #2829 ) ;
#4322 = EDGE_CURVE ( 'NONE', #3224, #1474, #1937, .T. ) ;
#4323 = CARTESIAN_POINT ( 'NONE',  ( -7.331324865405187019, 1.459999999999999964, 1.250000000000001554 ) ) ;
#4324 = LINE ( 'NONE', #317, #3514 ) ;
#4325 = VECTOR ( 'NONE', #2796, 999.9999999999998863 ) ;
#4326 = EDGE_CURVE ( 'NONE', #3936, #544, #3394, .T. ) ;
#4327 = ORIENTED_EDGE ( 'NONE', *, *, #1493, .T. ) ;
#4328 =( NAMED_UNIT ( * ) PLANE_ANGLE_UNIT ( ) SI_UNIT ( $, .RADIAN. ) );
#4329 = ORIENTED_EDGE ( 'NONE', *, *, #4594, .F. ) ;
#4330 = ORIENTED_EDGE ( 'NONE', *, *, #3880, .T. ) ;
#4331 = FACE_BOUND ( 'NONE', #2039, .T. ) ;
#4332 = DIRECTION ( 'NONE',  ( 0.000000000000000000, 0.000000000000000000, -1.000000000000000000 ) ) ;
#4333 = CARTESIAN_POINT ( 'NONE',  ( 0.000000000000000000, 1.159999999999999920, -0.7000000000000031752 ) ) ;
#4334 = PLANE ( 'NONE',  #3469 ) ;
#4335 = FACE_OUTER_BOUND ( 'NONE', #1027, .T. ) ;
#4336 = VECTOR ( 'NONE', #4600, 1000.000000000000000 ) ;
#4337 = ORIENTED_EDGE ( 'NONE', *, *, #4601, .T. ) ;
#4338 = LINE ( 'NONE', #4046, #3436 ) ;
#4339 = ORIENTED_EDGE ( 'NONE', *, *, #4028, .F. ) ;
#4340 = VECTOR ( 'NONE', #4215, 1000.000000000000000 ) ;
#4341 = MECHANICAL_DESIGN_GEOMETRIC_PRESENTATION_REPRESENTATION (  '', ( #3320 ), #912 ) ;
#4342 = EDGE_CURVE ( 'NONE', #1474, #3465, #3328, .T. ) ;
#4343 = VERTEX_POINT ( 'NONE', #2238 ) ;
#4344 = CONTEXT_DEPENDENT_SHAPE_REPRESENTATION ( #1333, #1950 ) ;
#4345 = ORIENTED_EDGE ( 'NONE', *, *, #3503, .F. ) ;
#4346 = FACE_OUTER_BOUND ( 'NONE', #3735, .T. ) ;
#4347 = LINE ( 'NONE', #659, #2642 ) ;
#4348 = CARTESIAN_POINT ( 'NONE',  ( 7.620000000000000107, 1.159999999999999920, -0.7500000000000017764 ) ) ;
#4349 = EDGE_LOOP ( 'NONE', ( #801, #2314, #3787, #2722 ) ) ;
#4350 = CARTESIAN_POINT ( 'NONE',  ( 0.000000000000000000, 0.000000000000000000, 0.000000000000000000 ) ) ;
#4351 = ORIENTED_EDGE ( 'NONE', *, *, #4536, .T. ) ;
#4352 = ORIENTED_EDGE ( 'NONE', *, *, #2258, .F. ) ;
#4353 = EDGE_CURVE ( 'NONE', #4320, #1581, #1560, .T. ) ;
#4354 = CARTESIAN_POINT ( 'NONE',  ( -6.670000000000002593, 3.700000000000000178, 0.3200000000000004508 ) ) ;
#4355 = PLANE ( 'NONE',  #2124 ) ;
#4356 = VERTEX_POINT ( 'NONE', #1482 ) ;
#4357 = DIRECTION ( 'NONE',  ( -0.5000000000000014433, 0.000000000000000000, 0.8660254037844379305 ) ) ;
#4358 = EDGE_CURVE ( 'NONE', #312, #3877, #4157, .T. ) ;
#4359 = CARTESIAN_POINT ( 'NONE',  ( -7.620000000000001883, 0.8600000000000000977, 0.7000000000000030642 ) ) ;
#4360 = EDGE_CURVE ( 'NONE', #343, #883, #3075, .T. ) ;
#4361 = DIRECTION ( 'NONE',  ( -0.000000000000000000, -0.000000000000000000, 1.000000000000000000 ) ) ;
#4362 = ORIENTED_EDGE ( 'NONE', *, *, #4538, .T. ) ;
#4363 = ORIENTED_EDGE ( 'NONE', *, *, #4164, .T. ) ;
#4364 = DIRECTION ( 'NONE',  ( 0.000000000000000000, 0.000000000000000000, -1.000000000000000000 ) ) ;
#4365 = CARTESIAN_POINT ( 'NONE',  ( 0.000000000000000000, 1.159999999999999920, -0.7000000000000031752 ) ) ;
#4366 = ORIENTED_EDGE ( 'NONE', *, *, #1239, .T. ) ;
#4367 = VECTOR ( 'NONE', #1116, 1000.000000000000000 ) ;
#4368 = DIRECTION ( 'NONE',  ( 0.000000000000000000, 0.000000000000000000, -1.000000000000000000 ) ) ;
#4369 = ORIENTED_EDGE ( 'NONE', *, *, #773, .F. ) ;
#4370 = ORIENTED_EDGE ( 'NONE', *, *, #3817, .T. ) ;
#4371 = DIRECTION ( 'NONE',  ( -0.000000000000000000, -0.000000000000000000, 1.000000000000000000 ) ) ;
#4372 = VECTOR ( 'NONE', #601, 1000.000000000000000 ) ;
#4373 = CARTESIAN_POINT ( 'NONE',  ( -0.9500000000000011768, 3.700000000000000178, 0.3199999999999996736 ) ) ;
#4374 = LINE ( 'NONE', #1006, #3034 ) ;
#4375 = LINE ( 'NONE', #2916, #2754 ) ;
#4376 = ORIENTED_EDGE ( 'NONE', *, *, #2015, .F. ) ;
#4377 = LINE ( 'NONE', #1035, #55 ) ;
#4378 = EDGE_LOOP ( 'NONE', ( #614, #3141, #3796, #2096 ) ) ;
#4379 = VECTOR ( 'NONE', #1586, 1000.000000000000000 ) ;
#4380 = VERTEX_POINT ( 'NONE', #3119 ) ;
#4381 = DIRECTION ( 'NONE',  ( 1.138269997360109674E-16, -0.000000000000000000, 1.000000000000000000 ) ) ;
#4382 = ADVANCED_FACE ( 'NONE', ( #3494 ), #2733, .F. ) ;
#4383 = VECTOR ( 'NONE', #3226, 1000.000000000000000 ) ;
#4384 = ADVANCED_FACE ( 'NONE', ( #2420 ), #1248, .F. ) ;
#4385 = ORIENTED_EDGE ( 'NONE', *, *, #2865, .F. ) ;
#4386 = EDGE_CURVE ( 'NONE', #312, #3187, #895, .T. ) ;
#4387 = CARTESIAN_POINT ( 'NONE',  ( -5.368675134594815823, 3.700000000000000178, -1.249999999999999778 ) ) ;
#4388 = ORIENTED_EDGE ( 'NONE', *, *, #1243, .F. ) ;
#4389 = AXIS2_PLACEMENT_3D ( 'NONE', #2891, #3663, #1424 ) ;
#4390 = CARTESIAN_POINT ( 'NONE',  ( 0.4000000000000001887, 1.160000000000000142, -1.250000000000002665 ) ) ;
#4391 = VECTOR ( 'NONE', #3180, 1000.000000000000000 ) ;
#4392 = EDGE_CURVE ( 'NONE', #4283, #3382, #4231, .T. ) ;
#4393 = DIRECTION ( 'NONE',  ( -1.000000000000000000, 0.000000000000000000, 0.000000000000000000 ) ) ;
#4394 = AXIS2_PLACEMENT_3D ( 'NONE', #2697, #1114, #3017 ) ;
#4395 = CARTESIAN_POINT ( 'NONE',  ( -5.080000000000000959, 3.700000000000000178, -0.7500000000000015543 ) ) ;
#4396 = ORIENTED_EDGE ( 'NONE', *, *, #1081, .T. ) ;
#4397 = VERTEX_POINT ( 'NONE', #3897 ) ;
#4398 = VECTOR ( 'NONE', #4621, 1000.000000000000000 ) ;
#4399 = FACE_OUTER_BOUND ( 'NONE', #1090, .T. ) ;
#4400 = ORIENTED_EDGE ( 'NONE', *, *, #830, .T. ) ;
#4401 = DIRECTION ( 'NONE',  ( 0.000000000000000000, 0.000000000000000000, 1.000000000000000000 ) ) ;
#4402 = CARTESIAN_POINT ( 'NONE',  ( 7.620000000000000107, 1.159999999999999920, 0.7500000000000029976 ) ) ;
#4403 = LINE ( 'NONE', #960, #1504 ) ;
#4404 =( LENGTH_UNIT ( ) NAMED_UNIT ( * ) SI_UNIT ( .MILLI., .METRE. ) );
#4405 = VERTEX_POINT ( 'NONE', #546 ) ;
#4406 = ORIENTED_EDGE ( 'NONE', *, *, #2552, .F. ) ;
#4407 = DIRECTION ( 'NONE',  ( -0.5000000000000014433, 0.000000000000000000, -0.8660254037844379305 ) ) ;
#4408 = DIRECTION ( 'NONE',  ( 0.5000000000000014433, 0.000000000000000000, -0.8660254037844379305 ) ) ;
#4409 = ADVANCED_FACE ( 'NONE', ( #1272 ), #4256, .T. ) ;
#4410 = ORIENTED_EDGE ( 'NONE', *, *, #4735, .T. ) ;
#4411 = DIRECTION ( 'NONE',  ( -1.000000000000000000, 0.000000000000000000, 0.000000000000000000 ) ) ;
#4412 =( NAMED_UNIT ( * ) PLANE_ANGLE_UNIT ( ) SI_UNIT ( $, .RADIAN. ) );
#4413 = DIRECTION ( 'NONE',  ( -0.000000000000000000, -0.000000000000000000, 1.000000000000000000 ) ) ;
#4414 = ORIENTED_EDGE ( 'NONE', *, *, #1291, .T. ) ;
#4415 = ORIENTED_EDGE ( 'NONE', *, *, #1436, .T. ) ;
#4416 = PLANE ( 'NONE',  #953 ) ;
#4417 = CARTESIAN_POINT ( 'NONE',  ( 0.000000000000000000, 1.159999999999999920, 0.7500000000000032196 ) ) ;
#4418 = ORIENTED_EDGE ( 'NONE', *, *, #2022, .T. ) ;
#4419 = ADVANCED_FACE ( 'NONE', ( #3468 ), #920, .T. ) ;
#4420 = VECTOR ( 'NONE', #147, 1000.000000000000000 ) ;
#4421 = ORIENTED_EDGE ( 'NONE', *, *, #1490, .F. ) ;
#4422 = ORIENTED_EDGE ( 'NONE', *, *, #1867, .T. ) ;
#4423 = AXIS2_PLACEMENT_3D ( 'NONE', #2716, #3571, #1370 ) ;
#4424 = LINE ( 'NONE', #53, #4472 ) ;
#4425 = CARTESIAN_POINT ( 'NONE',  ( -4.130000000000001670, 3.700000000000000178, 0.3200000000000000622 ) ) ;
#4426 = CARTESIAN_POINT ( 'NONE',  ( -2.139999999999999680, 1.460000000000000187, 0.7000000000000030642 ) ) ;
#4427 = ADVANCED_FACE ( 'NONE', ( #2354 ), #3169, .F. ) ;
#4428 = AXIS2_PLACEMENT_3D ( 'NONE', #1276, #4284, #3900 ) ;
#4429 = VERTEX_POINT ( 'NONE', #3823 ) ;
#4430 = ORIENTED_EDGE ( 'NONE', *, *, #1082, .T. ) ;
#4431 = CARTESIAN_POINT ( 'NONE',  ( 7.220000000000000639, 1.160000000000000142, 1.250000000000000444 ) ) ;
#4432 = CARTESIAN_POINT ( 'NONE',  ( -7.620000000000000107, 1.159999999999999920, 1.250000000000000666 ) ) ;
#4433 = CARTESIAN_POINT ( 'NONE',  ( 6.030000000000001137, 0.6399999999999999023, 2.649999999999995026 ) ) ;
#4434 = CARTESIAN_POINT ( 'NONE',  ( -5.080000000000000959, 1.159999999999999920, 0.7500000000000032196 ) ) ;
#4435 = CARTESIAN_POINT ( 'NONE',  ( 3.489999999999998881, 0.8400000000000005240, -0.5200000000000015721 ) ) ;
#4436 = CARTESIAN_POINT ( 'NONE',  ( 2.539999999999999591, 3.700000000000000178, -0.7500000000000017764 ) ) ;
#4437 = CARTESIAN_POINT ( 'NONE',  ( -7.620000000000000107, 1.159999999999999920, -1.249999999999999334 ) ) ;
#4438 = EDGE_LOOP ( 'NONE', ( #4686, #3589, #1478, #689, #1397, #4462, #954, #2677 ) ) ;
#4439 = ORIENTED_EDGE ( 'NONE', *, *, #2382, .F. ) ;
#4440 = EDGE_CURVE ( 'NONE', #279, #2438, #2062, .T. ) ;
#4441 = DIRECTION ( 'NONE',  ( -1.000000000000000000, 0.000000000000000000, 0.000000000000000000 ) ) ;
#4442 = LINE ( 'NONE', #4417, #187 ) ;
#4443 = ORIENTED_EDGE ( 'NONE', *, *, #2778, .T. ) ;
#4444 = EDGE_CURVE ( 'NONE', #832, #2888, #943, .T. ) ;
#4445 = ADVANCED_FACE ( 'NONE', ( #526 ), #3919, .F. ) ;
#4446 = ORIENTED_EDGE ( 'NONE', *, *, #531, .T. ) ;
#4447 = ORIENTED_EDGE ( 'NONE', *, *, #1553, .T. ) ;
#4448 = EDGE_CURVE ( 'NONE', #4585, #3465, #3542, .T. ) ;
#4449 = EDGE_CURVE ( 'NONE', #2528, #2762, #175, .T. ) ;
#4450 = DIRECTION ( 'NONE',  ( 1.000000000000000000, 0.000000000000000000, 0.000000000000000000 ) ) ;
#4451 = FACE_OUTER_BOUND ( 'NONE', #4148, .T. ) ;
#4452 = DIRECTION ( 'NONE',  ( -0.000000000000000000, -0.000000000000000000, 1.000000000000000000 ) ) ;
#4453 = DIRECTION ( 'NONE',  ( 0.000000000000000000, 1.000000000000000000, 0.000000000000000000 ) ) ;
#4454 = CLOSED_SHELL ( 'NONE', ( #1271, #1212, #1148, #3883, #4289, #3568, #3077, #843, #3502, #1141, #62, #1218, #3879, #563, #2262, #679, #1405, #1805, #3940, #2899, #1591, #4419, #2996, #4409, #1898, #1295, #631, #618, #745, #1776, #3023, #3217, #2698, #3662, #1382, #2936, #4078, #429, #4683, #34, #2622, #3504, #1404, #2522, #980, #2718, #2452, #712, #2427, #3509, #4163, #2961, #4512, #1353, #852, #3108, #246, #2318, #1055, #2657, #855, #2918, #3846, #3445, #4489, #2050, #1362, #3707, #4136, #2316, #2166, #184, #532, #3658, #3937, #3101, #3785, #277, #831, #4175, #1644, #4427, #3667, #4675, #4790, #4229, #3015, #131, #1102, #3853, #1086, #599, #1263, #1534, #33, #1049, #3161, #4224, #3222, #253, #1411, #136, #4384, #3606, #1292, #557, #3726, #1924, #2170, #2084, #4382, #1034 ) ) ;
#4455 = ORIENTED_EDGE ( 'NONE', *, *, #4440, .T. ) ;
#4456 = ORIENTED_EDGE ( 'NONE', *, *, #4007, .T. ) ;
#4457 = VERTEX_POINT ( 'NONE', #576 ) ;
#4458 = EDGE_CURVE ( 'NONE', #493, #917, #1710, .T. ) ;
#4459 = CARTESIAN_POINT ( 'NONE',  ( 0.9499999999999986233, 3.700000000000000178, -0.3200000000000007838 ) ) ;
#4460 = CYLINDRICAL_SURFACE ( 'NONE', #2328, 0.8400000000000003020 ) ;
#4461 = CARTESIAN_POINT ( 'NONE',  ( 2.251324865405185616, 3.700000000000000178, 1.250000000000003109 ) ) ;
#4462 = ORIENTED_EDGE ( 'NONE', *, *, #1582, .F. ) ;
#4463 = DIRECTION ( 'NONE',  ( -1.000000000000000000, 0.000000000000000000, 0.000000000000000000 ) ) ;
#4464 = ORIENTED_EDGE ( 'NONE', *, *, #3565, .F. ) ;
#4465 = VECTOR ( 'NONE', #3902, 1000.000000000000000 ) ;
#4466 = CARTESIAN_POINT ( 'NONE',  ( 2.940000000000000391, 1.160000000000000142, -1.250000000000002887 ) ) ;
#4467 = DIRECTION ( 'NONE',  ( 0.000000000000000000, 1.000000000000000000, 0.000000000000000000 ) ) ;
#4468 = EDGE_LOOP ( 'NONE', ( #1657, #473, #3439, #3977 ) ) ;
#4469 = AXIS2_PLACEMENT_3D ( 'NONE', #3848, #149, #1588 ) ;
#4470 = ORIENTED_EDGE ( 'NONE', *, *, #3632, .F. ) ;
#4471 = DIRECTION ( 'NONE',  ( 1.000000000000000000, 0.000000000000000000, -1.138269997360109674E-16 ) ) ;
#4472 = VECTOR ( 'NONE', #4499, 1000.000000000000000 ) ;
#4473 = ORIENTED_EDGE ( 'NONE', *, *, #2878, .T. ) ;
#4474 = DIRECTION ( 'NONE',  ( 0.000000000000000000, 0.000000000000000000, -1.000000000000000000 ) ) ;
#4475 = VECTOR ( 'NONE', #3626, 1000.000000000000114 ) ;
#4476 = PRODUCT_DEFINITION_SHAPE ( 'NONE', 'NONE',  #4818 ) ;
#4477 = VECTOR ( 'NONE', #660, 1000.000000000000000 ) ;
#4478 = ORIENTED_EDGE ( 'NONE', *, *, #1147, .T. ) ;
#4479 = EDGE_CURVE ( 'NONE', #979, #234, #1659, .T. ) ;
#4480 = ORIENTED_EDGE ( 'NONE', *, *, #2371, .F. ) ;
#4481 = FILL_AREA_STYLE_COLOUR ( '', #592 ) ;
#4482 = CARTESIAN_POINT ( 'NONE',  ( 1.589999999999998082, 1.159999999999999920, -0.3200000000000007838 ) ) ;
#4483 = DIRECTION ( 'NONE',  ( -1.000000000000000000, 0.000000000000000000, 0.000000000000000000 ) ) ;
#4484 = ORIENTED_EDGE ( 'NONE', *, *, #2250, .T. ) ;
#4485 = EDGE_CURVE ( 'NONE', #2225, #445, #3443, .T. ) ;
#4486 = LINE ( 'NONE', #65, #1509 ) ;
#4487 = DIRECTION ( 'NONE',  ( -1.565121246370150617E-16, 0.000000000000000000, -1.000000000000000000 ) ) ;
#4488 = DIRECTION ( 'NONE',  ( -0.000000000000000000, 1.000000000000000000, -0.000000000000000000 ) ) ;
#4489 = ADVANCED_FACE ( 'NONE', ( #2854, #1842, #2470, #4331, #621, #1814, #3942 ), #1016, .F. ) ;
#4490 = CARTESIAN_POINT ( 'NONE',  ( -0.4000000000000001887, 1.160000000000000142, -1.250000000000002665 ) ) ;
#4491 = CARTESIAN_POINT ( 'NONE',  ( 4.129999999999998117, 7.799999999999996270, 0.3199999999999985079 ) ) ;
#4492 = CARTESIAN_POINT ( 'NONE',  ( 4.129999999999998117, 3.700000000000000178, -0.3200000000000011724 ) ) ;
#4493 = ORIENTED_EDGE ( 'NONE', *, *, #702, .T. ) ;
#4494 = VERTEX_POINT ( 'NONE', #4016 ) ;
#4495 = LINE ( 'NONE', #3731, #2986 ) ;
#4496 = PLANE ( 'NONE',  #3430 ) ;
#4497 = ORIENTED_EDGE ( 'NONE', *, *, #3303, .T. ) ;
#4498 = EDGE_CURVE ( 'NONE', #1129, #1723, #3969, .T. ) ;
#4499 = DIRECTION ( 'NONE',  ( -0.000000000000000000, 0.000000000000000000, 1.000000000000000000 ) ) ;
#4500 = DIRECTION ( 'NONE',  ( -0.5000000000000014433, 0.000000000000000000, -0.8660254037844379305 ) ) ;
#4501 = VECTOR ( 'NONE', #2653, 1000.000000000000000 ) ;
#4502 = CARTESIAN_POINT ( 'NONE',  ( 5.480000000000000426, 1.160000000000000142, -1.250000000000002442 ) ) ;
#4503 = ORIENTED_EDGE ( 'NONE', *, *, #769, .F. ) ;
#4504 = VECTOR ( 'NONE', #1211, 1000.000000000000000 ) ;
#4505 = ORIENTED_EDGE ( 'NONE', *, *, #2816, .T. ) ;
#4506 = PLANE ( 'NONE',  #3286 ) ;
#4507 = VECTOR ( 'NONE', #2561, 1000.000000000000000 ) ;
#4508 = CARTESIAN_POINT ( 'NONE',  ( -4.679999999999999716, 1.160000000000000142, -1.250000000000002665 ) ) ;
#4509 = EDGE_CURVE ( 'NONE', #2999, #3963, #1762, .T. ) ;
#4510 = EDGE_LOOP ( 'NONE', ( #83, #2826, #3861, #3005 ) ) ;
#4511 = PLANE ( 'NONE',  #4027 ) ;
#4512 = ADVANCED_FACE ( 'NONE', ( #4764 ), #1437, .F. ) ;
#4513 = LINE ( 'NONE', #1170, #4070 ) ;
#4514 = CARTESIAN_POINT ( 'NONE',  ( -5.480000000000000426, 1.459999999999999964, -1.250000000000002665 ) ) ;
#4515 = FACE_OUTER_BOUND ( 'NONE', #3429, .T. ) ;
#4516 = ORIENTED_EDGE ( 'NONE', *, *, #4574, .T. ) ;
#4517 = DIRECTION ( 'NONE',  ( -1.000000000000000000, 0.000000000000000000, 0.000000000000000000 ) ) ;
#4518 = CARTESIAN_POINT ( 'NONE',  ( -2.939999999999999947, 1.459999999999999964, -1.250000000000002665 ) ) ;
#4519 = VERTEX_POINT ( 'NONE', #4387 ) ;
#4520 = CARTESIAN_POINT ( 'NONE',  ( -7.220000000000000639, 1.459999999999999964, -1.250000000000002442 ) ) ;
#4521 = ORIENTED_EDGE ( 'NONE', *, *, #3026, .T. ) ;
#4522 = DIRECTION ( 'NONE',  ( 0.000000000000000000, 0.000000000000000000, 1.000000000000000000 ) ) ;
#4523 = LINE ( 'NONE', #1186, #2339 ) ;
#4524 = FACE_BOUND ( 'NONE', #3061, .T. ) ;
#4525 = VERTEX_POINT ( 'NONE', #1479 ) ;
#4526 = ORIENTED_EDGE ( 'NONE', *, *, #2720, .F. ) ;
#4527 = DIRECTION ( 'NONE',  ( -4.235164736271502188E-16, 5.739718509874452474E-31, 1.000000000000000000 ) ) ;
#4528 = FACE_OUTER_BOUND ( 'NONE', #2317, .T. ) ;
#4529 = AXIS2_PLACEMENT_3D ( 'NONE', #839, #1503, #2701 ) ;
#4530 = LINE ( 'NONE', #4176, #2076 ) ;
#4531 = FACE_OUTER_BOUND ( 'NONE', #3627, .T. ) ;
#4532 = CARTESIAN_POINT ( 'NONE',  ( 0.4000000000000001887, 1.459999999999999964, 1.250000000000000444 ) ) ;
#4533 = DIRECTION ( 'NONE',  ( -0.5000000000000014433, 0.000000000000000000, -0.8660254037844379305 ) ) ;
#4534 = ORIENTED_EDGE ( 'NONE', *, *, #129, .F. ) ;
#4535 = EDGE_CURVE ( 'NONE', #4076, #2579, #4084, .T. ) ;
#4536 = EDGE_CURVE ( 'NONE', #3802, #1178, #2972, .T. ) ;
#4537 = CARTESIAN_POINT ( 'NONE',  ( -2.139999999999999680, 1.459999999999999964, -1.250000000000002665 ) ) ;
#4538 = EDGE_CURVE ( 'NONE', #512, #4585, #2588, .T. ) ;
#4539 = DIRECTION ( 'NONE',  ( 0.000000000000000000, 0.000000000000000000, -1.000000000000000000 ) ) ;
#4540 = ORIENTED_EDGE ( 'NONE', *, *, #4113, .T. ) ;
#4541 = VECTOR ( 'NONE', #3345, 1000.000000000000000 ) ;
#4542 = PLANE ( 'NONE',  #1039 ) ;
#4543 = EDGE_CURVE ( 'NONE', #2762, #930, #3697, .T. ) ;
#4544 = VERTEX_POINT ( 'NONE', #3773 ) ;
#4545 = VECTOR ( 'NONE', #2955, 1000.000000000000000 ) ;
#4546 = LINE ( 'NONE', #3152, #555 ) ;
#4547 = CIRCLE ( 'NONE', #1425, 0.1999999999999999833 ) ;
#4548 = CARTESIAN_POINT ( 'NONE',  ( -2.540000000000000480, 3.700000000000000178, -0.7500000000000014433 ) ) ;
#4549 = DIRECTION ( 'NONE',  ( 1.000000000000000000, 0.000000000000000000, -1.138269997360109674E-16 ) ) ;
#4550 = VECTOR ( 'NONE', #2418, 1000.000000000000114 ) ;
#4551 = VECTOR ( 'NONE', #1626, 1000.000000000000114 ) ;
#4552 = ORIENTED_EDGE ( 'NONE', *, *, #4665, .F. ) ;
#4553 = VERTEX_POINT ( 'NONE', #1120 ) ;
#4554 = ORIENTED_EDGE ( 'NONE', *, *, #2284, .F. ) ;
#4555 = DIRECTION ( 'NONE',  ( 1.000000000000000000, 0.000000000000000000, 4.235164736271502188E-16 ) ) ;
#4556 = CARTESIAN_POINT ( 'NONE',  ( 4.129999999999998117, 1.159999999999999920, 0.3199999999999988964 ) ) ;
#4557 = LINE ( 'NONE', #1221, #1608 ) ;
#4558 = DIRECTION ( 'NONE',  ( -0.000000000000000000, 1.000000000000000000, -0.000000000000000000 ) ) ;
#4559 = ORIENTED_EDGE ( 'NONE', *, *, #221, .F. ) ;
#4560 = CARTESIAN_POINT ( 'NONE',  ( 5.480000000000000426, 1.459999999999999964, -1.250000000000002442 ) ) ;
#4561 = FACE_OUTER_BOUND ( 'NONE', #3652, .T. ) ;
#4562 = LINE ( 'NONE', #3002, #853 ) ;
#4563 = DIRECTION ( 'NONE',  ( 1.000000000000000000, 0.000000000000000000, -1.138269997360109674E-16 ) ) ;
#4564 = PLANE ( 'NONE',  #1907 ) ;
#4565 = CARTESIAN_POINT ( 'NONE',  ( 6.669999999999999041, 8.400000000000000355, 0.3200000000000015610 ) ) ;
#4566 = VERTEX_POINT ( 'NONE', #2331 ) ;
#4567 = LINE ( 'NONE', #2338, #2864 ) ;
#4568 = FACE_OUTER_BOUND ( 'NONE', #1329, .T. ) ;
#4569 = DIRECTION ( 'NONE',  ( 1.000000000000000000, 0.000000000000000000, 0.000000000000000000 ) ) ;
#4570 = DIRECTION ( 'NONE',  ( 0.000000000000000000, 0.000000000000000000, -1.000000000000000000 ) ) ;
#4571 = ORIENTED_EDGE ( 'NONE', *, *, #2500, .F. ) ;
#4572 = ORIENTED_EDGE ( 'NONE', *, *, #1079, .T. ) ;
#4573 = DIRECTION ( 'NONE',  ( 0.000000000000000000, 0.000000000000000000, -1.000000000000000000 ) ) ;
#4574 = EDGE_CURVE ( 'NONE', #3319, #2746, #2632, .T. ) ;
#4575 = CARTESIAN_POINT ( 'NONE',  ( 0.000000000000000000, 1.159999999999999920, -0.7500000000000015543 ) ) ;
#4576 = PLANE ( 'NONE',  #199 ) ;
#4577 = DIRECTION ( 'NONE',  ( -0.5000000000000026645, 0.000000000000000000, 0.8660254037844371533 ) ) ;
#4578 = VECTOR ( 'NONE', #3463, 1000.000000000000000 ) ;
#4579 = ORIENTED_EDGE ( 'NONE', *, *, #194, .T. ) ;
#4580 = VECTOR ( 'NONE', #2602, 1000.000000000000000 ) ;
#4581 = DIRECTION ( 'NONE',  ( 0.000000000000000000, 1.000000000000000000, 5.739718509874452474E-31 ) ) ;
#4582 = DIRECTION ( 'NONE',  ( -1.000000000000000000, -0.000000000000000000, -0.000000000000000000 ) ) ;
#4583 = DIRECTION ( 'NONE',  ( -0.000000000000000000, 0.000000000000000000, 1.000000000000000000 ) ) ;
#4584 = CARTESIAN_POINT ( 'NONE',  ( -5.368675134594814935, 1.159999999999999920, -1.250000000000001554 ) ) ;
#4585 = VERTEX_POINT ( 'NONE', #714 ) ;
#4586 = DIRECTION ( 'NONE',  ( 1.000000000000000000, -0.000000000000000000, -0.000000000000000000 ) ) ;
#4587 = PRODUCT_DEFINITION_CONTEXT ( 'detailed design', #4659, 'design' ) ;
#4588 = DIRECTION ( 'NONE',  ( 1.000000000000000000, 0.000000000000000000, 0.000000000000000000 ) ) ;
#4589 = CARTESIAN_POINT ( 'NONE',  ( 5.480000000000000426, 1.459999999999999964, -0.7000000000000031752 ) ) ;
#4590 = LINE ( 'NONE', #1669, #1666 ) ;
#4591 = DIRECTION ( 'NONE',  ( -1.000000000000000000, 0.000000000000000000, 1.565121246370150864E-16 ) ) ;
#4592 = EDGE_CURVE ( 'NONE', #4356, #986, #2612, .T. ) ;
#4593 = EDGE_CURVE ( 'NONE', #979, #2126, #3412, .T. ) ;
#4594 = EDGE_CURVE ( 'NONE', #3551, #4596, #3794, .T. ) ;
#4595 = ORIENTED_EDGE ( 'NONE', *, *, #4674, .T. ) ;
#4596 = VERTEX_POINT ( 'NONE', #1934 ) ;
#4597 = DIRECTION ( 'NONE',  ( -0.000000000000000000, 1.000000000000000000, -0.000000000000000000 ) ) ;
#4598 = CARTESIAN_POINT ( 'NONE',  ( -2.540000000000000480, 1.459999999999999964, 0.7500000000000033307 ) ) ;
#4599 = CARTESIAN_POINT ( 'NONE',  ( -2.939999999999999947, 1.160000000000000142, 0.7000000000000029532 ) ) ;
#4600 = DIRECTION ( 'NONE',  ( -0.000000000000000000, -0.000000000000000000, 1.000000000000000000 ) ) ;
#4601 = EDGE_CURVE ( 'NONE', #322, #1033, #817, .T. ) ;
#4602 = ORIENTED_EDGE ( 'NONE', *, *, #472, .F. ) ;
#4603 = CARTESIAN_POINT ( 'NONE',  ( -7.220000000000000639, 1.160000000000000142, -1.250000000000002442 ) ) ;
#4604 = CARTESIAN_POINT ( 'NONE',  ( -7.620000000000001883, 0.8600000000000000977, -0.7000000000000031752 ) ) ;
#4605 = DIRECTION ( 'NONE',  ( 0.000000000000000000, 1.000000000000000000, 0.000000000000000000 ) ) ;
#4606 = LINE ( 'NONE', #4185, #3215 ) ;
#4607 = ORIENTED_EDGE ( 'NONE', *, *, #556, .F. ) ;
#4608 = DIRECTION ( 'NONE',  ( -1.000000000000000000, 0.000000000000000000, 0.000000000000000000 ) ) ;
#4609 = DIRECTION ( 'NONE',  ( 1.000000000000000000, 0.000000000000000000, 0.000000000000000000 ) ) ;
#4610 = PLANE ( 'NONE',  #485 ) ;
#4611 = CARTESIAN_POINT ( 'NONE',  ( 4.679999999999999716, 1.160000000000000142, -1.250000000000002442 ) ) ;
#4612 = VECTOR ( 'NONE', #156, 1000.000000000000000 ) ;
#4613 = VERTEX_POINT ( 'NONE', #738 ) ;
#4614 = ORIENTED_EDGE ( 'NONE', *, *, #3822, .F. ) ;
#4615 = VECTOR ( 'NONE', #4605, 1000.000000000000000 ) ;
#4616 = ORIENTED_EDGE ( 'NONE', *, *, #4665, .T. ) ;
#4617 = DIRECTION ( 'NONE',  ( 1.000000000000000000, 0.000000000000000000, 0.000000000000000000 ) ) ;
#4618 = AXIS2_PLACEMENT_3D ( 'NONE', #4214, #2048, #3425 ) ;
#4619 = CARTESIAN_POINT ( 'NONE',  ( -7.620000000000001883, 3.700000000000000178, 0.7500000000000021094 ) ) ;
#4620 = PLANE ( 'NONE',  #661 ) ;
#4621 = DIRECTION ( 'NONE',  ( 0.000000000000000000, -1.000000000000000000, 0.000000000000000000 ) ) ;
#4622 = LINE ( 'NONE', #4248, #1652 ) ;
#4623 = VECTOR ( 'NONE', #3921, 1000.000000000000000 ) ;
#4624 = VECTOR ( 'NONE', #3986, 1000.000000000000000 ) ;
#4625 = CARTESIAN_POINT ( 'NONE',  ( -2.139999999999999680, 1.160000000000000142, -1.250000000000002665 ) ) ;
#4626 = ORIENTED_EDGE ( 'NONE', *, *, #3724, .T. ) ;
#4627 = ORIENTED_EDGE ( 'NONE', *, *, #2453, .T. ) ;
#4628 = LINE ( 'NONE', #202, #1077 ) ;
#4629 = EDGE_CURVE ( 'NONE', #4613, #48, #3024, .T. ) ;
#4630 = DIRECTION ( 'NONE',  ( -1.000000000000000000, 0.000000000000000000, -0.000000000000000000 ) ) ;
#4631 = DIRECTION ( 'NONE',  ( -1.000000000000000000, 0.000000000000000000, 1.565121246370150864E-16 ) ) ;
#4632 = DIRECTION ( 'NONE',  ( 0.5000000000000026645, -0.000000000000000000, 0.8660254037844371533 ) ) ;
#4633 = DIRECTION ( 'NONE',  ( 0.000000000000000000, 0.000000000000000000, 1.000000000000000000 ) ) ;
#4634 = ORIENTED_EDGE ( 'NONE', *, *, #768, .F. ) ;
#4635 = PLANE ( 'NONE',  #3637 ) ;
#4636 = CARTESIAN_POINT ( 'NONE',  ( 3.969230484541324433, 8.400000000000000355, 0.1592304845413246572 ) ) ;
#4637 = DIRECTION ( 'NONE',  ( 1.000000000000000000, 0.000000000000000000, -4.235164736271502188E-16 ) ) ;
#4638 = AXIS2_PLACEMENT_3D ( 'NONE', #4664, #2770, #1334 ) ;
#4639 = EDGE_LOOP ( 'NONE', ( #416, #3149, #4385, #2736 ) ) ;
#4640 = CARTESIAN_POINT ( 'NONE',  ( -6.670000000000002593, 1.159999999999999920, 0.3200000000000004508 ) ) ;
#4641 = CARTESIAN_POINT ( 'NONE',  ( 3.489999999999998881, 1.159999999999999920, -0.3200000000000011724 ) ) ;
#4642 = LINE ( 'NONE', #1695, #1059 ) ;
#4643 = LINE ( 'NONE', #518, #2535 ) ;
#4644 = DIRECTION ( 'NONE',  ( 0.000000000000000000, 0.000000000000000000, -1.000000000000000000 ) ) ;
#4645 = EDGE_CURVE ( 'NONE', #4405, #1775, #4110, .T. ) ;
#4646 = VERTEX_POINT ( 'NONE', #3390 ) ;
#4647 = ORIENTED_EDGE ( 'NONE', *, *, #1073, .T. ) ;
#4648 = DIRECTION ( 'NONE',  ( -0.000000000000000000, 0.000000000000000000, 1.000000000000000000 ) ) ;
#4649 = EDGE_CURVE ( 'NONE', #1497, #3625, #1530, .T. ) ;
#4650 = VECTOR ( 'NONE', #3721, 1000.000000000000000 ) ;
#4651 = EDGE_CURVE ( 'NONE', #234, #437, #17, .T. ) ;
#4652 = CARTESIAN_POINT ( 'NONE',  ( -2.540000000000000480, 1.159999999999999920, -0.7500000000000014433 ) ) ;
#4653 = VECTOR ( 'NONE', #4500, 999.9999999999998863 ) ;
#4654 = DIRECTION ( 'NONE',  ( 1.138269997360109674E-16, -0.000000000000000000, 1.000000000000000000 ) ) ;
#4655 = ORIENTED_EDGE ( 'NONE', *, *, #2190, .T. ) ;
#4656 = CARTESIAN_POINT ( 'NONE',  ( 7.620000000000000107, 1.459999999999999964, 0.7500000000000029976 ) ) ;
#4657 = VECTOR ( 'NONE', #3166, 1000.000000000000000 ) ;
#4658 = DIRECTION ( 'NONE',  ( -0.8660254037844379305, 0.000000000000000000, 0.5000000000000014433 ) ) ;
#4659 = APPLICATION_CONTEXT ( 'automotive_design' ) ;
#4660 = VERTEX_POINT ( 'NONE', #446 ) ;
#4661 = ORIENTED_EDGE ( 'NONE', *, *, #1617, .F. ) ;
#4662 = ORIENTED_EDGE ( 'NONE', *, *, #2611, .T. ) ;
#4663 = CARTESIAN_POINT ( 'NONE',  ( -0.4000000000000001887, 1.160000000000000142, -0.7000000000000031752 ) ) ;
#4664 = CARTESIAN_POINT ( 'NONE',  ( 6.669999999999999041, 1.159999999999999920, 0.3199999999999985079 ) ) ;
#4665 = EDGE_CURVE ( 'NONE', #1385, #2659, #1094, .T. ) ;
#4666 = DIRECTION ( 'NONE',  ( -1.000000000000000000, 0.000000000000000000, 0.000000000000000000 ) ) ;
#4667 = EDGE_LOOP ( 'NONE', ( #2957, #1851, #2051, #1871 ) ) ;
#4668 = ORIENTED_EDGE ( 'NONE', *, *, #2353, .T. ) ;
#4669 = ORIENTED_EDGE ( 'NONE', *, *, #4353, .F. ) ;
#4670 = DIRECTION ( 'NONE',  ( 1.000000000000000000, -0.000000000000000000, 0.000000000000000000 ) ) ;
#4671 = VERTEX_POINT ( 'NONE', #764 ) ;
#4672 = VECTOR ( 'NONE', #3074, 1000.000000000000000 ) ;
#4673 = DIRECTION ( 'NONE',  ( 1.000000000000000000, 0.000000000000000000, 4.235164736271502188E-16 ) ) ;
#4674 = EDGE_CURVE ( 'NONE', #3088, #3849, #2236, .T. ) ;
#4675 = ADVANCED_FACE ( 'NONE', ( #1910 ), #4511, .F. ) ;
#4676 = CARTESIAN_POINT ( 'NONE',  ( 2.140000000000000124, 1.160000000000000142, 1.250000000000000222 ) ) ;
#4677 = DIRECTION ( 'NONE',  ( 1.000000000000000000, 0.000000000000000000, -0.000000000000000000 ) ) ;
#4678 = VECTOR ( 'NONE', #4128, 1000.000000000000000 ) ;
#4679 = CARTESIAN_POINT ( 'NONE',  ( 6.669999999999999041, 7.799999999999996270, 0.3200000000000015610 ) ) ;
#4680 = PLANE ( 'NONE',  #4759 ) ;
#4681 = ORIENTED_EDGE ( 'NONE', *, *, #2492, .T. ) ;
#4682 = EDGE_CURVE ( 'NONE', #2417, #2688, #1555, .T. ) ;
#4683 = ADVANCED_FACE ( 'NONE', ( #2948 ), #2772, .F. ) ;
#4684 = ORIENTED_EDGE ( 'NONE', *, *, #709, .T. ) ;
#4685 = EDGE_CURVE ( 'NONE', #2912, #312, #1266, .T. ) ;
#4686 = ORIENTED_EDGE ( 'NONE', *, *, #3987, .T. ) ;
#4687 = EDGE_LOOP ( 'NONE', ( #2976, #1428, #4260, #1445 ) ) ;
#4688 = VECTOR ( 'NONE', #1022, 1000.000000000000000 ) ;
#4689 = PLANE ( 'NONE',  #566 ) ;
#4690 = LINE ( 'NONE', #3933, #2282 ) ;
#4691 = LINE ( 'NONE', #4032, #4624 ) ;
#4692 = VECTOR ( 'NONE', #4798, 1000.000000000000000 ) ;
#4693 = ORIENTED_EDGE ( 'NONE', *, *, #776, .F. ) ;
#4694 = ORIENTED_EDGE ( 'NONE', *, *, #2719, .T. ) ;
#4695 = VECTOR ( 'NONE', #596, 1000.000000000000000 ) ;
#4696 = DIRECTION ( 'NONE',  ( -0.000000000000000000, 1.000000000000000000, -0.000000000000000000 ) ) ;
#4697 = VECTOR ( 'NONE', #3541, 1000.000000000000000 ) ;
#4698 = VERTEX_POINT ( 'NONE', #2370 ) ;
#4699 = DIRECTION ( 'NONE',  ( 0.000000000000000000, 1.000000000000000000, 0.000000000000000000 ) ) ;
#4700 = ORIENTED_EDGE ( 'NONE', *, *, #1786, .F. ) ;
#4701 = DIRECTION ( 'NONE',  ( -1.000000000000000000, 0.000000000000000000, -4.235164736271502188E-16 ) ) ;
#4702 = CARTESIAN_POINT ( 'NONE',  ( -7.620000000000000107, 3.700000000000000178, 1.250000000000000666 ) ) ;
#4703 = DIRECTION ( 'NONE',  ( -1.000000000000000000, 0.000000000000000000, 0.000000000000000000 ) ) ;
#4704 = DIRECTION ( 'NONE',  ( -0.5000000000000026645, -0.000000000000000000, -0.8660254037844372643 ) ) ;
#4705 = ORIENTED_EDGE ( 'NONE', *, *, #3566, .T. ) ;
#4706 = CARTESIAN_POINT ( 'NONE',  ( 6.029999999999998472, 8.400000000000000355, -0.3199999999999985079 ) ) ;
#4707 = PLANE ( 'NONE',  #2377 ) ;
#4708 = VERTEX_POINT ( 'NONE', #914 ) ;
#4709 = ORIENTED_EDGE ( 'NONE', *, *, #3110, .F. ) ;
#4710 = EDGE_CURVE ( 'NONE', #3399, #790, #2007, .T. ) ;
#4711 = DIRECTION ( 'NONE',  ( 0.000000000000000000, 0.000000000000000000, -1.000000000000000000 ) ) ;
#4712 = CARTESIAN_POINT ( 'NONE',  ( 1.589999999999998082, 1.159999999999999920, 0.3199999999999992850 ) ) ;
#4713 = DIRECTION ( 'NONE',  ( 1.000000000000000000, 0.000000000000000000, 0.000000000000000000 ) ) ;
#4714 = ORIENTED_EDGE ( 'NONE', *, *, #554, .F. ) ;
#4715 = EDGE_CURVE ( 'NONE', #201, #3399, #3516, .T. ) ;
#4716 = ORIENTED_EDGE ( 'NONE', *, *, #3668, .T. ) ;
#4717 = EDGE_CURVE ( 'NONE', #4343, #305, #1677, .T. ) ;
#4718 = LINE ( 'NONE', #4038, #882 ) ;
#4719 = DIRECTION ( 'NONE',  ( -0.000000000000000000, 1.000000000000000000, -0.000000000000000000 ) ) ;
#4720 = CARTESIAN_POINT ( 'NONE',  ( 4.679999999999999716, 1.460000000000000187, 0.7000000000000030642 ) ) ;
#4721 = CARTESIAN_POINT ( 'NONE',  ( 6.100569796927243438, 9.925142449231802999, 0.2494302030727583441 ) ) ;
#4722 = VECTOR ( 'NONE', #482, 1000.000000000000000 ) ;
#4723 = LINE ( 'NONE', #2568, #2368 ) ;
#4724 = SURFACE_SIDE_STYLE ('',( #1000 ) ) ;
#4725 = ORIENTED_EDGE ( 'NONE', *, *, #2518, .T. ) ;
#4726 = CARTESIAN_POINT ( 'NONE',  ( 3.969230484541324433, 8.400000000000000355, -0.3200000000000015610 ) ) ;
#4727 = EDGE_LOOP ( 'NONE', ( #1967, #4579, #3666, #1757 ) ) ;
#4728 = VECTOR ( 'NONE', #331, 1000.000000000000000 ) ;
#4729 = ORIENTED_EDGE ( 'NONE', *, *, #4629, .F. ) ;
#4730 = EDGE_CURVE ( 'NONE', #3242, #162, #3865, .T. ) ;
#4731 = DIRECTION ( 'NONE',  ( -0.2505628070857294221, -0.2505628070857294776, 0.9351131265310304030 ) ) ;
#4732 = EDGE_CURVE ( 'NONE', #2206, #3299, #1985, .T. ) ;
#4733 = LINE ( 'NONE', #2150, #1868 ) ;
#4734 = EDGE_CURVE ( 'NONE', #2659, #3050, #2703, .T. ) ;
#4735 = EDGE_CURVE ( 'NONE', #1647, #3043, #169, .T. ) ;
#4736 = PLANE ( 'NONE',  #1199 ) ;
#4737 = EDGE_LOOP ( 'NONE', ( #4206, #607, #109, #3446 ) ) ;
#4738 = VERTEX_POINT ( 'NONE', #842 ) ;
#4739 = ORIENTED_EDGE ( 'NONE', *, *, #2812, .F. ) ;
#4740 = EDGE_CURVE ( 'NONE', #4544, #4320, #3818, .T. ) ;
#4741 = ORIENTED_EDGE ( 'NONE', *, *, #1645, .F. ) ;
#4742 = FACE_OUTER_BOUND ( 'NONE', #296, .T. ) ;
#4743 = DIRECTION ( 'NONE',  ( -0.5000000000000014433, 0.000000000000000000, 0.8660254037844379305 ) ) ;
#4744 = LINE ( 'NONE', #1045, #1792 ) ;
#4745 = LINE ( 'NONE', #4108, #3206 ) ;
#4746 = DIRECTION ( 'NONE',  ( 0.000000000000000000, -1.000000000000000000, 0.000000000000000000 ) ) ;
#4747 = EDGE_LOOP ( 'NONE', ( #1229, #2550, #3163, #522 ) ) ;
#4748 = EDGE_LOOP ( 'NONE', ( #1088, #2981, #2164, #3925 ) ) ;
#4749 = DIRECTION ( 'NONE',  ( 0.000000000000000000, 0.000000000000000000, -1.000000000000000000 ) ) ;
#4750 = CARTESIAN_POINT ( 'NONE',  ( 6.029999999999998472, 7.799999999999996270, -0.3199999999999985079 ) ) ;
#4751 = AXIS2_PLACEMENT_3D ( 'NONE', #3793, #3022, #3410 ) ;
#4752 = ORIENTED_EDGE ( 'NONE', *, *, #2462, .F. ) ;
#4753 = DIRECTION ( 'NONE',  ( -0.000000000000000000, 1.000000000000000000, -0.000000000000000000 ) ) ;
#4754 = ORIENTED_EDGE ( 'NONE', *, *, #2079, .T. ) ;
#4755 = CARTESIAN_POINT ( 'NONE',  ( -7.620000000000000107, 1.459999999999999964, 0.7500000000000019984 ) ) ;
#4756 = LINE ( 'NONE', #681, #397 ) ;
#4757 = ORIENTED_EDGE ( 'NONE', *, *, #4444, .F. ) ;
#4758 = EDGE_LOOP ( 'NONE', ( #3777, #2077, #4013, #134 ) ) ;
#4759 = AXIS2_PLACEMENT_3D ( 'NONE', #2383, #2403, #2016 ) ;
#4760 = ORIENTED_EDGE ( 'NONE', *, *, #1718, .F. ) ;
#4761 = CARTESIAN_POINT ( 'NONE',  ( -4.679999999999999716, 1.460000000000000187, 0.7000000000000030642 ) ) ;
#4762 = PLANE ( 'NONE',  #2759 ) ;
#4763 = VECTOR ( 'NONE', #1640, 1000.000000000000000 ) ;
#4764 = FACE_OUTER_BOUND ( 'NONE', #1374, .T. ) ;
#4765 = ORIENTED_EDGE ( 'NONE', *, *, #567, .F. ) ;
#4766 = EDGE_CURVE ( 'NONE', #3877, #3802, #2392, .T. ) ;
#4767 = AXIS2_PLACEMENT_3D ( 'NONE', #2661, #4134, #3099 ) ;
#4768 = FACE_OUTER_BOUND ( 'NONE', #1237, .T. ) ;
#4769 = VECTOR ( 'NONE', #1185, 1000.000000000000000 ) ;
#4770 = DIRECTION ( 'NONE',  ( 0.000000000000000000, -0.000000000000000000, 1.000000000000000000 ) ) ;
#4771 = VECTOR ( 'NONE', #1309, 1000.000000000000000 ) ;
#4772 = FACE_OUTER_BOUND ( 'NONE', #314, .T. ) ;
#4773 = ORIENTED_EDGE ( 'NONE', *, *, #1439, .F. ) ;
#4774 = VECTOR ( 'NONE', #565, 1000.000000000000000 ) ;
#4775 = CARTESIAN_POINT ( 'NONE',  ( -0.4000000000000001887, 1.160000000000000142, 1.250000000000000444 ) ) ;
#4776 = CARTESIAN_POINT ( 'NONE',  ( 7.620000000000000107, 1.159999999999999920, -1.250000000000001776 ) ) ;
#4777 = ORIENTED_EDGE ( 'NONE', *, *, #729, .T. ) ;
#4778 = DIRECTION ( 'NONE',  ( -1.000000000000000000, -0.000000000000000000, -0.000000000000000000 ) ) ;
#4779 = ORIENTED_EDGE ( 'NONE', *, *, #2717, .F. ) ;
#4780 = CARTESIAN_POINT ( 'NONE',  ( -5.080000000000000071, 0.000000000000000000, 0.000000000000000000 ) ) ;
#4781 = DIRECTION ( 'NONE',  ( 0.000000000000000000, -1.000000000000000000, -0.000000000000000000 ) ) ;
#4782 = LINE ( 'NONE', #2510, #1099 ) ;
#4783 = CARTESIAN_POINT ( 'NONE',  ( 6.030000000000001137, 0.6399999999999999023, 2.049999999999990941 ) ) ;
#4784 = ORIENTED_EDGE ( 'NONE', *, *, #701, .F. ) ;
#4785 = ORIENTED_EDGE ( 'NONE', *, *, #1849, .F. ) ;
#4786 = ORIENTED_EDGE ( 'NONE', *, *, #3855, .T. ) ;
#4787 = CARTESIAN_POINT ( 'NONE',  ( 7.220000000000000639, 1.160000000000000142, -0.7000000000000031752 ) ) ;
#4788 = CARTESIAN_POINT ( 'NONE',  ( 0.2886751345948148639, 1.159999999999999920, -1.250000000000001554 ) ) ;
#4789 = FACE_OUTER_BOUND ( 'NONE', #2637, .T. ) ;
#4790 = ADVANCED_FACE ( 'NONE', ( #3139 ), #1606, .F. ) ;
#4791 = EDGE_CURVE ( 'NONE', #2746, #593, #4377, .T. ) ;
#4792 = LINE ( 'NONE', #1461, #1969 ) ;
#4793 = EDGE_CURVE ( 'NONE', #4596, #3259, #3639, .T. ) ;
#4794 = CARTESIAN_POINT ( 'NONE',  ( 0.4000000000000001887, 1.160000000000000142, -1.250000000000002665 ) ) ;
#4795 = ORIENTED_EDGE ( 'NONE', *, *, #1, .F. ) ;
#4796 = ORIENTED_EDGE ( 'NONE', *, *, #64, .F. ) ;
#4797 = CARTESIAN_POINT ( 'NONE',  ( -5.480000000000000426, 1.460000000000000187, 0.7000000000000030642 ) ) ;
#4798 = DIRECTION ( 'NONE',  ( -0.000000000000000000, -1.000000000000000000, -0.000000000000000000 ) ) ;
#4799 = EDGE_LOOP ( 'NONE', ( #4634, #1763, #2842, #2210 ) ) ;
#4800 = AXIS2_PLACEMENT_3D ( 'NONE', #1736, #4699, #2495 ) ;
#4801 = ORIENTED_EDGE ( 'NONE', *, *, #417, .F. ) ;
#4802 = EDGE_CURVE ( 'NONE', #2648, #275, #2539, .T. ) ;
#4803 = ORIENTED_EDGE ( 'NONE', *, *, #2137, .F. ) ;
#4804 = VECTOR ( 'NONE', #2223, 1000.000000000000000 ) ;
#4805 = PRODUCT_DEFINITION_FORMATION_WITH_SPECIFIED_SOURCE ( 'ANY', '', #4147, .NOT_KNOWN. ) ;
#4806 = LINE ( 'NONE', #2987, #263 ) ;
#4807 = CARTESIAN_POINT ( 'NONE',  ( -5.480000000000000426, 1.160000000000000142, -1.250000000000002665 ) ) ;
#4808 = FACE_OUTER_BOUND ( 'NONE', #3064, .T. ) ;
#4809 = ORIENTED_EDGE ( 'NONE', *, *, #129, .T. ) ;
#4810 = ORIENTED_EDGE ( 'NONE', *, *, #2104, .T. ) ;
#4811 = CARTESIAN_POINT ( 'NONE',  ( -7.220000000000000639, 1.459999999999999964, 1.250000000000001554 ) ) ;
#4812 = PLANE ( 'NONE',  #2585 ) ;
#4813 = CARTESIAN_POINT ( 'NONE',  ( 5.079999999999999183, 3.700000000000000178, -0.7500000000000022204 ) ) ;
#4814 = ORIENTED_EDGE ( 'NONE', *, *, #2573, .F. ) ;
#4815 = VECTOR ( 'NONE', #3889, 1000.000000000000000 ) ;
#4816 = ORIENTED_EDGE ( 'NONE', *, *, #3723, .T. ) ;
#4817 = NEXT_ASSEMBLY_USAGE_OCCURRENCE ( 'NAUO1', ' ', ' ', #4227, #3441, $ ) ;
#4818 = NEXT_ASSEMBLY_USAGE_OCCURRENCE ( 'NAUO2', ' ', ' ', #4227, #922, $ ) ;
#4819 = NEXT_ASSEMBLY_USAGE_OCCURRENCE ( 'NAUO3', ' ', ' ', #4227, #922, $ ) ;
#4820 = NEXT_ASSEMBLY_USAGE_OCCURRENCE ( 'NAUO4', ' ', ' ', #4227, #922, $ ) ;
ENDSEC;
END-ISO-10303-21;
