ISO-10303-21;
HEADER;
FILE_DESCRIPTION (( 'STEP AP214' ),
    '1' );
FILE_NAME ('KCM55WR71H476MH13L.STEP',
    '2024-10-15T08:30:16',
    ( '' ),
    ( '' ),
    'SwSTEP 2.0',
    'SolidWorks 2023',
    '' );
FILE_SCHEMA (( 'AUTOMOTIVE_DESIGN' ));
ENDSEC;

DATA;
#1 = ORIENTED_EDGE ( 'NONE', *, *, #3571, .T. ) ;
#2 = EDGE_CURVE ( 'NONE', #1720, #5405, #4069, .T. ) ;
#3 = COLOUR_RGB ( '',0.6274509803921568540, 0.3137254901960784270, 0.000000000000000000 ) ;
#4 = LENGTH_MEASURE_WITH_UNIT ( LENGTH_MEASURE( 0.02539999999999999897 ), #1312 );
#5 = CARTESIAN_POINT ( 'NONE',  ( 0.06889763779527559306, 0.1043307086614173318, 0.000000000000000000 ) ) ;
#6 = CARTESIAN_POINT ( 'NONE',  ( -0.004103405405830885463, 0.09825879931857862959, -0.1463929077000017398 ) ) ;
#7 =( NAMED_UNIT ( * ) PLANE_ANGLE_UNIT ( ) SI_UNIT ( $, .RADIAN. ) );
#8 = ORIENTED_EDGE ( 'NONE', *, *, #928, .T. ) ;
#9 =( GEOMETRIC_REPRESENTATION_CONTEXT ( 3 ) GLOBAL_UNCERTAINTY_ASSIGNED_CONTEXT ( ( #3195 ) ) GLOBAL_UNIT_ASSIGNED_CONTEXT ( ( #3752, #4713, #497 ) ) REPRESENTATION_CONTEXT ( 'NONE', 'WORKASPACE' ) );
#10 = CARTESIAN_POINT ( 'NONE',  ( 3.414809992080329023E-17, -0.1649606299212598437, 0.000000000000000000 ) ) ;
#11 = DIRECTION ( 'NONE',  ( 1.000000000000000000, -1.586032892321650017E-16, 0.000000000000000000 ) ) ;
#12 = PLANE ( 'NONE',  #2367 ) ;
#13 = AXIS2_PLACEMENT_3D ( 'NONE', #3283, #2329, #5369 ) ;
#14 = ORIENTED_EDGE ( 'NONE', *, *, #540, .T. ) ;
#15 = CARTESIAN_POINT ( 'NONE',  ( -0.06889763779527557919, 0.1043307086614173457, 0.09645669291338584972 ) ) ;
#16 = DIMENSIONAL_EXPONENTS ( 1.000000000000000000, 0.000000000000000000, 0.000000000000000000, 0.000000000000000000, 0.000000000000000000, 0.000000000000000000, 0.000000000000000000 ) ;
#17 = CARTESIAN_POINT ( 'NONE',  ( -0.004154640316732359333, 0.09838363275236214345, -0.2082677165354326898 ) ) ;
#18 = SURFACE_SIDE_STYLE ('',( #2938 ) ) ;
#19 = PRESENTATION_LAYER_ASSIGNMENT (  '', '', ( #4823 ) ) ;
#20 = ORIENTED_EDGE ( 'NONE', *, *, #2709, .T. ) ;
#21 = CARTESIAN_POINT ( 'NONE',  ( 0.01295209524220399498, 0.03115205537458532598, 0.09728406055585842038 ) ) ;
#22 = PRESENTATION_STYLE_ASSIGNMENT (( #3861 ) ) ;
#23 = LENGTH_MEASURE_WITH_UNIT ( LENGTH_MEASURE( 0.02539999999999999897 ), #1674 );
#24 = EDGE_CURVE ( 'NONE', #930, #139, #4859, .T. ) ;
#25 =( NAMED_UNIT ( * ) SI_UNIT ( $, .STERADIAN. ) SOLID_ANGLE_UNIT ( ) );
#26 = SURFACE_STYLE_FILL_AREA ( #923 ) ;
#27 = AXIS2_PLACEMENT_3D ( 'NONE', #2334, #4916, #1914 ) ;
#28 =( NAMED_UNIT ( * ) PLANE_ANGLE_UNIT ( ) SI_UNIT ( $, .RADIAN. ) );
#29 = FILL_AREA_STYLE ('',( #4689 ) ) ;
#30 = CARTESIAN_POINT ( 'NONE',  ( -0.004428761803701675333, 0.09816166371217704967, -0.1462618225149341089 ) ) ;
#31 = EDGE_CURVE ( 'NONE', #3187, #1231, #3241, .T. ) ;
#32 = LENGTH_MEASURE_WITH_UNIT ( LENGTH_MEASURE( 0.02539999999999999897 ), #2130 );
#33 = ORIENTED_EDGE ( 'NONE', *, *, #232, .F. ) ;
#34 = AXIS2_PLACEMENT_3D ( 'NONE', #4565, #4542, #4626 ) ;
#35 = CARTESIAN_POINT ( 'NONE',  ( 0.01282558205802160865, 0.03396246118082808796, 0.002893335094479310143 ) ) ;
#36 = PRESENTATION_STYLE_ASSIGNMENT (( #5150 ) ) ;
#37 =( NAMED_UNIT ( * ) SI_UNIT ( $, .STERADIAN. ) SOLID_ANGLE_UNIT ( ) );
#38 =( LENGTH_UNIT ( ) NAMED_UNIT ( * ) SI_UNIT ( $, .METRE. ) );
#39 = VERTEX_POINT ( 'NONE', #3763 ) ;
#40 = DIRECTION ( 'NONE',  ( 1.000000000000000000, 3.901074224626161147E-47, -1.139876628186359956E-31 ) ) ;
#41 = ORIENTED_EDGE ( 'NONE', *, *, #824, .F. ) ;
#42 =( GEOMETRIC_REPRESENTATION_CONTEXT ( 3 ) GLOBAL_UNCERTAINTY_ASSIGNED_CONTEXT ( ( #1251 ) ) GLOBAL_UNIT_ASSIGNED_CONTEXT ( ( #3846, #5095, #2133 ) ) REPRESENTATION_CONTEXT ( 'NONE', 'WORKASPACE' ) );
#43 = DIRECTION ( 'NONE',  ( -1.000000000000000000, 0.000000000000000000, 0.000000000000000000 ) ) ;
#44 = DIRECTION ( 'NONE',  ( -0.000000000000000000, 1.000000000000000000, 0.000000000000000000 ) ) ;
#45 = LINE ( 'NONE', #4792, #2200 ) ;
#46 = DIMENSIONAL_EXPONENTS ( 1.000000000000000000, 0.000000000000000000, 0.000000000000000000, 0.000000000000000000, 0.000000000000000000, 0.000000000000000000, 0.000000000000000000 ) ;
#47 = DIRECTION ( 'NONE',  ( 0.000000000000000000, 0.000000000000000000, 1.000000000000000000 ) ) ;
#48 = STYLED_ITEM ( 'NONE', ( #191 ), #221 ) ;
#49 = EDGE_CURVE ( 'NONE', #2722, #2857, #3318, .T. ) ;
#50 = MECHANICAL_DESIGN_GEOMETRIC_PRESENTATION_REPRESENTATION (  '', ( #4144 ), #2713 ) ;
#51 = CARTESIAN_POINT ( 'NONE',  ( -0.008076927435226406368, 0.09784652983149788597, -0.0002285053185257489034 ) ) ;
#52 = CARTESIAN_POINT ( 'NONE',  ( -0.004330708661417322775, -0.09315093836353857681, -0.1462265101681866353 ) ) ;
#53 = CARTESIAN_POINT ( 'NONE',  ( -0.004313508940943085353, 0.09822377663365149114, -0.1462528495347438229 ) ) ;
#54 = VERTEX_POINT ( 'NONE', #2004 ) ;
#55 = CIRCLE ( 'NONE', #931, 0.0003937007874015587515 ) ;
#56 = PRESENTATION_LAYER_ASSIGNMENT (  '', '', ( #1552 ) ) ;
#57 = EDGE_CURVE ( 'NONE', #4053, #3271, #3293, .T. ) ;
#58 = ADVANCED_FACE ( 'NONE', ( #356 ), #2287, .T. ) ;
#59 = APPLICATION_CONTEXT ( 'automotive_design' ) ;
#60 = CARTESIAN_POINT ( 'NONE',  ( -0.004542759994695179035, 0.09825086173543497170, 0.0001758265854113234144 ) ) ;
#61 = CARTESIAN_POINT ( 'NONE',  ( 0.03876432661947797065, -0.1612414962492342840, -0.0001743351149586586579 ) ) ;
#62 = MECHANICAL_DESIGN_GEOMETRIC_PRESENTATION_REPRESENTATION (  '', ( #1197 ), #3075 ) ;
#63 = DIRECTION ( 'NONE',  ( -5.891513691996699874E-17, 1.000000000000000000, 0.000000000000000000 ) ) ;
#64 = VECTOR ( 'NONE', #2318, 39.37007874015748143 ) ;
#65 = DIRECTION ( 'NONE',  ( 1.000000000000000000, 0.000000000000000000, 0.000000000000000000 ) ) ;
#66 = UNCERTAINTY_MEASURE_WITH_UNIT (LENGTH_MEASURE( 1.000000000000000082E-05 ), #2944, 'distance_accuracy_value', 'NONE');
#67 = ORIENTED_EDGE ( 'NONE', *, *, #4533, .T. ) ;
#68 = CARTESIAN_POINT ( 'NONE',  ( 0.03937007874015747977, -0.1653543307086614567, 0.000000000000000000 ) ) ;
#69 = CARTESIAN_POINT ( 'NONE',  ( -0.007874015748031606976, -0.09331401456919696802, -0.06282860794204961352 ) ) ;
#70 = DIRECTION ( 'NONE',  ( 0.000000000000000000, 0.000000000000000000, 1.000000000000000000 ) ) ;
#71 = EDGE_LOOP ( 'NONE', ( #4238, #3251, #2388, #1766, #1922, #4012, #3196, #280 ) ) ;
#72 =( GEOMETRIC_REPRESENTATION_CONTEXT ( 3 ) GLOBAL_UNCERTAINTY_ASSIGNED_CONTEXT ( ( #4784 ) ) GLOBAL_UNIT_ASSIGNED_CONTEXT ( ( #304, #2385, #4522 ) ) REPRESENTATION_CONTEXT ( 'NONE', 'WORKASPACE' ) );
#73 = CARTESIAN_POINT ( 'NONE',  ( -0.007874015748031771775, 0.09803149606299214891, -0.1466202109555881927 ) ) ;
#74 = CARTESIAN_POINT ( 'NONE',  ( 0.008782263018650256908, -0.1744355624764343526, 0.0008716755747935932882 ) ) ;
#75 = FILL_AREA_STYLE_COLOUR ( '', #416 ) ;
#76 =( CONVERSION_BASED_UNIT ( 'INCH', #3133 ) LENGTH_UNIT ( ) NAMED_UNIT ( #453 ) );
#77 = ORIENTED_EDGE ( 'NONE', *, *, #2630, .F. ) ;
#78 = SURFACE_SIDE_STYLE ('',( #3424 ) ) ;
#79 = LENGTH_MEASURE_WITH_UNIT ( LENGTH_MEASURE( 0.02539999999999999897 ), #3454 );
#80 = DIRECTION ( 'NONE',  ( 0.5773502691896529315, 0.5773502691896122974, 0.5773502691896122974 ) ) ;
#81 = CARTESIAN_POINT ( 'NONE',  ( -0.003673487670674915797, 0.09766991624992896193, -0.2083625783053078828 ) ) ;
#82 =( GEOMETRIC_REPRESENTATION_CONTEXT ( 3 ) GLOBAL_UNCERTAINTY_ASSIGNED_CONTEXT ( ( #5384 ) ) GLOBAL_UNIT_ASSIGNED_CONTEXT ( ( #4741, #1085, #2320 ) ) REPRESENTATION_CONTEXT ( 'NONE', 'WORKASPACE' ) );
#83 = ORIENTED_EDGE ( 'NONE', *, *, #24, .T. ) ;
#84 = DIMENSIONAL_EXPONENTS ( 1.000000000000000000, 0.000000000000000000, 0.000000000000000000, 0.000000000000000000, 0.000000000000000000, 0.000000000000000000, 0.000000000000000000 ) ;
#85 = SURFACE_SIDE_STYLE ('',( #141 ) ) ;
#86 = SURFACE_SIDE_STYLE ('',( #828 ) ) ;
#87 =( NAMED_UNIT ( * ) SI_UNIT ( $, .STERADIAN. ) SOLID_ANGLE_UNIT ( ) );
#88 = EDGE_CURVE ( 'NONE', #4915, #171, #5130, .T. ) ;
#89 = ORIENTED_EDGE ( 'NONE', *, *, #2607, .T. ) ;
#90 = FACE_OUTER_BOUND ( 'NONE', #2789, .T. ) ;
#91 = CIRCLE ( 'NONE', #3567, 0.0003937007874015758277 ) ;
#92 = UNCERTAINTY_MEASURE_WITH_UNIT (LENGTH_MEASURE( 1.000000000000000082E-05 ), #3248, 'distance_accuracy_value', 'NONE');
#93 =( NAMED_UNIT ( * ) PLANE_ANGLE_UNIT ( ) SI_UNIT ( $, .RADIAN. ) );
#94 = LINE ( 'NONE', #3021, #2858 ) ;
#95 = ADVANCED_FACE ( 'NONE', ( #1267 ), #3794, .T. ) ;
#96 = ORIENTED_EDGE ( 'NONE', *, *, #1393, .T. ) ;
#97 = CARTESIAN_POINT ( 'NONE',  ( 0.01197876104709355224, 0.03320149799860715178, 0.09766498622297069276 ) ) ;
#98 = SURFACE_STYLE_USAGE ( .BOTH. , #3859 ) ;
#99 = CIRCLE ( 'NONE', #3218, 0.0003937007874015747977 ) ;
#100 = CARTESIAN_POINT ( 'NONE',  ( -0.004542759994695193780, 0.09825086173543497170, -0.2088372439082455956 ) ) ;
#101 = FILL_AREA_STYLE ('',( #1758 ) ) ;
#102 =( BOUNDED_SURFACE ( )  B_SPLINE_SURFACE ( 3, 3, ( 
 ( #4577, #3288, #324, #5488 ),
 ( #4125, #1204, #4637, #3758 ),
 ( #709, #2869, #797, #2031 ),
 ( #740, #4092, #2502, #4552 ) ),
 .UNSPECIFIED., .F., .F., .F. ) 
 B_SPLINE_SURFACE_WITH_KNOTS ( ( 4, 4 ),
 ( 4, 4 ),
 ( 0.000000000000000000, 1.000000000000000000 ),
 ( 0.000000000000000000, 1.000000000000000000 ),
 .UNSPECIFIED. ) 
 GEOMETRIC_REPRESENTATION_ITEM ( )  RATIONAL_B_SPLINE_SURFACE ( (
 ( 1.000000000000000000, 0.3333333333333320381, 0.3333333333333320381, 1.000000000000000000),
 ( 0.9245018060306249286, 0.3081672686768737734, 0.3081672686768737734, 0.9245018060306249286),
 ( 0.9245018060306249286, 0.3081672686768737734, 0.3081672686768737734, 0.9245018060306249286),
 ( 1.000000000000000000, 0.3333333333333320381, 0.3333333333333320381, 1.000000000000000000) ) ) 
 REPRESENTATION_ITEM ( '' )  SURFACE ( )  );
#103 = ORIENTED_EDGE ( 'NONE', *, *, #2217, .F. ) ;
#104 = CIRCLE ( 'NONE', #2224, 0.001968503937007869218 ) ;
#105 =( CONVERSION_BASED_UNIT ( 'INCH', #3913 ) LENGTH_UNIT ( ) NAMED_UNIT ( #605 ) );
#106 = FILL_AREA_STYLE_COLOUR ( '', #4063 ) ;
#107 = LINE ( 'NONE', #3110, #4201 ) ;
#108 = FACE_OUTER_BOUND ( 'NONE', #4974, .T. ) ;
#109 = MECHANICAL_DESIGN_GEOMETRIC_PRESENTATION_REPRESENTATION (  '', ( #1692 ), #5014 ) ;
#110 = CARTESIAN_POINT ( 'NONE',  ( -0.003734096186820905217, 0.09784652983149783045, -0.0002285053185257797219 ) ) ;
#111 = MECHANICAL_DESIGN_GEOMETRIC_PRESENTATION_REPRESENTATION (  '', ( #2868 ), #2330 ) ;
#112 = ORIENTED_EDGE ( 'NONE', *, *, #1608, .T. ) ;
#113 = MECHANICAL_DESIGN_GEOMETRIC_PRESENTATION_REPRESENTATION (  '', ( #4027 ), #726 ) ;
#114 = SURFACE_STYLE_FILL_AREA ( #4035 ) ;
#115 = SURFACE_STYLE_FILL_AREA ( #1132 ) ;
#116 = VECTOR ( 'NONE', #4462, 39.37007874015748143 ) ;
#117 = VERTEX_POINT ( 'NONE', #3147 ) ;
#118 = SURFACE_STYLE_FILL_AREA ( #2792 ) ;
#119 = EDGE_CURVE ( 'NONE', #1667, #3945, #3060, .T. ) ;
#120 = DIMENSIONAL_EXPONENTS ( 1.000000000000000000, 0.000000000000000000, 0.000000000000000000, 0.000000000000000000, 0.000000000000000000, 0.000000000000000000, 0.000000000000000000 ) ;
#121 = SURFACE_STYLE_USAGE ( .BOTH. , #3935 ) ;
#122 = CARTESIAN_POINT ( 'NONE',  ( 0.01105081299462425809, -0.1716529397745278074, 0.09859293427544008059 ) ) ;
#123 = ORIENTED_EDGE ( 'NONE', *, *, #4825, .F. ) ;
#124 = ORIENTED_EDGE ( 'NONE', *, *, #734, .T. ) ;
#125 = PRODUCT ( 'elev_Leg', 'elev_Leg', '', ( #4158 ) ) ;
#126 = FILL_AREA_STYLE_COLOUR ( '', #3431 ) ;
#127 = EDGE_CURVE ( 'NONE', #2990, #427, #5219, .T. ) ;
#128 = DIRECTION ( 'NONE',  ( -2.710505431213753985E-15, 1.000000000000000000, 0.000000000000000000 ) ) ;
#129 = CARTESIAN_POINT ( 'NONE',  ( -0.007480314960629961055, 0.09803149606299214891, -0.0003937007874015748519 ) ) ;
#130 = DIRECTION ( 'NONE',  ( 0.000000000000000000, 0.000000000000000000, 1.000000000000000000 ) ) ;
#131 = ORIENTED_EDGE ( 'NONE', *, *, #2641, .F. ) ;
#132 = STYLED_ITEM ( 'NONE', ( #4644 ), #58 ) ;
#133 = CARTESIAN_POINT ( 'NONE',  ( -0.06889763779527555143, -0.1043307086614173318, 0.000000000000000000 ) ) ;
#134 = DIRECTION ( 'NONE',  ( 1.586032892321650017E-16, -1.000000000000000000, 0.000000000000000000 ) ) ;
#135 = CARTESIAN_POINT ( 'NONE',  ( -0.007874015748031199316, -0.1620928065954872765, -0.2084983411171757173 ) ) ;
#136 = CARTESIAN_POINT ( 'NONE',  ( 0.03920368120834243769, -0.1616765151717078075, -7.360272656821546810E-05 ) ) ;
#137 = PRESENTATION_LAYER_ASSIGNMENT (  '', '', ( #4139 ) ) ;
#138 = CARTESIAN_POINT ( 'NONE',  ( -0.004235846891542132363, 0.09868871705373469250, -0.1469817907686513381 ) ) ;
#139 = VERTEX_POINT ( 'NONE', #4857 ) ;
#140 = AXIS2_PLACEMENT_3D ( 'NONE', #3295, #284, #2446 ) ;
#141 = SURFACE_STYLE_FILL_AREA ( #507 ) ;
#142 = CARTESIAN_POINT ( 'NONE',  ( -0.004103405405830908882, 0.09816600451333165611, -7.360272656817753458E-05 ) ) ;
#143 = CARTESIAN_POINT ( 'NONE',  ( 0.03920368120834240994, -0.1651879331768462966, -0.0001663975318151119265 ) ) ;
#144 = ORIENTED_EDGE ( 'NONE', *, *, #3860, .F. ) ;
#145 =( NAMED_UNIT ( * ) PLANE_ANGLE_UNIT ( ) SI_UNIT ( $, .RADIAN. ) );
#146 =( LENGTH_UNIT ( ) NAMED_UNIT ( * ) SI_UNIT ( $, .METRE. ) );
#147 = UNCERTAINTY_MEASURE_WITH_UNIT (LENGTH_MEASURE( 1.000000000000000082E-05 ), #2992, 'distance_accuracy_value', 'NONE');
#148 = CARTESIAN_POINT ( 'NONE',  ( 0.01205053807874597802, -0.1726526648586495238, 0.001831712743197318454 ) ) ;
#149 = SURFACE_STYLE_FILL_AREA ( #1780 ) ;
#150 = AXIS2_PLACEMENT_3D ( 'NONE', #2654, #493, #43 ) ;
#151 = VERTEX_POINT ( 'NONE', #3482 ) ;
#152 = CARTESIAN_POINT ( 'NONE',  ( 0.01066849702941835738, 0.03611954620943139127, 0.09553186175591438234 ) ) ;
#153 = CARTESIAN_POINT ( 'NONE',  ( -0.007874015748031459525, -0.1574803149606299191, 0.000000000000000000 ) ) ;
#154 = SURFACE_STYLE_FILL_AREA ( #3910 ) ;
#155 = DIMENSIONAL_EXPONENTS ( 1.000000000000000000, 0.000000000000000000, 0.000000000000000000, 0.000000000000000000, 0.000000000000000000, 0.000000000000000000, 0.000000000000000000 ) ;
#156 = CARTESIAN_POINT ( 'NONE',  ( 0.02755905511811031217, -0.1649606299212598437, -0.2082677165354331061 ) ) ;
#157 = VERTEX_POINT ( 'NONE', #3895 ) ;
#158 = EDGE_CURVE ( 'NONE', #3022, #264, #4503, .T. ) ;
#159 =( NAMED_UNIT ( * ) PLANE_ANGLE_UNIT ( ) SI_UNIT ( $, .RADIAN. ) );
#160 = CARTESIAN_POINT ( 'NONE',  ( 0.01080392253833595967, 0.03322248243882051227, 0.0001316968327860765838 ) ) ;
#161 = CARTESIAN_POINT ( 'NONE',  ( -0.007497514681104244447, 0.09839885748383649100, -0.06223348693790575759 ) ) ;
#162 = CARTESIAN_POINT ( 'NONE',  ( 3.414809992080329023E-17, -0.1653543307086613734, -0.2082677165354331061 ) ) ;
#163 = FILL_AREA_STYLE ('',( #1794 ) ) ;
#164 = CARTESIAN_POINT ( 'NONE',  ( -0.004103405405830934036, 0.09825879931857857408, -0.2084950197910190872 ) ) ;
#165 = VERTEX_POINT ( 'NONE', #3084 ) ;
#166 = AXIS2_PLACEMENT_3D ( 'NONE', #1541, #5169, #4204 ) ;
#167 = SURFACE_SIDE_STYLE ('',( #4439 ) ) ;
#168 = CARTESIAN_POINT ( 'NONE',  ( -0.004317705828985767859, 0.09827315472490906478, 3.354748500924490642E-05 ) ) ;
#169 = CARTESIAN_POINT ( 'NONE',  ( 0.03954590532556891136, -0.1651799955937026665, -0.0006057521206794263960 ) ) ;
#170 = SURFACE_SIDE_STYLE ('',( #1833 ) ) ;
#171 = VERTEX_POINT ( 'NONE', #4543 ) ;
#172 = DIRECTION ( 'NONE',  ( -1.000000000000000000, 0.000000000000000000, 0.000000000000000000 ) ) ;
#173 = DIRECTION ( 'NONE',  ( 0.000000000000000000, -0.000000000000000000, -1.000000000000000000 ) ) ;
#174 = LINE ( 'NONE', #1873, #2596 ) ;
#175 = UNCERTAINTY_MEASURE_WITH_UNIT (LENGTH_MEASURE( 1.000000000000000082E-05 ), #1901, 'distance_accuracy_value', 'NONE');
#176 = VERTEX_POINT ( 'NONE', #2696 ) ;
#177 = CARTESIAN_POINT ( 'NONE',  ( 0.03934373937360023665, -0.1649778296417341028, -0.0002014202167422619752 ) ) ;
#178 = AXIS2_PLACEMENT_3D ( 'NONE', #1888, #3587, #5309 ) ;
#179 = DIRECTION ( 'NONE',  ( -1.000000000000000000, 4.625929269271489858E-16, 0.000000000000000000 ) ) ;
#180 =( NAMED_UNIT ( * ) SI_UNIT ( $, .STERADIAN. ) SOLID_ANGLE_UNIT ( ) );
#181 = ORIENTED_EDGE ( 'NONE', *, *, #2667, .T. ) ;
#182 = DIRECTION ( 'NONE',  ( -3.106967419659950017E-16, 1.000000000000000000, -0.000000000000000000 ) ) ;
#183 = CARTESIAN_POINT ( 'NONE',  ( 0.008782263018650277725, 0.03598412070051379419, 0.0008716755747936823012 ) ) ;
#184 = SURFACE_STYLE_FILL_AREA ( #3171 ) ;
#185 = ADVANCED_FACE ( 'NONE', ( #2638 ), #596, .T. ) ;
#186 = CARTESIAN_POINT ( 'NONE',  ( 3.414809992080329023E-17, -0.1653543307086611236, -0.2084983411171757450 ) ) ;
#187 = SURFACE_STYLE_USAGE ( .BOTH. , #5253 ) ;
#188 = FACE_OUTER_BOUND ( 'NONE', #3769, .T. ) ;
#189 = EDGE_LOOP ( 'NONE', ( #2942, #5276, #2369, #2897, #4357, #3357 ) ) ;
#190 = DIMENSIONAL_EXPONENTS ( 1.000000000000000000, 0.000000000000000000, 0.000000000000000000, 0.000000000000000000, 0.000000000000000000, 0.000000000000000000, 0.000000000000000000 ) ;
#191 = PRESENTATION_STYLE_ASSIGNMENT (( #2303 ) ) ;
#192 = LINE ( 'NONE', #1480, #196 ) ;
#193 = CYLINDRICAL_SURFACE ( 'NONE', #1918, 0.0003937007874015747977 ) ;
#194 = COLOUR_RGB ( '',0.6274509803921568540, 0.3137254901960784270, 0.000000000000000000 ) ;
#195 = CARTESIAN_POINT ( 'NONE',  ( -0.007480314960629882125, -0.1292526345361000029, -0.1466202109555881927 ) ) ;
#196 = VECTOR ( 'NONE', #2785, 39.37007874015748143 ) ;
#197 = STYLED_ITEM ( 'NONE', ( #22 ), #3285 ) ;
#198 = ORIENTED_EDGE ( 'NONE', *, *, #4388, .F. ) ;
#199 = DIMENSIONAL_EXPONENTS ( 1.000000000000000000, 0.000000000000000000, 0.000000000000000000, 0.000000000000000000, 0.000000000000000000, 0.000000000000000000, 0.000000000000000000 ) ;
#200 = CARTESIAN_POINT ( 'NONE',  ( -0.004154640316732350659, 0.09803149606299214891, -4.156409803153912803E-05 ) ) ;
#201 =( NAMED_UNIT ( * ) PLANE_ANGLE_UNIT ( ) SI_UNIT ( $, .RADIAN. ) );
#202 = PRESENTATION_STYLE_ASSIGNMENT (( #3653 ) ) ;
#203 = PRESENTATION_LAYER_ASSIGNMENT (  '', '', ( #2595 ) ) ;
#204 = COLOUR_RGB ( '',0.8313725490196077761, 0.8313725490196077761, 0.8313725490196077761 ) ;
#205 =( CONVERSION_BASED_UNIT ( 'INCH', #1520 ) LENGTH_UNIT ( ) NAMED_UNIT ( #3887 ) );
#206 = CARTESIAN_POINT ( 'NONE',  ( -0.1043307086614173318, -0.06922572088796025147, 0.06692913385826811112 ) ) ;
#207 = VECTOR ( 'NONE', #2234, 39.37007874015748143 ) ;
#208 = ORIENTED_EDGE ( 'NONE', *, *, #4334, .F. ) ;
#209 = CARTESIAN_POINT ( 'NONE',  ( -0.007507673199392065656, 0.09824444391224813888, -0.06248281004598776195 ) ) ;
#210 = DIRECTION ( 'NONE',  ( -0.000000000000000000, -0.000000000000000000, 1.000000000000000000 ) ) ;
#211 = CARTESIAN_POINT ( 'NONE',  ( 0.03899357767323022306, -0.1653279913421041303, -0.0002014202167423118485 ) ) ;
#212 = SURFACE_STYLE_FILL_AREA ( #5394 ) ;
#213 = CARTESIAN_POINT ( 'NONE',  ( -0.007575176730505278969, 0.09766991624992896193, -0.1459629899648456075 ) ) ;
#214 = ORIENTED_EDGE ( 'NONE', *, *, #3835, .F. ) ;
#215 = CARTESIAN_POINT ( 'NONE',  ( 0.009907533847197388249, 0.03527272519850331578, 0.0007602106274230555549 ) ) ;
#216 =( NAMED_UNIT ( * ) SI_UNIT ( $, .STERADIAN. ) SOLID_ANGLE_UNIT ( ) );
#217 = DIRECTION ( 'NONE',  ( -1.000000000000000000, -2.775557561562900029E-15, 0.000000000000000000 ) ) ;
#218 = DIRECTION ( 'NONE',  ( 0.5773502691896315042, -0.5773502691896185146, 0.5773502691896271743 ) ) ;
#219 = CARTESIAN_POINT ( 'NONE',  ( 0.03920368120834230585, -0.1651879331768463521, -0.2084950197910196146 ) ) ;
#220 = ORIENTED_EDGE ( 'NONE', *, *, #4737, .F. ) ;
#221 = ADVANCED_FACE ( 'NONE', ( #1768 ), #3117, .T. ) ;
#222 = DIRECTION ( 'NONE',  ( -0.5773502691896278405, 0.5773502691896494898, 0.5773502691896001959 ) ) ;
#223 = CARTESIAN_POINT ( 'NONE',  ( -0.007268263627352160305, 0.09825086173543504109, 0.0001758265854113281578 ) ) ;
#224 = COLOUR_RGB ( '',0.8313725490196077761, 0.8313725490196077761, 0.8313725490196077761 ) ;
#225 = EDGE_CURVE ( 'NONE', #3475, #151, #4226, .T. ) ;
#226 = EDGE_LOOP ( 'NONE', ( #3929, #603, #2681, #4187, #5045, #3438 ) ) ;
#227 = DIRECTION ( 'NONE',  ( 0.4082482904638328192, -0.4082482904638330412, 0.8164965809277560105 ) ) ;
#228 = CARTESIAN_POINT ( 'NONE',  ( -0.007847676381474223348, 0.09804869578346642189, -0.2084599971060920043 ) ) ;
#229 = AXIS2_PLACEMENT_3D ( 'NONE', #604, #172, #1022 ) ;
#230 =( NAMED_UNIT ( * ) SI_UNIT ( $, .STERADIAN. ) SOLID_ANGLE_UNIT ( ) );
#231 = CYLINDRICAL_SURFACE ( 'NONE', #1973, 0.0003937007874015758277 ) ;
#232 = EDGE_CURVE ( 'NONE', #863, #477, #1993, .T. ) ;
#233 = ORIENTED_EDGE ( 'NONE', *, *, #3760, .F. ) ;
#234 = SURFACE_STYLE_USAGE ( .BOTH. , #3101 ) ;
#235 = MECHANICAL_DESIGN_GEOMETRIC_PRESENTATION_REPRESENTATION (  '', ( #1925 ), #4877 ) ;
#236 = CARTESIAN_POINT ( 'NONE',  ( 0.03929647601358930015, -0.1650951383715993648, -0.0001663975318151240154 ) ) ;
#237 =( NAMED_UNIT ( * ) SI_UNIT ( $, .STERADIAN. ) SOLID_ANGLE_UNIT ( ) );
#238 =( GEOMETRIC_REPRESENTATION_CONTEXT ( 3 ) GLOBAL_UNCERTAINTY_ASSIGNED_CONTEXT ( ( #4583 ) ) GLOBAL_UNIT_ASSIGNED_CONTEXT ( ( #2768, #554, #4845 ) ) REPRESENTATION_CONTEXT ( 'NONE', 'WORKASPACE' ) );
#239 = UNCERTAINTY_MEASURE_WITH_UNIT (LENGTH_MEASURE( 1.000000000000000082E-05 ), #76, 'distance_accuracy_value', 'NONE');
#240 = ORIENTED_EDGE ( 'NONE', *, *, #261, .T. ) ;
#241 =( GEOMETRIC_REPRESENTATION_CONTEXT ( 3 ) GLOBAL_UNCERTAINTY_ASSIGNED_CONTEXT ( ( #458 ) ) GLOBAL_UNIT_ASSIGNED_CONTEXT ( ( #2762, #2732, #4384 ) ) REPRESENTATION_CONTEXT ( 'NONE', 'WORKASPACE' ) );
#242 = DIRECTION ( 'NONE',  ( -1.000000000000000000, -2.775557561562900029E-15, -4.179547636683340349E-31 ) ) ;
#243 = CARTESIAN_POINT ( 'NONE',  ( 0.03933476639341004777, -0.1650907975704446751, -0.2081696633931486851 ) ) ;
#244 = CARTESIAN_POINT ( 'NONE',  ( 0.009842519685039373412, -0.1735564295493775833, 0.001968503937007873988 ) ) ;
#245 = DIRECTION ( 'NONE',  ( 0.000000000000000000, 1.000000000000000000, 0.000000000000000000 ) ) ;
#246 = CARTESIAN_POINT ( 'NONE',  ( -0.003937007874015708078, -0.09354463915094014814, -0.1466202109555882205 ) ) ;
#247 = CARTESIAN_POINT ( 'NONE',  ( 0.03919574362519868266, -0.1647485785879818920, -0.2088372439082462340 ) ) ;
#248 = ORIENTED_EDGE ( 'NONE', *, *, #2394, .T. ) ;
#249 =( BOUNDED_SURFACE ( )  B_SPLINE_SURFACE ( 3, 3, ( 
 ( #4467, #219, #3700, #1912 ),
 ( #3204, #2352, #4061, #1508 ),
 ( #3234, #247, #1940, #4944 ),
 ( #5371, #2496, #818, #2887 ) ),
 .UNSPECIFIED., .F., .F., .F. ) 
 B_SPLINE_SURFACE_WITH_KNOTS ( ( 4, 4 ),
 ( 4, 4 ),
 ( 0.000000000000000000, 1.000000000000000000 ),
 ( 0.000000000000000000, 1.000000000000000000 ),
 .UNSPECIFIED. ) 
 GEOMETRIC_REPRESENTATION_ITEM ( )  RATIONAL_B_SPLINE_SURFACE ( (
 ( 1.000000000000000000, 0.3333333333333073356, 0.3333333333333073356, 1.000000000000000000),
 ( 0.9245018060305798535, 0.3081672686768359148, 0.3081672686768359148, 0.9245018060305798535),
 ( 0.9245018060305798535, 0.3081672686768359148, 0.3081672686768359148, 0.9245018060305798535),
 ( 1.000000000000000000, 0.3333333333333073356, 0.3333333333333073356, 1.000000000000000000) ) ) 
 REPRESENTATION_ITEM ( '' )  SURFACE ( )  );
#250 = CARTESIAN_POINT ( 'NONE',  ( 0.06889763779527557919, 0.1043307086614173457, 0.09645669291338584972 ) ) ;
#251 = PRODUCT_DEFINITION ( 'UNKNOWN', '', #1141, #3576 ) ;
#252 = DIRECTION ( 'NONE',  ( 4.297971597196270222E-16, -1.000000000000000000, -4.991641978379239941E-16 ) ) ;
#253 = DIMENSIONAL_EXPONENTS ( 1.000000000000000000, 0.000000000000000000, 0.000000000000000000, 0.000000000000000000, 0.000000000000000000, 0.000000000000000000, 0.000000000000000000 ) ;
#254 = STYLED_ITEM ( 'NONE', ( #3366 ), #4977 ) ;
#255 = EDGE_LOOP ( 'NONE', ( #3043, #676, #3852, #2783 ) ) ;
#256 = SURFACE_SIDE_STYLE ('',( #2790 ) ) ;
#257 = SURFACE_SIDE_STYLE ('',( #2730 ) ) ;
#258 = AXIS2_PLACEMENT_3D ( 'NONE', #4436, #2862, #5341 ) ;
#259 = CARTESIAN_POINT ( 'NONE',  ( 0.01051506193673704473, -0.1727244418903020606, 0.09805718321755282907 ) ) ;
#260 = CARTESIAN_POINT ( 'NONE',  ( -0.008102230072062892308, 0.09819696959148660476, -0.1470170966479610042 ) ) ;
#261 = EDGE_CURVE ( 'NONE', #1689, #4915, #814, .T. ) ;
#262 = DIRECTION ( 'NONE',  ( 0.5773502691896250649, 0.5773502691896283956, 0.5773502691896239547 ) ) ;
#263 = CIRCLE ( 'NONE', #4725, 0.0003937007874015747977 ) ;
#264 = VERTEX_POINT ( 'NONE', #2072 ) ;
#265 = CIRCLE ( 'NONE', #2118, 0.001968503937007874856 ) ;
#266 = LINE ( 'NONE', #585, #762 ) ;
#267 = ADVANCED_FACE ( 'NONE', ( #2519 ), #4217, .T. ) ;
#268 = CYLINDRICAL_SURFACE ( 'NONE', #2319, 0.001968503937007874856 ) ;
#269 =( CONVERSION_BASED_UNIT ( 'INCH', #4506 ) LENGTH_UNIT ( ) NAMED_UNIT ( #4162 ) );
#270 = EDGE_LOOP ( 'NONE', ( #3795, #3247, #3979, #4989 ) ) ;
#271 = AXIS2_PLACEMENT_3D ( 'NONE', #764, #4684, #2155 ) ;
#272 = SURFACE_STYLE_USAGE ( .BOTH. , #4192 ) ;
#273 = DIRECTION ( 'NONE',  ( 0.000000000000000000, -0.000000000000000000, 1.000000000000000000 ) ) ;
#274 = MECHANICAL_DESIGN_GEOMETRIC_PRESENTATION_REPRESENTATION (  '', ( #2943 ), #3381 ) ;
#275 = LENGTH_MEASURE_WITH_UNIT ( LENGTH_MEASURE( 0.02539999999999999897 ), #3176 );
#276 = CARTESIAN_POINT ( 'NONE',  ( 0.03937007874015747977, -0.1653543307086614567, -0.2082677165354326898 ) ) ;
#277 = VERTEX_POINT ( 'NONE', #441 ) ;
#278 = DIRECTION ( 'NONE',  ( 0.4082482904638969901, -0.4082482904638630172, -0.8164965809277090480 ) ) ;
#279 = CARTESIAN_POINT ( 'NONE',  ( 0.01097903596297170568, 0.03427300011438147442, 0.0008319876590755419330 ) ) ;
#280 = ORIENTED_EDGE ( 'NONE', *, *, #3774, .T. ) ;
#281 = CIRCLE ( 'NONE', #714, 0.001968503937007874856 ) ;
#282 = FILL_AREA_STYLE ('',( #4096 ) ) ;
#283 = DIRECTION ( 'NONE',  ( 0.8164965809277257014, -0.4082482904638637944, 0.4082482904638630172 ) ) ;
#284 = DIRECTION ( 'NONE',  ( -3.106967419659950017E-16, 1.000000000000000000, -0.000000000000000000 ) ) ;
#285 = CYLINDRICAL_SURFACE ( 'NONE', #3542, 0.001968503937007879193 ) ;
#286 = CARTESIAN_POINT ( 'NONE',  ( -0.007707618216216454744, 0.09825879931857861571, -0.1463929077000017398 ) ) ;
#287 = UNCERTAINTY_MEASURE_WITH_UNIT (LENGTH_MEASURE( 1.000000000000000082E-05 ), #2807, 'distance_accuracy_value', 'NONE');
#288 = CIRCLE ( 'NONE', #4661, 0.0003937007874015758277 ) ;
#289 = PRESENTATION_LAYER_ASSIGNMENT (  '', '', ( #5020 ) ) ;
#290 = EDGE_CURVE ( 'NONE', #638, #1241, #4410, .T. ) ;
#291 = VERTEX_POINT ( 'NONE', #2546 ) ;
#292 =( GEOMETRIC_REPRESENTATION_CONTEXT ( 3 ) GLOBAL_UNCERTAINTY_ASSIGNED_CONTEXT ( ( #4477 ) ) GLOBAL_UNIT_ASSIGNED_CONTEXT ( ( #766, #1228, #398 ) ) REPRESENTATION_CONTEXT ( 'NONE', 'WORKASPACE' ) );
#293 = PRESENTATION_LAYER_ASSIGNMENT (  '', '', ( #4288 ) ) ;
#294 = SURFACE_STYLE_USAGE ( .BOTH. , #3663 ) ;
#295 = UNCERTAINTY_MEASURE_WITH_UNIT (LENGTH_MEASURE( 1.000000000000000082E-05 ), #5420, 'distance_accuracy_value', 'NONE');
#296 = EDGE_LOOP ( 'NONE', ( #3742, #1514, #103, #4524 ) ) ;
#297 = ADVANCED_FACE ( 'NONE', ( #526 ), #3939, .T. ) ;
#298 = FACE_OUTER_BOUND ( 'NONE', #4220, .T. ) ;
#299 = LENGTH_MEASURE_WITH_UNIT ( LENGTH_MEASURE( 0.02539999999999999897 ), #2884 );
#300 = CARTESIAN_POINT ( 'NONE',  ( -0.004165235132922836571, 0.09763461037061939296, -0.06266312147867938998 ) ) ;
#301 = DIRECTION ( 'NONE',  ( 1.000000000000000000, 0.000000000000000000, -0.000000000000000000 ) ) ;
#302 = CARTESIAN_POINT ( 'NONE',  ( 0.009842519685039375146, -0.1735564295493775833, 0.000000000000000000 ) ) ;
#303 = DIRECTION ( 'NONE',  ( -0.000000000000000000, -0.000000000000000000, 1.000000000000000000 ) ) ;
#304 =( CONVERSION_BASED_UNIT ( 'INCH', #3262 ) LENGTH_UNIT ( ) NAMED_UNIT ( #1273 ) );
#305 = CARTESIAN_POINT ( 'NONE',  ( -0.06889763779527557919, 0.1023622047244094752, 0.09842519685039370636 ) ) ;
#306 = CARTESIAN_POINT ( 'NONE',  ( 0.01181102362204724567, -0.1213910752186689035, 0.001968503937007873988 ) ) ;
#307 = SURFACE_STYLE_FILL_AREA ( #5064 ) ;
#308 = DIRECTION ( 'NONE',  ( -0.000000000000000000, -0.000000000000000000, -1.000000000000000000 ) ) ;
#309 = CIRCLE ( 'NONE', #229, 0.001968503937007879193 ) ;
#310 = DIRECTION ( 'NONE',  ( 0.000000000000000000, 1.000000000000000000, 4.991641978379239941E-16 ) ) ;
#311 = CARTESIAN_POINT ( 'NONE',  ( 0.03897637795275595007, -0.1614173228346457156, 0.000000000000000000 ) ) ;
#312 = CARTESIAN_POINT ( 'NONE',  ( -0.007480314960629967126, 0.09803149606299216279, -0.0003937007874015758277 ) ) ;
#313 = PRESENTATION_STYLE_ASSIGNMENT (( #2941 ) ) ;
#314 = CIRCLE ( 'NONE', #3613, 0.001968503937007879193 ) ;
#315 = ORIENTED_EDGE ( 'NONE', *, *, #1749, .T. ) ;
#316 = CARTESIAN_POINT ( 'NONE',  ( 0.009842519685039369942, -0.1715879256123697127, 0.000000000000000000 ) ) ;
#317 = VECTOR ( 'NONE', #735, 39.37007874015748143 ) ;
#318 = DIRECTION ( 'NONE',  ( 0.000000000000000000, 0.000000000000000000, -1.000000000000000000 ) ) ;
#319 = LENGTH_MEASURE_WITH_UNIT ( LENGTH_MEASURE( 0.02539999999999999897 ), #736 );
#320 = EDGE_CURVE ( 'NONE', #1405, #2608, #1445, .T. ) ;
#321 =( LENGTH_UNIT ( ) NAMED_UNIT ( * ) SI_UNIT ( $, .METRE. ) );
#322 = VECTOR ( 'NONE', #3924, 39.37007874015748143 ) ;
#323 = SURFACE_STYLE_FILL_AREA ( #2438 ) ;
#324 = CARTESIAN_POINT ( 'NONE',  ( -0.004103405405830903678, 0.09825879931857864347, -0.06226850962283297930 ) ) ;
#325 = ADVANCED_FACE ( 'NONE', ( #4422 ), #3616, .T. ) ;
#326 = ORIENTED_EDGE ( 'NONE', *, *, #2947, .F. ) ;
#327 = VECTOR ( 'NONE', #3648, 39.37007874015748143 ) ;
#328 = VERTEX_POINT ( 'NONE', #4049 ) ;
#329 = CARTESIAN_POINT ( 'NONE',  ( -0.03543307086614173873, 0.03313648383644914042, 0.09842519685039372024 ) ) ;
#330 = UNCERTAINTY_MEASURE_WITH_UNIT (LENGTH_MEASURE( 1.000000000000000082E-05 ), #454, 'distance_accuracy_value', 'NONE');
#331 = CARTESIAN_POINT ( 'NONE',  ( -0.004330708661417262059, -0.1574803149606299191, -0.2086614173228342750 ) ) ;
#332 =( REPRESENTATION_RELATIONSHIP ('NONE','NONE', #4999, #1334 ) REPRESENTATION_RELATIONSHIP_WITH_TRANSFORMATION ( #3768 )SHAPE_REPRESENTATION_RELATIONSHIP( ) );
#333 = COLOUR_RGB ( '',0.8313725490196077761, 0.8313725490196077761, 0.8313725490196077761 ) ;
#334 = ORIENTED_EDGE ( 'NONE', *, *, #4414, .T. ) ;
#335 = DIRECTION ( 'NONE',  ( -1.000000000000000000, 0.000000000000000000, 0.000000000000000000 ) ) ;
#336 = DIRECTION ( 'NONE',  ( 4.297971597196270222E-16, -1.000000000000000000, -0.000000000000000000 ) ) ;
#337 = STYLED_ITEM ( 'NONE', ( #5217 ), #5279 ) ;
#338 = DIRECTION ( 'NONE',  ( 0.000000000000000000, -1.000000000000000000, -0.000000000000000000 ) ) ;
#339 = ORIENTED_EDGE ( 'NONE', *, *, #4737, .T. ) ;
#340 = STYLED_ITEM ( 'NONE', ( #2053 ), #1848 ) ;
#341 = LINE ( 'NONE', #4082, #3413 ) ;
#342 = CARTESIAN_POINT ( 'NONE',  ( 0.03444881889763776184, 0.1043307086614173457, 0.09645669291338584972 ) ) ;
#343 = STYLED_ITEM ( 'NONE', ( #837 ), #5493 ) ;
#344 =( LENGTH_UNIT ( ) NAMED_UNIT ( * ) SI_UNIT ( $, .METRE. ) );
#345 = SURFACE_STYLE_USAGE ( .BOTH. , #4058 ) ;
#346 = PRESENTATION_LAYER_ASSIGNMENT (  '', '', ( #1049 ) ) ;
#347 = FACE_OUTER_BOUND ( 'NONE', #5450, .T. ) ;
#348 =( GEOMETRIC_REPRESENTATION_CONTEXT ( 3 ) GLOBAL_UNCERTAINTY_ASSIGNED_CONTEXT ( ( #1168 ) ) GLOBAL_UNIT_ASSIGNED_CONTEXT ( ( #3456, #1857, #3478 ) ) REPRESENTATION_CONTEXT ( 'NONE', 'WORKASPACE' ) );
#349 = ADVANCED_FACE ( 'NONE', ( #1084 ), #669, .T. ) ;
#350 = CARTESIAN_POINT ( 'NONE',  ( -0.06889763779527559306, -0.1023622047244094613, 0.09645669291338584972 ) ) ;
#351 =( LENGTH_UNIT ( ) NAMED_UNIT ( * ) SI_UNIT ( $, .METRE. ) );
#352 = PRESENTATION_STYLE_ASSIGNMENT (( #5145 ) ) ;
#353 =( NAMED_UNIT ( * ) PLANE_ANGLE_UNIT ( ) SI_UNIT ( $, .RADIAN. ) );
#354 = ORIENTED_EDGE ( 'NONE', *, *, #4177, .F. ) ;
#355 = DIMENSIONAL_EXPONENTS ( 1.000000000000000000, 0.000000000000000000, 0.000000000000000000, 0.000000000000000000, 0.000000000000000000, 0.000000000000000000, 0.000000000000000000 ) ;
#356 = FACE_OUTER_BOUND ( 'NONE', #943, .T. ) ;
#357 = CARTESIAN_POINT ( 'NONE',  ( 0.01181102362204724567, 0.03313648383644914042, 0.000000000000000000 ) ) ;
#358 = APPLICATION_PROTOCOL_DEFINITION ( 'draft international standard', 'automotive_design', 1998, #4038 ) ;
#359 = CIRCLE ( 'NONE', #5195, 0.001968503937007874856 ) ;
#360 = VERTEX_POINT ( 'NONE', #2484 ) ;
#361 =( NAMED_UNIT ( * ) SI_UNIT ( $, .STERADIAN. ) SOLID_ANGLE_UNIT ( ) );
#362 = PRESENTATION_LAYER_ASSIGNMENT (  '', '', ( #1160 ) ) ;
#363 = CARTESIAN_POINT ( 'NONE',  ( 0.01574803149606299191, -0.1618110236220472731, -0.2086614173228343583 ) ) ;
#364 = ORIENTED_EDGE ( 'NONE', *, *, #3500, .F. ) ;
#365 = CIRCLE ( 'NONE', #2687, 0.0003937007874015758277 ) ;
#366 =( BOUNDED_SURFACE ( )  B_SPLINE_SURFACE ( 3, 3, ( 
 ( #626, #143, #2305, #2640 ),
 ( #2272, #4801, #4860, #1865 ),
 ( #1402, #597, #169, #4890 ),
 ( #3149, #4407, #1042, #1800 ) ),
 .UNSPECIFIED., .F., .F., .F. ) 
 B_SPLINE_SURFACE_WITH_KNOTS ( ( 4, 4 ),
 ( 4, 4 ),
 ( 0.000000000000000000, 1.000000000000000000 ),
 ( 0.000000000000000000, 1.000000000000000000 ),
 .UNSPECIFIED. ) 
 GEOMETRIC_REPRESENTATION_ITEM ( )  RATIONAL_B_SPLINE_SURFACE ( (
 ( 1.000000000000000000, 0.3333333333333287629, 0.3333333333333287629, 1.000000000000000000),
 ( 0.9245018060306329222, 0.3081672686768734404, 0.3081672686768734404, 0.9245018060306329222),
 ( 0.9245018060306329222, 0.3081672686768734404, 0.3081672686768734404, 0.9245018060306329222),
 ( 1.000000000000000000, 0.3333333333333287629, 0.3333333333333287629, 1.000000000000000000) ) ) 
 REPRESENTATION_ITEM ( '' )  SURFACE ( )  );
#367 = PRESENTATION_STYLE_ASSIGNMENT (( #272 ) ) ;
#368 = FACE_OUTER_BOUND ( 'NONE', #226, .T. ) ;
#369 = FACE_OUTER_BOUND ( 'NONE', #3950, .T. ) ;
#370 =( NAMED_UNIT ( * ) PLANE_ANGLE_UNIT ( ) SI_UNIT ( $, .RADIAN. ) );
#371 = COLOUR_RGB ( '',0.8313725490196077761, 0.8313725490196077761, 0.8313725490196077761 ) ;
#372 = LENGTH_MEASURE_WITH_UNIT ( LENGTH_MEASURE( 0.02539999999999999897 ), #2920 );
#373 = FILL_AREA_STYLE_COLOUR ( '', #4358 ) ;
#374 = CARTESIAN_POINT ( 'NONE',  ( -0.007707618216216449540, 0.09825879931857860183, -0.06226850962283295848 ) ) ;
#375 =( NAMED_UNIT ( * ) PLANE_ANGLE_UNIT ( ) SI_UNIT ( $, .RADIAN. ) );
#376 = LENGTH_MEASURE_WITH_UNIT ( LENGTH_MEASURE( 0.02539999999999999897 ), #3868 );
#377 = EDGE_CURVE ( 'NONE', #4872, #4311, #387, .T. ) ;
#378 = ORIENTED_EDGE ( 'NONE', *, *, #5287, .T. ) ;
#379 = CARTESIAN_POINT ( 'NONE',  ( 3.422042158217025524E-17, -0.1653543307086614012, -0.0003937007874015748519 ) ) ;
#380 = CARTESIAN_POINT ( 'NONE',  ( 0.009842519685039369942, -0.1715879256123697127, 0.001968503937007873988 ) ) ;
#381 = CARTESIAN_POINT ( 'NONE',  ( -0.007480314960629885594, -0.1618621820137445544, 0.000000000000000000 ) ) ;
#382 =( LENGTH_UNIT ( ) NAMED_UNIT ( * ) SI_UNIT ( $, .METRE. ) );
#383 = PRESENTATION_STYLE_ASSIGNMENT (( #1210 ) ) ;
#384 = EDGE_CURVE ( 'NONE', #770, #3417, #4867, .T. ) ;
#385 = CLOSED_SHELL ( 'NONE', ( #4207, #4693, #5493, #3300, #4342, #3053, #4876, #1023, #1322, #1708, #3767, #1259, #1435, #1166, #4516, #3116, #267, #2473, #1290, #221, #3285, #1403 ) ) ;
#386 = ORIENTED_EDGE ( 'NONE', *, *, #3434, .F. ) ;
#387 = LINE ( 'NONE', #1109, #3255 ) ;
#388 = DIMENSIONAL_EXPONENTS ( 1.000000000000000000, 0.000000000000000000, 0.000000000000000000, 0.000000000000000000, 0.000000000000000000, 0.000000000000000000, 0.000000000000000000 ) ;
#389 = PRESENTATION_LAYER_ASSIGNMENT (  '', '', ( #3161 ) ) ;
#390 = PLANE ( 'NONE',  #3480 ) ;
#391 = ORIENTED_EDGE ( 'NONE', *, *, #5184, .F. ) ;
#392 = DIRECTION ( 'NONE',  ( 0.000000000000000000, 0.000000000000000000, 1.000000000000000000 ) ) ;
#393 = FILL_AREA_STYLE ('',( #5138 ) ) ;
#394 = CARTESIAN_POINT ( 'NONE',  ( 6.829619984160658046E-17, -0.1614173228346456879, -0.0003937007874015749061 ) ) ;
#395 = STYLED_ITEM ( 'NONE', ( #5376 ), #959 ) ;
#396 = ORIENTED_EDGE ( 'NONE', *, *, #232, .T. ) ;
#397 = COLOUR_RGB ( '',0.8313725490196077761, 0.8313725490196077761, 0.8313725490196077761 ) ;
#398 =( NAMED_UNIT ( * ) SI_UNIT ( $, .STERADIAN. ) SOLID_ANGLE_UNIT ( ) );
#399 = DIRECTION ( 'NONE',  ( 1.000000000000000000, 0.000000000000000000, 0.000000000000000000 ) ) ;
#400 = CARTESIAN_POINT ( 'NONE',  ( -0.003963347240572998031, 0.09822377663365149114, -0.1466030112351139614 ) ) ;
#401 = CARTESIAN_POINT ( 'NONE',  ( -0.004103405405830907147, 0.09825879931857860183, -0.1463929077000017398 ) ) ;
#402 =( GEOMETRIC_REPRESENTATION_CONTEXT ( 3 ) GLOBAL_UNCERTAINTY_ASSIGNED_CONTEXT ( ( #2701 ) ) GLOBAL_UNIT_ASSIGNED_CONTEXT ( ( #5505, #1280, #2973 ) ) REPRESENTATION_CONTEXT ( 'NONE', 'WORKASPACE' ) );
#403 = ORIENTED_EDGE ( 'NONE', *, *, #2954, .T. ) ;
#404 = CARTESIAN_POINT ( 'NONE',  ( 0.03920368120834245157, -0.1615837203664607924, -0.2084950197910195868 ) ) ;
#405 = DIRECTION ( 'NONE',  ( -0.000000000000000000, -0.000000000000000000, -1.000000000000000000 ) ) ;
#406 = CARTESIAN_POINT ( 'NONE',  ( 0.03897637795275595007, -0.1649606299212598437, -0.0003937007874015748519 ) ) ;
#407 = PRESENTATION_STYLE_ASSIGNMENT (( #4778 ) ) ;
#408 = ORIENTED_EDGE ( 'NONE', *, *, #5085, .T. ) ;
#409 = CARTESIAN_POINT ( 'NONE',  ( -0.007707618216216387090, 0.09825879931857857408, -0.2084950197910191150 ) ) ;
#410 = EDGE_CURVE ( 'NONE', #2722, #1113, #2089, .T. ) ;
#411 = CARTESIAN_POINT ( 'NONE',  ( -0.007480314960629882992, -0.1618621820137445544, -0.2086614173228342473 ) ) ;
#412 = LENGTH_MEASURE_WITH_UNIT ( LENGTH_MEASURE( 0.02539999999999999897 ), #1615 );
#413 = ORIENTED_EDGE ( 'NONE', *, *, #5047, .F. ) ;
#414 = AXIS2_PLACEMENT_3D ( 'NONE', #3620, #1074, #1483 ) ;
#415 = CARTESIAN_POINT ( 'NONE',  ( -0.003937007874015787875, 0.09842519685039370636, 0.000000000000000000 ) ) ;
#416 = COLOUR_RGB ( '',0.8313725490196077761, 0.8313725490196077761, 0.8313725490196077761 ) ;
#417 =( NAMED_UNIT ( * ) SI_UNIT ( $, .STERADIAN. ) SOLID_ANGLE_UNIT ( ) );
#418 = SURFACE_STYLE_USAGE ( .BOTH. , #5025 ) ;
#419 = DIMENSIONAL_EXPONENTS ( 1.000000000000000000, 0.000000000000000000, 0.000000000000000000, 0.000000000000000000, 0.000000000000000000, 0.000000000000000000, 0.000000000000000000 ) ;
#420 = SURFACE_STYLE_FILL_AREA ( #2553 ) ;
#421 = AXIS2_PLACEMENT_3D ( 'NONE', #490, #1413, #1383 ) ;
#422 = LENGTH_MEASURE_WITH_UNIT ( LENGTH_MEASURE( 0.02539999999999999897 ), #3337 );
#423 = COLOUR_RGB ( '',0.7490196078431372584, 0.7490196078431372584, 0.7490196078431372584 ) ;
#424 = SURFACE_STYLE_FILL_AREA ( #29 ) ;
#425 = LENGTH_MEASURE_WITH_UNIT ( LENGTH_MEASURE( 0.02539999999999999897 ), #1623 );
#426 = SURFACE_STYLE_USAGE ( .BOTH. , #1652 ) ;
#427 = VERTEX_POINT ( 'NONE', #3797 ) ;
#428 = STYLED_ITEM ( 'NONE', ( #2291 ), #1920 ) ;
#429 = CARTESIAN_POINT ( 'NONE',  ( 0.01205053807874601618, 0.03327327503025965388, 0.0009037646907280179028 ) ) ;
#430 = DIRECTION ( 'NONE',  ( 0.000000000000000000, 1.000000000000000000, 0.000000000000000000 ) ) ;
#431 =( CONVERSION_BASED_UNIT ( 'INCH', #4316 ) LENGTH_UNIT ( ) NAMED_UNIT ( #4171 ) );
#432 = CIRCLE ( 'NONE', #5460, 0.0003937007874015738219 ) ;
#433 = DIRECTION ( 'NONE',  ( 3.106967419659950017E-16, -1.000000000000000000, -4.991641978379239941E-16 ) ) ;
#434 = ORIENTED_EDGE ( 'NONE', *, *, #2368, .T. ) ;
#435 = CARTESIAN_POINT ( 'NONE',  ( -0.007874015748031495954, 0.09803149606299214891, -0.1462265101681865520 ) ) ;
#436 = LENGTH_MEASURE_WITH_UNIT ( LENGTH_MEASURE( 0.02539999999999999897 ), #522 );
#437 = MECHANICAL_DESIGN_GEOMETRIC_PRESENTATION_REPRESENTATION (  '', ( #4823 ), #2585 ) ;
#438 = ORIENTED_EDGE ( 'NONE', *, *, #2058, .F. ) ;
#439 = ADVANCED_FACE ( 'NONE', ( #1611 ), #2909, .T. ) ;
#440 = CIRCLE ( 'NONE', #3221, 0.0003937007874015758277 ) ;
#441 = CARTESIAN_POINT ( 'NONE',  ( -0.004330708661417363541, 0.09842519685039372024, -0.06204120636724646393 ) ) ;
#442 = LENGTH_MEASURE_WITH_UNIT ( LENGTH_MEASURE( 0.02539999999999999897 ), #2575 );
#443 =( NAMED_UNIT ( * ) SI_UNIT ( $, .STERADIAN. ) SOLID_ANGLE_UNIT ( ) );
#444 = SURFACE_STYLE_FILL_AREA ( #466 ) ;
#445 =( CONVERSION_BASED_UNIT ( 'INCH', #2522 ) LENGTH_UNIT ( ) NAMED_UNIT ( #530 ) );
#446 = VECTOR ( 'NONE', #515, 39.37007874015748143 ) ;
#447 = STYLED_ITEM ( 'NONE', ( #4731 ), #3325 ) ;
#448 = EDGE_CURVE ( 'NONE', #4411, #151, #5524, .T. ) ;
#449 =( GEOMETRIC_REPRESENTATION_CONTEXT ( 3 ) GLOBAL_UNCERTAINTY_ASSIGNED_CONTEXT ( ( #4926 ) ) GLOBAL_UNIT_ASSIGNED_CONTEXT ( ( #4551, #4065, #3592 ) ) REPRESENTATION_CONTEXT ( 'NONE', 'WORKASPACE' ) );
#450 =( GEOMETRIC_REPRESENTATION_CONTEXT ( 3 ) GLOBAL_UNCERTAINTY_ASSIGNED_CONTEXT ( ( #663 ) ) GLOBAL_UNIT_ASSIGNED_CONTEXT ( ( #4744, #3030, #926 ) ) REPRESENTATION_CONTEXT ( 'NONE', 'WORKASPACE' ) );
#451 =( LENGTH_UNIT ( ) NAMED_UNIT ( * ) SI_UNIT ( $, .METRE. ) );
#452 = VERTEX_POINT ( 'NONE', #833 ) ;
#453 = DIMENSIONAL_EXPONENTS ( 1.000000000000000000, 0.000000000000000000, 0.000000000000000000, 0.000000000000000000, 0.000000000000000000, 0.000000000000000000, 0.000000000000000000 ) ;
#454 =( CONVERSION_BASED_UNIT ( 'INCH', #4283 ) LENGTH_UNIT ( ) NAMED_UNIT ( #190 ) );
#455 = SURFACE_STYLE_FILL_AREA ( #4315 ) ;
#456 = FILL_AREA_STYLE_COLOUR ( '', #3885 ) ;
#457 = ORIENTED_EDGE ( 'NONE', *, *, #2505, .F. ) ;
#458 = UNCERTAINTY_MEASURE_WITH_UNIT (LENGTH_MEASURE( 1.000000000000000082E-05 ), #2762, 'distance_accuracy_value', 'NONE');
#459 = PRESENTATION_STYLE_ASSIGNMENT (( #859 ) ) ;
#460 = FACE_OUTER_BOUND ( 'NONE', #3665, .T. ) ;
#461 = CARTESIAN_POINT ( 'NONE',  ( 0.01295209524220404008, -0.1696034971505058497, 0.09728406055585843426 ) ) ;
#462 = VERTEX_POINT ( 'NONE', #1751 ) ;
#463 = CARTESIAN_POINT ( 'NONE',  ( 0.01093934804725359144, 0.03207622717006004126, 0.09930432977745050349 ) ) ;
#464 = CARTESIAN_POINT ( 'NONE',  ( -0.004154640316732346322, 0.09838363275236221284, -0.0003937007874015748519 ) ) ;
#465 = CARTESIAN_POINT ( 'NONE',  ( 0.009907533847197311921, -0.1727962189219545142, -0.0001677374250463498117 ) ) ;
#466 = FILL_AREA_STYLE ('',( #946 ) ) ;
#467 = DIRECTION ( 'NONE',  ( -1.000000000000000000, 0.000000000000000000, 0.000000000000000000 ) ) ;
#468 =( CONVERSION_BASED_UNIT ( 'INCH', #4302 ) LENGTH_UNIT ( ) NAMED_UNIT ( #3034 ) );
#469 =( BOUNDED_SURFACE ( )  B_SPLINE_SURFACE ( 3, 3, ( 
 ( #1010, #3948, #1426, #593 ),
 ( #3512, #534, #5224, #1826 ),
 ( #1365, #110, #2720, #4435 ),
 ( #2266, #4768, #4822, #2694 ) ),
 .UNSPECIFIED., .F., .F., .F. ) 
 B_SPLINE_SURFACE_WITH_KNOTS ( ( 4, 4 ),
 ( 4, 4 ),
 ( 0.000000000000000000, 1.000000000000000000 ),
 ( 0.000000000000000000, 1.000000000000000000 ),
 .UNSPECIFIED. ) 
 GEOMETRIC_REPRESENTATION_ITEM ( )  RATIONAL_B_SPLINE_SURFACE ( (
 ( 1.000000000000000000, 0.3333333333332949011, 0.3333333333332949011, 1.000000000000000000),
 ( 0.9245018060306412488, 0.3081672686768449076, 0.3081672686768449076, 0.9245018060306412488),
 ( 0.9245018060306412488, 0.3081672686768449076, 0.3081672686768449076, 0.9245018060306412488),
 ( 1.000000000000000000, 0.3333333333332949011, 0.3333333333332949011, 1.000000000000000000) ) ) 
 REPRESENTATION_ITEM ( '' )  SURFACE ( )  );
#470 = ORIENTED_EDGE ( 'NONE', *, *, #3667, .T. ) ;
#471 = CARTESIAN_POINT ( 'NONE',  ( -0.03543307086614173873, 0.03313648383644914042, 0.001968503937007873988 ) ) ;
#472 = EDGE_CURVE ( 'NONE', #4430, #2797, #3340, .T. ) ;
#473 = CARTESIAN_POINT ( 'NONE',  ( -0.007610482609814862680, 0.09838988450364623273, -0.0004917539296858823615 ) ) ;
#474 = SURFACE_SIDE_STYLE ('',( #4306 ) ) ;
#475 = DIRECTION ( 'NONE',  ( 1.000000000000000000, 0.000000000000000000, -0.000000000000000000 ) ) ;
#476 = CARTESIAN_POINT ( 'NONE',  ( -0.003963347240573005838, 0.09822377663365149114, -0.1466030112351139614 ) ) ;
#477 = VERTEX_POINT ( 'NONE', #15 ) ;
#478 = CIRCLE ( 'NONE', #4230, 0.0003937007874015719788 ) ;
#479 = STYLED_ITEM ( 'NONE', ( #3423 ), #4491 ) ;
#480 = LENGTH_MEASURE_WITH_UNIT ( LENGTH_MEASURE( 0.02539999999999999897 ), #3118 );
#481 = CARTESIAN_POINT ( 'NONE',  ( -0.06889763779527556531, -0.1043307086614173457, 0.09645669291338584972 ) ) ;
#482 = ADVANCED_FACE ( 'NONE', ( #4290 ), #1690, .T. ) ;
#483 = COLOUR_RGB ( '',0.8313725490196077761, 0.8313725490196077761, 0.8313725490196077761 ) ;
#484 = CARTESIAN_POINT ( 'NONE',  ( 0.03937007874015747977, -0.1614173228346456601, 0.000000000000000000 ) ) ;
#485 = MECHANICAL_DESIGN_GEOMETRIC_PRESENTATION_REPRESENTATION (  '', ( #5432 ), #2548 ) ;
#486 = VERTEX_POINT ( 'NONE', #1321 ) ;
#487 = DIMENSIONAL_EXPONENTS ( 1.000000000000000000, 0.000000000000000000, 0.000000000000000000, 0.000000000000000000, 0.000000000000000000, 0.000000000000000000, 0.000000000000000000 ) ;
#488 = CARTESIAN_POINT ( 'NONE',  ( 0.01097903596297171089, -0.1727244418903020051, 0.0008319876590755475709 ) ) ;
#489 = PRESENTATION_STYLE_ASSIGNMENT (( #1275 ) ) ;
#490 = CARTESIAN_POINT ( 'NONE',  ( -0.007480314960629923758, 0.09803149606299213503, -0.2082677165354326898 ) ) ;
#491 = ORIENTED_EDGE ( 'NONE', *, *, #613, .T. ) ;
#492 = CARTESIAN_POINT ( 'NONE',  ( 0.01105081299462419044, 0.03320149799860716566, 0.09859293427543999733 ) ) ;
#493 = DIRECTION ( 'NONE',  ( -5.891513691996699874E-17, 1.000000000000000000, 0.000000000000000000 ) ) ;
#494 = CARTESIAN_POINT ( 'NONE',  ( -0.004330708661417385225, 0.09803149606299210728, -0.2082677165354326898 ) ) ;
#495 =( GEOMETRIC_REPRESENTATION_CONTEXT ( 3 ) GLOBAL_UNCERTAINTY_ASSIGNED_CONTEXT ( ( #2794 ) ) GLOBAL_UNIT_ASSIGNED_CONTEXT ( ( #1624, #353, #3759 ) ) REPRESENTATION_CONTEXT ( 'NONE', 'WORKASPACE' ) );
#496 =( NAMED_UNIT ( * ) PLANE_ANGLE_UNIT ( ) SI_UNIT ( $, .RADIAN. ) );
#497 =( NAMED_UNIT ( * ) SI_UNIT ( $, .STERADIAN. ) SOLID_ANGLE_UNIT ( ) );
#498 = ORIENTED_EDGE ( 'NONE', *, *, #158, .F. ) ;
#499 = SURFACE_SIDE_STYLE ('',( #26 ) ) ;
#500 = CARTESIAN_POINT ( 'NONE',  ( -0.008102230072062958227, 0.09819696959148657700, -0.06164432067487367328 ) ) ;
#501 = CARTESIAN_POINT ( 'NONE',  ( -0.003937007874015708078, -0.09354463915094014814, -0.1466202109555882205 ) ) ;
#502 = CARTESIAN_POINT ( 'NONE',  ( 0.03910654560194089246, -0.1619090767643316386, -3.531234674752113461E-05 ) ) ;
#503 =( BOUNDED_SURFACE ( )  B_SPLINE_SURFACE ( 3, 3, ( 
 ( #6, #1179, #2895, #2056 ),
 ( #1681, #4717, #3867, #5057 ),
 ( #53, #1738, #2956, #400 ),
 ( #30, #2528, #4667, #3427 ) ),
 .UNSPECIFIED., .F., .F., .F. ) 
 B_SPLINE_SURFACE_WITH_KNOTS ( ( 4, 4 ),
 ( 4, 4 ),
 ( 0.000000000000000000, 1.000000000000000000 ),
 ( 0.000000000000000000, 1.000000000000000000 ),
 .UNSPECIFIED. ) 
 GEOMETRIC_REPRESENTATION_ITEM ( )  RATIONAL_B_SPLINE_SURFACE ( (
 ( 1.000000000000000000, 0.3333333333332876292, 0.3333333333332876292, 1.000000000000000000),
 ( 0.9245018060306305907, 0.3081672686768345826, 0.3081672686768345826, 0.9245018060306305907),
 ( 0.9245018060306305907, 0.3081672686768345826, 0.3081672686768345826, 0.9245018060306305907),
 ( 1.000000000000000000, 0.3333333333332876292, 0.3333333333332876292, 1.000000000000000000) ) ) 
 REPRESENTATION_ITEM ( '' )  SURFACE ( )  );
#504 = CYLINDRICAL_SURFACE ( 'NONE', #3828, 0.0003937007874015747977 ) ;
#505 = ORIENTED_EDGE ( 'NONE', *, *, #2058, .T. ) ;
#506 = EDGE_CURVE ( 'NONE', #4888, #4053, #3874, .T. ) ;
#507 = FILL_AREA_STYLE ('',( #2668 ) ) ;
#508 = CARTESIAN_POINT ( 'NONE',  ( -0.004138428090758052534, 0.09839885748383650488, -0.0003765010669272902673 ) ) ;
#509 = DIRECTION ( 'NONE',  ( 0.000000000000000000, 0.000000000000000000, -1.000000000000000000 ) ) ;
#510 =( CONVERSION_BASED_UNIT ( 'INCH', #2964 ) LENGTH_UNIT ( ) NAMED_UNIT ( #852 ) );
#511 = CARTESIAN_POINT ( 'NONE',  ( 0.03937007874015752834, -0.1649606299212598437, 0.000000000000000000 ) ) ;
#512 = COLOUR_RGB ( '',0.8313725490196077761, 0.8313725490196077761, 0.8313725490196077761 ) ;
#513 = ADVANCED_FACE ( 'NONE', ( #90 ), #3411, .T. ) ;
#514 = EDGE_LOOP ( 'NONE', ( #2078, #434, #4843, #1861, #4390, #2759, #3114, #378 ) ) ;
#515 = DIRECTION ( 'NONE',  ( 1.000000000000000000, 0.000000000000000000, -0.000000000000000000 ) ) ;
#516 = SURFACE_STYLE_USAGE ( .BOTH. , #887 ) ;
#517 = VECTOR ( 'NONE', #4995, 39.37007874015748143 ) ;
#518 = UNCERTAINTY_MEASURE_WITH_UNIT (LENGTH_MEASURE( 1.000000000000000082E-05 ), #2296, 'distance_accuracy_value', 'NONE');
#519 = CARTESIAN_POINT ( 'NONE',  ( -0.004330708661417391296, 0.09803149606299214891, -0.0003937007874015748519 ) ) ;
#520 = CARTESIAN_POINT ( 'NONE',  ( 0.01097903596297170221, -0.1727244418903020051, 0.0008319876590755150448 ) ) ;
#521 = CARTESIAN_POINT ( 'NONE',  ( 0.007858091223175564174, -0.1746975011695343361, 0.001141136294535259523 ) ) ;
#522 =( LENGTH_UNIT ( ) NAMED_UNIT ( * ) SI_UNIT ( $, .METRE. ) );
#523 = CARTESIAN_POINT ( 'NONE',  ( 0.01167932678926123652, -0.1725493284656662574, 0.09654269151575721464 ) ) ;
#524 = ORIENTED_EDGE ( 'NONE', *, *, #824, .T. ) ;
#525 = VECTOR ( 'NONE', #1729, 39.37007874015748143 ) ;
#526 = FACE_OUTER_BOUND ( 'NONE', #1875, .T. ) ;
#527 = CARTESIAN_POINT ( 'NONE',  ( -0.001187868158594445646, -0.1618110236220473008, 0.000000000000000000 ) ) ;
#528 = CIRCLE ( 'NONE', #5472, 0.0003937007874015774540 ) ;
#529 = CARTESIAN_POINT ( 'NONE',  ( -0.007480314960629961055, 0.09803149606299214891, -0.1466202109555881927 ) ) ;
#530 = DIMENSIONAL_EXPONENTS ( 1.000000000000000000, 0.000000000000000000, 0.000000000000000000, 0.000000000000000000, 0.000000000000000000, 0.000000000000000000, 0.000000000000000000 ) ;
#531 = ORIENTED_EDGE ( 'NONE', *, *, #588, .T. ) ;
#532 = STYLED_ITEM ( 'NONE', ( #383 ), #3020 ) ;
#533 =( NAMED_UNIT ( * ) SI_UNIT ( $, .STERADIAN. ) SOLID_ANGLE_UNIT ( ) );
#534 = CARTESIAN_POINT ( 'NONE',  ( -0.003889104982676045135, 0.09805885430175421968, -0.0001807529381456110616 ) ) ;
#535 = AXIS2_PLACEMENT_3D ( 'NONE', #68, #5236, #1753 ) ;
#536 = EDGE_LOOP ( 'NONE', ( #3938, #123, #4472, #609 ) ) ;
#537 = PRESENTATION_LAYER_ASSIGNMENT (  '', '', ( #4482 ) ) ;
#538 = FILL_AREA_STYLE_COLOUR ( '', #989 ) ;
#539 = CARTESIAN_POINT ( 'NONE',  ( -0.02362204724409444970, -0.1715879256123697127, 0.001968503937007873988 ) ) ;
#540 = EDGE_CURVE ( 'NONE', #1913, #4214, #309, .T. ) ;
#541 = LINE ( 'NONE', #1121, #5478 ) ;
#542 = PRESENTATION_LAYER_ASSIGNMENT (  '', '', ( #4828 ) ) ;
#543 = ORIENTED_EDGE ( 'NONE', *, *, #3501, .F. ) ;
#544 = LINE ( 'NONE', #2645, #2414 ) ;
#545 = CARTESIAN_POINT ( 'NONE',  ( 0.01144300998920638746, -0.1727244418903020606, 0.09712923516508353838 ) ) ;
#546 = SURFACE_SIDE_STYLE ('',( #579 ) ) ;
#547 = ADVANCED_FACE ( 'NONE', ( #1840 ), #1439, .T. ) ;
#548 = UNCERTAINTY_MEASURE_WITH_UNIT (LENGTH_MEASURE( 1.000000000000000082E-05 ), #4433, 'distance_accuracy_value', 'NONE');
#549 = CARTESIAN_POINT ( 'NONE',  ( -0.007874015748031608711, -0.09308338998745409321, -0.06227183094898923466 ) ) ;
#550 = DIRECTION ( 'NONE',  ( -0.000000000000000000, -1.000000000000000000, -3.422365305298960131E-16 ) ) ;
#551 = CIRCLE ( 'NONE', #4039, 0.001968503937007873988 ) ;
#552 = ORIENTED_EDGE ( 'NONE', *, *, #4671, .T. ) ;
#553 = PRODUCT_DEFINITION_SHAPE ( 'NONE', 'NONE',  #5529 ) ;
#554 =( NAMED_UNIT ( * ) PLANE_ANGLE_UNIT ( ) SI_UNIT ( $, .RADIAN. ) );
#555 = ADVANCED_FACE ( 'NONE', ( #4444 ), #1529, .T. ) ;
#556 = CARTESIAN_POINT ( 'NONE',  ( -0.004330708661417391296, 0.09803149606299214891, -0.2082677165354326621 ) ) ;
#557 = PRESENTATION_STYLE_ASSIGNMENT (( #3943 ) ) ;
#558 = FILL_AREA_STYLE_COLOUR ( '', #3471 ) ;
#559 = ORIENTED_EDGE ( 'NONE', *, *, #3894, .T. ) ;
#560 = CARTESIAN_POINT ( 'NONE',  ( -0.004330708661417362673, 0.03248031496062988438, -0.0003937007874015748519 ) ) ;
#561 = CARTESIAN_POINT ( 'NONE',  ( 0.03887832481047154287, -0.1650907975704446196, -0.2086261049760871900 ) ) ;
#562 = CARTESIAN_POINT ( 'NONE',  ( -0.007699680633072868846, 0.09860102343580509632, -0.06182915503396856083 ) ) ;
#563 =( LENGTH_UNIT ( ) NAMED_UNIT ( * ) SI_UNIT ( $, .METRE. ) );
#564 = CARTESIAN_POINT ( 'NONE',  ( 0.03916865852341524373, -0.1614436622012029587, -0.0003765010669273406285 ) ) ;
#565 = AXIS2_PLACEMENT_3D ( 'NONE', #3383, #4114, #5077 ) ;
#566 =( NAMED_UNIT ( * ) SI_UNIT ( $, .STERADIAN. ) SOLID_ANGLE_UNIT ( ) );
#567 = ORIENTED_EDGE ( 'NONE', *, *, #1436, .T. ) ;
#568 = DIMENSIONAL_EXPONENTS ( 1.000000000000000000, 0.000000000000000000, 0.000000000000000000, 0.000000000000000000, 0.000000000000000000, 0.000000000000000000, 0.000000000000000000 ) ;
#569 = LENGTH_MEASURE_WITH_UNIT ( LENGTH_MEASURE( 0.02539999999999999897 ), #2213 );
#570 = CARTESIAN_POINT ( 'NONE',  ( -0.004542759994695176433, 0.09860102343580506856, -0.0001743351149587237100 ) ) ;
#571 = VECTOR ( 'NONE', #4576, 39.37007874015748143 ) ;
#572 = STYLED_ITEM ( 'NONE', ( #2407 ), #4525 ) ;
#573 = ORIENTED_EDGE ( 'NONE', *, *, #2300, .T. ) ;
#574 = FILL_AREA_STYLE_COLOUR ( '', #3927 ) ;
#575 =( GEOMETRIC_REPRESENTATION_CONTEXT ( 3 ) GLOBAL_UNCERTAINTY_ASSIGNED_CONTEXT ( ( #968 ) ) GLOBAL_UNIT_ASSIGNED_CONTEXT ( ( #2462, #3614, #216 ) ) REPRESENTATION_CONTEXT ( 'NONE', 'WORKASPACE' ) );
#576 = CARTESIAN_POINT ( 'NONE',  ( -0.007707618216216400968, 0.09825879931857858796, -0.2084950197910190595 ) ) ;
#577 = UNCERTAINTY_MEASURE_WITH_UNIT (LENGTH_MEASURE( 1.000000000000000082E-05 ), #510, 'distance_accuracy_value', 'NONE');
#578 = COLOUR_RGB ( '',0.8313725490196077761, 0.8313725490196077761, 0.8313725490196077761 ) ;
#579 = SURFACE_STYLE_FILL_AREA ( #1842 ) ;
#580 = PRESENTATION_STYLE_ASSIGNMENT (( #4018 ) ) ;
#581 = DIRECTION ( 'NONE',  ( -1.000000000000000000, 9.715746612517629834E-32, -7.395570986447019613E-32 ) ) ;
#582 = PRESENTATION_LAYER_ASSIGNMENT (  '', '', ( #5432 ) ) ;
#583 = EDGE_CURVE ( 'NONE', #4625, #1297, #2088, .T. ) ;
#584 = ORIENTED_EDGE ( 'NONE', *, *, #2567, .T. ) ;
#585 = CARTESIAN_POINT ( 'NONE',  ( -0.003937007874015677721, -0.1574803149606299191, 0.000000000000000000 ) ) ;
#586 = CARTESIAN_POINT ( 'NONE',  ( 0.03920368120834237524, -0.1651879331768462689, -0.0001663975318151281624 ) ) ;
#587 = EDGE_LOOP ( 'NONE', ( #1398, #3906, #4978, #4527, #2381 ) ) ;
#588 = EDGE_CURVE ( 'NONE', #2458, #462, #2808, .T. ) ;
#589 = FACE_OUTER_BOUND ( 'NONE', #5501, .T. ) ;
#590 = FACE_OUTER_BOUND ( 'NONE', #2739, .T. ) ;
#591 = CARTESIAN_POINT ( 'NONE',  ( -0.004612491634857452880, -0.1653543307086613734, -0.2082677165354330784 ) ) ;
#592 = LENGTH_MEASURE_WITH_UNIT ( LENGTH_MEASURE( 0.02539999999999999897 ), #1825 );
#593 = CARTESIAN_POINT ( 'NONE',  ( -0.004103405405830926229, 0.09825879931857858796, -0.0001663975318151248827 ) ) ;
#594 = VERTEX_POINT ( 'NONE', #5063 ) ;
#595 = COLOUR_RGB ( '',0.8313725490196077761, 0.8313725490196077761, 0.8313725490196077761 ) ;
#596 = CYLINDRICAL_SURFACE ( 'NONE', #748, 0.0003937007874015747977 ) ;
#597 = CARTESIAN_POINT ( 'NONE',  ( 0.03919574362519881450, -0.1655301572940727495, -0.0006057521206793804259 ) ) ;
#598 =( LENGTH_UNIT ( ) NAMED_UNIT ( * ) SI_UNIT ( $, .METRE. ) );
#599 = PRESENTATION_LAYER_ASSIGNMENT (  '', '', ( #3461 ) ) ;
#600 = PRODUCT ( 'side', 'side', '', ( #2086 ) ) ;
#601 = AXIS2_PLACEMENT_3D ( 'NONE', #4275, #3890, #2128 ) ;
#602 = VECTOR ( 'NONE', #2428, 39.37007874015748143 ) ;
#603 = ORIENTED_EDGE ( 'NONE', *, *, #448, .T. ) ;
#604 = CARTESIAN_POINT ( 'NONE',  ( 0.009842519685039369942, 0.03313648383644914042, 0.09645669291338584972 ) ) ;
#605 = DIMENSIONAL_EXPONENTS ( 1.000000000000000000, 0.000000000000000000, 0.000000000000000000, 0.000000000000000000, 0.000000000000000000, 0.000000000000000000, 0.000000000000000000 ) ;
#606 = FILL_AREA_STYLE ('',( #4956 ) ) ;
#607 = UNCERTAINTY_MEASURE_WITH_UNIT (LENGTH_MEASURE( 1.000000000000000082E-05 ), #4938, 'distance_accuracy_value', 'NONE');
#608 =( GEOMETRIC_REPRESENTATION_CONTEXT ( 3 ) GLOBAL_UNCERTAINTY_ASSIGNED_CONTEXT ( ( #2856 ) ) GLOBAL_UNIT_ASSIGNED_CONTEXT ( ( #706, #2410, #5340 ) ) REPRESENTATION_CONTEXT ( 'NONE', 'WORKASPACE' ) );
#609 = ORIENTED_EDGE ( 'NONE', *, *, #919, .T. ) ;
#610 = CARTESIAN_POINT ( 'NONE',  ( -0.007614823410969510757, 0.09835159412382554756, -0.06226850962283292379 ) ) ;
#611 = CARTESIAN_POINT ( 'NONE',  ( -0.007874015748031457790, -0.1653543307086614567, -0.2082677165354326898 ) ) ;
#612 = CARTESIAN_POINT ( 'NONE',  ( 0.03914157342163164521, -0.1647756636897656224, 0.0002029116871948420284 ) ) ;
#613 = EDGE_CURVE ( 'NONE', #886, #486, #5006, .T. ) ;
#614 = DIRECTION ( 'NONE',  ( 0.000000000000000000, -1.000000000000000000, 0.000000000000000000 ) ) ;
#615 = CARTESIAN_POINT ( 'NONE',  ( -0.007707618216216462551, 0.09825879931857861571, -0.1463929077000017120 ) ) ;
#616 = ORIENTED_EDGE ( 'NONE', *, *, #2159, .T. ) ;
#617 = CARTESIAN_POINT ( 'NONE',  ( -0.004330708661417362673, 0.09803149606299214891, -0.0003937007874015748519 ) ) ;
#618 = FILL_AREA_STYLE ('',( #4432 ) ) ;
#619 = CARTESIAN_POINT ( 'NONE',  ( -0.007710939542372551372, -0.1619972787659127722, -0.2086614173228342473 ) ) ;
#620 =( NAMED_UNIT ( * ) SI_UNIT ( $, .STERADIAN. ) SOLID_ANGLE_UNIT ( ) );
#621 = EDGE_CURVE ( 'NONE', #1169, #2997, #746, .T. ) ;
#622 = FACE_OUTER_BOUND ( 'NONE', #1006, .T. ) ;
#623 = VERTEX_POINT ( 'NONE', #329 ) ;
#624 =( BOUNDED_SURFACE ( )  B_SPLINE_SURFACE ( 3, 3, ( 
 ( #3811, #5121, #2866, #4687 ),
 ( #3363, #4604, #1569, #3286 ),
 ( #1175, #3754, #2524, #2103 ),
 ( #1146, #5053, #4575, #2469 ) ),
 .UNSPECIFIED., .F., .F., .F. ) 
 B_SPLINE_SURFACE_WITH_KNOTS ( ( 4, 4 ),
 ( 4, 4 ),
 ( 0.000000000000000000, 1.000000000000000000 ),
 ( 0.000000000000000000, 1.000000000000000000 ),
 .UNSPECIFIED. ) 
 GEOMETRIC_REPRESENTATION_ITEM ( )  RATIONAL_B_SPLINE_SURFACE ( (
 ( 1.000000000000000000, 0.8047378541243649375, 0.8047378541243649375, 1.000000000000000000),
 ( 0.8047378541243445094, 0.6476030138606712061, 0.6476030138606712061, 0.8047378541243445094),
 ( 0.8047378541243445094, 0.6476030138606712061, 0.6476030138606712061, 0.8047378541243445094),
 ( 1.000000000000000000, 0.8047378541243649375, 0.8047378541243649375, 1.000000000000000000) ) ) 
 REPRESENTATION_ITEM ( '' )  SURFACE ( )  );
#625 = CARTESIAN_POINT ( 'NONE',  ( -0.007480314960629961055, 0.09803149606299214891, -0.2082677165354326898 ) ) ;
#626 = CARTESIAN_POINT ( 'NONE',  ( 0.03920368120834240994, -0.1651879331768462966, -0.0001663975318151119265 ) ) ;
#627 = CIRCLE ( 'NONE', #1688, 0.0003937007874015587515 ) ;
#628 = FILL_AREA_STYLE ('',( #1073 ) ) ;
#629 = ADVANCED_FACE ( 'NONE', ( #1184 ), #728, .T. ) ;
#630 = SURFACE_SIDE_STYLE ('',( #5378 ) ) ;
#631 = AXIS2_PLACEMENT_3D ( 'NONE', #5406, #2839, #4440 ) ;
#632 = MECHANICAL_DESIGN_GEOMETRIC_PRESENTATION_REPRESENTATION (  '', ( #1607 ), #4572 ) ;
#633 = ORIENTED_EDGE ( 'NONE', *, *, #5040, .F. ) ;
#634 = CARTESIAN_POINT ( 'NONE',  ( 0.06889763779527559306, -0.1043307086614173318, 0.000000000000000000 ) ) ;
#635 =( NAMED_UNIT ( * ) PLANE_ANGLE_UNIT ( ) SI_UNIT ( $, .RADIAN. ) );
#636 = COLOUR_RGB ( '',0.8313725490196077761, 0.8313725490196077761, 0.8313725490196077761 ) ;
#637 =( NAMED_UNIT ( * ) SI_UNIT ( $, .STERADIAN. ) SOLID_ANGLE_UNIT ( ) );
#638 = VERTEX_POINT ( 'NONE', #5520 ) ;
#639 =( CONVERSION_BASED_UNIT ( 'INCH', #3579 ) LENGTH_UNIT ( ) NAMED_UNIT ( #3004 ) );
#640 = CARTESIAN_POINT ( 'NONE',  ( 0.008917688527567954604, 0.03611954620943140515, 0.09728267025776478338 ) ) ;
#641 = DIRECTION ( 'NONE',  ( 2.710505431213753985E-15, -1.000000000000000000, 0.000000000000000000 ) ) ;
#642 = VERTEX_POINT ( 'NONE', #481 ) ;
#643 = DIRECTION ( 'NONE',  ( 0.5773502691896228445, 0.5773502691896091887, 0.5773502691896451600 ) ) ;
#644 = SURFACE_SIDE_STYLE ('',( #3253 ) ) ;
#645 = SURFACE_SIDE_STYLE ('',( #3720 ) ) ;
#646 =( NAMED_UNIT ( * ) PLANE_ANGLE_UNIT ( ) SI_UNIT ( $, .RADIAN. ) );
#647 = DIRECTION ( 'NONE',  ( -0.000000000000000000, 1.000000000000000000, 0.000000000000000000 ) ) ;
#648 = ORIENTED_EDGE ( 'NONE', *, *, #3525, .T. ) ;
#649 = EDGE_CURVE ( 'NONE', #2066, #3475, #881, .T. ) ;
#650 =( LENGTH_UNIT ( ) NAMED_UNIT ( * ) SI_UNIT ( $, .METRE. ) );
#651 = DIRECTION ( 'NONE',  ( -0.000000000000000000, -0.000000000000000000, -1.000000000000000000 ) ) ;
#652 = LENGTH_MEASURE_WITH_UNIT ( LENGTH_MEASURE( 0.02539999999999999897 ), #2697 );
#653 = VERTEX_POINT ( 'NONE', #1294 ) ;
#654 = MECHANICAL_DESIGN_GEOMETRIC_PRESENTATION_REPRESENTATION (  '', ( #4772 ), #5418 ) ;
#655 =( BOUNDED_SURFACE ( )  B_SPLINE_SURFACE ( 3, 3, ( 
 ( #4324, #520, #1807, #488 ),
 ( #5157, #3879, #148, #2222 ),
 ( #2675, #1323, #1299, #2703 ),
 ( #3465, #1724, #3441, #4353 ) ),
 .UNSPECIFIED., .F., .F., .F. ) 
 B_SPLINE_SURFACE_WITH_KNOTS ( ( 4, 4 ),
 ( 4, 4 ),
 ( 0.000000000000000000, 1.000000000000000000 ),
 ( 0.000000000000000000, 1.000000000000000000 ),
 .UNSPECIFIED. ) 
 GEOMETRIC_REPRESENTATION_ITEM ( )  RATIONAL_B_SPLINE_SURFACE ( (
 ( 1.000000000000000000, 0.3333333333333246551, 0.3333333333333246551, 1.000000000000000000),
 ( 0.9245018060306413599, 0.3081672686768724412, 0.3081672686768724412, 0.9245018060306413599),
 ( 0.9245018060306413599, 0.3081672686768724412, 0.3081672686768724412, 0.9245018060306413599),
 ( 1.000000000000000000, 0.3333333333333246551, 0.3333333333333246551, 1.000000000000000000) ) ) 
 REPRESENTATION_ITEM ( '' )  SURFACE ( )  );
#656 = EDGE_CURVE ( 'NONE', #965, #594, #2007, .T. ) ;
#657 = VERTEX_POINT ( 'NONE', #2187 ) ;
#658 = DIRECTION ( 'NONE',  ( 0.000000000000000000, 0.000000000000000000, -1.000000000000000000 ) ) ;
#659 = AXIS2_PLACEMENT_3D ( 'NONE', #195, #1481, #5344 ) ;
#660 = AXIS2_PLACEMENT_3D ( 'NONE', #5155, #4758, #4706 ) ;
#661 =( NAMED_UNIT ( * ) SI_UNIT ( $, .STERADIAN. ) SOLID_ANGLE_UNIT ( ) );
#662 = CARTESIAN_POINT ( 'NONE',  ( -0.007497514681104248783, 0.09839885748383650488, -0.1464279303849289060 ) ) ;
#663 = UNCERTAINTY_MEASURE_WITH_UNIT (LENGTH_MEASURE( 1.000000000000000082E-05 ), #4744, 'distance_accuracy_value', 'NONE');
#664 = DIRECTION ( 'NONE',  ( 0.4082482904638620180, -0.8164965809277240361, 0.4082482904638680132 ) ) ;
#665 = STYLED_ITEM ( 'NONE', ( #1915 ), #855 ) ;
#666 = DIMENSIONAL_EXPONENTS ( 1.000000000000000000, 0.000000000000000000, 0.000000000000000000, 0.000000000000000000, 0.000000000000000000, 0.000000000000000000, 0.000000000000000000 ) ;
#667 = ORIENTED_EDGE ( 'NONE', *, *, #3658, .F. ) ;
#668 = STYLED_ITEM ( 'NONE', ( #1706 ), #4495 ) ;
#669 = PLANE ( 'NONE',  #3609 ) ;
#670 = CARTESIAN_POINT ( 'NONE',  ( -0.007480314960629961055, 0.09803149606299214891, -0.06204120636724646393 ) ) ;
#671 = VECTOR ( 'NONE', #2244, 39.37007874015748143 ) ;
#672 = PRESENTATION_LAYER_ASSIGNMENT (  '', '', ( #3444 ) ) ;
#673 = DIRECTION ( 'NONE',  ( -1.000000000000000000, -2.775557561562900029E-15, -1.321694076934709909E-16 ) ) ;
#674 = AXIS2_PLACEMENT_3D ( 'NONE', #4932, #1004, #2798 ) ;
#675 = UNCERTAINTY_MEASURE_WITH_UNIT (LENGTH_MEASURE( 1.000000000000000082E-05 ), #1213, 'distance_accuracy_value', 'NONE');
#676 = ORIENTED_EDGE ( 'NONE', *, *, #3400, .F. ) ;
#677 = STYLED_ITEM ( 'NONE', ( #4010 ), #1429 ) ;
#678 = CARTESIAN_POINT ( 'NONE',  ( 0.03920368120834243075, -0.1651879331768463244, -0.2084950197910195591 ) ) ;
#679 = FILL_AREA_STYLE ('',( #1063 ) ) ;
#680 = PRESENTATION_STYLE_ASSIGNMENT (( #4512 ) ) ;
#681 = PRESENTATION_STYLE_ASSIGNMENT (( #1119 ) ) ;
#682 = SURFACE_SIDE_STYLE ('',( #3724 ) ) ;
#683 = ORIENTED_EDGE ( 'NONE', *, *, #727, .F. ) ;
#684 = DIRECTION ( 'NONE',  ( 0.000000000000000000, -0.000000000000000000, 1.000000000000000000 ) ) ;
#685 = LENGTH_MEASURE_WITH_UNIT ( LENGTH_MEASURE( 0.02539999999999999897 ), #4520 );
#686 = CARTESIAN_POINT ( 'NONE',  ( 7.512581982576731863E-18, 0.03510498777345701094, 0.001968503937007873988 ) ) ;
#687 = EDGE_CURVE ( 'NONE', #117, #277, #3897, .T. ) ;
#688 = PRESENTATION_LAYER_ASSIGNMENT (  '', '', ( #2289 ) ) ;
#689 = ORIENTED_EDGE ( 'NONE', *, *, #1677, .F. ) ;
#690 = EDGE_LOOP ( 'NONE', ( #2752, #4799, #5038, #1454 ) ) ;
#691 = SURFACE_SIDE_STYLE ('',( #2340 ) ) ;
#692 = CARTESIAN_POINT ( 'NONE',  ( -0.003937007874015708946, -0.09321848673962276899, -0.06204120636724644311 ) ) ;
#693 = CARTESIAN_POINT ( 'NONE',  ( -0.004330708661417361806, -0.03346456692913390291, -0.2086614173228342750 ) ) ;
#694 = EDGE_CURVE ( 'NONE', #171, #3402, #314, .T. ) ;
#695 =( GEOMETRIC_REPRESENTATION_CONTEXT ( 3 ) GLOBAL_UNCERTAINTY_ASSIGNED_CONTEXT ( ( #999 ) ) GLOBAL_UNIT_ASSIGNED_CONTEXT ( ( #1190, #2092, #3378 ) ) REPRESENTATION_CONTEXT ( 'NONE', 'WORKASPACE' ) );
#696 = VERTEX_POINT ( 'NONE', #1769 ) ;
#697 = LENGTH_MEASURE_WITH_UNIT ( LENGTH_MEASURE( 0.02539999999999999897 ), #2453 );
#698 = LINE ( 'NONE', #4986, #4976 ) ;
#699 = SURFACE_STYLE_FILL_AREA ( #3163 ) ;
#700 = ORIENTED_EDGE ( 'NONE', *, *, #1960, .T. ) ;
#701 = PRESENTATION_LAYER_ASSIGNMENT (  '', '', ( #1224 ) ) ;
#702 = CARTESIAN_POINT ( 'NONE',  ( 0.03897637795275595007, -0.1649606299212598437, -0.0003937007874015748519 ) ) ;
#703 = SURFACE_STYLE_FILL_AREA ( #4657 ) ;
#704 =( NAMED_UNIT ( * ) PLANE_ANGLE_UNIT ( ) SI_UNIT ( $, .RADIAN. ) );
#705 = DIRECTION ( 'NONE',  ( -0.4082482904637818599, -0.8164965809277406894, 0.4082482904639148091 ) ) ;
#706 =( CONVERSION_BASED_UNIT ( 'INCH', #5401 ) LENGTH_UNIT ( ) NAMED_UNIT ( #4208 ) );
#707 = CARTESIAN_POINT ( 'NONE',  ( -0.007874015748031494219, -0.09275723757613661691, -0.06204120636724635984 ) ) ;
#708 = CARTESIAN_POINT ( 'NONE',  ( -0.007707618216216366273, 0.09825879931857858796, -0.2084950197910191150 ) ) ;
#709 = CARTESIAN_POINT ( 'NONE',  ( -0.004313508940943087955, 0.09822377663365147726, -0.06240856778809083377 ) ) ;
#710 = CIRCLE ( 'NONE', #1319, 0.0003937007874015781045 ) ;
#711 =( NAMED_UNIT ( * ) PLANE_ANGLE_UNIT ( ) SI_UNIT ( $, .RADIAN. ) );
#712 = ORIENTED_EDGE ( 'NONE', *, *, #2538, .T. ) ;
#713 = COLOUR_RGB ( '',0.8313725490196077761, 0.8313725490196077761, 0.8313725490196077761 ) ;
#714 = AXIS2_PLACEMENT_3D ( 'NONE', #1606, #3347, #4584 ) ;
#715 = EDGE_LOOP ( 'NONE', ( #2145, #3816, #3746, #4026 ) ) ;
#716 = DIRECTION ( 'NONE',  ( 1.836970198721046944E-16, -1.000000000000000000, 0.000000000000000000 ) ) ;
#717 =( NAMED_UNIT ( * ) SI_UNIT ( $, .STERADIAN. ) SOLID_ANGLE_UNIT ( ) );
#718 = EDGE_CURVE ( 'NONE', #3187, #3327, #3170, .T. ) ;
#719 = PRESENTATION_STYLE_ASSIGNMENT (( #4555 ) ) ;
#720 = UNCERTAINTY_MEASURE_WITH_UNIT (LENGTH_MEASURE( 1.000000000000000082E-05 ), #4839, 'distance_accuracy_value', 'NONE');
#721 = CIRCLE ( 'NONE', #5019, 0.001968503937007874856 ) ;
#722 =( GEOMETRIC_REPRESENTATION_CONTEXT ( 3 ) GLOBAL_UNCERTAINTY_ASSIGNED_CONTEXT ( ( #2018 ) ) GLOBAL_UNIT_ASSIGNED_CONTEXT ( ( #1174, #4945, #443 ) ) REPRESENTATION_CONTEXT ( 'NONE', 'WORKASPACE' ) );
#723 = DIRECTION ( 'NONE',  ( 0.000000000000000000, 0.000000000000000000, 1.000000000000000000 ) ) ;
#724 = VERTEX_POINT ( 'NONE', #3407 ) ;
#725 = CIRCLE ( 'NONE', #1249, 0.0003937007874015719788 ) ;
#726 =( GEOMETRIC_REPRESENTATION_CONTEXT ( 3 ) GLOBAL_UNCERTAINTY_ASSIGNED_CONTEXT ( ( #3245 ) ) GLOBAL_UNIT_ASSIGNED_CONTEXT ( ( #5168, #2157, #3055 ) ) REPRESENTATION_CONTEXT ( 'NONE', 'WORKASPACE' ) );
#727 = EDGE_CURVE ( 'NONE', #1472, #139, #1637, .T. ) ;
#728 =( BOUNDED_SURFACE ( )  B_SPLINE_SURFACE ( 3, 3, ( 
 ( #1101, #2821, #1982, #3681 ),
 ( #2037, #2507, #1656, #1685 ),
 ( #3872, #61, #4260, #4210 ),
 ( #1235, #2986, #2162, #1716 ) ),
 .UNSPECIFIED., .F., .F., .F. ) 
 B_SPLINE_SURFACE_WITH_KNOTS ( ( 4, 4 ),
 ( 4, 4 ),
 ( 0.000000000000000000, 1.000000000000000000 ),
 ( 0.000000000000000000, 1.000000000000000000 ),
 .UNSPECIFIED. ) 
 GEOMETRIC_REPRESENTATION_ITEM ( )  RATIONAL_B_SPLINE_SURFACE ( (
 ( 1.000000000000000000, 0.3333333333332273996, 0.3333333333332273996, 1.000000000000000000),
 ( 0.9245018060306351426, 0.3081672686767804592, 0.3081672686767804592, 0.9245018060306351426),
 ( 0.9245018060306351426, 0.3081672686767804592, 0.3081672686767804592, 0.9245018060306351426),
 ( 1.000000000000000000, 0.3333333333332273996, 0.3333333333332273996, 1.000000000000000000) ) ) 
 REPRESENTATION_ITEM ( '' )  SURFACE ( )  );
#729 = LINE ( 'NONE', #1666, #3468 ) ;
#730 = UNCERTAINTY_MEASURE_WITH_UNIT (LENGTH_MEASURE( 1.000000000000000082E-05 ), #1051, 'distance_accuracy_value', 'NONE');
#731 = ORIENTED_EDGE ( 'NONE', *, *, #3774, .F. ) ;
#732 = STYLED_ITEM ( 'NONE', ( #4569 ), #3593 ) ;
#733 =( NAMED_UNIT ( * ) PLANE_ANGLE_UNIT ( ) SI_UNIT ( $, .RADIAN. ) );
#734 = EDGE_CURVE ( 'NONE', #486, #901, #5096, .T. ) ;
#735 = DIRECTION ( 'NONE',  ( 1.000000000000000000, 2.775557561562900029E-15, -0.000000000000000000 ) ) ;
#736 =( LENGTH_UNIT ( ) NAMED_UNIT ( * ) SI_UNIT ( $, .METRE. ) );
#737 =( NAMED_UNIT ( * ) PLANE_ANGLE_UNIT ( ) SI_UNIT ( $, .RADIAN. ) );
#738 = DIRECTION ( 'NONE',  ( 1.000000000000000000, 4.625929269271489858E-16, 0.000000000000000000 ) ) ;
#739 =( CONVERSION_BASED_UNIT ( 'INCH', #685 ) LENGTH_UNIT ( ) NAMED_UNIT ( #388 ) );
#740 = CARTESIAN_POINT ( 'NONE',  ( -0.004428761803701677068, 0.09816166371217702191, -0.06239959480790054774 ) ) ;
#741 =( CONVERSION_BASED_UNIT ( 'INCH', #2358 ) LENGTH_UNIT ( ) NAMED_UNIT ( #4866 ) );
#742 = ORIENTED_EDGE ( 'NONE', *, *, #49, .F. ) ;
#743 = VECTOR ( 'NONE', #1574, 39.37007874015748143 ) ;
#744 = ORIENTED_EDGE ( 'NONE', *, *, #3925, .F. ) ;
#745 =( NAMED_UNIT ( * ) SI_UNIT ( $, .STERADIAN. ) SOLID_ANGLE_UNIT ( ) );
#746 = LINE ( 'NONE', #1129, #4964 ) ;
#747 = CARTESIAN_POINT ( 'NONE',  ( 3.824587191129968999E-17, -0.1574803149606299191, -0.2082677165354331061 ) ) ;
#748 = AXIS2_PLACEMENT_3D ( 'NONE', #5257, #2725, #1400 ) ;
#749 = DIRECTION ( 'NONE',  ( -1.000000000000000000, -0.000000000000000000, 0.000000000000000000 ) ) ;
#750 = SHAPE_DEFINITION_REPRESENTATION ( #3509, #4999 ) ;
#751 = MECHANICAL_DESIGN_GEOMETRIC_PRESENTATION_REPRESENTATION (  '', ( #1726 ), #2260 ) ;
#752 = DIRECTION ( 'NONE',  ( 0.000000000000000000, 0.000000000000000000, -1.000000000000000000 ) ) ;
#753 =( NAMED_UNIT ( * ) SI_UNIT ( $, .STERADIAN. ) SOLID_ANGLE_UNIT ( ) );
#754 = LENGTH_MEASURE_WITH_UNIT ( LENGTH_MEASURE( 0.02539999999999999897 ), #4589 );
#755 = VECTOR ( 'NONE', #3314, 39.37007874015748143 ) ;
#756 = ORIENTED_EDGE ( 'NONE', *, *, #613, .F. ) ;
#757 = EDGE_CURVE ( 'NONE', #4474, #462, #5348, .T. ) ;
#758 = CARTESIAN_POINT ( 'NONE',  ( 0.03920368120834243769, -0.1615837203664608479, -0.2084950197910196423 ) ) ;
#759 =( CONVERSION_BASED_UNIT ( 'INCH', #299 ) LENGTH_UNIT ( ) NAMED_UNIT ( #3956 ) );
#760 = STYLED_ITEM ( 'NONE', ( #4658 ), #1194 ) ;
#761 = CARTESIAN_POINT ( 'NONE',  ( -0.004330708661417283743, -0.09354463915094014814, -0.03121745357732397599 ) ) ;
#762 = VECTOR ( 'NONE', #4022, 39.37007874015748143 ) ;
#763 = CARTESIAN_POINT ( 'NONE',  ( -0.004103405405830907147, 0.09825879931857860183, -0.2084950197910190872 ) ) ;
#764 = CARTESIAN_POINT ( 'NONE',  ( -0.005905511811023621965, -0.03346456692913393760, 0.000000000000000000 ) ) ;
#765 = EDGE_CURVE ( 'NONE', #452, #4229, #2902, .T. ) ;
#766 =( CONVERSION_BASED_UNIT ( 'INCH', #1202 ) LENGTH_UNIT ( ) NAMED_UNIT ( #3920 ) );
#767 = CARTESIAN_POINT ( 'NONE',  ( -0.003937007874015708946, -0.09354463915094014814, -0.03121745357732397599 ) ) ;
#768 = EDGE_LOOP ( 'NONE', ( #3843, #2871, #3462, #3996, #744 ) ) ;
#769 = AXIS2_PLACEMENT_3D ( 'NONE', #4745, #1763, #3813 ) ;
#770 = VERTEX_POINT ( 'NONE', #5203 ) ;
#771 = CARTESIAN_POINT ( 'NONE',  ( 0.01205053807874602485, 0.03420122308272897232, 0.001831712743197356401 ) ) ;
#772 = DIRECTION ( 'NONE',  ( 4.297971597196270222E-16, -1.000000000000000000, -4.991641978379239941E-16 ) ) ;
#773 =( NAMED_UNIT ( * ) SI_UNIT ( $, .STERADIAN. ) SOLID_ANGLE_UNIT ( ) );
#774 =( BOUNDED_SURFACE ( )  B_SPLINE_SURFACE ( 3, 3, ( 
 ( #3818, #1684, #1234, #2961 ),
 ( #5131, #771, #429, #2134 ),
 ( #3847, #35, #2478, #4581 ),
 ( #2445, #3737, #2610, #1831 ) ),
 .UNSPECIFIED., .F., .F., .F. ) 
 B_SPLINE_SURFACE_WITH_KNOTS ( ( 4, 4 ),
 ( 4, 4 ),
 ( 0.000000000000000000, 1.000000000000000000 ),
 ( 0.000000000000000000, 1.000000000000000000 ),
 .UNSPECIFIED. ) 
 GEOMETRIC_REPRESENTATION_ITEM ( )  RATIONAL_B_SPLINE_SURFACE ( (
 ( 1.000000000000000000, 0.3333333333333343140, 0.3333333333333343140, 1.000000000000000000),
 ( 0.9245018060306373631, 0.3081672686768800462, 0.3081672686768800462, 0.9245018060306373631),
 ( 0.9245018060306373631, 0.3081672686768800462, 0.3081672686768800462, 0.9245018060306373631),
 ( 1.000000000000000000, 0.3333333333333343140, 0.3333333333333343140, 1.000000000000000000) ) ) 
 REPRESENTATION_ITEM ( '' )  SURFACE ( )  );
#775 = UNCERTAINTY_MEASURE_WITH_UNIT (LENGTH_MEASURE( 1.000000000000000082E-05 ), #4966, 'distance_accuracy_value', 'NONE');
#776 = DIRECTION ( 'NONE',  ( 0.000000000000000000, 0.000000000000000000, -1.000000000000000000 ) ) ;
#777 = ORIENTED_EDGE ( 'NONE', *, *, #1029, .T. ) ;
#778 = DIMENSIONAL_EXPONENTS ( 1.000000000000000000, 0.000000000000000000, 0.000000000000000000, 0.000000000000000000, 0.000000000000000000, 0.000000000000000000, 0.000000000000000000 ) ;
#779 = SURFACE_STYLE_USAGE ( .BOTH. , #18 ) ;
#780 = MECHANICAL_DESIGN_GEOMETRIC_PRESENTATION_REPRESENTATION (  '', ( #5448 ), #2382 ) ;
#781 = LINE ( 'NONE', #3379, #4544 ) ;
#782 = ORIENTED_EDGE ( 'NONE', *, *, #127, .F. ) ;
#783 = PRESENTATION_LAYER_ASSIGNMENT (  '', '', ( #3291 ) ) ;
#784 = CARTESIAN_POINT ( 'NONE',  ( 0.03920368120834243075, -0.1615837203664608479, -0.2084950197910196423 ) ) ;
#785 = DIRECTION ( 'NONE',  ( -0.000000000000000000, -1.000000000000000000, -4.991641978379239941E-16 ) ) ;
#786 = SURFACE_STYLE_USAGE ( .BOTH. , #3832 ) ;
#787 = ADVANCED_FACE ( 'NONE', ( #3819 ), #366, .T. ) ;
#788 = CARTESIAN_POINT ( 'NONE',  ( 0.01080392253833595273, -0.1716739242147410638, 0.0001316968327860231055 ) ) ;
#789 = FILL_AREA_STYLE_COLOUR ( '', #1678 ) ;
#790 = SURFACE_SIDE_STYLE ('',( #1257 ) ) ;
#791 = CARTESIAN_POINT ( 'NONE',  ( -0.004330708661417283743, -0.09315093836353859069, -0.06243490715464802832 ) ) ;
#792 = CIRCLE ( 'NONE', #4648, 0.0003937007874015747977 ) ;
#793 =( NAMED_UNIT ( * ) SI_UNIT ( $, .STERADIAN. ) SOLID_ANGLE_UNIT ( ) );
#794 = DIRECTION ( 'NONE',  ( 0.000000000000000000, 0.000000000000000000, -1.000000000000000000 ) ) ;
#795 = EDGE_CURVE ( 'NONE', #1169, #2608, #4363, .T. ) ;
#796 = CARTESIAN_POINT ( 'NONE',  ( -0.007907563233040808270, 0.09827315472490907866, -0.1466072081231566127 ) ) ;
#797 = CARTESIAN_POINT ( 'NONE',  ( -0.004165513192541545236, 0.09862810853758864627, -0.06185624013575219404 ) ) ;
#798 = EDGE_LOOP ( 'NONE', ( #1868, #1149, #4734, #5294 ) ) ;
#799 =( NAMED_UNIT ( * ) PLANE_ANGLE_UNIT ( ) SI_UNIT ( $, .RADIAN. ) );
#800 = PRESENTATION_STYLE_ASSIGNMENT (( #2873 ) ) ;
#801 = STYLED_ITEM ( 'NONE', ( #3773 ), #2602 ) ;
#802 = CARTESIAN_POINT ( 'NONE',  ( 0.03915244629744096122, -0.1614588869326772369, -0.0003937007874015748519 ) ) ;
#803 = APPLICATION_PROTOCOL_DEFINITION ( 'draft international standard', 'automotive_design', 1998, #2979 ) ;
#804 = VECTOR ( 'NONE', #749, 39.37007874015748143 ) ;
#805 = ORIENTED_EDGE ( 'NONE', *, *, #3158, .T. ) ;
#806 = SHAPE_REPRESENTATION ( 'side', ( #1220 ), #3205 ) ;
#807 = PRESENTATION_STYLE_ASSIGNMENT (( #5039 ) ) ;
#808 = CIRCLE ( 'NONE', #4927, 0.001968503937007875289 ) ;
#809 = CARTESIAN_POINT ( 'NONE',  ( -0.007480314960629961055, 0.09842519685039372024, 0.000000000000000000 ) ) ;
#810 = FILL_AREA_STYLE ('',( #1215 ) ) ;
#811 = ORIENTED_EDGE ( 'NONE', *, *, #1029, .F. ) ;
#812 =( GEOMETRIC_REPRESENTATION_CONTEXT ( 3 ) GLOBAL_UNCERTAINTY_ASSIGNED_CONTEXT ( ( #3684 ) ) GLOBAL_UNIT_ASSIGNED_CONTEXT ( ( #4372, #992, #4406 ) ) REPRESENTATION_CONTEXT ( 'NONE', 'WORKASPACE' ) );
#813 =( GEOMETRIC_REPRESENTATION_CONTEXT ( 3 ) GLOBAL_UNCERTAINTY_ASSIGNED_CONTEXT ( ( #548 ) ) GLOBAL_UNIT_ASSIGNED_CONTEXT ( ( #4433, #2264, #4336 ) ) REPRESENTATION_CONTEXT ( 'NONE', 'WORKASPACE' ) );
#814 = LINE ( 'NONE', #1560, #1813 ) ;
#815 =( CONVERSION_BASED_UNIT ( 'INCH', #3750 ) LENGTH_UNIT ( ) NAMED_UNIT ( #666 ) );
#816 = FILL_AREA_STYLE_COLOUR ( '', #2666 ) ;
#817 = CIRCLE ( 'NONE', #1256, 0.0003937007874015747977 ) ;
#818 = CARTESIAN_POINT ( 'NONE',  ( 0.03959829306418904959, -0.1645637442288867824, -0.2084331900639276314 ) ) ;
#819 = DIMENSIONAL_EXPONENTS ( 1.000000000000000000, 0.000000000000000000, 0.000000000000000000, 0.000000000000000000, 0.000000000000000000, 0.000000000000000000, 0.000000000000000000 ) ;
#820 = LENGTH_MEASURE_WITH_UNIT ( LENGTH_MEASURE( 0.02539999999999999897 ), #3834 );
#821 =( NAMED_UNIT ( * ) SI_UNIT ( $, .STERADIAN. ) SOLID_ANGLE_UNIT ( ) );
#822 = DIRECTION ( 'NONE',  ( -1.000000000000000000, 1.586032892321650017E-16, 0.000000000000000000 ) ) ;
#823 = VERTEX_POINT ( 'NONE', #4374 ) ;
#824 = EDGE_CURVE ( 'NONE', #5515, #1468, #478, .T. ) ;
#825 = CARTESIAN_POINT ( 'NONE',  ( -0.004612491634857477166, -0.1653543307086614012, -0.0003937007874015748519 ) ) ;
#826 = LINE ( 'NONE', #357, #2228 ) ;
#827 = CARTESIAN_POINT ( 'NONE',  ( -0.007480314960629950646, 0.06232350067783189174, -0.06243490715464804219 ) ) ;
#828 = SURFACE_STYLE_FILL_AREA ( #1317 ) ;
#829 = DIRECTION ( 'NONE',  ( 0.000000000000000000, -1.000000000000000000, 0.000000000000000000 ) ) ;
#830 = COLOUR_RGB ( '',0.8313725490196077761, 0.8313725490196077761, 0.8313725490196077761 ) ;
#831 = EDGE_CURVE ( 'NONE', #696, #1169, #3517, .T. ) ;
#832 = EDGE_LOOP ( 'NONE', ( #3016, #1528, #5133, #3213, #2530 ) ) ;
#833 = CARTESIAN_POINT ( 'NONE',  ( -0.007480314960629962789, 0.09842519685039372024, -0.06204120636724646393 ) ) ;
#834 = LENGTH_MEASURE_WITH_UNIT ( LENGTH_MEASURE( 0.02539999999999999897 ), #889 );
#835 =( GEOMETRIC_REPRESENTATION_CONTEXT ( 3 ) GLOBAL_UNCERTAINTY_ASSIGNED_CONTEXT ( ( #1806 ) ) GLOBAL_UNIT_ASSIGNED_CONTEXT ( ( #4815, #4844, #2684 ) ) REPRESENTATION_CONTEXT ( 'NONE', 'WORKASPACE' ) );
#836 = DIRECTION ( 'NONE',  ( 0.8164965809277335840, -0.4082482904638453092, -0.4082482904638661259 ) ) ;
#837 = PRESENTATION_STYLE_ASSIGNMENT (( #2515 ) ) ;
#838 = ORIENTED_EDGE ( 'NONE', *, *, #1820, .F. ) ;
#839 =( GEOMETRIC_REPRESENTATION_CONTEXT ( 3 ) GLOBAL_UNCERTAINTY_ASSIGNED_CONTEXT ( ( #5234 ) ) GLOBAL_UNIT_ASSIGNED_CONTEXT ( ( #3376, #1272, #4677 ) ) REPRESENTATION_CONTEXT ( 'NONE', 'WORKASPACE' ) );
#840 = CARTESIAN_POINT ( 'NONE',  ( 0.01097903596297170221, 0.03427300011438147442, 0.09759320919131816985 ) ) ;
#841 = SURFACE_STYLE_FILL_AREA ( #3940 ) ;
#842 = CYLINDRICAL_SURFACE ( 'NONE', #2564, 0.0003937007874015747977 ) ;
#843 = CYLINDRICAL_SURFACE ( 'NONE', #4265, 0.003937007874015748844 ) ;
#844 = PRESENTATION_LAYER_ASSIGNMENT (  '', '', ( #668 ) ) ;
#845 = CARTESIAN_POINT ( 'NONE',  ( -0.006889763779527756718, 0.09803149606299214891, -0.0003937007874015748519 ) ) ;
#846 = PRESENTATION_STYLE_ASSIGNMENT (( #3364 ) ) ;
#847 = FACE_OUTER_BOUND ( 'NONE', #2261, .T. ) ;
#848 = CARTESIAN_POINT ( 'NONE',  ( -0.004196200211077818175, 0.09825879931857856020, -0.1463001128947548635 ) ) ;
#849 = COLOUR_RGB ( '',0.8313725490196077761, 0.8313725490196077761, 0.8313725490196077761 ) ;
#850 = COLOUR_RGB ( '',0.8313725490196077761, 0.8313725490196077761, 0.8313725490196077761 ) ;
#851 = ORIENTED_EDGE ( 'NONE', *, *, #5113, .T. ) ;
#852 = DIMENSIONAL_EXPONENTS ( 1.000000000000000000, 0.000000000000000000, 0.000000000000000000, 0.000000000000000000, 0.000000000000000000, 0.000000000000000000, 0.000000000000000000 ) ;
#853 = DIRECTION ( 'NONE',  ( -1.000000000000000000, 0.000000000000000000, 0.000000000000000000 ) ) ;
#854 = DIRECTION ( 'NONE',  ( 0.000000000000000000, 1.000000000000000000, 0.000000000000000000 ) ) ;
#855 = ADVANCED_FACE ( 'NONE', ( #3977 ), #193, .T. ) ;
#856 = STYLED_ITEM ( 'NONE', ( #2755 ), #1465 ) ;
#857 = EDGE_LOOP ( 'NONE', ( #3822, #364, #5241, #5362 ) ) ;
#858 = DIRECTION ( 'NONE',  ( -1.000000000000000000, 0.000000000000000000, 0.000000000000000000 ) ) ;
#859 = SURFACE_STYLE_USAGE ( .BOTH. , #4707 ) ;
#860 = EDGE_CURVE ( 'NONE', #4053, #1191, #2811, .T. ) ;
#861 = EDGE_CURVE ( 'NONE', #2797, #1231, #2055, .T. ) ;
#862 = CARTESIAN_POINT ( 'NONE',  ( -0.03543307086614169710, -0.1735564295493775833, 0.001968503937007873988 ) ) ;
#863 = VERTEX_POINT ( 'NONE', #250 ) ;
#864 = CIRCLE ( 'NONE', #166, 0.0003937007874015587515 ) ;
#865 = PRODUCT_DEFINITION_SHAPE ( 'NONE', 'NONE',  #5207 ) ;
#866 = DIRECTION ( 'NONE',  ( 0.000000000000000000, -1.000000000000000000, 0.000000000000000000 ) ) ;
#867 = CIRCLE ( 'NONE', #5357, 0.0003937007874015748519 ) ;
#868 = CARTESIAN_POINT ( 'NONE',  ( -0.007480314960629962789, 0.09842519685039372024, -0.2082677165354326898 ) ) ;
#869 = LENGTH_MEASURE_WITH_UNIT ( LENGTH_MEASURE( 0.02539999999999999897 ), #3723 );
#870 = DIRECTION ( 'NONE',  ( 0.000000000000000000, -1.000000000000000000, -1.711182652649480066E-16 ) ) ;
#871 = DIRECTION ( 'NONE',  ( -1.000000000000000000, 0.000000000000000000, 0.000000000000000000 ) ) ;
#872 = STYLED_ITEM ( 'NONE', ( #1650 ), #1614 ) ;
#873 = CIRCLE ( 'NONE', #4454, 0.0003937007874015587515 ) ;
#874 = CARTESIAN_POINT ( 'NONE',  ( 0.01181102362204724046, 0.03313648383644913348, 0.09645669291338584972 ) ) ;
#875 =( CONVERSION_BASED_UNIT ( 'INCH', #422 ) LENGTH_UNIT ( ) NAMED_UNIT ( #819 ) );
#876 =( NAMED_UNIT ( * ) SI_UNIT ( $, .STERADIAN. ) SOLID_ANGLE_UNIT ( ) );
#877 = PRESENTATION_STYLE_ASSIGNMENT (( #4228 ) ) ;
#878 = ORIENTED_EDGE ( 'NONE', *, *, #4334, .T. ) ;
#879 = CIRCLE ( 'NONE', #3098, 0.0003937007874015747977 ) ;
#880 = SURFACE_STYLE_USAGE ( .BOTH. , #2985 ) ;
#881 = LINE ( 'NONE', #4672, #2623 ) ;
#882 = CARTESIAN_POINT ( 'NONE',  ( 0.03897637795275595007, -0.1618110236220472731, -0.2082677165354331061 ) ) ;
#883 = AXIS2_PLACEMENT_3D ( 'NONE', #1343, #3540, #2633 ) ;
#884 = DIRECTION ( 'NONE',  ( 1.000000000000000000, 0.000000000000000000, 0.000000000000000000 ) ) ;
#885 = EDGE_CURVE ( 'NONE', #5438, #5262, #55, .T. ) ;
#886 = VERTEX_POINT ( 'NONE', #5461 ) ;
#887 = SURFACE_SIDE_STYLE ('',( #3063 ) ) ;
#888 = DIMENSIONAL_EXPONENTS ( 1.000000000000000000, 0.000000000000000000, 0.000000000000000000, 0.000000000000000000, 0.000000000000000000, 0.000000000000000000, 0.000000000000000000 ) ;
#889 =( LENGTH_UNIT ( ) NAMED_UNIT ( * ) SI_UNIT ( $, .METRE. ) );
#890 = SURFACE_STYLE_FILL_AREA ( #914 ) ;
#891 = CARTESIAN_POINT ( 'NONE',  ( 0.01097903596297169528, -0.1727244418903020606, 0.0008319876590755397646 ) ) ;
#892 = VECTOR ( 'NONE', #4188, 39.37007874015748143 ) ;
#893 = EDGE_LOOP ( 'NONE', ( #4068, #1509, #1774, #5160, #4749, #2353, #5490, #2810, #1625 ) ) ;
#894 = EDGE_CURVE ( 'NONE', #3033, #2066, #3287, .T. ) ;
#895 = PRESENTATION_LAYER_ASSIGNMENT (  '', '', ( #1692 ) ) ;
#896 =( CONVERSION_BASED_UNIT ( 'INCH', #3023 ) LENGTH_UNIT ( ) NAMED_UNIT ( #888 ) );
#897 = CARTESIAN_POINT ( 'NONE',  ( 0.01097903596297169528, -0.1731884159165366643, 0.001295961685310187492 ) ) ;
#898 = LINE ( 'NONE', #2201, #4464 ) ;
#899 = CARTESIAN_POINT ( 'NONE',  ( 6.214954185586180826E-17, -0.1574803149606299191, 0.000000000000000000 ) ) ;
#900 = CIRCLE ( 'NONE', #27, 0.0003937007874015758277 ) ;
#901 = VERTEX_POINT ( 'NONE', #2470 ) ;
#902 = AXIS2_PLACEMENT_3D ( 'NONE', #2837, #4121, #4549 ) ;
#903 = DIRECTION ( 'NONE',  ( -1.000000000000000000, -0.000000000000000000, -0.000000000000000000 ) ) ;
#904 = CARTESIAN_POINT ( 'NONE',  ( -0.007921918639371286833, 0.09805885430175426132, -0.0001807529381455955033 ) ) ;
#905 =( NAMED_UNIT ( * ) PLANE_ANGLE_UNIT ( ) SI_UNIT ( $, .RADIAN. ) );
#906 = CARTESIAN_POINT ( 'NONE',  ( -0.004200541012232538243, 0.09793344292070779722, -0.2086261049760866904 ) ) ;
#907 = VERTEX_POINT ( 'NONE', #4175 ) ;
#908 = CARTESIAN_POINT ( 'NONE',  ( -0.007874015748031447381, -0.1574803149606298913, -0.0001630762056586988469 ) ) ;
#909 = FILL_AREA_STYLE ('',( #1401 ) ) ;
#910 = CARTESIAN_POINT ( 'NONE',  ( -0.03444881889763779653, -0.1043307086614173457, 0.09645669291338584972 ) ) ;
#911 = ORIENTED_EDGE ( 'NONE', *, *, #1961, .F. ) ;
#912 = DIRECTION ( 'NONE',  ( 0.000000000000000000, -1.000000000000000000, 1.224646799147353207E-16 ) ) ;
#913 = UNCERTAINTY_MEASURE_WITH_UNIT (LENGTH_MEASURE( 1.000000000000000082E-05 ), #993, 'distance_accuracy_value', 'NONE');
#914 = FILL_AREA_STYLE ('',( #3017 ) ) ;
#915 = CARTESIAN_POINT ( 'NONE',  ( 0.01097903596297176120, -0.1727244418903021439, 0.09759320919131821148 ) ) ;
#916 = EDGE_LOOP ( 'NONE', ( #3621, #1248, #3617, #3578, #4191 ) ) ;
#917 = FILL_AREA_STYLE ('',( #1699 ) ) ;
#918 = DIRECTION ( 'NONE',  ( -1.000000000000000000, -3.330669073875470114E-16, -0.000000000000000000 ) ) ;
#919 = EDGE_CURVE ( 'NONE', #1376, #5262, #2786, .T. ) ;
#920 = DIMENSIONAL_EXPONENTS ( 1.000000000000000000, 0.000000000000000000, 0.000000000000000000, 0.000000000000000000, 0.000000000000000000, 0.000000000000000000, 0.000000000000000000 ) ;
#921 = LINE ( 'NONE', #4361, #5363 ) ;
#922 = ORIENTED_EDGE ( 'NONE', *, *, #957, .F. ) ;
#923 = FILL_AREA_STYLE ('',( #1761 ) ) ;
#924 = COLOUR_RGB ( '',0.6274509803921568540, 0.3137254901960784270, 0.000000000000000000 ) ;
#925 = CARTESIAN_POINT ( 'NONE',  ( -0.008049842333442962239, 0.09825086173543491619, -0.06182915503396863022 ) ) ;
#926 =( NAMED_UNIT ( * ) SI_UNIT ( $, .STERADIAN. ) SOLID_ANGLE_UNIT ( ) );
#927 = DIRECTION ( 'NONE',  ( -0.8164965809277061615, 0.4082482904638830568, -0.4082482904638830568 ) ) ;
#928 = EDGE_CURVE ( 'NONE', #2184, #642, #2359, .T. ) ;
#929 = FILL_AREA_STYLE_COLOUR ( '', #5352 ) ;
#930 = VERTEX_POINT ( 'NONE', #1095 ) ;
#931 = AXIS2_PLACEMENT_3D ( 'NONE', #3755, #1944, #2893 ) ;
#932 = CARTESIAN_POINT ( 'NONE',  ( 0.03897637795275595007, -0.1618110236220473008, -0.0003937007874015748519 ) ) ;
#933 = FACE_OUTER_BOUND ( 'NONE', #2686, .T. ) ;
#934 = AXIS2_PLACEMENT_3D ( 'NONE', #1505, #2859, #1994 ) ;
#935 = DIRECTION ( 'NONE',  ( 1.000000000000000000, 0.000000000000000000, 0.000000000000000000 ) ) ;
#936 =( GEOMETRIC_REPRESENTATION_CONTEXT ( 3 ) GLOBAL_UNCERTAINTY_ASSIGNED_CONTEXT ( ( #1548 ) ) GLOBAL_UNIT_ASSIGNED_CONTEXT ( ( #4762, #5215, #2286 ) ) REPRESENTATION_CONTEXT ( 'NONE', 'WORKASPACE' ) );
#937 = LENGTH_MEASURE_WITH_UNIT ( LENGTH_MEASURE( 0.02539999999999999897 ), #2216 );
#938 = COLOUR_RGB ( '',0.7490196078431372584, 0.7490196078431372584, 0.7490196078431372584 ) ;
#939 = ORIENTED_EDGE ( 'NONE', *, *, #377, .T. ) ;
#940 =( LENGTH_UNIT ( ) NAMED_UNIT ( * ) SI_UNIT ( $, .METRE. ) );
#941 = FILL_AREA_STYLE_COLOUR ( '', #2054 ) ;
#942 = DIRECTION ( 'NONE',  ( 0.000000000000000000, 0.000000000000000000, -1.000000000000000000 ) ) ;
#943 = EDGE_LOOP ( 'NONE', ( #5127, #1932, #2400, #5147 ) ) ;
#944 = DIRECTION ( 'NONE',  ( 3.106967419659950017E-16, -1.000000000000000000, 0.000000000000000000 ) ) ;
#945 = DIRECTION ( 'NONE',  ( -1.000000000000000000, -1.586032892321650017E-16, 0.000000000000000000 ) ) ;
#946 = FILL_AREA_STYLE_COLOUR ( '', #4738 ) ;
#947 = CARTESIAN_POINT ( 'NONE',  ( -0.003978571972047317828, 0.09820756440767715312, -0.06204120636724646393 ) ) ;
#948 = FACE_OUTER_BOUND ( 'NONE', #3392, .T. ) ;
#949 = EDGE_CURVE ( 'NONE', #477, #3402, #4917, .T. ) ;
#950 = DIRECTION ( 'NONE',  ( 0.000000000000000000, 0.000000000000000000, -1.000000000000000000 ) ) ;
#951 =( NAMED_UNIT ( * ) SI_UNIT ( $, .STERADIAN. ) SOLID_ANGLE_UNIT ( ) );
#952 = SURFACE_STYLE_FILL_AREA ( #3079 ) ;
#953 = CARTESIAN_POINT ( 'NONE',  ( -0.004330708661417362673, 0.09803149606299216279, -0.1466202109555881927 ) ) ;
#954 = COLOUR_RGB ( '',0.6274509803921568540, 0.3137254901960784270, 0.000000000000000000 ) ;
#955 = ORIENTED_EDGE ( 'NONE', *, *, #5459, .F. ) ;
#956 = DIMENSIONAL_EXPONENTS ( 1.000000000000000000, 0.000000000000000000, 0.000000000000000000, 0.000000000000000000, 0.000000000000000000, 0.000000000000000000, 0.000000000000000000 ) ;
#957 = EDGE_CURVE ( 'NONE', #2565, #4915, #2093, .T. ) ;
#958 = PRESENTATION_STYLE_ASSIGNMENT (( #3568 ) ) ;
#959 = ADVANCED_FACE ( 'NONE', ( #2000 ), #4084, .T. ) ;
#960 = SURFACE_STYLE_FILL_AREA ( #909 ) ;
#961 = LENGTH_MEASURE_WITH_UNIT ( LENGTH_MEASURE( 0.02539999999999999897 ), #3086 );
#962 = SURFACE_SIDE_STYLE ('',( #1896 ) ) ;
#963 =( GEOMETRIC_REPRESENTATION_CONTEXT ( 3 ) GLOBAL_UNCERTAINTY_ASSIGNED_CONTEXT ( ( #1112 ) ) GLOBAL_UNIT_ASSIGNED_CONTEXT ( ( #2158, #2557, #876 ) ) REPRESENTATION_CONTEXT ( 'NONE', 'WORKASPACE' ) );
#964 = EDGE_CURVE ( 'NONE', #4411, #5272, #4153, .T. ) ;
#965 = VERTEX_POINT ( 'NONE', #3782 ) ;
#966 = LENGTH_MEASURE_WITH_UNIT ( LENGTH_MEASURE( 0.02539999999999999897 ), #940 );
#967 = CARTESIAN_POINT ( 'NONE',  ( -0.008049842333442889381, 0.09825086173543484680, -0.2080556652021548492 ) ) ;
#968 = UNCERTAINTY_MEASURE_WITH_UNIT (LENGTH_MEASURE( 1.000000000000000082E-05 ), #2462, 'distance_accuracy_value', 'NONE');
#969 = CARTESIAN_POINT ( 'NONE',  ( -0.007480314960629961055, 0.09803149606299214891, -0.2082677165354326898 ) ) ;
#970 = COLOUR_RGB ( '',0.7490196078431372584, 0.7490196078431372584, 0.7490196078431372584 ) ;
#971 = ORIENTED_EDGE ( 'NONE', *, *, #2065, .T. ) ;
#972 = STYLED_ITEM ( 'NONE', ( #489 ), #2669 ) ;
#973 =( NAMED_UNIT ( * ) SI_UNIT ( $, .STERADIAN. ) SOLID_ANGLE_UNIT ( ) );
#974 =( LENGTH_UNIT ( ) NAMED_UNIT ( * ) SI_UNIT ( $, .METRE. ) );
#975 = SURFACE_STYLE_FILL_AREA ( #2626 ) ;
#976 = ORIENTED_EDGE ( 'NONE', *, *, #2083, .F. ) ;
#977 = PRESENTATION_LAYER_ASSIGNMENT (  '', '', ( #5108 ) ) ;
#978 = AXIS2_PLACEMENT_3D ( 'NONE', #2063, #4674, #829 ) ;
#979 = FACE_OUTER_BOUND ( 'NONE', #4686, .T. ) ;
#980 = SURFACE_STYLE_USAGE ( .BOTH. , #3076 ) ;
#981 = SHAPE_REPRESENTATION ( 'body', ( #1220 ), #1946 ) ;
#982 = DIRECTION ( 'NONE',  ( -0.000000000000000000, -0.000000000000000000, 1.000000000000000000 ) ) ;
#983 = FACE_OUTER_BOUND ( 'NONE', #1725, .T. ) ;
#984 = AXIS2_PLACEMENT_3D ( 'NONE', #1715, #3343, #3787 ) ;
#985 = PRESENTATION_STYLE_ASSIGNMENT (( #187 ) ) ;
#986 = VECTOR ( 'NONE', #4702, 39.37007874015748143 ) ;
#987 = CARTESIAN_POINT ( 'NONE',  ( -0.004103405405830963526, 0.09825879931857857408, -0.2084950197910190595 ) ) ;
#988 = EDGE_LOOP ( 'NONE', ( #782, #1127, #4824, #2442, #2322 ) ) ;
#989 = COLOUR_RGB ( '',0.8313725490196077761, 0.8313725490196077761, 0.8313725490196077761 ) ;
#990 =( GEOMETRIC_REPRESENTATION_CONTEXT ( 3 ) GLOBAL_UNCERTAINTY_ASSIGNED_CONTEXT ( ( #1157 ) ) GLOBAL_UNIT_ASSIGNED_CONTEXT ( ( #4530, #4100, #5055 ) ) REPRESENTATION_CONTEXT ( 'NONE', 'WORKASPACE' ) );
#991 = DIRECTION ( 'NONE',  ( -1.000000000000000000, -4.625929269271489858E-16, -0.000000000000000000 ) ) ;
#992 =( NAMED_UNIT ( * ) PLANE_ANGLE_UNIT ( ) SI_UNIT ( $, .RADIAN. ) );
#993 =( CONVERSION_BASED_UNIT ( 'INCH', #652 ) LENGTH_UNIT ( ) NAMED_UNIT ( #4652 ) );
#994 = AXIS2_PLACEMENT_3D ( 'NONE', #5424, #3747, #1640 ) ;
#995 = ADVANCED_FACE ( 'NONE', ( #3394 ), #2554, .T. ) ;
#996 = ORIENTED_EDGE ( 'NONE', *, *, #472, .T. ) ;
#997 = DIRECTION ( 'NONE',  ( 0.000000000000000000, 0.000000000000000000, -1.000000000000000000 ) ) ;
#998 = DIMENSIONAL_EXPONENTS ( 1.000000000000000000, 0.000000000000000000, 0.000000000000000000, 0.000000000000000000, 0.000000000000000000, 0.000000000000000000, 0.000000000000000000 ) ;
#999 = UNCERTAINTY_MEASURE_WITH_UNIT (LENGTH_MEASURE( 1.000000000000000082E-05 ), #1190, 'distance_accuracy_value', 'NONE');
#1000 =( NAMED_UNIT ( * ) PLANE_ANGLE_UNIT ( ) SI_UNIT ( $, .RADIAN. ) );
#1001 = ORIENTED_EDGE ( 'NONE', *, *, #2953, .T. ) ;
#1002 = PRODUCT_DEFINITION_SHAPE ( 'NONE', 'NONE',  #5527 ) ;
#1003 = DIRECTION ( 'NONE',  ( 0.000000000000000000, -1.000000000000000000, 0.000000000000000000 ) ) ;
#1004 = DIRECTION ( 'NONE',  ( 0.000000000000000000, 0.000000000000000000, -1.000000000000000000 ) ) ;
#1005 = DIRECTION ( 'NONE',  ( -1.000000000000000000, 4.625929269271489858E-16, 0.000000000000000000 ) ) ;
#1006 = EDGE_LOOP ( 'NONE', ( #1935, #524, #4541, #2872, #4709 ) ) ;
#1007 = CARTESIAN_POINT ( 'NONE',  ( -0.004381867053114586741, -0.1649606299212598159, -0.2086614173228341917 ) ) ;
#1008 = CARTESIAN_POINT ( 'NONE',  ( 0.03920368120834240300, -0.1615837203664607924, -0.0001663975318151606343 ) ) ;
#1009 =( GEOMETRIC_REPRESENTATION_CONTEXT ( 3 ) GLOBAL_UNCERTAINTY_ASSIGNED_CONTEXT ( ( #66 ) ) GLOBAL_UNIT_ASSIGNED_CONTEXT ( ( #2944, #1170, #4166 ) ) REPRESENTATION_CONTEXT ( 'NONE', 'WORKASPACE' ) );
#1010 = CARTESIAN_POINT ( 'NONE',  ( -0.004103405405830908015, 0.09825879931857860183, -0.0001663975318151225788 ) ) ;
#1011 = CARTESIAN_POINT ( 'NONE',  ( -0.004200541012232542580, 0.09838988450364617722, -0.2081696633931483242 ) ) ;
#1012 = ORIENTED_EDGE ( 'NONE', *, *, #4309, .T. ) ;
#1013 =( BOUNDED_CURVE ( )  B_SPLINE_CURVE ( 3, ( #3090, #4807, #4221, #2672 ),
 .UNSPECIFIED., .F., .T. ) 
 B_SPLINE_CURVE_WITH_KNOTS ( ( 4, 4 ),
 ( 0.000000000000000000, 1.000000000000000000 ),
 .UNSPECIFIED. ) 
 CURVE ( )  GEOMETRIC_REPRESENTATION_ITEM ( )  RATIONAL_B_SPLINE_CURVE ( ( 1.000000000000000000, 0.8047378541243676020, 0.8047378541243676020, 1.000000000000000000 ) ) 
 REPRESENTATION_ITEM ( '' )  );
#1014 = SURFACE_SIDE_STYLE ('',( #3148 ) ) ;
#1015 = CARTESIAN_POINT ( 'NONE',  ( -0.007874015748031490750, -0.09331401456919730109, -0.1463895863738453040 ) ) ;
#1016 = FILL_AREA_STYLE_COLOUR ( '', #3273 ) ;
#1017 =( GEOMETRIC_REPRESENTATION_CONTEXT ( 3 ) GLOBAL_UNCERTAINTY_ASSIGNED_CONTEXT ( ( #1752 ) ) GLOBAL_UNIT_ASSIGNED_CONTEXT ( ( #3037, #4470, #3922 ) ) REPRESENTATION_CONTEXT ( 'NONE', 'WORKASPACE' ) );
#1018 = CIRCLE ( 'NONE', #4421, 0.007874015748031495954 ) ;
#1019 = EDGE_LOOP ( 'NONE', ( #3457, #4349, #2827, #1789 ) ) ;
#1020 = CARTESIAN_POINT ( 'NONE',  ( 0.009842519685039369942, -0.1715879256123697127, 0.09645669291338584972 ) ) ;
#1021 = PRESENTATION_LAYER_ASSIGNMENT (  '', '', ( #2996 ) ) ;
#1022 = DIRECTION ( 'NONE',  ( 0.000000000000000000, 0.000000000000000000, 1.000000000000000000 ) ) ;
#1023 = ADVANCED_FACE ( 'NONE', ( #590 ), #3508, .T. ) ;
#1024 = COLOUR_RGB ( '',0.8313725490196077761, 0.8313725490196077761, 0.8313725490196077761 ) ;
#1025 =( LENGTH_UNIT ( ) NAMED_UNIT ( * ) SI_UNIT ( $, .METRE. ) );
#1026 = DIRECTION ( 'NONE',  ( 6.952615590837529323E-18, -1.134521882143509935E-31, 1.000000000000000000 ) ) ;
#1027 = ORIENTED_EDGE ( 'NONE', *, *, #1717, .T. ) ;
#1028 = ADVANCED_FACE ( 'NONE', ( #4511 ), #3197, .T. ) ;
#1029 = EDGE_CURVE ( 'NONE', #39, #4111, #2628, .T. ) ;
#1030 = FILL_AREA_STYLE ('',( #1847 ) ) ;
#1031 = LINE ( 'NONE', #2772, #1665 ) ;
#1032 = CARTESIAN_POINT ( 'NONE',  ( -0.007507673199392065656, 0.09824444391224813888, -0.1461786072768468114 ) ) ;
#1033 = ORIENTED_EDGE ( 'NONE', *, *, #1495, .T. ) ;
#1034 = PRESENTATION_LAYER_ASSIGNMENT (  '', '', ( #4335 ) ) ;
#1035 = SURFACE_STYLE_FILL_AREA ( #1422 ) ;
#1036 =( LENGTH_UNIT ( ) NAMED_UNIT ( * ) SI_UNIT ( $, .METRE. ) );
#1037 = CARTESIAN_POINT ( 'NONE',  ( -0.003937007874015708078, -0.09331401456919727333, -0.1463895863738453595 ) ) ;
#1038 = DIRECTION ( 'NONE',  ( 0.000000000000000000, 0.000000000000000000, 1.000000000000000000 ) ) ;
#1039 = SURFACE_STYLE_USAGE ( .BOTH. , #3479 ) ;
#1040 = ORIENTED_EDGE ( 'NONE', *, *, #2953, .F. ) ;
#1041 = CARTESIAN_POINT ( 'NONE',  ( -0.007874015748031457790, -0.09275723757613661691, -0.06282860794204959964 ) ) ;
#1042 = CARTESIAN_POINT ( 'NONE',  ( 0.03959829306418885531, -0.1651261034497543689, -0.0007905864797743611047 ) ) ;
#1043 = SURFACE_STYLE_USAGE ( .BOTH. , #4891 ) ;
#1044 = MECHANICAL_DESIGN_GEOMETRIC_PRESENTATION_REPRESENTATION (  '', ( #337 ), #82 ) ;
#1045 = AXIS2_PLACEMENT_3D ( 'NONE', #3562, #1395, #2748 ) ;
#1046 = ORIENTED_EDGE ( 'NONE', *, *, #3535, .F. ) ;
#1047 = DIRECTION ( 'NONE',  ( -1.000000000000000000, -0.000000000000000000, -0.000000000000000000 ) ) ;
#1048 = FACE_OUTER_BOUND ( 'NONE', #3678, .T. ) ;
#1049 = STYLED_ITEM ( 'NONE', ( #1705 ), #1858 ) ;
#1050 = UNCERTAINTY_MEASURE_WITH_UNIT (LENGTH_MEASURE( 1.000000000000000082E-05 ), #5503, 'distance_accuracy_value', 'NONE');
#1051 =( CONVERSION_BASED_UNIT ( 'INCH', #3157 ) LENGTH_UNIT ( ) NAMED_UNIT ( #4312 ) );
#1052 = MECHANICAL_DESIGN_GEOMETRIC_PRESENTATION_REPRESENTATION (  '', ( #1494 ), #5001 ) ;
#1053 = ORIENTED_EDGE ( 'NONE', *, *, #2850, .T. ) ;
#1054 = CARTESIAN_POINT ( 'NONE',  ( -0.007118735147566821776, 0.09812635783286745295, -0.06269842735798897282 ) ) ;
#1055 = CARTESIAN_POINT ( 'NONE',  ( 0.009352253973617843941, 0.03378732208237363727, 0.09824863511665633820 ) ) ;
#1056 = SURFACE_SIDE_STYLE ('',( #212 ) ) ;
#1057 = UNCERTAINTY_MEASURE_WITH_UNIT (LENGTH_MEASURE( 1.000000000000000082E-05 ), #4248, 'distance_accuracy_value', 'NONE');
#1058 = ORIENTED_EDGE ( 'NONE', *, *, #2354, .F. ) ;
#1059 = EDGE_CURVE ( 'NONE', #1461, #117, #3696, .T. ) ;
#1060 = LINE ( 'NONE', #3107, #2864 ) ;
#1061 = STYLED_ITEM ( 'NONE', ( #1878 ), #2473 ) ;
#1062 = FACE_OUTER_BOUND ( 'NONE', #587, .T. ) ;
#1063 = FILL_AREA_STYLE_COLOUR ( '', #2451 ) ;
#1064 = CARTESIAN_POINT ( 'NONE',  ( 0.01574803149606299191, -0.1649606299212598437, -0.2086614173228343583 ) ) ;
#1065 = CARTESIAN_POINT ( 'NONE',  ( 0.03920368120834240994, -0.1615837203664608479, -0.0001663975318151409560 ) ) ;
#1066 = DIRECTION ( 'NONE',  ( -0.4082482904638690124, 0.4082482904638436993, 0.8164965809277326958 ) ) ;
#1067 = FILL_AREA_STYLE ('',( #5402 ) ) ;
#1068 = COLOUR_RGB ( '',0.8313725490196077761, 0.8313725490196077761, 0.8313725490196077761 ) ;
#1069 = ORIENTED_EDGE ( 'NONE', *, *, #2543, .T. ) ;
#1070 = STYLED_ITEM ( 'NONE', ( #2005 ), #4040 ) ;
#1071 = CARTESIAN_POINT ( 'NONE',  ( -0.007614823410969493410, 0.09835159412382556143, -0.2084950197910191427 ) ) ;
#1072 = PRESENTATION_LAYER_ASSIGNMENT (  '', '', ( #2868 ) ) ;
#1073 = FILL_AREA_STYLE_COLOUR ( '', #2447 ) ;
#1074 = DIRECTION ( 'NONE',  ( -1.000000000000000000, -0.000000000000000000, -0.000000000000000000 ) ) ;
#1075 = EDGE_LOOP ( 'NONE', ( #5389, #1839, #3810, #3589 ) ) ;
#1076 = PRESENTATION_LAYER_ASSIGNMENT (  '', '', ( #3850 ) ) ;
#1077 = PRESENTATION_LAYER_ASSIGNMENT (  '', '', ( #4027 ) ) ;
#1078 = ORIENTED_EDGE ( 'NONE', *, *, #2397, .F. ) ;
#1079 =( NAMED_UNIT ( * ) PLANE_ANGLE_UNIT ( ) SI_UNIT ( $, .RADIAN. ) );
#1080 = FILL_AREA_STYLE_COLOUR ( '', #3521 ) ;
#1081 =( BOUNDED_SURFACE ( )  B_SPLINE_SURFACE ( 3, 3, ( 
 ( #3688, #586, #4051, #2288 ),
 ( #236, #3633, #4538, #2373 ),
 ( #177, #612, #4023, #211 ),
 ( #1905, #5499, #1664, #2091 ) ),
 .UNSPECIFIED., .F., .F., .F. ) 
 B_SPLINE_SURFACE_WITH_KNOTS ( ( 4, 4 ),
 ( 4, 4 ),
 ( 0.000000000000000000, 1.000000000000000000 ),
 ( 0.000000000000000000, 1.000000000000000000 ),
 .UNSPECIFIED. ) 
 GEOMETRIC_REPRESENTATION_ITEM ( )  RATIONAL_B_SPLINE_SURFACE ( (
 ( 1.000000000000000000, 0.3333333333333145521, 0.3333333333333145521, 1.000000000000000000),
 ( 0.9245018060306536833, 0.3081672686768672231, 0.3081672686768672231, 0.9245018060306536833),
 ( 0.9245018060306536833, 0.3081672686768672231, 0.3081672686768672231, 0.9245018060306536833),
 ( 1.000000000000000000, 0.3333333333333145521, 0.3333333333333145521, 1.000000000000000000) ) ) 
 REPRESENTATION_ITEM ( '' )  SURFACE ( )  );
#1082 =( NAMED_UNIT ( * ) SI_UNIT ( $, .STERADIAN. ) SOLID_ANGLE_UNIT ( ) );
#1083 = ORIENTED_EDGE ( 'NONE', *, *, #2300, .F. ) ;
#1084 = FACE_OUTER_BOUND ( 'NONE', #3636, .T. ) ;
#1085 =( NAMED_UNIT ( * ) PLANE_ANGLE_UNIT ( ) SI_UNIT ( $, .RADIAN. ) );
#1086 = ORIENTED_EDGE ( 'NONE', *, *, #4979, .F. ) ;
#1087 = CARTESIAN_POINT ( 'NONE',  ( 0.03920368120834241688, -0.1651879331768462966, -0.2084950197910195591 ) ) ;
#1088 = DIRECTION ( 'NONE',  ( 1.000000000000000000, -1.586032892321650017E-16, -0.000000000000000000 ) ) ;
#1089 = EDGE_CURVE ( 'NONE', #930, #2245, #4567, .T. ) ;
#1090 = LENGTH_MEASURE_WITH_UNIT ( LENGTH_MEASURE( 0.02539999999999999897 ), #2778 );
#1091 = DIRECTION ( 'NONE',  ( 0.4082482904638661259, 0.8164965809277251463, 0.4082482904638617960 ) ) ;
#1092 = SURFACE_SIDE_STYLE ('',( #2698 ) ) ;
#1093 = ORIENTED_EDGE ( 'NONE', *, *, #831, .F. ) ;
#1094 = CARTESIAN_POINT ( 'NONE',  ( -0.03543307086614173873, 0.03510498777345701094, 0.09842519685039370636 ) ) ;
#1095 = CARTESIAN_POINT ( 'NONE',  ( 0.009842519685039366473, 0.03313648383644913348, 0.000000000000000000 ) ) ;
#1096 = EDGE_CURVE ( 'NONE', #165, #2160, #4515, .T. ) ;
#1097 = CARTESIAN_POINT ( 'NONE',  ( -0.007672595531289298949, 0.09839885748383651876, -0.0003765010669273064761 ) ) ;
#1098 = VERTEX_POINT ( 'NONE', #5455 ) ;
#1099 = ORIENTED_EDGE ( 'NONE', *, *, #4461, .F. ) ;
#1100 = CARTESIAN_POINT ( 'NONE',  ( -0.007480314960629983606, 0.09803149606299213503, -0.1466202109555881927 ) ) ;
#1101 = CARTESIAN_POINT ( 'NONE',  ( 0.03920368120834240994, -0.1615837203664607924, -0.0001663975318151113031 ) ) ;
#1102 = PRESENTATION_STYLE_ASSIGNMENT (( #2313 ) ) ;
#1103 = UNCERTAINTY_MEASURE_WITH_UNIT (LENGTH_MEASURE( 1.000000000000000082E-05 ), #4969, 'distance_accuracy_value', 'NONE');
#1104 = CARTESIAN_POINT ( 'NONE',  ( -0.06889763779527559306, 0.1043307086614173318, 0.000000000000000000 ) ) ;
#1105 = DIRECTION ( 'NONE',  ( -1.000000000000000000, 9.715746612517629834E-32, -7.395570986447019613E-32 ) ) ;
#1106 = AXIS2_PLACEMENT_3D ( 'NONE', #415, #5481, #4352 ) ;
#1107 = ORIENTED_EDGE ( 'NONE', *, *, #949, .F. ) ;
#1108 = MECHANICAL_DESIGN_GEOMETRIC_PRESENTATION_REPRESENTATION (  '', ( #1552 ), #4701 ) ;
#1109 = CARTESIAN_POINT ( 'NONE',  ( -0.003937007874015826907, 0.1942132644573594524, -0.06204120636724644311 ) ) ;
#1110 = DIRECTION ( 'NONE',  ( -1.000000000000000000, 4.625929269271489858E-16, -1.321694076934689941E-16 ) ) ;
#1111 = MECHANICAL_DESIGN_GEOMETRIC_PRESENTATION_REPRESENTATION (  '', ( #1463 ), #238 ) ;
#1112 = UNCERTAINTY_MEASURE_WITH_UNIT (LENGTH_MEASURE( 1.000000000000000082E-05 ), #2158, 'distance_accuracy_value', 'NONE');
#1113 = VERTEX_POINT ( 'NONE', #244 ) ;
#1114 = CARTESIAN_POINT ( 'NONE',  ( 0.03921803661467287982, -0.1617980207896157763, -0.2086949648078441077 ) ) ;
#1115 = CARTESIAN_POINT ( 'NONE',  ( 0.03887832481047154287, -0.1616808559728624417, -0.2086261049760871900 ) ) ;
#1116 = FACE_OUTER_BOUND ( 'NONE', #3061, .T. ) ;
#1117 = SURFACE_STYLE_USAGE ( .BOTH. , #645 ) ;
#1118 = CARTESIAN_POINT ( 'NONE',  ( -0.007874015748031480341, -0.09351739474665614338, -0.06233091796313122018 ) ) ;
#1119 = SURFACE_STYLE_USAGE ( .BOTH. , #4941 ) ;
#1120 = DIRECTION ( 'NONE',  ( 3.106967419659950017E-16, -1.000000000000000000, -1.711182652649480066E-16 ) ) ;
#1121 = CARTESIAN_POINT ( 'NONE',  ( 8.195543980992796435E-18, 0.03313648383644914042, 0.09842519685039372024 ) ) ;
#1122 = EDGE_LOOP ( 'NONE', ( #2928, #3527, #4296, #3761, #2041, #2253 ) ) ;
#1123 = LINE ( 'NONE', #1978, #3721 ) ;
#1124 = CIRCLE ( 'NONE', #1657, 0.0003937007874015747977 ) ;
#1125 = ORIENTED_EDGE ( 'NONE', *, *, #2914, .T. ) ;
#1126 = EDGE_CURVE ( 'NONE', #2124, #3145, #3229, .T. ) ;
#1127 = ORIENTED_EDGE ( 'NONE', *, *, #2914, .F. ) ;
#1128 =( CONVERSION_BASED_UNIT ( 'INCH', #3266 ) LENGTH_UNIT ( ) NAMED_UNIT ( #2673 ) );
#1129 = CARTESIAN_POINT ( 'NONE',  ( -0.007874015748031457790, -0.1653543307086614567, -0.1466202109555881927 ) ) ;
#1130 = PRESENTATION_LAYER_ASSIGNMENT (  '', '', ( #337 ) ) ;
#1131 = DIRECTION ( 'NONE',  ( -1.000000000000000000, 0.000000000000000000, 0.000000000000000000 ) ) ;
#1132 = FILL_AREA_STYLE ('',( #3685 ) ) ;
#1133 = APPLICATION_PROTOCOL_DEFINITION ( 'draft international standard', 'automotive_design', 1998, #2643 ) ;
#1134 = ORIENTED_EDGE ( 'NONE', *, *, #4833, .T. ) ;
#1135 = AXIS2_PLACEMENT_3D ( 'NONE', #1200, #4225, #2921 ) ;
#1136 = CARTESIAN_POINT ( 'NONE',  ( -0.03543307086614173873, 0.03510498777345701094, 0.001968503937007873988 ) ) ;
#1137 = FILL_AREA_STYLE ('',( #1246 ) ) ;
#1138 = DIRECTION ( 'NONE',  ( 1.000000000000000000, 0.000000000000000000, -0.000000000000000000 ) ) ;
#1139 = ORIENTED_EDGE ( 'NONE', *, *, #2402, .F. ) ;
#1140 = COLOUR_RGB ( '',0.8313725490196077761, 0.8313725490196077761, 0.8313725490196077761 ) ;
#1141 = PRODUCT_DEFINITION_FORMATION_WITH_SPECIFIED_SOURCE ( 'ANY', '', #125, .NOT_KNOWN. ) ;
#1142 =( LENGTH_UNIT ( ) NAMED_UNIT ( * ) SI_UNIT ( $, .METRE. ) );
#1143 = CARTESIAN_POINT ( 'NONE',  ( -0.003963347240573014511, 0.09822377663365149114, -0.06205840608772073691 ) ) ;
#1144 = SURFACE_SIDE_STYLE ('',( #1911 ) ) ;
#1145 =( NAMED_UNIT ( * ) PLANE_ANGLE_UNIT ( ) SI_UNIT ( $, .RADIAN. ) );
#1146 = CARTESIAN_POINT ( 'NONE',  ( 6.834823504148590025E-17, -0.1618110236220472731, -0.2086614173228342473 ) ) ;
#1147 = CARTESIAN_POINT ( 'NONE',  ( -0.007295348729135587088, 0.09819669153186802446, -0.2088643290100291317 ) ) ;
#1148 = CARTESIAN_POINT ( 'NONE',  ( -0.007707618216216407907, 0.09825879931857865734, -0.0001663975318151137697 ) ) ;
#1149 = ORIENTED_EDGE ( 'NONE', *, *, #1534, .T. ) ;
#1150 = COLOUR_RGB ( '',0.7490196078431372584, 0.7490196078431372584, 0.7490196078431372584 ) ;
#1151 = CIRCLE ( 'NONE', #1781, 0.0003937007874015747977 ) ;
#1152 = EDGE_LOOP ( 'NONE', ( #3350, #240, #922, #878, #3901, #4041, #996, #2644 ) ) ;
#1153 = CARTESIAN_POINT ( 'NONE',  ( -0.007874015748031615650, 0.09803149606299216279, -0.06243490715464806301 ) ) ;
#1154 =( NAMED_UNIT ( * ) SI_UNIT ( $, .STERADIAN. ) SOLID_ANGLE_UNIT ( ) );
#1155 =( BOUNDED_CURVE ( )  B_SPLINE_CURVE ( 3, ( #1451, #3172, #1037, #501 ),
 .UNSPECIFIED., .F., .T. ) 
 B_SPLINE_CURVE_WITH_KNOTS ( ( 4, 4 ),
 ( 4.297971597196260361E-16, 1.570796326794896780 ),
 .UNSPECIFIED. ) 
 CURVE ( )  GEOMETRIC_REPRESENTATION_ITEM ( )  RATIONAL_B_SPLINE_CURVE ( ( 1.000000000000000000, 0.8047378541243650485, 0.8047378541243650485, 1.000000000000000000 ) ) 
 REPRESENTATION_ITEM ( '' )  );
#1156 = EDGE_CURVE ( 'NONE', #863, #3219, #1462, .T. ) ;
#1157 = UNCERTAINTY_MEASURE_WITH_UNIT (LENGTH_MEASURE( 1.000000000000000082E-05 ), #4530, 'distance_accuracy_value', 'NONE');
#1158 =( GEOMETRIC_REPRESENTATION_CONTEXT ( 3 ) GLOBAL_UNCERTAINTY_ASSIGNED_CONTEXT ( ( #1050 ) ) GLOBAL_UNIT_ASSIGNED_CONTEXT ( ( #5503, #4594, #1992 ) ) REPRESENTATION_CONTEXT ( 'NONE', 'WORKASPACE' ) );
#1159 = DIRECTION ( 'NONE',  ( -0.000000000000000000, -1.000000000000000000, -4.991641978379239941E-16 ) ) ;
#1160 = STYLED_ITEM ( 'NONE', ( #407 ), #3116 ) ;
#1161 = ORIENTED_EDGE ( 'NONE', *, *, #290, .T. ) ;
#1162 = VECTOR ( 'NONE', #684, 39.37007874015748143 ) ;
#1163 = AXIS2_PLACEMENT_3D ( 'NONE', #1909, #217, #2747 ) ;
#1164 = DIMENSIONAL_EXPONENTS ( 1.000000000000000000, 0.000000000000000000, 0.000000000000000000, 0.000000000000000000, 0.000000000000000000, 0.000000000000000000, 0.000000000000000000 ) ;
#1165 = SURFACE_STYLE_FILL_AREA ( #5013 ) ;
#1166 = ADVANCED_FACE ( 'NONE', ( #2521 ), #2120, .T. ) ;
#1167 = CARTESIAN_POINT ( 'NONE',  ( -0.004330708661417360071, 0.09803149606299214891, -0.06204120636724647780 ) ) ;
#1168 = UNCERTAINTY_MEASURE_WITH_UNIT (LENGTH_MEASURE( 1.000000000000000082E-05 ), #3456, 'distance_accuracy_value', 'NONE');
#1169 = VERTEX_POINT ( 'NONE', #2917 ) ;
#1170 =( NAMED_UNIT ( * ) PLANE_ANGLE_UNIT ( ) SI_UNIT ( $, .RADIAN. ) );
#1171 = DIRECTION ( 'NONE',  ( 0.000000000000000000, 0.000000000000000000, 1.000000000000000000 ) ) ;
#1172 = CARTESIAN_POINT ( 'NONE',  ( -0.007874015748031490750, -0.09354463915094009263, -0.06282860794204961352 ) ) ;
#1173 = FACE_OUTER_BOUND ( 'NONE', #3121, .T. ) ;
#1174 =( CONVERSION_BASED_UNIT ( 'INCH', #5026 ) LENGTH_UNIT ( ) NAMED_UNIT ( #2454 ) );
#1175 = CARTESIAN_POINT ( 'NONE',  ( 6.830586999311048204E-17, -0.1615803990403043844, -0.2086614173228343028 ) ) ;
#1176 = CARTESIAN_POINT ( 'NONE',  ( -0.007645510429505660531, 0.09784652983149784433, -0.2088643290100291317 ) ) ;
#1177 =( REPRESENTATION_RELATIONSHIP ('NONE','NONE', #4999, #806 ) REPRESENTATION_RELATIONSHIP_WITH_TRANSFORMATION ( #5471 )SHAPE_REPRESENTATION_RELATIONSHIP( ) );
#1178 = SURFACE_STYLE_USAGE ( .BOTH. , #1511 ) ;
#1179 = CARTESIAN_POINT ( 'NONE',  ( -0.004103405405830924495, 0.09825879931857864347, -0.1463929077000017120 ) ) ;
#1180 = CARTESIAN_POINT ( 'NONE',  ( -0.007707618216216435662, 0.09825879931857862959, -0.0001663975318151094329 ) ) ;
#1181 = ORIENTED_EDGE ( 'NONE', *, *, #3388, .T. ) ;
#1182 = DIRECTION ( 'NONE',  ( 0.000000000000000000, 0.000000000000000000, 1.000000000000000000 ) ) ;
#1183 = PRESENTATION_STYLE_ASSIGNMENT (( #5491 ) ) ;
#1184 = FACE_OUTER_BOUND ( 'NONE', #3236, .T. ) ;
#1185 = LINE ( 'NONE', #3346, #1201 ) ;
#1186 = VECTOR ( 'NONE', #4874, 39.37007874015748143 ) ;
#1187 = ORIENTED_EDGE ( 'NONE', *, *, #2185, .T. ) ;
#1188 =( BOUNDED_SURFACE ( )  B_SPLINE_SURFACE ( 3, 3, ( 
 ( #3190, #1904, #1877, #3529 ),
 ( #1385, #2346, #3990, #5302 ),
 ( #4050, #152, #640, #1446 ),
 ( #4902, #3580, #3963, #1055 ) ),
 .UNSPECIFIED., .F., .F., .F. ) 
 B_SPLINE_SURFACE_WITH_KNOTS ( ( 4, 4 ),
 ( 4, 4 ),
 ( 0.000000000000000000, 1.000000000000000000 ),
 ( 0.000000000000000000, 1.000000000000000000 ),
 .UNSPECIFIED. ) 
 GEOMETRIC_REPRESENTATION_ITEM ( )  RATIONAL_B_SPLINE_SURFACE ( (
 ( 1.000000000000000000, 0.3333333333333332038, 0.3333333333333332038, 1.000000000000000000),
 ( 0.9245018060306368080, 0.3081672686768788250, 0.3081672686768788250, 0.9245018060306368080),
 ( 0.9245018060306368080, 0.3081672686768788250, 0.3081672686768788250, 0.9245018060306368080),
 ( 1.000000000000000000, 0.3333333333333332038, 0.3333333333333332038, 1.000000000000000000) ) ) 
 REPRESENTATION_ITEM ( '' )  SURFACE ( )  );
#1189 = DIRECTION ( 'NONE',  ( -0.000000000000000000, -0.000000000000000000, -1.000000000000000000 ) ) ;
#1190 =( CONVERSION_BASED_UNIT ( 'INCH', #412 ) LENGTH_UNIT ( ) NAMED_UNIT ( #4088 ) );
#1191 = VERTEX_POINT ( 'NONE', #5112 ) ;
#1192 = PRESENTATION_LAYER_ASSIGNMENT (  '', '', ( #572 ) ) ;
#1193 = ORIENTED_EDGE ( 'NONE', *, *, #583, .F. ) ;
#1194 = ADVANCED_FACE ( 'NONE', ( #1253 ), #4246, .T. ) ;
#1195 = FILL_AREA_STYLE ('',( #1907 ) ) ;
#1196 = DIRECTION ( 'NONE',  ( -1.836970198723839511E-16, -1.000000000000000000, 2.081668171172253332E-12 ) ) ;
#1197 = STYLED_ITEM ( 'NONE', ( #1672 ), #1166 ) ;
#1198 = CARTESIAN_POINT ( 'NONE',  ( 0.01097903596297169528, -0.1722604678640673181, 0.0003680136328408534934 ) ) ;
#1199 = DIMENSIONAL_EXPONENTS ( 1.000000000000000000, 0.000000000000000000, 0.000000000000000000, 0.000000000000000000, 0.000000000000000000, 0.000000000000000000, 0.000000000000000000 ) ;
#1200 = CARTESIAN_POINT ( 'NONE',  ( 0.03897637795275595007, -0.1618110236220472731, -0.2082677165354331061 ) ) ;
#1201 = VECTOR ( 'NONE', #2508, 39.37007874015748143 ) ;
#1202 = LENGTH_MEASURE_WITH_UNIT ( LENGTH_MEASURE( 0.02539999999999999897 ), #4174 );
#1203 = CARTESIAN_POINT ( 'NONE',  ( -0.007707618216216439999, 0.09825879931857862959, -0.1463929077000017398 ) ) ;
#1204 = CARTESIAN_POINT ( 'NONE',  ( -0.004303350422655252000, 0.09847309974173347469, -0.06225415421650246084 ) ) ;
#1205 = ORIENTED_EDGE ( 'NONE', *, *, #4167, .F. ) ;
#1206 = FILL_AREA_STYLE ('',( #4259 ) ) ;
#1207 = DIRECTION ( 'NONE',  ( -1.000000000000000000, -2.775557561562900029E-15, -8.359095273366670188E-31 ) ) ;
#1208 = SURFACE_STYLE_USAGE ( .BOTH. , #4616 ) ;
#1209 = CIRCLE ( 'NONE', #4341, 0.0003937007874015758277 ) ;
#1210 = SURFACE_STYLE_USAGE ( .BOTH. , #5007 ) ;
#1211 = ORIENTED_EDGE ( 'NONE', *, *, #5244, .F. ) ;
#1212 = FILL_AREA_STYLE ('',( #3304 ) ) ;
#1213 =( CONVERSION_BASED_UNIT ( 'INCH', #1663 ) LENGTH_UNIT ( ) NAMED_UNIT ( #3744 ) );
#1214 = LINE ( 'NONE', #363, #5010 ) ;
#1215 = FILL_AREA_STYLE_COLOUR ( '', #5453 ) ;
#1216 = ORIENTED_EDGE ( 'NONE', *, *, #4098, .T. ) ;
#1217 =( BOUNDED_CURVE ( )  B_SPLINE_CURVE ( 3, ( #4218, #411, #3801, #4134 ),
 .UNSPECIFIED., .F., .T. ) 
 B_SPLINE_CURVE_WITH_KNOTS ( ( 4, 4 ),
 ( 0.000000000000000000, 1.000000000000000000 ),
 .UNSPECIFIED. ) 
 CURVE ( )  GEOMETRIC_REPRESENTATION_ITEM ( )  RATIONAL_B_SPLINE_CURVE ( ( 1.000000000000000000, 0.8047378541243652705, 0.8047378541243652705, 1.000000000000000000 ) ) 
 REPRESENTATION_ITEM ( '' )  );
#1218 = AXIS2_PLACEMENT_3D ( 'NONE', #5, #4666, #822 ) ;
#1219 = DIRECTION ( 'NONE',  ( -0.8164965809277336950, 0.4082482904638448096, 0.4082482904638658483 ) ) ;
#1220 = AXIS2_PLACEMENT_3D ( 'NONE', #2593, #70, #4295 ) ;
#1221 =( CONVERSION_BASED_UNIT ( 'INCH', #4566 ) LENGTH_UNIT ( ) NAMED_UNIT ( #2711 ) );
#1222 = CARTESIAN_POINT ( 'NONE',  ( -0.002536870399171567425, -0.1618110236220472453, 0.000000000000000000 ) ) ;
#1223 = CARTESIAN_POINT ( 'NONE',  ( -0.004317705828985756583, 0.09827315472490909254, -0.2086949648078434416 ) ) ;
#1224 = STYLED_ITEM ( 'NONE', ( #4638 ), #1953 ) ;
#1225 = EDGE_CURVE ( 'NONE', #3145, #3986, #3536, .T. ) ;
#1226 = CARTESIAN_POINT ( 'NONE',  ( -0.007874015748031615650, 0.2900013320643256010, -0.06243490715464802832 ) ) ;
#1227 = STYLED_ITEM ( 'NONE', ( #2861 ), #2177 ) ;
#1228 =( NAMED_UNIT ( * ) PLANE_ANGLE_UNIT ( ) SI_UNIT ( $, .RADIAN. ) );
#1229 = CARTESIAN_POINT ( 'NONE',  ( -0.007672595531289289408, 0.09804869578346647740, -2.633936655720633076E-05 ) ) ;
#1230 = DIRECTION ( 'NONE',  ( -1.000000000000000000, 0.000000000000000000, 0.000000000000000000 ) ) ;
#1231 = VERTEX_POINT ( 'NONE', #1617 ) ;
#1232 = DIMENSIONAL_EXPONENTS ( 1.000000000000000000, 0.000000000000000000, 0.000000000000000000, 0.000000000000000000, 0.000000000000000000, 0.000000000000000000, 0.000000000000000000 ) ;
#1233 = DIRECTION ( 'NONE',  ( -1.000000000000000000, -0.000000000000000000, 0.000000000000000000 ) ) ;
#1234 = CARTESIAN_POINT ( 'NONE',  ( 0.01097903596297170395, 0.03427300011438147442, 0.0008319876590755315247 ) ) ;
#1235 = CARTESIAN_POINT ( 'NONE',  ( 0.03910654560194082308, -0.1614526351813931615, -0.0004917539296858942878 ) ) ;
#1236 =( GEOMETRIC_REPRESENTATION_CONTEXT ( 3 ) GLOBAL_UNCERTAINTY_ASSIGNED_CONTEXT ( ( #3691 ) ) GLOBAL_UNIT_ASSIGNED_CONTEXT ( ( #2969, #2114, #3326 ) ) REPRESENTATION_CONTEXT ( 'NONE', 'WORKASPACE' ) );
#1237 = DIRECTION ( 'NONE',  ( 0.000000000000000000, 0.000000000000000000, -1.000000000000000000 ) ) ;
#1238 =( LENGTH_UNIT ( ) NAMED_UNIT ( * ) SI_UNIT ( $, .METRE. ) );
#1239 = CIRCLE ( 'NONE', #2412, 0.001968503937007879193 ) ;
#1240 = COLOUR_RGB ( '',0.7490196078431372584, 0.7490196078431372584, 0.7490196078431372584 ) ;
#1241 = VERTEX_POINT ( 'NONE', #2494 ) ;
#1242 = FILL_AREA_STYLE_COLOUR ( '', #1455 ) ;
#1243 = FILL_AREA_STYLE_COLOUR ( '', #5433 ) ;
#1244 = CIRCLE ( 'NONE', #1328, 0.0003937007874015758277 ) ;
#1245 =( GEOMETRIC_REPRESENTATION_CONTEXT ( 3 ) GLOBAL_UNCERTAINTY_ASSIGNED_CONTEXT ( ( #4988 ) ) GLOBAL_UNIT_ASSIGNED_CONTEXT ( ( #3926, #1374, #2110 ) ) REPRESENTATION_CONTEXT ( 'NONE', 'WORKASPACE' ) );
#1246 = FILL_AREA_STYLE_COLOUR ( '', #3038 ) ;
#1247 = CARTESIAN_POINT ( 'NONE',  ( 6.416107836682180443E-17, -0.1618110236220472731, 0.000000000000000000 ) ) ;
#1248 = ORIENTED_EDGE ( 'NONE', *, *, #2567, .F. ) ;
#1249 = AXIS2_PLACEMENT_3D ( 'NONE', #625, #3619, #5375 ) ;
#1250 = AXIS2_PLACEMENT_3D ( 'NONE', #2955, #1679, #3395 ) ;
#1251 = UNCERTAINTY_MEASURE_WITH_UNIT (LENGTH_MEASURE( 1.000000000000000082E-05 ), #3846, 'distance_accuracy_value', 'NONE');
#1252 = PRESENTATION_STYLE_ASSIGNMENT (( #98 ) ) ;
#1253 = FACE_OUTER_BOUND ( 'NONE', #1390, .T. ) ;
#1254 = CARTESIAN_POINT ( 'NONE',  ( -0.003937007874015685527, -0.1574803149606299191, -0.0003937007874015749061 ) ) ;
#1255 = FILL_AREA_STYLE ('',( #816 ) ) ;
#1256 = AXIS2_PLACEMENT_3D ( 'NONE', #4849, #1450, #3585 ) ;
#1257 = SURFACE_STYLE_FILL_AREA ( #4599 ) ;
#1258 = ORIENTED_EDGE ( 'NONE', *, *, #4770, .F. ) ;
#1259 = ADVANCED_FACE ( 'NONE', ( #369 ), #1644, .T. ) ;
#1260 = FILL_AREA_STYLE ('',( #5122 ) ) ;
#1261 = CARTESIAN_POINT ( 'NONE',  ( -0.008137535951372516785, 0.09812635783286739743, -0.0007552806004647088720 ) ) ;
#1262 = FILL_AREA_STYLE ('',( #2605 ) ) ;
#1263 = DIRECTION ( 'NONE',  ( -1.000000000000000000, 0.000000000000000000, 0.000000000000000000 ) ) ;
#1264 = CARTESIAN_POINT ( 'NONE',  ( -0.004303350422655225112, 0.09847309974173336367, -0.1464072631063322028 ) ) ;
#1265 = ORIENTED_EDGE ( 'NONE', *, *, #687, .F. ) ;
#1266 = EDGE_CURVE ( 'NONE', #3160, #1667, #1440, .T. ) ;
#1267 = FACE_OUTER_BOUND ( 'NONE', #3089, .T. ) ;
#1268 =( NAMED_UNIT ( * ) SI_UNIT ( $, .STERADIAN. ) SOLID_ANGLE_UNIT ( ) );
#1269 = SURFACE_SIDE_STYLE ('',( #455 ) ) ;
#1270 = CARTESIAN_POINT ( 'NONE',  ( 6.103845389764025785E-17, -0.1614173228346456879, -0.2082677165354328841 ) ) ;
#1271 = EDGE_LOOP ( 'NONE', ( #112, #1902, #391, #4047 ) ) ;
#1272 =( NAMED_UNIT ( * ) PLANE_ANGLE_UNIT ( ) SI_UNIT ( $, .RADIAN. ) );
#1273 = DIMENSIONAL_EXPONENTS ( 1.000000000000000000, 0.000000000000000000, 0.000000000000000000, 0.000000000000000000, 0.000000000000000000, 0.000000000000000000, 0.000000000000000000 ) ;
#1274 = FILL_AREA_STYLE ('',( #1243 ) ) ;
#1275 = SURFACE_STYLE_USAGE ( .BOTH. , #3495 ) ;
#1276 = SURFACE_SIDE_STYLE ('',( #2044 ) ) ;
#1277 = ORIENTED_EDGE ( 'NONE', *, *, #2704, .F. ) ;
#1278 =( LENGTH_UNIT ( ) NAMED_UNIT ( * ) SI_UNIT ( $, .METRE. ) );
#1279 = DIRECTION ( 'NONE',  ( 1.000000000000000000, 2.775557561562900029E-15, 8.359095273366670188E-31 ) ) ;
#1280 =( NAMED_UNIT ( * ) PLANE_ANGLE_UNIT ( ) SI_UNIT ( $, .RADIAN. ) );
#1281 = CARTESIAN_POINT ( 'NONE',  ( -0.002401773647003212133, -0.1615803990403043566, -4.958423685728693369E-18 ) ) ;
#1282 = PRESENTATION_LAYER_ASSIGNMENT (  '', '', ( #4056 ) ) ;
#1283 =( NAMED_UNIT ( * ) SI_UNIT ( $, .STERADIAN. ) SOLID_ANGLE_UNIT ( ) );
#1284 = LENGTH_MEASURE_WITH_UNIT ( LENGTH_MEASURE( 0.02539999999999999897 ), #3781 );
#1285 = PRESENTATION_LAYER_ASSIGNMENT (  '', '', ( #4329 ) ) ;
#1286 =( CONVERSION_BASED_UNIT ( 'INCH', #1737 ) LENGTH_UNIT ( ) NAMED_UNIT ( #1662 ) );
#1287 = FILL_AREA_STYLE ('',( #5093 ) ) ;
#1288 = SURFACE_SIDE_STYLE ('',( #2926 ) ) ;
#1289 = CIRCLE ( 'NONE', #3000, 0.007874015748031495954 ) ;
#1290 = ADVANCED_FACE ( 'NONE', ( #5321 ), #3123, .T. ) ;
#1291 = ORIENTED_EDGE ( 'NONE', *, *, #1568, .F. ) ;
#1292 = LENGTH_MEASURE_WITH_UNIT ( LENGTH_MEASURE( 0.02539999999999999897 ), #5172 );
#1293 = CARTESIAN_POINT ( 'NONE',  ( -0.007480314960629962789, 0.09838363275236221284, -0.06221727471193147507 ) ) ;
#1294 = CARTESIAN_POINT ( 'NONE',  ( 0.03897637795275595007, -0.1614173228346457156, -0.2082677165354331061 ) ) ;
#1295 = CARTESIAN_POINT ( 'NONE',  ( 0.01181102362204724393, -0.1735564295493775833, 0.000000000000000000 ) ) ;
#1296 = EDGE_CURVE ( 'NONE', #3167, #2045, #1185, .T. ) ;
#1297 = VERTEX_POINT ( 'NONE', #3268 ) ;
#1298 = CYLINDRICAL_SURFACE ( 'NONE', #1303, 0.001968503937007873988 ) ;
#1299 = CARTESIAN_POINT ( 'NONE',  ( 0.01282558205802161212, -0.1724139029567486880, 0.002893335094479324455 ) ) ;
#1300 = DIRECTION ( 'NONE',  ( 1.000000000000000000, 0.000000000000000000, -0.000000000000000000 ) ) ;
#1301 = CARTESIAN_POINT ( 'NONE',  ( 0.01197876104709357480, -0.1716529397745276964, 0.09766498622297076215 ) ) ;
#1302 = EDGE_LOOP ( 'NONE', ( #683, #1216, #559, #2663 ) ) ;
#1303 = AXIS2_PLACEMENT_3D ( 'NONE', #3377, #3824, #5134 ) ;
#1304 = CARTESIAN_POINT ( 'NONE',  ( 0.01097903596297173864, 0.03427300011438146055, 0.09759320919131819760 ) ) ;
#1305 = CARTESIAN_POINT ( 'NONE',  ( -0.004330708661417363541, 0.09842519685039372024, -0.1466202109555881927 ) ) ;
#1306 = DIRECTION ( 'NONE',  ( 0.000000000000000000, 0.000000000000000000, 1.000000000000000000 ) ) ;
#1307 = CARTESIAN_POINT ( 'NONE',  ( 0.03897637795275595007, -0.1649606299212598437, -0.0003937007874015748519 ) ) ;
#1308 = DIMENSIONAL_EXPONENTS ( 1.000000000000000000, 0.000000000000000000, 0.000000000000000000, 0.000000000000000000, 0.000000000000000000, 0.000000000000000000, 0.000000000000000000 ) ;
#1309 = VECTOR ( 'NONE', #2981, 39.37007874015748143 ) ;
#1310 = FILL_AREA_STYLE_COLOUR ( '', #4785 ) ;
#1311 = STYLED_ITEM ( 'NONE', ( #985 ), #2030 ) ;
#1312 =( LENGTH_UNIT ( ) NAMED_UNIT ( * ) SI_UNIT ( $, .METRE. ) );
#1313 = LINE ( 'NONE', #3477, #1309 ) ;
#1314 = ORIENTED_EDGE ( 'NONE', *, *, #1634, .F. ) ;
#1315 = CARTESIAN_POINT ( 'NONE',  ( -0.004103405405830900209, 0.09835159412382553368, -0.0002591923370620306246 ) ) ;
#1316 = CARTESIAN_POINT ( 'NONE',  ( -0.007480314960629961055, 0.09803149606299214891, -0.06204120636724646393 ) ) ;
#1317 = FILL_AREA_STYLE ('',( #456 ) ) ;
#1318 = DIRECTION ( 'NONE',  ( 1.000000000000000000, 0.000000000000000000, -0.000000000000000000 ) ) ;
#1319 = AXIS2_PLACEMENT_3D ( 'NONE', #2069, #836, #3355 ) ;
#1320 = ORIENTED_EDGE ( 'NONE', *, *, #3322, .F. ) ;
#1321 = CARTESIAN_POINT ( 'NONE',  ( -0.007480314960629967126, 0.09803149606299214891, -0.06243490715464804913 ) ) ;
#1322 = ADVANCED_FACE ( 'NONE', ( #4647 ), #285, .T. ) ;
#1323 = CARTESIAN_POINT ( 'NONE',  ( 0.01282558205802161212, -0.1706630944548981621, 0.001142526592628880042 ) ) ;
#1324 = SURFACE_STYLE_FILL_AREA ( #3442 ) ;
#1325 = AXIS2_PLACEMENT_3D ( 'NONE', #1417, #1005, #3025 ) ;
#1326 = CARTESIAN_POINT ( 'NONE',  ( -0.004330708661417362673, -0.09315093836353859069, -0.1462265101681866353 ) ) ;
#1327 = EDGE_LOOP ( 'NONE', ( #1, #4005, #1320, #2707, #1125, #4137, #181, #5239 ) ) ;
#1328 = AXIS2_PLACEMENT_3D ( 'NONE', #4070, #4953, #2420 ) ;
#1329 = AXIS2_PLACEMENT_3D ( 'NONE', #2876, #1630, #2424 ) ;
#1330 = CARTESIAN_POINT ( 'NONE',  ( 0.01269015654910404974, 0.03207622717006004126, 0.09755352127560006081 ) ) ;
#1331 = EDGE_CURVE ( 'NONE', #1810, #2034, #1289, .T. ) ;
#1332 = SURFACE_STYLE_USAGE ( .BOTH. , #3908 ) ;
#1333 = CARTESIAN_POINT ( 'NONE',  ( 0.01049335793096383904, -0.1710976599009481347, 0.0001765617337373650208 ) ) ;
#1334 = SHAPE_REPRESENTATION ( 'elev_Leg', ( #1220 ), #4261 ) ;
#1335 = DIRECTION ( 'NONE',  ( 0.000000000000000000, 0.000000000000000000, -1.000000000000000000 ) ) ;
#1336 = DIRECTION ( 'NONE',  ( 1.000000000000000000, 4.625929269271489858E-16, 0.000000000000000000 ) ) ;
#1337 = CYLINDRICAL_SURFACE ( 'NONE', #4643, 0.0003937007874015587515 ) ;
#1338 = COLOUR_RGB ( '',0.8313725490196077761, 0.8313725490196077761, 0.8313725490196077761 ) ;
#1339 = EDGE_LOOP ( 'NONE', ( #3827, #2540, #5411, #1211, #4037 ) ) ;
#1340 = MANIFOLD_SOLID_BREP ( 'Imported1', #385 ) ;
#1341 = COLOUR_RGB ( '',0.8313725490196077761, 0.8313725490196077761, 0.8313725490196077761 ) ;
#1342 = FILL_AREA_STYLE ('',( #3365 ) ) ;
#1343 = CARTESIAN_POINT ( 'NONE',  ( -0.007480314960629961055, 0.09803149606299214891, -0.0003937007874015748519 ) ) ;
#1344 = CARTESIAN_POINT ( 'NONE',  ( -0.003972320220763281458, 0.09816166371217704967, -0.1467182640978725305 ) ) ;
#1345 = ORIENTED_EDGE ( 'NONE', *, *, #621, .F. ) ;
#1346 = DIMENSIONAL_EXPONENTS ( 1.000000000000000000, 0.000000000000000000, 0.000000000000000000, 0.000000000000000000, 0.000000000000000000, 0.000000000000000000, 0.000000000000000000 ) ;
#1347 = CARTESIAN_POINT ( 'NONE',  ( -0.004330708661417261192, -0.1574803149606299191, -0.2082677165354326898 ) ) ;
#1348 = CARTESIAN_POINT ( 'NONE',  ( -0.004103405405830892402, 0.09825879931857860183, -0.0001663975318151030361 ) ) ;
#1349 = ORIENTED_EDGE ( 'NONE', *, *, #3358, .T. ) ;
#1350 = DIRECTION ( 'NONE',  ( -0.000000000000000000, -0.000000000000000000, -1.000000000000000000 ) ) ;
#1351 = DIRECTION ( 'NONE',  ( 0.000000000000000000, 0.000000000000000000, -1.000000000000000000 ) ) ;
#1352 = UNCERTAINTY_MEASURE_WITH_UNIT (LENGTH_MEASURE( 1.000000000000000082E-05 ), #639, 'distance_accuracy_value', 'NONE');
#1353 = CARTESIAN_POINT ( 'NONE',  ( -0.007480314960629922023, -0.09940944881889764162, -0.2086614173228346636 ) ) ;
#1354 = AXIS2_PLACEMENT_3D ( 'NONE', #932, #3178, #2832 ) ;
#1355 =( CONVERSION_BASED_UNIT ( 'INCH', #3496 ) LENGTH_UNIT ( ) NAMED_UNIT ( #3539 ) );
#1356 = ADVANCED_FACE ( 'NONE', ( #5034 ), #3765, .T. ) ;
#1357 = CARTESIAN_POINT ( 'NONE',  ( 0.009928518287410736595, 0.03409788668974573361, 0.09829350001760765732 ) ) ;
#1358 = PRESENTATION_STYLE_ASSIGNMENT (( #2174 ) ) ;
#1359 = DIRECTION ( 'NONE',  ( 0.000000000000000000, -1.000000000000000000, 0.000000000000000000 ) ) ;
#1360 = EDGE_CURVE ( 'NONE', #3506, #886, #3436, .T. ) ;
#1361 = ORIENTED_EDGE ( 'NONE', *, *, #3873, .F. ) ;
#1362 = CARTESIAN_POINT ( 'NONE',  ( 0.03897637795275595007, -0.1649606299212598437, -0.2082677165354331061 ) ) ;
#1363 = FACE_OUTER_BOUND ( 'NONE', #857, .T. ) ;
#1364 = CARTESIAN_POINT ( 'NONE',  ( 0.06889763779527560694, -0.1023622047244094474, 0.000000000000000000 ) ) ;
#1365 = CARTESIAN_POINT ( 'NONE',  ( -0.004138428090758061208, 0.09804869578346643577, -2.633936655722202798E-05 ) ) ;
#1366 = DIRECTION ( 'NONE',  ( -1.000000000000000000, -2.775557561562900029E-15, -8.359095273366670188E-31 ) ) ;
#1367 = EDGE_CURVE ( 'NONE', #3240, #901, #1375, .T. ) ;
#1368 = ORIENTED_EDGE ( 'NONE', *, *, #1156, .F. ) ;
#1369 = MECHANICAL_DESIGN_GEOMETRIC_PRESENTATION_REPRESENTATION (  '', ( #668 ), #1460 ) ;
#1370 = CARTESIAN_POINT ( 'NONE',  ( 0.03879141172126162468, -0.1612144111474506925, -0.2084329120043089401 ) ) ;
#1371 = SURFACE_STYLE_USAGE ( .BOTH. , #2639 ) ;
#1372 = DIRECTION ( 'NONE',  ( 0.4082482904637816934, 0.8164965809277406894, -0.4082482904639149757 ) ) ;
#1373 = VECTOR ( 'NONE', #3274, 39.37007874015748143 ) ;
#1374 =( NAMED_UNIT ( * ) PLANE_ANGLE_UNIT ( ) SI_UNIT ( $, .RADIAN. ) );
#1375 = CIRCLE ( 'NONE', #2273, 0.0003937007874015843929 ) ;
#1376 = VERTEX_POINT ( 'NONE', #1270 ) ;
#1377 = CARTESIAN_POINT ( 'NONE',  ( 0.03897637795275595007, -0.1618110236220472731, 0.000000000000000000 ) ) ;
#1378 =( LENGTH_UNIT ( ) NAMED_UNIT ( * ) SI_UNIT ( $, .METRE. ) );
#1379 = DIMENSIONAL_EXPONENTS ( 1.000000000000000000, 0.000000000000000000, 0.000000000000000000, 0.000000000000000000, 0.000000000000000000, 0.000000000000000000, 0.000000000000000000 ) ;
#1380 = SURFACE_STYLE_FILL_AREA ( #2073 ) ;
#1381 = FACE_OUTER_BOUND ( 'NONE', #4264, .T. ) ;
#1382 = UNCERTAINTY_MEASURE_WITH_UNIT (LENGTH_MEASURE( 1.000000000000000082E-05 ), #2258, 'distance_accuracy_value', 'NONE');
#1383 = DIRECTION ( 'NONE',  ( -0.5773502691896492678, 0.5773502691896573724, -0.5773502691895706640 ) ) ;
#1384 = EDGE_LOOP ( 'NONE', ( #3497, #1349, #2838, #1181 ) ) ;
#1385 = CARTESIAN_POINT ( 'NONE',  ( 0.01144300998920638225, 0.03427300011438148830, 0.09712923516508352451 ) ) ;
#1386 = PRODUCT_DEFINITION ( 'UNKNOWN', '', #4650, #3626 ) ;
#1387 = LINE ( 'NONE', #3909, #1767 ) ;
#1388 = DIRECTION ( 'NONE',  ( 5.891513691996699874E-17, -1.000000000000000000, 0.000000000000000000 ) ) ;
#1389 = SURFACE_SIDE_STYLE ('',( #975 ) ) ;
#1390 = EDGE_LOOP ( 'NONE', ( #5003, #3962, #4951, #3514, #1600, #2417, #1950, #3644, #4481 ) ) ;
#1391 = AXIS2_PLACEMENT_3D ( 'NONE', #4394, #4333, #1787 ) ;
#1392 = CARTESIAN_POINT ( 'NONE',  ( -0.007721973622546979277, 0.09845874433540297010, -0.06205420919967803012 ) ) ;
#1393 = EDGE_CURVE ( 'NONE', #653, #3135, #2456, .T. ) ;
#1394 = PRODUCT_DEFINITION_SHAPE ( 'NONE', 'NONE',  #251 ) ;
#1395 = DIRECTION ( 'NONE',  ( -1.000000000000000000, -2.775557561562900029E-15, -1.321694076934709909E-16 ) ) ;
#1396 = CARTESIAN_POINT ( 'NONE',  ( 0.03897637795275595007, -0.1649606299212598437, -0.2086614173228344138 ) ) ;
#1397 = AXIS2_PLACEMENT_3D ( 'NONE', #5106, #4624, #2488 ) ;
#1398 = ORIENTED_EDGE ( 'NONE', *, *, #4098, .F. ) ;
#1399 = AXIS2_PLACEMENT_3D ( 'NONE', #4513, #4546, #245 ) ;
#1400 = DIRECTION ( 'NONE',  ( -1.000000000000000000, 0.000000000000000000, 0.000000000000000000 ) ) ;
#1401 = FILL_AREA_STYLE_COLOUR ( '', #1338 ) ;
#1402 = CARTESIAN_POINT ( 'NONE',  ( 0.03899357767323023000, -0.1653279913421042135, -0.0002014202167422640081 ) ) ;
#1403 = ADVANCED_FACE ( 'NONE', ( #5097 ), #12, .T. ) ;
#1404 = PRESENTATION_STYLE_ASSIGNMENT (( #3311 ) ) ;
#1405 = VERTEX_POINT ( 'NONE', #2612 ) ;
#1406 = DIRECTION ( 'NONE',  ( 0.000000000000000000, 0.000000000000000000, 1.000000000000000000 ) ) ;
#1407 = DIRECTION ( 'NONE',  ( 1.000000000000000000, 1.047380211910519998E-16, 0.000000000000000000 ) ) ;
#1408 = CIRCLE ( 'NONE', #883, 0.0003937007874015747977 ) ;
#1409 = UNCERTAINTY_MEASURE_WITH_UNIT (LENGTH_MEASURE( 1.000000000000000082E-05 ), #2401, 'distance_accuracy_value', 'NONE');
#1410 = CARTESIAN_POINT ( 'NONE',  ( 0.01167932678926119835, -0.1725493284656663406, 0.09654269151575727015 ) ) ;
#1411 =( LENGTH_UNIT ( ) NAMED_UNIT ( * ) SI_UNIT ( $, .METRE. ) );
#1412 = FILL_AREA_STYLE ('',( #3186 ) ) ;
#1413 = DIRECTION ( 'NONE',  ( -0.4082482904638329302, 0.4082482904638328192, 0.8164965809277560105 ) ) ;
#1414 = ORIENTED_EDGE ( 'NONE', *, *, #261, .F. ) ;
#1415 = LENGTH_MEASURE_WITH_UNIT ( LENGTH_MEASURE( 0.02539999999999999897 ), #3220 );
#1416 = COLOUR_RGB ( '',0.8313725490196077761, 0.8313725490196077761, 0.8313725490196077761 ) ;
#1417 = CARTESIAN_POINT ( 'NONE',  ( -0.006889763779527558960, -0.1618110236220472731, -0.0003937007874015748519 ) ) ;
#1418 = DIMENSIONAL_EXPONENTS ( 1.000000000000000000, 0.000000000000000000, 0.000000000000000000, 0.000000000000000000, 0.000000000000000000, 0.000000000000000000, 0.000000000000000000 ) ;
#1419 =( NAMED_UNIT ( * ) PLANE_ANGLE_UNIT ( ) SI_UNIT ( $, .RADIAN. ) );
#1420 = ORIENTED_EDGE ( 'NONE', *, *, #3108, .T. ) ;
#1421 = VECTOR ( 'NONE', #1159, 39.37007874015748143 ) ;
#1422 = FILL_AREA_STYLE ('',( #4431 ) ) ;
#1423 =( NAMED_UNIT ( * ) SI_UNIT ( $, .STERADIAN. ) SOLID_ANGLE_UNIT ( ) );
#1424 = CARTESIAN_POINT ( 'NONE',  ( -0.007480314960629882125, -0.1574803149606299191, -0.2086614173228342195 ) ) ;
#1425 = AXIS2_PLACEMENT_3D ( 'NONE', #5440, #4894, #2760 ) ;
#1426 = CARTESIAN_POINT ( 'NONE',  ( -0.004103405405830934903, 0.09825879931857860183, -0.0001663975318151224162 ) ) ;
#1427 = CARTESIAN_POINT ( 'NONE',  ( -0.003734096186820942079, 0.09784652983149771943, -0.2084329120043083572 ) ) ;
#1428 = ORIENTED_EDGE ( 'NONE', *, *, #3224, .F. ) ;
#1429 = ADVANCED_FACE ( 'NONE', ( #1801 ), #1686, .T. ) ;
#1430 = AXIS2_PLACEMENT_3D ( 'NONE', #1041, #1975, #4889 ) ;
#1431 = STYLED_ITEM ( 'NONE', ( #846 ), #3432 ) ;
#1432 = CARTESIAN_POINT ( 'NONE',  ( 0.03861479813969277697, -0.1611538026313046323, -0.2083625783053083824 ) ) ;
#1433 = FILL_AREA_STYLE ('',( #5288 ) ) ;
#1434 = CIRCLE ( 'NONE', #4206, 0.0003937007874015636304 ) ;
#1435 = ADVANCED_FACE ( 'NONE', ( #3547 ), #4496, .T. ) ;
#1436 = EDGE_CURVE ( 'NONE', #4397, #3659, #3978, .T. ) ;
#1437 = ORIENTED_EDGE ( 'NONE', *, *, #3941, .T. ) ;
#1438 = CARTESIAN_POINT ( 'NONE',  ( 0.01181102362204724393, 0.03510498777345701094, 0.09645669291338584972 ) ) ;
#1439 = PLANE ( 'NONE',  #2355 ) ;
#1440 = LINE ( 'NONE', #4044, #4880 ) ;
#1441 = SURFACE_STYLE_FILL_AREA ( #606 ) ;
#1442 = DIRECTION ( 'NONE',  ( -4.440892098500630106E-16, 1.000000000000000000, 7.950868184099250267E-31 ) ) ;
#1443 = ORIENTED_EDGE ( 'NONE', *, *, #5435, .F. ) ;
#1444 = PRODUCT_DEFINITION_SHAPE ( 'NONE', 'NONE',  #1386 ) ;
#1445 = LINE ( 'NONE', #3631, #1186 ) ;
#1446 = CARTESIAN_POINT ( 'NONE',  ( 0.009928518287410767820, 0.03409788668974575443, 0.09829350001760765732 ) ) ;
#1447 = FILL_AREA_STYLE ('',( #5303 ) ) ;
#1448 = CARTESIAN_POINT ( 'NONE',  ( -0.007800413021463394395, 0.09816600451333169775, -0.1463929077000017120 ) ) ;
#1449 = EDGE_LOOP ( 'NONE', ( #1538, #3380, #2019, #20 ) ) ;
#1450 = DIRECTION ( 'NONE',  ( 0.000000000000000000, 0.000000000000000000, -1.000000000000000000 ) ) ;
#1451 = CARTESIAN_POINT ( 'NONE',  ( -0.004330708661417322775, -0.09315093836353857681, -0.1462265101681866353 ) ) ;
#1452 = CARTESIAN_POINT ( 'NONE',  ( 0.03957299042735235028, -0.1619959898535414944, -0.0002285053185258495987 ) ) ;
#1453 = DIRECTION ( 'NONE',  ( 0.000000000000000000, 0.000000000000000000, -1.000000000000000000 ) ) ;
#1454 = ORIENTED_EDGE ( 'NONE', *, *, #4663, .F. ) ;
#1455 = COLOUR_RGB ( '',0.8313725490196077761, 0.8313725490196077761, 0.8313725490196077761 ) ;
#1456 = CARTESIAN_POINT ( 'NONE',  ( 0.03907123972263133044, -0.1611538026313046323, -0.2079061367223698220 ) ) ;
#1457 =( NAMED_UNIT ( * ) SI_UNIT ( $, .STERADIAN. ) SOLID_ANGLE_UNIT ( ) );
#1458 = FILL_AREA_STYLE ('',( #1016 ) ) ;
#1459 = AXIS2_PLACEMENT_3D ( 'NONE', #406, #430, #4775 ) ;
#1460 =( GEOMETRIC_REPRESENTATION_CONTEXT ( 3 ) GLOBAL_UNCERTAINTY_ASSIGNED_CONTEXT ( ( #1843 ) ) GLOBAL_UNIT_ASSIGNED_CONTEXT ( ( #105, #4850, #3138 ) ) REPRESENTATION_CONTEXT ( 'NONE', 'WORKASPACE' ) );
#1461 = VERTEX_POINT ( 'NONE', #3150 ) ;
#1462 = CIRCLE ( 'NONE', #1643, 0.001968503937007879193 ) ;
#1463 = STYLED_ITEM ( 'NONE', ( #4875 ), #4703 ) ;
#1464 = DIRECTION ( 'NONE',  ( 0.000000000000000000, 0.000000000000000000, -1.000000000000000000 ) ) ;
#1465 = ADVANCED_FACE ( 'NONE', ( #3952 ), #102, .T. ) ;
#1466 = DIRECTION ( 'NONE',  ( -1.245530905419400051E-16, 2.624523680837520194E-31, -1.000000000000000000 ) ) ;
#1467 = STYLED_ITEM ( 'NONE', ( #5382 ), #1290 ) ;
#1468 = VERTEX_POINT ( 'NONE', #4151 ) ;
#1469 = CARTESIAN_POINT ( 'NONE',  ( -0.007382261818345669212, 0.09838988450364626048, -0.06217137401643133693 ) ) ;
#1470 =( NAMED_UNIT ( * ) PLANE_ANGLE_UNIT ( ) SI_UNIT ( $, .RADIAN. ) );
#1471 = CARTESIAN_POINT ( 'NONE',  ( -0.007693262809885961437, 0.09805885430175426132, -0.1461786072768468392 ) ) ;
#1472 = VERTEX_POINT ( 'NONE', #279 ) ;
#1473 = DIRECTION ( 'NONE',  ( -0.000000000000000000, -1.000000000000000000, -4.991641978379239941E-16 ) ) ;
#1474 = CARTESIAN_POINT ( 'NONE',  ( 0.01049335793096382689, 0.03264621812502759013, 0.0001765617337374117228 ) ) ;
#1475 = CARTESIAN_POINT ( 'NONE',  ( -0.004111342988974500852, 0.09781944472971433602, -0.06261073374005936276 ) ) ;
#1476 = CARTESIAN_POINT ( 'NONE',  ( -0.003937007874015788743, 0.09803149606299214891, -0.1466202109555881650 ) ) ;
#1477 = CARTESIAN_POINT ( 'NONE',  ( 0.03920368120834236830, -0.1615837203664608479, -0.0001663975318151504699 ) ) ;
#1478 = LINE ( 'NONE', #4942, #517 ) ;
#1479 = EDGE_LOOP ( 'NONE', ( #700, #3686, #1828, #2913, #5004, #220 ) ) ;
#1480 = CARTESIAN_POINT ( 'NONE',  ( 0.009842519685039369942, 0.03510498777345701094, 0.000000000000000000 ) ) ;
#1481 = DIRECTION ( 'NONE',  ( -3.106967419659950017E-16, 1.000000000000000000, 3.422365305298960131E-16 ) ) ;
#1482 =( GEOMETRIC_REPRESENTATION_CONTEXT ( 3 ) GLOBAL_UNCERTAINTY_ASSIGNED_CONTEXT ( ( #4072 ) ) GLOBAL_UNIT_ASSIGNED_CONTEXT ( ( #2435, #1996, #2331 ) ) REPRESENTATION_CONTEXT ( 'NONE', 'WORKASPACE' ) );
#1483 = DIRECTION ( 'NONE',  ( 0.000000000000000000, 4.336808689942017736E-15, -1.000000000000000000 ) ) ;
#1484 = ORIENTED_EDGE ( 'NONE', *, *, #765, .F. ) ;
#1485 = PRESENTATION_LAYER_ASSIGNMENT (  '', '', ( #1580 ) ) ;
#1486 = STYLED_ITEM ( 'NONE', ( #3993 ), #5351 ) ;
#1487 = ORIENTED_EDGE ( 'NONE', *, *, #5498, .F. ) ;
#1488 = DIRECTION ( 'NONE',  ( 0.5773502691896262862, 0.5773502691896262862, -0.5773502691896248429 ) ) ;
#1489 = SURFACE_STYLE_USAGE ( .BOTH. , #3958 ) ;
#1490 = CARTESIAN_POINT ( 'NONE',  ( -0.007832451650000052737, 0.09803149606299214891, -0.2084437848801177218 ) ) ;
#1491 = AXIS2_PLACEMENT_3D ( 'NONE', #2658, #3505, #1359 ) ;
#1492 = PRODUCT_DEFINITION_CONTEXT ( 'detailed design', #4038, 'design' ) ;
#1493 = DIRECTION ( 'NONE',  ( 0.8164965809277275888, 0.4082482904638603527, 0.4082482904638631283 ) ) ;
#1494 = STYLED_ITEM ( 'NONE', ( #5115 ), #2326 ) ;
#1495 = EDGE_CURVE ( 'NONE', #5018, #1468, #5161, .T. ) ;
#1496 = VERTEX_POINT ( 'NONE', #3730 ) ;
#1497 = CARTESIAN_POINT ( 'NONE',  ( -0.007575176730505176620, 0.09766991624992904519, -0.06269842735798901445 ) ) ;
#1498 = AXIS2_PLACEMENT_3D ( 'NONE', #4929, #2796, #2343 ) ;
#1499 = CYLINDRICAL_SURFACE ( 'NONE', #674, 0.0003937007874015747977 ) ;
#1500 =( LENGTH_UNIT ( ) NAMED_UNIT ( * ) SI_UNIT ( $, .METRE. ) );
#1501 = UNCERTAINTY_MEASURE_WITH_UNIT (LENGTH_MEASURE( 1.000000000000000082E-05 ), #3040, 'distance_accuracy_value', 'NONE');
#1502 = VERTEX_POINT ( 'NONE', #5462 ) ;
#1503 = EDGE_CURVE ( 'NONE', #4848, #3375, #5056, .T. ) ;
#1504 = DIRECTION ( 'NONE',  ( -1.000000000000000000, 1.586032892321650017E-16, 0.000000000000000000 ) ) ;
#1505 = CARTESIAN_POINT ( 'NONE',  ( 0.03897637795275594313, -0.1618110236220472731, -0.2082677165354331339 ) ) ;
#1506 = DIRECTION ( 'NONE',  ( 0.000000000000000000, 0.000000000000000000, 1.000000000000000000 ) ) ;
#1507 = FILL_AREA_STYLE_COLOUR ( '', #2399 ) ;
#1508 = CARTESIAN_POINT ( 'NONE',  ( 0.03929647601358944586, -0.1651879331768463244, -0.2084022249857726550 ) ) ;
#1509 = ORIENTED_EDGE ( 'NONE', *, *, #2430, .T. ) ;
#1510 = CARTESIAN_POINT ( 'NONE',  ( 6.142632524219210891E-17, -0.1614173228346456879, 0.000000000000000000 ) ) ;
#1511 = SURFACE_SIDE_STYLE ('',( #2001 ) ) ;
#1512 = CIRCLE ( 'NONE', #5297, 0.0003937007874015755024 ) ;
#1513 = MECHANICAL_DESIGN_GEOMETRIC_PRESENTATION_REPRESENTATION (  '', ( #2333 ), #990 ) ;
#1514 = ORIENTED_EDGE ( 'NONE', *, *, #1089, .F. ) ;
#1515 = PRESENTATION_STYLE_ASSIGNMENT (( #1951 ) ) ;
#1516 = LENGTH_MEASURE_WITH_UNIT ( LENGTH_MEASURE( 0.02539999999999999897 ), #4071 );
#1517 = CARTESIAN_POINT ( 'NONE',  ( 0.01097903596297170048, -0.1727244418903020606, 0.09759320919131816985 ) ) ;
#1518 = DIRECTION ( 'NONE',  ( 0.8164965809277338060, -0.4082482904638451426, -0.4082482904638659038 ) ) ;
#1519 = COLOUR_RGB ( '',0.8313725490196077761, 0.8313725490196077761, 0.8313725490196077761 ) ;
#1520 = LENGTH_MEASURE_WITH_UNIT ( LENGTH_MEASURE( 0.02539999999999999897 ), #2252 );
#1521 =( CONVERSION_BASED_UNIT ( 'INCH', #4075 ) LENGTH_UNIT ( ) NAMED_UNIT ( #1719 ) );
#1522 = EDGE_LOOP ( 'NONE', ( #2882, #2226, #2316, #5256 ) ) ;
#1523 = CARTESIAN_POINT ( 'NONE',  ( -0.007707618216216439132, 0.09825879931857860183, -0.06226850962283292379 ) ) ;
#1524 =( NAMED_UNIT ( * ) PLANE_ANGLE_UNIT ( ) SI_UNIT ( $, .RADIAN. ) );
#1525 = SURFACE_STYLE_FILL_AREA ( #2770 ) ;
#1526 = ADVANCED_FACE ( 'NONE', ( #5028 ), #1598, .T. ) ;
#1527 = DIRECTION ( 'NONE',  ( 2.094760423821050104E-16, -1.000000000000000000, 0.000000000000000000 ) ) ;
#1528 = ORIENTED_EDGE ( 'NONE', *, *, #2984, .T. ) ;
#1529 =( BOUNDED_SURFACE ( )  B_SPLINE_SURFACE ( 3, 3, ( 
 ( #2930, #3712, #4097, #5441 ),
 ( #5468, #5412, #1604, #2421 ),
 ( #1952, #2900, #2845, #2006 ),
 ( #4615, #692, #5033, #1576 ) ),
 .UNSPECIFIED., .F., .F., .F. ) 
 B_SPLINE_SURFACE_WITH_KNOTS ( ( 4, 4 ),
 ( 4, 4 ),
 ( 0.000000000000000000, 1.000000000000000000 ),
 ( 0.000000000000000000, 1.000000000000000000 ),
 .UNSPECIFIED. ) 
 GEOMETRIC_REPRESENTATION_ITEM ( )  RATIONAL_B_SPLINE_SURFACE ( (
 ( 1.000000000000000000, 0.8047378541243649375, 0.8047378541243649375, 1.000000000000000000),
 ( 0.8047378541243803696, 0.6476030138607000719, 0.6476030138607000719, 0.8047378541243803696),
 ( 0.8047378541243803696, 0.6476030138607000719, 0.6476030138607000719, 0.8047378541243803696),
 ( 1.000000000000000000, 0.8047378541243649375, 0.8047378541243649375, 1.000000000000000000) ) ) 
 REPRESENTATION_ITEM ( '' )  SURFACE ( )  );
#1530 = CARTESIAN_POINT ( 'NONE',  ( 0.03929647601358942505, -0.1615837203664608479, -0.2084022249857726827 ) ) ;
#1531 = CARTESIAN_POINT ( 'NONE',  ( 0.01097903596297170915, 0.03427300011438148136, 0.0008319876590755475709 ) ) ;
#1532 =( LENGTH_UNIT ( ) NAMED_UNIT ( * ) SI_UNIT ( $, .METRE. ) );
#1533 = DIRECTION ( 'NONE',  ( 1.000000000000000000, 0.000000000000000000, 0.000000000000000000 ) ) ;
#1534 = EDGE_CURVE ( 'NONE', #823, #1941, #4621, .T. ) ;
#1535 =( LENGTH_UNIT ( ) NAMED_UNIT ( * ) SI_UNIT ( $, .METRE. ) );
#1536 =( LENGTH_UNIT ( ) NAMED_UNIT ( * ) SI_UNIT ( $, .METRE. ) );
#1537 = STYLED_ITEM ( 'NONE', ( #4696 ), #95 ) ;
#1538 = ORIENTED_EDGE ( 'NONE', *, *, #4138, .T. ) ;
#1539 = LINE ( 'NONE', #1094, #1696 ) ;
#1540 = PRESENTATION_LAYER_ASSIGNMENT (  '', '', ( #4313 ) ) ;
#1541 = CARTESIAN_POINT ( 'NONE',  ( 0.03897637795275595007, -0.1649606299212598437, -0.2082677165354327176 ) ) ;
#1542 = EDGE_LOOP ( 'NONE', ( #2614, #4498, #2219, #616, #4154 ) ) ;
#1543 = CARTESIAN_POINT ( 'NONE',  ( -0.06889763779527559306, -0.1043307086614173318, 0.001968503937007873988 ) ) ;
#1544 = FILL_AREA_STYLE ('',( #3320 ) ) ;
#1545 = COLOUR_RGB ( '',0.8313725490196077761, 0.8313725490196077761, 0.8313725490196077761 ) ;
#1546 =( CONVERSION_BASED_UNIT ( 'INCH', #2391 ) LENGTH_UNIT ( ) NAMED_UNIT ( #1743 ) );
#1547 =( BOUNDED_SURFACE ( )  B_SPLINE_SURFACE ( 3, 3, ( 
 ( #5282, #4884, #591, #162 ),
 ( #3947, #135, #1824, #186 ),
 ( #3141, #619, #5338, #2208 ),
 ( #1424, #4400, #1007, #2327 ) ),
 .UNSPECIFIED., .F., .F., .F. ) 
 B_SPLINE_SURFACE_WITH_KNOTS ( ( 4, 4 ),
 ( 4, 4 ),
 ( 0.000000000000000000, 1.000000000000000000 ),
 ( 0.000000000000000000, 1.000000000000000000 ),
 .UNSPECIFIED. ) 
 GEOMETRIC_REPRESENTATION_ITEM ( )  RATIONAL_B_SPLINE_SURFACE ( (
 ( 1.000000000000000000, 0.8047378541243652705, 0.8047378541243652705, 1.000000000000000000),
 ( 0.8047378541246301697, 0.6476030138609013553, 0.6476030138609013553, 0.8047378541246301697),
 ( 0.8047378541246301697, 0.6476030138609013553, 0.6476030138609013553, 0.8047378541246301697),
 ( 1.000000000000000000, 0.8047378541243652705, 0.8047378541243652705, 1.000000000000000000) ) ) 
 REPRESENTATION_ITEM ( '' )  SURFACE ( )  );
#1548 = UNCERTAINTY_MEASURE_WITH_UNIT (LENGTH_MEASURE( 1.000000000000000082E-05 ), #4762, 'distance_accuracy_value', 'NONE');
#1549 = DIRECTION ( 'NONE',  ( 1.000000000000000000, 0.000000000000000000, 0.000000000000000000 ) ) ;
#1550 = PRESENTATION_LAYER_ASSIGNMENT (  '', '', ( #1925 ) ) ;
#1551 = ORIENTED_EDGE ( 'NONE', *, *, #3667, .F. ) ;
#1552 = STYLED_ITEM ( 'NONE', ( #1252 ), #4601 ) ;
#1553 = FILL_AREA_STYLE ('',( #4620 ) ) ;
#1554 = CARTESIAN_POINT ( 'NONE',  ( -0.004330708661417362673, 0.09803149606299214891, 0.000000000000000000 ) ) ;
#1555 = STYLED_ITEM ( 'NONE', ( #3039 ), #1356 ) ;
#1556 = CARTESIAN_POINT ( 'NONE',  ( 0.003937007874015559759, 0.09803149606299214891, -0.2082677165354326898 ) ) ;
#1557 = UNCERTAINTY_MEASURE_WITH_UNIT (LENGTH_MEASURE( 1.000000000000000082E-05 ), #5135, 'distance_accuracy_value', 'NONE');
#1558 = VERTEX_POINT ( 'NONE', #52 ) ;
#1559 = FILL_AREA_STYLE ('',( #2491 ) ) ;
#1560 = CARTESIAN_POINT ( 'NONE',  ( 0.06889763779527559306, -0.1043307086614173318, 0.000000000000000000 ) ) ;
#1561 = FILL_AREA_STYLE_COLOUR ( '', #5328 ) ;
#1562 = LENGTH_MEASURE_WITH_UNIT ( LENGTH_MEASURE( 0.02539999999999999897 ), #1968 );
#1563 = FACE_OUTER_BOUND ( 'NONE', #1542, .T. ) ;
#1564 = CARTESIAN_POINT ( 'NONE',  ( -0.007480314960629958453, 0.09803149606299214891, -0.06204120636724647780 ) ) ;
#1565 = MECHANICAL_DESIGN_GEOMETRIC_PRESENTATION_REPRESENTATION (  '', ( #856 ), #2026 ) ;
#1566 = SURFACE_STYLE_USAGE ( .BOTH. , #682 ) ;
#1567 = FACE_OUTER_BOUND ( 'NONE', #690, .T. ) ;
#1568 = EDGE_CURVE ( 'NONE', #3709, #1667, #5069, .T. ) ;
#1569 = CARTESIAN_POINT ( 'NONE',  ( -0.003937007874015709813, -0.1597865607780586672, -0.2084983411171754952 ) ) ;
#1570 = CARTESIAN_POINT ( 'NONE',  ( -0.007847676381474266716, 0.09804869578346635250, -0.2084599971060919765 ) ) ;
#1571 =( GEOMETRIC_REPRESENTATION_CONTEXT ( 3 ) GLOBAL_UNCERTAINTY_ASSIGNED_CONTEXT ( ( #4128 ) ) GLOBAL_UNIT_ASSIGNED_CONTEXT ( ( #4036, #711, #5029 ) ) REPRESENTATION_CONTEXT ( 'NONE', 'WORKASPACE' ) );
#1572 = VERTEX_POINT ( 'NONE', #2556 ) ;
#1573 = EDGE_CURVE ( 'NONE', #1754, #3265, #3729, .T. ) ;
#1574 = DIRECTION ( 'NONE',  ( 5.891513691996699874E-17, -1.000000000000000000, 0.000000000000000000 ) ) ;
#1575 = PLANE ( 'NONE',  #4746 ) ;
#1576 = CARTESIAN_POINT ( 'NONE',  ( -0.003937007874015708946, -0.09354463915094013426, -0.06282860794204959964 ) ) ;
#1577 = PRESENTATION_LAYER_ASSIGNMENT (  '', '', ( #3368 ) ) ;
#1578 =( NAMED_UNIT ( * ) PLANE_ANGLE_UNIT ( ) SI_UNIT ( $, .RADIAN. ) );
#1579 = FILL_AREA_STYLE_COLOUR ( '', #194 ) ;
#1580 = STYLED_ITEM ( 'NONE', ( #3396 ), #1641 ) ;
#1581 = CONTEXT_DEPENDENT_SHAPE_REPRESENTATION ( #1177, #3987 ) ;
#1582 = AXIS2_PLACEMENT_3D ( 'NONE', #1556, #673, #641 ) ;
#1583 = ORIENTED_EDGE ( 'NONE', *, *, #2963, .F. ) ;
#1584 = CIRCLE ( 'NONE', #1675, 0.0003937007874015747977 ) ;
#1585 = FILL_AREA_STYLE_COLOUR ( '', #1024 ) ;
#1586 = FACE_OUTER_BOUND ( 'NONE', #1271, .T. ) ;
#1587 = DIRECTION ( 'NONE',  ( 4.297971597196270222E-16, -1.000000000000000000, -1.711182652649480066E-16 ) ) ;
#1588 = ORIENTED_EDGE ( 'NONE', *, *, #4067, .T. ) ;
#1589 = DIRECTION ( 'NONE',  ( -1.000000000000000000, 1.586032892321650017E-16, 0.000000000000000000 ) ) ;
#1590 = CARTESIAN_POINT ( 'NONE',  ( -0.003937007874015787875, 0.03248031496062988438, -0.0003937007874015747977 ) ) ;
#1591 = AXIS2_PLACEMENT_3D ( 'NONE', #3256, #2809, #1453 ) ;
#1592 = PRESENTATION_STYLE_ASSIGNMENT (( #3671 ) ) ;
#1593 = DIRECTION ( 'NONE',  ( 1.000000000000000000, 0.000000000000000000, 0.000000000000000000 ) ) ;
#1594 = DIMENSIONAL_EXPONENTS ( 1.000000000000000000, 0.000000000000000000, 0.000000000000000000, 0.000000000000000000, 0.000000000000000000, 0.000000000000000000, 0.000000000000000000 ) ;
#1595 = CARTESIAN_POINT ( 'NONE',  ( 0.06889763779527559306, 0.1023622047244094613, 0.09842519685039370636 ) ) ;
#1596 = SURFACE_SIDE_STYLE ('',( #323 ) ) ;
#1597 = CARTESIAN_POINT ( 'NONE',  ( -0.007507673199392067391, 0.09824444391224813888, -0.2087093202141740433 ) ) ;
#1598 = PLANE ( 'NONE',  #769 ) ;
#1599 = STYLED_ITEM ( 'NONE', ( #4484 ), #2499 ) ;
#1600 = ORIENTED_EDGE ( 'NONE', *, *, #649, .F. ) ;
#1601 = CIRCLE ( 'NONE', #2960, 0.001968503937007874856 ) ;
#1602 = AXIS2_PLACEMENT_3D ( 'NONE', #3216, #4479, #3984 ) ;
#1603 = EDGE_LOOP ( 'NONE', ( #5136, #2332, #67, #2511, #2699, #3710 ) ) ;
#1604 = CARTESIAN_POINT ( 'NONE',  ( -0.004100084079674419339, -0.09315093836353860457, -0.06259798336030672483 ) ) ;
#1605 = UNCERTAINTY_MEASURE_WITH_UNIT (LENGTH_MEASURE( 1.000000000000000082E-05 ), #4298, 'distance_accuracy_value', 'NONE');
#1606 = CARTESIAN_POINT ( 'NONE',  ( 0.009842519685039369942, 0.03313648383644914042, 0.09645669291338584972 ) ) ;
#1607 = STYLED_ITEM ( 'NONE', ( #2251 ), #3349 ) ;
#1608 = EDGE_CURVE ( 'NONE', #1558, #2608, #1313, .T. ) ;
#1609 = ORIENTED_EDGE ( 'NONE', *, *, #4868, .F. ) ;
#1610 =( GEOMETRIC_REPRESENTATION_CONTEXT ( 3 ) GLOBAL_UNCERTAINTY_ASSIGNED_CONTEXT ( ( #1103 ) ) GLOBAL_UNIT_ASSIGNED_CONTEXT ( ( #4969, #704, #5367 ) ) REPRESENTATION_CONTEXT ( 'NONE', 'WORKASPACE' ) );
#1611 = FACE_OUTER_BOUND ( 'NONE', #2651, .T. ) ;
#1612 = SURFACE_STYLE_USAGE ( .BOTH. , #3771 ) ;
#1613 = CARTESIAN_POINT ( 'NONE',  ( -0.007480314960629922023, -0.09315093836353857681, -0.1462265101681866075 ) ) ;
#1614 = ADVANCED_FACE ( 'NONE', ( #3056 ), #3031, .T. ) ;
#1615 =( LENGTH_UNIT ( ) NAMED_UNIT ( * ) SI_UNIT ( $, .METRE. ) );
#1616 = EDGE_LOOP ( 'NONE', ( #5306, #3594, #2302, #2844 ) ) ;
#1617 = CARTESIAN_POINT ( 'NONE',  ( 0.06889763779527560694, -0.1043307086614173040, 0.001968503937007873988 ) ) ;
#1618 = SURFACE_STYLE_FILL_AREA ( #2834 ) ;
#1619 = CARTESIAN_POINT ( 'NONE',  ( -0.007480314960629960187, 0.09803149606299214891, -0.0003937007874015748519 ) ) ;
#1620 = DIRECTION ( 'NONE',  ( 2.710505431213753985E-15, -1.000000000000000000, 0.000000000000000000 ) ) ;
#1621 = CARTESIAN_POINT ( 'NONE',  ( 0.03897637795275595007, -0.1618110236220472731, -0.0003937007874015748519 ) ) ;
#1622 = DIRECTION ( 'NONE',  ( 0.000000000000000000, 1.000000000000000000, 0.000000000000000000 ) ) ;
#1623 =( LENGTH_UNIT ( ) NAMED_UNIT ( * ) SI_UNIT ( $, .METRE. ) );
#1624 =( CONVERSION_BASED_UNIT ( 'INCH', #376 ) LENGTH_UNIT ( ) NAMED_UNIT ( #1346 ) );
#1625 = ORIENTED_EDGE ( 'NONE', *, *, #5075, .T. ) ;
#1626 = DIMENSIONAL_EXPONENTS ( 1.000000000000000000, 0.000000000000000000, 0.000000000000000000, 0.000000000000000000, 0.000000000000000000, 0.000000000000000000, 0.000000000000000000 ) ;
#1627 = DIRECTION ( 'NONE',  ( -2.710505431213753985E-15, 1.000000000000000000, 0.000000000000000000 ) ) ;
#1628 = SURFACE_STYLE_FILL_AREA ( #5492 ) ;
#1629 = AXIS2_PLACEMENT_3D ( 'NONE', #3660, #4452, #1003 ) ;
#1630 = DIRECTION ( 'NONE',  ( -0.000000000000000000, -0.000000000000000000, 1.000000000000000000 ) ) ;
#1631 = ORIENTED_EDGE ( 'NONE', *, *, #1393, .F. ) ;
#1632 = MECHANICAL_DESIGN_GEOMETRIC_PRESENTATION_REPRESENTATION (  '', ( #3957 ), #2003 ) ;
#1633 =( NAMED_UNIT ( * ) PLANE_ANGLE_UNIT ( ) SI_UNIT ( $, .RADIAN. ) );
#1634 = EDGE_CURVE ( 'NONE', #5262, #2124, #1863, .T. ) ;
#1635 = CARTESIAN_POINT ( 'NONE',  ( -0.007874015748031495954, -0.09315093836353859069, -0.06243490715464802832 ) ) ;
#1636 = FACE_OUTER_BOUND ( 'NONE', #2983, .T. ) ;
#1637 = CIRCLE ( 'NONE', #2173, 0.001968503937007874856 ) ;
#1638 = ORIENTED_EDGE ( 'NONE', *, *, #4825, .T. ) ;
#1639 = PRESENTATION_LAYER_ASSIGNMENT (  '', '', ( #479 ) ) ;
#1640 = DIRECTION ( 'NONE',  ( 0.000000000000000000, 0.000000000000000000, -1.000000000000000000 ) ) ;
#1641 = ADVANCED_FACE ( 'NONE', ( #3455 ), #4292, .T. ) ;
#1642 = SURFACE_STYLE_USAGE ( .BOTH. , #4991 ) ;
#1643 = AXIS2_PLACEMENT_3D ( 'NONE', #5366, #1088, #2806 ) ;
#1644 = PLANE ( 'NONE',  #5519 ) ;
#1645 = CARTESIAN_POINT ( 'NONE',  ( -0.002306245817428700419, -0.1614173228346456601, -0.0003937007874015749061 ) ) ;
#1646 = CARTESIAN_POINT ( 'NONE',  ( -0.004103405405830901076, 0.09816600451333165611, -0.2085878145962660468 ) ) ;
#1647 = CARTESIAN_POINT ( 'NONE',  ( -0.004330708661417281141, -0.1574803149606299191, -0.0003937007874015748519 ) ) ;
#1648 = PRESENTATION_STYLE_ASSIGNMENT (( #2726 ) ) ;
#1649 = CARTESIAN_POINT ( 'NONE',  ( -0.007707618216216434795, 0.09825879931857864347, -0.0001663975318151078066 ) ) ;
#1650 = PRESENTATION_STYLE_ASSIGNMENT (( #4716 ) ) ;
#1651 = FILL_AREA_STYLE ('',( #4255 ) ) ;
#1652 = SURFACE_SIDE_STYLE ('',( #5512 ) ) ;
#1653 = ORIENTED_EDGE ( 'NONE', *, *, #1998, .F. ) ;
#1654 =( NAMED_UNIT ( * ) PLANE_ANGLE_UNIT ( ) SI_UNIT ( $, .RADIAN. ) );
#1655 = DIRECTION ( 'NONE',  ( 0.000000000000000000, 0.000000000000000000, 1.000000000000000000 ) ) ;
#1656 = CARTESIAN_POINT ( 'NONE',  ( 0.03898938078518753708, -0.1615693649601303572, 3.354748500931486457E-05 ) ) ;
#1657 = AXIS2_PLACEMENT_3D ( 'NONE', #4718, #5058, #1230 ) ;
#1658 = LENGTH_MEASURE_WITH_UNIT ( LENGTH_MEASURE( 0.02539999999999999897 ), #1238 );
#1659 = CONTEXT_DEPENDENT_SHAPE_REPRESENTATION ( #4120, #3418 ) ;
#1660 = CIRCLE ( 'NONE', #1853, 0.001968503937007874856 ) ;
#1661 = ORIENTED_EDGE ( 'NONE', *, *, #4241, .F. ) ;
#1662 = DIMENSIONAL_EXPONENTS ( 1.000000000000000000, 0.000000000000000000, 0.000000000000000000, 0.000000000000000000, 0.000000000000000000, 0.000000000000000000, 0.000000000000000000 ) ;
#1663 = LENGTH_MEASURE_WITH_UNIT ( LENGTH_MEASURE( 0.02539999999999999897 ), #4216 );
#1664 = CARTESIAN_POINT ( 'NONE',  ( 0.03861479813969277003, -0.1650554916911351477, 0.0002635202033409146335 ) ) ;
#1665 = VECTOR ( 'NONE', #179, 39.37007874015748143 ) ;
#1666 = CARTESIAN_POINT ( 'NONE',  ( -0.06889763779527559306, 6.556435184794213728E-17, 0.09842519685039370636 ) ) ;
#1667 = VERTEX_POINT ( 'NONE', #2662 ) ;
#1668 = EDGE_CURVE ( 'NONE', #5373, #724, #5451, .T. ) ;
#1669 = PRESENTATION_LAYER_ASSIGNMENT (  '', '', ( #2843 ) ) ;
#1670 = CARTESIAN_POINT ( 'NONE',  ( 0.03959829306418894551, -0.1622079093144203621, -0.2084331900639276314 ) ) ;
#1671 = LENGTH_MEASURE_WITH_UNIT ( LENGTH_MEASURE( 0.02539999999999999897 ), #2460 );
#1672 = PRESENTATION_STYLE_ASSIGNMENT (( #786 ) ) ;
#1673 = SURFACE_SIDE_STYLE ('',( #5082 ) ) ;
#1674 =( LENGTH_UNIT ( ) NAMED_UNIT ( * ) SI_UNIT ( $, .METRE. ) );
#1675 = AXIS2_PLACEMENT_3D ( 'NONE', #4178, #4203, #1263 ) ;
#1676 = FACE_OUTER_BOUND ( 'NONE', #1979, .T. ) ;
#1677 = EDGE_CURVE ( 'NONE', #157, #4229, #3989, .T. ) ;
#1678 = COLOUR_RGB ( '',0.8313725490196077761, 0.8313725490196077761, 0.8313725490196077761 ) ;
#1679 = DIRECTION ( 'NONE',  ( 0.000000000000000000, 0.000000000000000000, -1.000000000000000000 ) ) ;
#1680 =( LENGTH_UNIT ( ) NAMED_UNIT ( * ) SI_UNIT ( $, .METRE. ) );
#1681 = CARTESIAN_POINT ( 'NONE',  ( -0.004196200211077820777, 0.09825879931857862959, -0.1463001128947548080 ) ) ;
#1682 = ORIENTED_EDGE ( 'NONE', *, *, #4639, .F. ) ;
#1683 = CARTESIAN_POINT ( 'NONE',  ( -0.007874015748031449116, -0.1574803149606298913, -0.0003937007874015748519 ) ) ;
#1684 = CARTESIAN_POINT ( 'NONE',  ( 0.01097903596297171262, 0.03427300011438146748, 0.0008319876590755395478 ) ) ;
#1685 = CARTESIAN_POINT ( 'NONE',  ( 0.03920368120834245851, -0.1616765151717077242, -7.360272656819462432E-05 ) ) ;
#1686 = CYLINDRICAL_SURFACE ( 'NONE', #659, 0.0003937007874015758277 ) ;
#1687 = MECHANICAL_DESIGN_GEOMETRIC_PRESENTATION_REPRESENTATION (  '', ( #2423 ), #4561 ) ;
#1688 = AXIS2_PLACEMENT_3D ( 'NONE', #4557, #3714, #4236 ) ;
#1689 = VERTEX_POINT ( 'NONE', #1364 ) ;
#1690 = CYLINDRICAL_SURFACE ( 'NONE', #4415, 0.0003937007874015758277 ) ;
#1691 = FACE_OUTER_BOUND ( 'NONE', #536, .T. ) ;
#1692 = STYLED_ITEM ( 'NONE', ( #2615 ), #3865 ) ;
#1693 = CIRCLE ( 'NONE', #3845, 0.0003937007874015747977 ) ;
#1694 = LENGTH_MEASURE_WITH_UNIT ( LENGTH_MEASURE( 0.02539999999999999897 ), #2116 );
#1695 = ORIENTED_EDGE ( 'NONE', *, *, #3501, .T. ) ;
#1696 = VECTOR ( 'NONE', #1943, 39.37007874015748143 ) ;
#1697 = AXIS2_PLACEMENT_3D ( 'NONE', #2392, #3598, #5322 ) ;
#1698 = FILL_AREA_STYLE ('',( #126 ) ) ;
#1699 = FILL_AREA_STYLE_COLOUR ( '', #2450 ) ;
#1700 = DIRECTION ( 'NONE',  ( 1.000000000000000000, 0.000000000000000000, 0.000000000000000000 ) ) ;
#1701 = LENGTH_MEASURE_WITH_UNIT ( LENGTH_MEASURE( 0.02539999999999999897 ), #3833 );
#1702 = SURFACE_SIDE_STYLE ('',( #4196 ) ) ;
#1703 = AXIS2_PLACEMENT_3D ( 'NONE', #2463, #4574, #2774 ) ;
#1704 = DIMENSIONAL_EXPONENTS ( 1.000000000000000000, 0.000000000000000000, 0.000000000000000000, 0.000000000000000000, 0.000000000000000000, 0.000000000000000000, 0.000000000000000000 ) ;
#1705 = PRESENTATION_STYLE_ASSIGNMENT (( #1731 ) ) ;
#1706 = PRESENTATION_STYLE_ASSIGNMENT (( #3109 ) ) ;
#1707 = CARTESIAN_POINT ( 'NONE',  ( -0.007480314960629953248, 0.09803149606299213503, -0.1466202109555881095 ) ) ;
#1708 = ADVANCED_FACE ( 'NONE', ( #108 ), #5252, .T. ) ;
#1709 = CARTESIAN_POINT ( 'NONE',  ( -0.007707618216216424387, 0.09825879931857864347, -0.0001663975318150930343 ) ) ;
#1710 = LENGTH_MEASURE_WITH_UNIT ( LENGTH_MEASURE( 0.02539999999999999897 ), #1680 );
#1711 = SURFACE_STYLE_FILL_AREA ( #1651 ) ;
#1712 =( CONVERSION_BASED_UNIT ( 'INCH', #32 ) LENGTH_UNIT ( ) NAMED_UNIT ( #487 ) );
#1713 = ORIENTED_EDGE ( 'NONE', *, *, #1367, .F. ) ;
#1714 = LENGTH_MEASURE_WITH_UNIT ( LENGTH_MEASURE( 0.02539999999999999897 ), #5517 );
#1715 = CARTESIAN_POINT ( 'NONE',  ( 0.03897637795275595007, -0.1649606299212598159, -0.0003937007874015929039 ) ) ;
#1716 = CARTESIAN_POINT ( 'NONE',  ( 0.03910654560194094104, -0.1619090767643316664, -3.531234674753447030E-05 ) ) ;
#1717 = EDGE_CURVE ( 'NONE', #3271, #2131, #3466, .T. ) ;
#1718 = VECTOR ( 'NONE', #1182, 39.37007874015748143 ) ;
#1719 = DIMENSIONAL_EXPONENTS ( 1.000000000000000000, 0.000000000000000000, 0.000000000000000000, 0.000000000000000000, 0.000000000000000000, 0.000000000000000000, 0.000000000000000000 ) ;
#1720 = VERTEX_POINT ( 'NONE', #3111 ) ;
#1721 = FILL_AREA_STYLE ('',( #2616 ) ) ;
#1722 = SURFACE_STYLE_USAGE ( .BOTH. , #3799 ) ;
#1723 = MECHANICAL_DESIGN_GEOMETRIC_PRESENTATION_REPRESENTATION (  '', ( #5046 ), #4862 ) ;
#1724 = CARTESIAN_POINT ( 'NONE',  ( 0.01312862463875207747, -0.1697800265470539860, 0.001494195087631465697 ) ) ;
#1725 = EDGE_LOOP ( 'NONE', ( #3083, #1974, #2240, #4328 ) ) ;
#1726 = STYLED_ITEM ( 'NONE', ( #2140 ), #482 ) ;
#1727 = CARTESIAN_POINT ( 'NONE',  ( -0.002306245817428700419, -0.1614173228346456879, -0.0001630762056587027771 ) ) ;
#1728 = MECHANICAL_DESIGN_GEOMETRIC_PRESENTATION_REPRESENTATION (  '', ( #665 ), #2448 ) ;
#1729 = DIRECTION ( 'NONE',  ( 0.000000000000000000, 0.000000000000000000, 1.000000000000000000 ) ) ;
#1730 = LENGTH_MEASURE_WITH_UNIT ( LENGTH_MEASURE( 0.02539999999999999897 ), #2710 );
#1731 = SURFACE_STYLE_USAGE ( .BOTH. , #2123 ) ;
#1732 = PRESENTATION_LAYER_ASSIGNMENT (  '', '', ( #3791 ) ) ;
#1733 = MECHANICAL_DESIGN_GEOMETRIC_PRESENTATION_REPRESENTATION (  '', ( #2996 ), #575 ) ;
#1734 = CIRCLE ( 'NONE', #2363, 0.0003937007874015758277 ) ;
#1735 = PLANE ( 'NONE',  #3074 ) ;
#1736 = SURFACE_SIDE_STYLE ('',( #2555 ) ) ;
#1737 = LENGTH_MEASURE_WITH_UNIT ( LENGTH_MEASURE( 0.02539999999999999897 ), #3840 );
#1738 = CARTESIAN_POINT ( 'NONE',  ( -0.004111342988974512128, 0.09781944472971426663, -0.1460506835827752314 ) ) ;
#1739 = PLANE ( 'NONE',  #2033 ) ;
#1740 = COLOUR_RGB ( '',0.7490196078431372584, 0.7490196078431372584, 0.7490196078431372584 ) ;
#1741 = VERTEX_POINT ( 'NONE', #4821 ) ;
#1742 = ADVANCED_FACE ( 'NONE', ( #983 ), #3231, .T. ) ;
#1743 = DIMENSIONAL_EXPONENTS ( 1.000000000000000000, 0.000000000000000000, 0.000000000000000000, 0.000000000000000000, 0.000000000000000000, 0.000000000000000000, 0.000000000000000000 ) ;
#1744 = CARTESIAN_POINT ( 'NONE',  ( -2.095451586049291213E-17, 0.1023622047244094613, 0.000000000000000000 ) ) ;
#1745 = CARTESIAN_POINT ( 'NONE',  ( 0.009842519685039369942, 0.03510498777345701094, 0.09645669291338584972 ) ) ;
#1746 = DIRECTION ( 'NONE',  ( -0.8164965809277257014, 0.4082482904638638499, -0.4082482904638628507 ) ) ;
#1747 = FILL_AREA_STYLE_COLOUR ( '', #3082 ) ;
#1748 = CARTESIAN_POINT ( 'NONE',  ( -0.007480314960629982739, 0.09803149606299214891, -0.2082677165354329951 ) ) ;
#1749 = EDGE_CURVE ( 'NONE', #5515, #5334, #4086, .T. ) ;
#1750 = ORIENTED_EDGE ( 'NONE', *, *, #3760, .T. ) ;
#1751 = CARTESIAN_POINT ( 'NONE',  ( -0.007480314960629882125, -0.1574803149606299191, 0.000000000000000000 ) ) ;
#1752 = UNCERTAINTY_MEASURE_WITH_UNIT (LENGTH_MEASURE( 1.000000000000000082E-05 ), #3037, 'distance_accuracy_value', 'NONE');
#1753 = DIRECTION ( 'NONE',  ( 1.000000000000000000, 4.625929269271489858E-16, 0.000000000000000000 ) ) ;
#1754 = VERTEX_POINT ( 'NONE', #4250 ) ;
#1755 =( NAMED_UNIT ( * ) PLANE_ANGLE_UNIT ( ) SI_UNIT ( $, .RADIAN. ) );
#1756 = LENGTH_MEASURE_WITH_UNIT ( LENGTH_MEASURE( 0.02539999999999999897 ), #4331 );
#1757 = CARTESIAN_POINT ( 'NONE',  ( -0.003937007874015686394, -0.1597865607780586950, -0.0001630762056587027771 ) ) ;
#1758 = FILL_AREA_STYLE_COLOUR ( '', #3815 ) ;
#1759 = ORIENTED_EDGE ( 'NONE', *, *, #2397, .T. ) ;
#1760 = VECTOR ( 'NONE', #3067, 39.37007874015748143 ) ;
#1761 = FILL_AREA_STYLE_COLOUR ( '', #578 ) ;
#1762 = FILL_AREA_STYLE ('',( #3889 ) ) ;
#1763 = DIRECTION ( 'NONE',  ( -1.000000000000000000, -3.106967419659950017E-16, 0.000000000000000000 ) ) ;
#1764 =( NAMED_UNIT ( * ) SI_UNIT ( $, .STERADIAN. ) SOLID_ANGLE_UNIT ( ) );
#1765 = LINE ( 'NONE', #2239, #3093 ) ;
#1766 = ORIENTED_EDGE ( 'NONE', *, *, #49, .T. ) ;
#1767 = VECTOR ( 'NONE', #3132, 39.37007874015748143 ) ;
#1768 = FACE_OUTER_BOUND ( 'NONE', #1603, .T. ) ;
#1769 = CARTESIAN_POINT ( 'NONE',  ( -0.007874015748031490750, -0.09354463915094009263, -0.06282860794204961352 ) ) ;
#1770 = DIRECTION ( 'NONE',  ( -1.000000000000000000, 0.000000000000000000, 0.000000000000000000 ) ) ;
#1771 = EDGE_CURVE ( 'NONE', #623, #4126, #4996, .T. ) ;
#1772 = DIRECTION ( 'NONE',  ( 0.000000000000000000, 0.000000000000000000, -1.000000000000000000 ) ) ;
#1773 = VECTOR ( 'NONE', #4678, 39.37007874015748143 ) ;
#1774 = ORIENTED_EDGE ( 'NONE', *, *, #4868, .T. ) ;
#1775 = CARTESIAN_POINT ( 'NONE',  ( 0.03911088640309546421, -0.1615837203664607924, -0.2085878145962666019 ) ) ;
#1776 = SURFACE_STYLE_USAGE ( .BOTH. , #2566 ) ;
#1777 = DIMENSIONAL_EXPONENTS ( 1.000000000000000000, 0.000000000000000000, 0.000000000000000000, 0.000000000000000000, 0.000000000000000000, 0.000000000000000000, 0.000000000000000000 ) ;
#1778 =( CONVERSION_BASED_UNIT ( 'INCH', #2166 ) LENGTH_UNIT ( ) NAMED_UNIT ( #1626 ) );
#1779 = EDGE_CURVE ( 'NONE', #5405, #1496, #265, .T. ) ;
#1780 = FILL_AREA_STYLE ('',( #2223 ) ) ;
#1781 = AXIS2_PLACEMENT_3D ( 'NONE', #2537, #2011, #2480 ) ;
#1782 = EDGE_LOOP ( 'NONE', ( #4587, #2112, #1093, #4779 ) ) ;
#1783 =( GEOMETRIC_REPRESENTATION_CONTEXT ( 3 ) GLOBAL_UNCERTAINTY_ASSIGNED_CONTEXT ( ( #5442 ) ) GLOBAL_UNIT_ASSIGNED_CONTEXT ( ( #1128, #4697, #745 ) ) REPRESENTATION_CONTEXT ( 'NONE', 'WORKASPACE' ) );
#1784 = COLOUR_RGB ( '',0.7490196078431372584, 0.7490196078431372584, 0.7490196078431372584 ) ;
#1785 = EDGE_CURVE ( 'NONE', #1558, #5342, #2523, .T. ) ;
#1786 = SURFACE_SIDE_STYLE ('',( #444 ) ) ;
#1787 = DIRECTION ( 'NONE',  ( -1.000000000000000000, 0.000000000000000000, 0.000000000000000000 ) ) ;
#1788 = MECHANICAL_DESIGN_GEOMETRIC_PRESENTATION_REPRESENTATION (  '', ( #4112 ), #4838 ) ;
#1789 = ORIENTED_EDGE ( 'NONE', *, *, #2430, .F. ) ;
#1790 = COLOUR_RGB ( '',0.8313725490196077761, 0.8313725490196077761, 0.8313725490196077761 ) ;
#1791 = SURFACE_STYLE_USAGE ( .BOTH. , #4851 ) ;
#1792 = MECHANICAL_DESIGN_GEOMETRIC_PRESENTATION_REPRESENTATION (  '', ( #4828 ), #2137 ) ;
#1793 = DIRECTION ( 'NONE',  ( 1.000000000000000000, 0.000000000000000000, -0.000000000000000000 ) ) ;
#1794 = FILL_AREA_STYLE_COLOUR ( '', #423 ) ;
#1795 = DIRECTION ( 'NONE',  ( 0.5773502691896610362, 0.5773502691896732486, -0.5773502691895431305 ) ) ;
#1796 = CARTESIAN_POINT ( 'NONE',  ( -0.003734096186821027081, 0.09819669153186791344, -0.2080827503039383020 ) ) ;
#1797 = ORIENTED_EDGE ( 'NONE', *, *, #3388, .F. ) ;
#1798 = DIRECTION ( 'NONE',  ( 0.000000000000000000, 1.000000000000000000, -6.268043809682078100E-15 ) ) ;
#1799 = CYLINDRICAL_SURFACE ( 'NONE', #1430, 0.0003937007874015758277 ) ;
#1800 = CARTESIAN_POINT ( 'NONE',  ( 0.03933476639341000614, -0.1648625767789755059, -0.0002635331382167111739 ) ) ;
#1801 = FACE_OUTER_BOUND ( 'NONE', #2227, .T. ) ;
#1802 = DIRECTION ( 'NONE',  ( -0.000000000000000000, -0.000000000000000000, 1.000000000000000000 ) ) ;
#1803 = ORIENTED_EDGE ( 'NONE', *, *, #1961, .T. ) ;
#1804 = CARTESIAN_POINT ( 'NONE',  ( -0.004330708661417283743, -0.09275723757613701936, -0.06204120636724643617 ) ) ;
#1805 = LENGTH_MEASURE_WITH_UNIT ( LENGTH_MEASURE( 0.02539999999999999897 ), #146 );
#1806 = UNCERTAINTY_MEASURE_WITH_UNIT (LENGTH_MEASURE( 1.000000000000000082E-05 ), #4815, 'distance_accuracy_value', 'NONE');
#1807 = CARTESIAN_POINT ( 'NONE',  ( 0.01097903596297167446, -0.1727244418903019496, 0.0008319876590754858798 ) ) ;
#1808 = PRESENTATION_STYLE_ASSIGNMENT (( #121 ) ) ;
#1809 = CARTESIAN_POINT ( 'NONE',  ( -0.03543307086614169710, -0.1715879256123697127, 0.09645669291338584972 ) ) ;
#1810 = VERTEX_POINT ( 'NONE', #2076 ) ;
#1811 = EDGE_CURVE ( 'NONE', #39, #3135, #4721, .T. ) ;
#1812 = EDGE_LOOP ( 'NONE', ( #1205, #2268, #498, #198, #3802 ) ) ;
#1813 = VECTOR ( 'NONE', #2883, 39.37007874015748143 ) ;
#1814 = SURFACE_STYLE_FILL_AREA ( #1698 ) ;
#1815 = DIRECTION ( 'NONE',  ( 0.000000000000000000, 0.000000000000000000, 1.000000000000000000 ) ) ;
#1816 = FACE_OUTER_BOUND ( 'NONE', #1891, .T. ) ;
#1817 = SURFACE_SIDE_STYLE ('',( #154 ) ) ;
#1818 = DIMENSIONAL_EXPONENTS ( 1.000000000000000000, 0.000000000000000000, 0.000000000000000000, 0.000000000000000000, 0.000000000000000000, 0.000000000000000000, 0.000000000000000000 ) ;
#1819 = ORIENTED_EDGE ( 'NONE', *, *, #410, .T. ) ;
#1820 = EDGE_CURVE ( 'NONE', #594, #2045, #2889, .T. ) ;
#1821 = DIRECTION ( 'NONE',  ( -0.8164965809277333619, 0.4082482904638451426, 0.4082482904638661814 ) ) ;
#1822 = DIRECTION ( 'NONE',  ( 1.000000000000000000, 1.586032892321650017E-16, 0.000000000000000000 ) ) ;
#1823 = PRESENTATION_LAYER_ASSIGNMENT (  '', '', ( #395 ) ) ;
#1824 = CARTESIAN_POINT ( 'NONE',  ( -0.004612491634857312367, -0.1653543307086610958, -0.2084983411171757173 ) ) ;
#1825 =( LENGTH_UNIT ( ) NAMED_UNIT ( * ) SI_UNIT ( $, .METRE. ) );
#1826 = CARTESIAN_POINT ( 'NONE',  ( -0.004103405405830925362, 0.09835159412382553368, -0.0002591923370620465624 ) ) ;
#1827 = FILL_AREA_STYLE ('',( #3565 ) ) ;
#1828 = ORIENTED_EDGE ( 'NONE', *, *, #5466, .T. ) ;
#1829 = AXIS2_PLACEMENT_3D ( 'NONE', #2885, #5337, #273 ) ;
#1830 =( GEOMETRIC_REPRESENTATION_CONTEXT ( 3 ) GLOBAL_UNCERTAINTY_ASSIGNED_CONTEXT ( ( #3298 ) ) GLOBAL_UNIT_ASSIGNED_CONTEXT ( ( #759, #2021, #4545 ) ) REPRESENTATION_CONTEXT ( 'NONE', 'WORKASPACE' ) );
#1831 = CARTESIAN_POINT ( 'NONE',  ( 0.01049335793096382169, 0.03264621812502759013, 0.0001765617337374077113 ) ) ;
#1832 = MECHANICAL_DESIGN_GEOMETRIC_PRESENTATION_REPRESENTATION (  '', ( #1555 ), #2635 ) ;
#1833 = SURFACE_STYLE_FILL_AREA ( #2987 ) ;
#1834 = ADVANCED_BREP_SHAPE_REPRESENTATION ( '', ( #3155, #1220 ), #4261 ) ;
#1835 =( GEOMETRIC_REPRESENTATION_CONTEXT ( 3 ) GLOBAL_UNCERTAINTY_ASSIGNED_CONTEXT ( ( #1957 ) ) GLOBAL_UNIT_ASSIGNED_CONTEXT ( ( #5419, #1524, #2910 ) ) REPRESENTATION_CONTEXT ( 'NONE', 'WORKASPACE' ) );
#1836 = CARTESIAN_POINT ( 'NONE',  ( -0.003899948335200634046, -0.1596969649560709692, -0.2086614173228343583 ) ) ;
#1837 =( BOUNDED_SURFACE ( )  B_SPLINE_SURFACE ( 3, 3, ( 
 ( #3886, #2549, #4223, #3024 ),
 ( #897, #4299, #465, #1198 ),
 ( #4629, #74, #3808, #788 ),
 ( #2495, #521, #2074, #1333 ) ),
 .UNSPECIFIED., .F., .F., .F. ) 
 B_SPLINE_SURFACE_WITH_KNOTS ( ( 4, 4 ),
 ( 4, 4 ),
 ( 0.000000000000000000, 1.000000000000000000 ),
 ( 0.000000000000000000, 1.000000000000000000 ),
 .UNSPECIFIED. ) 
 GEOMETRIC_REPRESENTATION_ITEM ( )  RATIONAL_B_SPLINE_SURFACE ( (
 ( 1.000000000000000000, 0.3333333333333393100, 0.3333333333333393100, 1.000000000000000000),
 ( 0.9245018060306368080, 0.3081672686768844871, 0.3081672686768844871, 0.9245018060306368080),
 ( 0.9245018060306368080, 0.3081672686768844871, 0.3081672686768844871, 0.9245018060306368080),
 ( 1.000000000000000000, 0.3333333333333393100, 0.3333333333333393100, 1.000000000000000000) ) ) 
 REPRESENTATION_ITEM ( '' )  SURFACE ( )  );
#1838 = MECHANICAL_DESIGN_GEOMETRIC_PRESENTATION_REPRESENTATION (  '', ( #1467 ), #5242 ) ;
#1839 = ORIENTED_EDGE ( 'NONE', *, *, #3992, .T. ) ;
#1840 = FACE_OUTER_BOUND ( 'NONE', #1152, .T. ) ;
#1841 = CARTESIAN_POINT ( 'NONE',  ( 0.009928518287410753942, -0.1725493284656663406, 0.09829350001760762956 ) ) ;
#1842 = FILL_AREA_STYLE ('',( #2195 ) ) ;
#1843 = UNCERTAINTY_MEASURE_WITH_UNIT (LENGTH_MEASURE( 1.000000000000000082E-05 ), #105, 'distance_accuracy_value', 'NONE');
#1844 =( LENGTH_UNIT ( ) NAMED_UNIT ( * ) SI_UNIT ( $, .METRE. ) );
#1845 = UNCERTAINTY_MEASURE_WITH_UNIT (LENGTH_MEASURE( 1.000000000000000082E-05 ), #3058, 'distance_accuracy_value', 'NONE');
#1846 = VERTEX_POINT ( 'NONE', #3362 ) ;
#1847 = FILL_AREA_STYLE_COLOUR ( '', #850 ) ;
#1848 = ADVANCED_FACE ( 'NONE', ( #4633 ), #5486, .T. ) ;
#1849 = CYLINDRICAL_SURFACE ( 'NONE', #1582, 0.0003937007874015758277 ) ;
#1850 = SURFACE_STYLE_USAGE ( .BOTH. , #3557 ) ;
#1851 = ORIENTED_EDGE ( 'NONE', *, *, #4949, .T. ) ;
#1852 = DIRECTION ( 'NONE',  ( -4.297971597196270222E-16, 1.000000000000000000, 0.000000000000000000 ) ) ;
#1853 = AXIS2_PLACEMENT_3D ( 'NONE', #2467, #4197, #4271 ) ;
#1854 = CARTESIAN_POINT ( 'NONE',  ( 0.03879141172126142345, -0.1655572423958564521, -0.2084329120043088845 ) ) ;
#1855 = PRESENTATION_STYLE_ASSIGNMENT (( #3201 ) ) ;
#1856 = CARTESIAN_POINT ( 'NONE',  ( 0.03957299042735232947, -0.1616458281531714947, -0.0005786670188958829538 ) ) ;
#1857 =( NAMED_UNIT ( * ) PLANE_ANGLE_UNIT ( ) SI_UNIT ( $, .RADIAN. ) );
#1858 = ADVANCED_FACE ( 'NONE', ( #1676 ), #843, .F. ) ;
#1859 = DIRECTION ( 'NONE',  ( -1.000000000000000000, -2.775557561562900029E-15, -8.359095273366670188E-31 ) ) ;
#1860 = VECTOR ( 'NONE', #5073, 39.37007874015748143 ) ;
#1861 = ORIENTED_EDGE ( 'NONE', *, *, #3689, .F. ) ;
#1862 = DIMENSIONAL_EXPONENTS ( 1.000000000000000000, 0.000000000000000000, 0.000000000000000000, 0.000000000000000000, 0.000000000000000000, 0.000000000000000000, 0.000000000000000000 ) ;
#1863 = CIRCLE ( 'NONE', #3018, 0.003937007874015748844 ) ;
#1864 = CARTESIAN_POINT ( 'NONE',  ( 0.03934373937360038237, -0.1616187430513880141, -0.2082849162559073652 ) ) ;
#1865 = CARTESIAN_POINT ( 'NONE',  ( 0.03929647601358933484, -0.1650951383715993093, -0.0001663975318151163446 ) ) ;
#1866 = MECHANICAL_DESIGN_GEOMETRIC_PRESENTATION_REPRESENTATION (  '', ( #1049 ), #9 ) ;
#1867 = CARTESIAN_POINT ( 'NONE',  ( 0.03919574362519874511, -0.1620230749553254745, -0.2088372439082462062 ) ) ;
#1868 = ORIENTED_EDGE ( 'NONE', *, *, #2850, .F. ) ;
#1869 = CARTESIAN_POINT ( 'NONE',  ( 0.03934373937360039625, -0.1616187430513880141, -0.2082849162559073930 ) ) ;
#1870 = SURFACE_STYLE_FILL_AREA ( #3596 ) ;
#1871 = PRESENTATION_LAYER_ASSIGNMENT (  '', '', ( #1227 ) ) ;
#1872 = CARTESIAN_POINT ( 'NONE',  ( -0.03543307086614169710, -0.1735564295493775833, 0.000000000000000000 ) ) ;
#1873 = CARTESIAN_POINT ( 'NONE',  ( -0.007480314960629961055, 0.09842519685039372024, 0.000000000000000000 ) ) ;
#1874 = CARTESIAN_POINT ( 'NONE',  ( 3.824587191129968999E-17, -0.1574803149606299191, 0.000000000000000000 ) ) ;
#1875 = EDGE_LOOP ( 'NONE', ( #552, #3182, #3650, #648 ) ) ;
#1876 =( LENGTH_UNIT ( ) NAMED_UNIT ( * ) SI_UNIT ( $, .METRE. ) );
#1877 = CARTESIAN_POINT ( 'NONE',  ( 0.01097903596297170395, 0.03427300011438150912, 0.09759320919131819760 ) ) ;
#1878 = PRESENTATION_STYLE_ASSIGNMENT (( #294 ) ) ;
#1879 = CARTESIAN_POINT ( 'NONE',  ( -0.007707618216216438264, 0.09825879931857862959, -0.1463929077000017398 ) ) ;
#1880 = ORIENTED_EDGE ( 'NONE', *, *, #2336, .F. ) ;
#1881 = MECHANICAL_DESIGN_GEOMETRIC_PRESENTATION_REPRESENTATION (  '', ( #1070 ), #3225 ) ;
#1882 = AXIS2_PLACEMENT_3D ( 'NONE', #4262, #4318, #1318 ) ;
#1883 = SURFACE_STYLE_USAGE ( .BOTH. , #3611 ) ;
#1884 = EDGE_CURVE ( 'NONE', #653, #4111, #4000, .T. ) ;
#1885 = CARTESIAN_POINT ( 'NONE',  ( 0.03899357767323013979, -0.1651529104919191304, -0.2086350779562775037 ) ) ;
#1886 = CYLINDRICAL_SURFACE ( 'NONE', #4386, 0.0003937007874015747977 ) ;
#1887 = PRESENTATION_LAYER_ASSIGNMENT (  '', '', ( #1070 ) ) ;
#1888 = CARTESIAN_POINT ( 'NONE',  ( 0.03897637795275595007, -0.1618110236220472731, -0.2082677165354331061 ) ) ;
#1889 = COLOUR_RGB ( '',0.8313725490196077761, 0.8313725490196077761, 0.8313725490196077761 ) ;
#1890 = CARTESIAN_POINT ( 'NONE',  ( -0.004103405405830942709, 0.09825879931857856020, -0.2084950197910190595 ) ) ;
#1891 = EDGE_LOOP ( 'NONE', ( #2452, #5031, #2976, #5170 ) ) ;
#1892 = MECHANICAL_DESIGN_GEOMETRIC_PRESENTATION_REPRESENTATION (  '', ( #1431 ), #450 ) ;
#1893 = EDGE_CURVE ( 'NONE', #5262, #3945, #921, .T. ) ;
#1894 = FILL_AREA_STYLE_COLOUR ( '', #4664 ) ;
#1895 = FILL_AREA_STYLE_COLOUR ( '', #4148 ) ;
#1896 = SURFACE_STYLE_FILL_AREA ( #628 ) ;
#1897 = ORIENTED_EDGE ( 'NONE', *, *, #3292, .T. ) ;
#1898 = DIRECTION ( 'NONE',  ( -1.000000000000000000, -4.625929269271489858E-16, -0.000000000000000000 ) ) ;
#1899 = CYLINDRICAL_SURFACE ( 'NONE', #1697, 0.0003937007874015747977 ) ;
#1900 = UNCERTAINTY_MEASURE_WITH_UNIT (LENGTH_MEASURE( 1.000000000000000082E-05 ), #1221, 'distance_accuracy_value', 'NONE');
#1901 =( CONVERSION_BASED_UNIT ( 'INCH', #4102 ) LENGTH_UNIT ( ) NAMED_UNIT ( #199 ) );
#1902 = ORIENTED_EDGE ( 'NONE', *, *, #320, .F. ) ;
#1903 = CARTESIAN_POINT ( 'NONE',  ( -0.007693262809885911130, 0.09805885430175424744, -0.06248281004598779664 ) ) ;
#1904 = CARTESIAN_POINT ( 'NONE',  ( 0.01097903596297171089, 0.03427300011438148830, 0.09759320919131819760 ) ) ;
#1905 = CARTESIAN_POINT ( 'NONE',  ( 0.03933476639340999920, -0.1648625767789755336, -0.0002635331382166730099 ) ) ;
#1906 = ORIENTED_EDGE ( 'NONE', *, *, #1779, .T. ) ;
#1907 = FILL_AREA_STYLE_COLOUR ( '', #1150 ) ;
#1908 = CARTESIAN_POINT ( 'NONE',  ( -0.004010610600583972701, 0.09825879931857864347, -0.06217571481758599888 ) ) ;
#1909 = CARTESIAN_POINT ( 'NONE',  ( -0.004330708661417362673, 0.09803149606299214891, -0.0003937007874015748519 ) ) ;
#1910 = DIRECTION ( 'NONE',  ( 1.000000000000000000, 0.000000000000000000, -0.000000000000000000 ) ) ;
#1911 = SURFACE_STYLE_FILL_AREA ( #4060 ) ;
#1912 = CARTESIAN_POINT ( 'NONE',  ( 0.03920368120834243075, -0.1651879331768462966, -0.2084950197910195591 ) ) ;
#1913 = VERTEX_POINT ( 'NONE', #2601 ) ;
#1914 = DIRECTION ( 'NONE',  ( 0.000000000000000000, 0.000000000000000000, -1.000000000000000000 ) ) ;
#1915 = PRESENTATION_STYLE_ASSIGNMENT (( #4829 ) ) ;
#1916 =( NAMED_UNIT ( * ) PLANE_ANGLE_UNIT ( ) SI_UNIT ( $, .RADIAN. ) );
#1917 =( NAMED_UNIT ( * ) PLANE_ANGLE_UNIT ( ) SI_UNIT ( $, .RADIAN. ) );
#1918 = AXIS2_PLACEMENT_3D ( 'NONE', #3209, #509, #2215 ) ;
#1919 =( BOUNDED_SURFACE ( )  B_SPLINE_SURFACE ( 3, 3, ( 
 ( #4345, #1348, #5258, #3871 ),
 ( #1315, #4774, #168, #142 ),
 ( #508, #570, #60, #3515 ),
 ( #4753, #3085, #2271, #5173 ) ),
 .UNSPECIFIED., .F., .F., .F. ) 
 B_SPLINE_SURFACE_WITH_KNOTS ( ( 4, 4 ),
 ( 4, 4 ),
 ( 0.000000000000000000, 1.000000000000000000 ),
 ( 0.000000000000000000, 1.000000000000000000 ),
 .UNSPECIFIED. ) 
 GEOMETRIC_REPRESENTATION_ITEM ( )  RATIONAL_B_SPLINE_SURFACE ( (
 ( 1.000000000000000000, 0.3333333333333393100, 0.3333333333333393100, 1.000000000000000000),
 ( 0.9245018060306345875, 0.3081672686768837099, 0.3081672686768837099, 0.9245018060306345875),
 ( 0.9245018060306345875, 0.3081672686768837099, 0.3081672686768837099, 0.9245018060306345875),
 ( 1.000000000000000000, 0.3333333333333393100, 0.3333333333333393100, 1.000000000000000000) ) ) 
 REPRESENTATION_ITEM ( '' )  SURFACE ( )  );
#1920 = ADVANCED_FACE ( 'NONE', ( #948 ), #1337, .T. ) ;
#1921 = MECHANICAL_DESIGN_GEOMETRIC_PRESENTATION_REPRESENTATION (  '', ( #572 ), #1830 ) ;
#1922 = ORIENTED_EDGE ( 'NONE', *, *, #5522, .T. ) ;
#1923 = ORIENTED_EDGE ( 'NONE', *, *, #3835, .T. ) ;
#1924 = CARTESIAN_POINT ( 'NONE',  ( -0.004330708661417363541, 0.09842519685039372024, -0.2082677165354326898 ) ) ;
#1925 = STYLED_ITEM ( 'NONE', ( #4883 ), #1023 ) ;
#1926 = COLOUR_RGB ( '',0.8313725490196077761, 0.8313725490196077761, 0.8313725490196077761 ) ;
#1927 = CARTESIAN_POINT ( 'NONE',  ( -0.007645788489124462871, 0.09865341117442504026, -0.1470170966479609764 ) ) ;
#1928 = CARTESIAN_POINT ( 'NONE',  ( 3.969230513863908252E-17, -0.1653543307086614012, 0.000000000000000000 ) ) ;
#1929 = ADVANCED_FACE ( 'NONE', ( #3474 ), #5469, .T. ) ;
#1930 = CARTESIAN_POINT ( 'NONE',  ( 0.1122047244094488277, 0.1043307086614173318, 0.1653543307086614567 ) ) ;
#1931 = AXIS2_PLACEMENT_3D ( 'NONE', #484, #935, #4776 ) ;
#1932 = ORIENTED_EDGE ( 'NONE', *, *, #4449, .F. ) ;
#1933 = PRESENTATION_STYLE_ASSIGNMENT (( #4391 ) ) ;
#1934 = DIRECTION ( 'NONE',  ( -1.000000000000000000, -0.000000000000000000, 0.000000000000000000 ) ) ;
#1935 = ORIENTED_EDGE ( 'NONE', *, *, #1749, .F. ) ;
#1936 = CARTESIAN_POINT ( 'NONE',  ( 0.03907123972263112921, -0.1656178509120025677, -0.2079061367223697665 ) ) ;
#1937 = COLOUR_RGB ( '',0.6274509803921568540, 0.3137254901960784270, 0.000000000000000000 ) ;
#1938 =( CONVERSION_BASED_UNIT ( 'INCH', #1090 ) LENGTH_UNIT ( ) NAMED_UNIT ( #3817 ) );
#1939 = CARTESIAN_POINT ( 'NONE',  ( 0.009842519685039369942, 0.03313648383644914042, 0.001968503937007873988 ) ) ;
#1940 = CARTESIAN_POINT ( 'NONE',  ( 0.03954590532556902932, -0.1647485785879818088, -0.2084870822078759567 ) ) ;
#1941 = VERTEX_POINT ( 'NONE', #2982 ) ;
#1942 = CIRCLE ( 'NONE', #2111, 0.001968503937007874856 ) ;
#1943 = DIRECTION ( 'NONE',  ( -2.094760423821050104E-16, 1.000000000000000000, -0.000000000000000000 ) ) ;
#1944 = DIRECTION ( 'NONE',  ( -1.000000000000000000, 1.836970198721029688E-16, -0.000000000000000000 ) ) ;
#1945 =( NAMED_UNIT ( * ) PLANE_ANGLE_UNIT ( ) SI_UNIT ( $, .RADIAN. ) );
#1946 =( GEOMETRIC_REPRESENTATION_CONTEXT ( 3 ) GLOBAL_UNCERTAINTY_ASSIGNED_CONTEXT ( ( #2280 ) ) GLOBAL_UNIT_ASSIGNED_CONTEXT ( ( #1521, #2764, #2737 ) ) REPRESENTATION_CONTEXT ( 'NONE', 'WORKASPACE' ) );
#1947 = FACE_OUTER_BOUND ( 'NONE', #3692, .T. ) ;
#1948 = ORIENTED_EDGE ( 'NONE', *, *, #3525, .F. ) ;
#1949 = AXIS2_PLACEMENT_3D ( 'NONE', #3641, #705, #5368 ) ;
#1950 = ORIENTED_EDGE ( 'NONE', *, *, #3941, .F. ) ;
#1951 = SURFACE_STYLE_USAGE ( .BOTH. , #257 ) ;
#1952 = CARTESIAN_POINT ( 'NONE',  ( -0.003937007874015723691, -0.09275723757613700549, -0.06227183094898932486 ) ) ;
#1953 = ADVANCED_FACE ( 'NONE', ( #4277 ), #503, .T. ) ;
#1954 = DIRECTION ( 'NONE',  ( -0.000000000000000000, 1.000000000000000000, 0.000000000000000000 ) ) ;
#1955 =( BOUNDED_SURFACE ( )  B_SPLINE_SURFACE ( 3, 3, ( 
 ( #401, #3401, #2105, #4692 ),
 ( #5126, #2958, #1264, #848 ),
 ( #476, #2634, #4402, #2267 ),
 ( #1344, #138, #5200, #3588 ) ),
 .UNSPECIFIED., .F., .F., .F. ) 
 B_SPLINE_SURFACE_WITH_KNOTS ( ( 4, 4 ),
 ( 4, 4 ),
 ( 0.000000000000000000, 1.000000000000000000 ),
 ( 0.000000000000000000, 1.000000000000000000 ),
 .UNSPECIFIED. ) 
 GEOMETRIC_REPRESENTATION_ITEM ( )  RATIONAL_B_SPLINE_SURFACE ( (
 ( 1.000000000000000000, 0.3333333333333581283, 0.3333333333333581283, 1.000000000000000000),
 ( 0.9245018060306248175, 0.3081672686768978653, 0.3081672686768978653, 0.9245018060306248175),
 ( 0.9245018060306248175, 0.3081672686768978653, 0.3081672686768978653, 0.9245018060306248175),
 ( 1.000000000000000000, 0.3333333333333581283, 0.3333333333333581283, 1.000000000000000000) ) ) 
 REPRESENTATION_ITEM ( '' )  SURFACE ( )  );
#1956 = CARTESIAN_POINT ( 'NONE',  ( 0.009842519685039369942, 0.03510498777345701094, 0.001968503937007873988 ) ) ;
#1957 = UNCERTAINTY_MEASURE_WITH_UNIT (LENGTH_MEASURE( 1.000000000000000082E-05 ), #5419, 'distance_accuracy_value', 'NONE');
#1958 = CARTESIAN_POINT ( 'NONE',  ( 0.009842519685039345656, -0.1715879256123697127, 0.001968503937007879193 ) ) ;
#1959 = CIRCLE ( 'NONE', #13, 0.0003937007874015747977 ) ;
#1960 = EDGE_CURVE ( 'NONE', #4651, #1572, #1584, .T. ) ;
#1961 = EDGE_CURVE ( 'NONE', #151, #1558, #4733, .T. ) ;
#1962 = ADVANCED_FACE ( 'NONE', ( #847 ), #469, .T. ) ;
#1963 = LENGTH_MEASURE_WITH_UNIT ( LENGTH_MEASURE( 0.02539999999999999897 ), #2403 );
#1964 = UNCERTAINTY_MEASURE_WITH_UNIT (LENGTH_MEASURE( 1.000000000000000082E-05 ), #4001, 'distance_accuracy_value', 'NONE');
#1965 = ORIENTED_EDGE ( 'NONE', *, *, #2293, .F. ) ;
#1966 = VECTOR ( 'NONE', #2514, 39.37007874015748143 ) ;
#1967 = CARTESIAN_POINT ( 'NONE',  ( 0.03918932580201190535, -0.1654022336000013083, -0.2082950747741950936 ) ) ;
#1968 =( LENGTH_UNIT ( ) NAMED_UNIT ( * ) SI_UNIT ( $, .METRE. ) );
#1969 = SURFACE_STYLE_FILL_AREA ( #2777 ) ;
#1970 = DIRECTION ( 'NONE',  ( 0.000000000000000000, 0.000000000000000000, 1.000000000000000000 ) ) ;
#1971 = DIRECTION ( 'NONE',  ( 0.000000000000000000, 1.000000000000000000, 0.000000000000000000 ) ) ;
#1972 = CARTESIAN_POINT ( 'NONE',  ( 0.03897637795275595007, -0.1649606299212598437, -1.667387691445473156E-20 ) ) ;
#1973 = AXIS2_PLACEMENT_3D ( 'NONE', #2736, #3627, #5324 ) ;
#1974 = ORIENTED_EDGE ( 'NONE', *, *, #2574, .F. ) ;
#1975 = DIRECTION ( 'NONE',  ( 1.000000000000000000, 3.330669073875470114E-16, 0.000000000000000000 ) ) ;
#1976 = CARTESIAN_POINT ( 'NONE',  ( -0.007707618216216439132, 0.09825879931857864347, -0.2084950197910191150 ) ) ;
#1977 = DIRECTION ( 'NONE',  ( -1.000000000000000000, -4.625929269271489858E-16, -1.321694076934689941E-16 ) ) ;
#1978 = CARTESIAN_POINT ( 'NONE',  ( -0.003937007874015787875, 0.03248031496062991907, -0.2082677165354327176 ) ) ;
#1979 = EDGE_LOOP ( 'NONE', ( #1258, #1314, #4893, #2087 ) ) ;
#1980 = CIRCLE ( 'NONE', #3933, 0.0003937007874015758277 ) ;
#1981 = SURFACE_STYLE_USAGE ( .BOTH. , #256 ) ;
#1982 = CARTESIAN_POINT ( 'NONE',  ( 0.03920368120834236830, -0.1615837203664608202, -0.0001663975318150867459 ) ) ;
#1983 = CARTESIAN_POINT ( 'NONE',  ( 0.01163446188830989311, -0.1722387638582942027, 0.09596642720196435494 ) ) ;
#1984 = MECHANICAL_DESIGN_GEOMETRIC_PRESENTATION_REPRESENTATION (  '', ( #4937 ), #3937 ) ;
#1985 = DIRECTION ( 'NONE',  ( -1.000000000000000000, 0.000000000000000000, 0.000000000000000000 ) ) ;
#1986 = CARTESIAN_POINT ( 'NONE',  ( 4.785167997863189071E-64, -1.528237673014263835E-34, 0.1653543307086618175 ) ) ;
#1987 = ORIENTED_EDGE ( 'NONE', *, *, #5086, .T. ) ;
#1988 = SURFACE_SIDE_STYLE ('',( #1165 ) ) ;
#1989 = CARTESIAN_POINT ( 'NONE',  ( 0.009842519685039369942, -0.1213910752186689035, 0.09645669291338584972 ) ) ;
#1990 = EDGE_LOOP ( 'NONE', ( #689, #1187, #1099, #4654, #4579 ) ) ;
#1991 = EDGE_CURVE ( 'NONE', #657, #4397, #3143, .T. ) ;
#1992 =( NAMED_UNIT ( * ) SI_UNIT ( $, .STERADIAN. ) SOLID_ANGLE_UNIT ( ) );
#1993 = LINE ( 'NONE', #342, #5316 ) ;
#1994 = DIRECTION ( 'NONE',  ( 0.5773502691895967542, 0.5773502691895100458, -0.5773502691897702821 ) ) ;
#1995 = DIRECTION ( 'NONE',  ( -0.000000000000000000, -0.000000000000000000, -1.000000000000000000 ) ) ;
#1996 =( NAMED_UNIT ( * ) PLANE_ANGLE_UNIT ( ) SI_UNIT ( $, .RADIAN. ) );
#1997 = FILL_AREA_STYLE ('',( #3674 ) ) ;
#1998 = EDGE_CURVE ( 'NONE', #4155, #4625, #4550, .T. ) ;
#1999 =( CONVERSION_BASED_UNIT ( 'INCH', #4635 ) LENGTH_UNIT ( ) NAMED_UNIT ( #84 ) );
#2000 = FACE_OUTER_BOUND ( 'NONE', #3967, .T. ) ;
#2001 = SURFACE_STYLE_FILL_AREA ( #5377 ) ;
#2002 = PLANE ( 'NONE',  #4984 ) ;
#2003 =( GEOMETRIC_REPRESENTATION_CONTEXT ( 3 ) GLOBAL_UNCERTAINTY_ASSIGNED_CONTEXT ( ( #3493 ) ) GLOBAL_UNIT_ASSIGNED_CONTEXT ( ( #2277, #201, #3623 ) ) REPRESENTATION_CONTEXT ( 'NONE', 'WORKASPACE' ) );
#2004 = CARTESIAN_POINT ( 'NONE',  ( 3.624623463139045974E-17, -0.1649606299212598437, -0.2086614173228342750 ) ) ;
#2005 = PRESENTATION_STYLE_ASSIGNMENT (( #4042 ) ) ;
#2006 = CARTESIAN_POINT ( 'NONE',  ( -0.003937007874015723691, -0.09331401456919728721, -0.06282860794204959964 ) ) ;
#2007 = CIRCLE ( 'NONE', #1459, 0.0003937007874015748519 ) ;
#2008 = LENGTH_MEASURE_WITH_UNIT ( LENGTH_MEASURE( 0.02539999999999999897 ), #2422 );
#2009 = UNCERTAINTY_MEASURE_WITH_UNIT (LENGTH_MEASURE( 1.000000000000000082E-05 ), #741, 'distance_accuracy_value', 'NONE');
#2010 = AXIS2_PLACEMENT_3D ( 'NONE', #2049, #3329, #1196 ) ;
#2011 = DIRECTION ( 'NONE',  ( -0.000000000000000000, -0.000000000000000000, 1.000000000000000000 ) ) ;
#2012 =( GEOMETRIC_REPRESENTATION_CONTEXT ( 3 ) GLOBAL_UNCERTAINTY_ASSIGNED_CONTEXT ( ( #913 ) ) GLOBAL_UNIT_ASSIGNED_CONTEXT ( ( #993, #5314, #5291 ) ) REPRESENTATION_CONTEXT ( 'NONE', 'WORKASPACE' ) );
#2013 = ORIENTED_EDGE ( 'NONE', *, *, #860, .T. ) ;
#2014 = CIRCLE ( 'NONE', #4789, 0.001968503937007874856 ) ;
#2015 = SURFACE_STYLE_FILL_AREA ( #1553 ) ;
#2016 = SURFACE_STYLE_FILL_AREA ( #1212 ) ;
#2017 = MECHANICAL_DESIGN_GEOMETRIC_PRESENTATION_REPRESENTATION (  '', ( #5153 ), #3448 ) ;
#2018 = UNCERTAINTY_MEASURE_WITH_UNIT (LENGTH_MEASURE( 1.000000000000000082E-05 ), #1174, 'distance_accuracy_value', 'NONE');
#2019 = ORIENTED_EDGE ( 'NONE', *, *, #2782, .F. ) ;
#2020 = LENGTH_MEASURE_WITH_UNIT ( LENGTH_MEASURE( 0.02539999999999999897 ), #4655 );
#2021 =( NAMED_UNIT ( * ) PLANE_ANGLE_UNIT ( ) SI_UNIT ( $, .RADIAN. ) );
#2022 = CARTESIAN_POINT ( 'NONE',  ( 0.009842519685039369942, -0.1715879256123697127, 0.09645669291338584972 ) ) ;
#2023 = EDGE_CURVE ( 'NONE', #277, #5154, #5271, .T. ) ;
#2024 = LENGTH_MEASURE_WITH_UNIT ( LENGTH_MEASURE( 0.02539999999999999897 ), #1532 );
#2025 = SURFACE_SIDE_STYLE ('',( #2098 ) ) ;
#2026 =( GEOMETRIC_REPRESENTATION_CONTEXT ( 3 ) GLOBAL_UNCERTAINTY_ASSIGNED_CONTEXT ( ( #2193 ) ) GLOBAL_UNIT_ASSIGNED_CONTEXT ( ( #4202, #1945, #5408 ) ) REPRESENTATION_CONTEXT ( 'NONE', 'WORKASPACE' ) );
#2027 = CARTESIAN_POINT ( 'NONE',  ( 0.01097903596297170221, -0.1727244418903020606, 0.09759320919131816985 ) ) ;
#2028 = CARTESIAN_POINT ( 'NONE',  ( -0.003937007874015802621, 0.09803149606299214891, -0.0003937007874015747977 ) ) ;
#2029 = SURFACE_SIDE_STYLE ('',( #3647 ) ) ;
#2030 = ADVANCED_FACE ( 'NONE', ( #4002 ), #504, .T. ) ;
#2031 = CARTESIAN_POINT ( 'NONE',  ( -0.003963347240572972878, 0.09822377663365149114, -0.06205840608772074385 ) ) ;
#2032 = CARTESIAN_POINT ( 'NONE',  ( -0.007610482609814848802, 0.09793344292070785273, -3.531234674747937927E-05 ) ) ;
#2033 = AXIS2_PLACEMENT_3D ( 'NONE', #5489, #4279, #3814 ) ;
#2034 = VERTEX_POINT ( 'NONE', #5199 ) ;
#2035 = DIMENSIONAL_EXPONENTS ( 1.000000000000000000, 0.000000000000000000, 0.000000000000000000, 0.000000000000000000, 0.000000000000000000, 0.000000000000000000, 0.000000000000000000 ) ;
#2036 = ORIENTED_EDGE ( 'NONE', *, *, #2159, .F. ) ;
#2037 = CARTESIAN_POINT ( 'NONE',  ( 0.03920368120834240994, -0.1614909255612138606, -0.0002591923370620465624 ) ) ;
#2038 = AXIS2_PLACEMENT_3D ( 'NONE', #4548, #4573, #1971 ) ;
#2039 = COLOUR_RGB ( '',0.6274509803921568540, 0.3137254901960784270, 0.000000000000000000 ) ;
#2040 = CONTEXT_DEPENDENT_SHAPE_REPRESENTATION ( #5021, #3100 ) ;
#2041 = ORIENTED_EDGE ( 'NONE', *, *, #4177, .T. ) ;
#2042 = MECHANICAL_DESIGN_GEOMETRIC_PRESENTATION_REPRESENTATION (  '', ( #1311 ), #348 ) ;
#2043 = SURFACE_STYLE_USAGE ( .BOTH. , #2854 ) ;
#2044 = SURFACE_STYLE_FILL_AREA ( #810 ) ;
#2045 = VERTEX_POINT ( 'NONE', #3891 ) ;
#2046 = AXIS2_PLACEMENT_3D ( 'NONE', #3917, #2209, #4971 ) ;
#2047 = AXIS2_PLACEMENT_3D ( 'NONE', #1986, #3577, #1105 ) ;
#2048 = SURFACE_STYLE_USAGE ( .BOTH. , #4595 ) ;
#2049 = CARTESIAN_POINT ( 'NONE',  ( 3.414809992080329023E-17, -0.1649606299212598437, -0.2082677165354326621 ) ) ;
#2050 =( LENGTH_UNIT ( ) NAMED_UNIT ( * ) SI_UNIT ( $, .METRE. ) );
#2051 = CARTESIAN_POINT ( 'NONE',  ( -0.004330708661417362673, 0.03248031496062991907, -0.2082677165354326898 ) ) ;
#2052 = CARTESIAN_POINT ( 'NONE',  ( -0.004103405405830829085, 0.09825879931857854632, -0.2084950197910190872 ) ) ;
#2053 = PRESENTATION_STYLE_ASSIGNMENT (( #2578 ) ) ;
#2054 = COLOUR_RGB ( '',0.8313725490196077761, 0.8313725490196077761, 0.8313725490196077761 ) ;
#2055 = LINE ( 'NONE', #4605, #571 ) ;
#2056 = CARTESIAN_POINT ( 'NONE',  ( -0.004103405405830900209, 0.09825879931857858796, -0.1463929077000017398 ) ) ;
#2057 = ORIENTED_EDGE ( 'NONE', *, *, #4586, .F. ) ;
#2058 = EDGE_CURVE ( 'NONE', #1241, #2094, #1408, .T. ) ;
#2059 = PRESENTATION_LAYER_ASSIGNMENT (  '', '', ( #5118 ) ) ;
#2060 = PRESENTATION_LAYER_ASSIGNMENT (  '', '', ( #3127 ) ) ;
#2061 = FILL_AREA_STYLE ('',( #3406 ) ) ;
#2062 =( GEOMETRIC_REPRESENTATION_CONTEXT ( 3 ) GLOBAL_UNCERTAINTY_ASSIGNED_CONTEXT ( ( #4531 ) ) GLOBAL_UNIT_ASSIGNED_CONTEXT ( ( #1999, #3728, #821 ) ) REPRESENTATION_CONTEXT ( 'NONE', 'WORKASPACE' ) );
#2063 = CARTESIAN_POINT ( 'NONE',  ( 0.03444881889763776184, 0.1023622047244094613, 0.09645669291338584972 ) ) ;
#2064 = SHAPE_DEFINITION_REPRESENTATION ( #1394, #1334 ) ;
#2065 = EDGE_CURVE ( 'NONE', #1754, #1572, #4553, .T. ) ;
#2066 = VERTEX_POINT ( 'NONE', #246 ) ;
#2067 = CIRCLE ( 'NONE', #1163, 0.0003937007874015758277 ) ;
#2068 = DIMENSIONAL_EXPONENTS ( 1.000000000000000000, 0.000000000000000000, 0.000000000000000000, 0.000000000000000000, 0.000000000000000000, 0.000000000000000000, 0.000000000000000000 ) ;
#2069 = CARTESIAN_POINT ( 'NONE',  ( -0.004330708661417377418, 0.09803149606299213503, -0.0003937007874015843929 ) ) ;
#2070 = DIRECTION ( 'NONE',  ( -1.000000000000000000, 0.000000000000000000, 0.000000000000000000 ) ) ;
#2071 = ORIENTED_EDGE ( 'NONE', *, *, #3699, .T. ) ;
#2072 = CARTESIAN_POINT ( 'NONE',  ( 0.03897637795275595007, -0.1653127666106299076, -0.0002176324427165542998 ) ) ;
#2073 = FILL_AREA_STYLE ('',( #3807 ) ) ;
#2074 = CARTESIAN_POINT ( 'NONE',  ( 0.007858091223175522541, -0.1724152932548422557, -0.001141071620156805261 ) ) ;
#2075 = FACE_OUTER_BOUND ( 'NONE', #4165, .T. ) ;
#2076 = CARTESIAN_POINT ( 'NONE',  ( -0.007874015748031466463, -0.1574803149606299191, -0.2082677165354328286 ) ) ;
#2077 = AXIS2_PLACEMENT_3D ( 'NONE', #4921, #2362, #5381 ) ;
#2078 = ORIENTED_EDGE ( 'NONE', *, *, #4663, .T. ) ;
#2079 = CARTESIAN_POINT ( 'NONE',  ( -0.007710939542372767345, -0.1574803149606298913, -1.412168279180550890E-20 ) ) ;
#2080 = CARTESIAN_POINT ( 'NONE',  ( -0.007874015748031495954, -0.09315093836353859069, -0.1462265101681866353 ) ) ;
#2081 = CARTESIAN_POINT ( 'NONE',  ( 0.009842519685039369942, 0.03313648383644914042, 0.001968503937007873988 ) ) ;
#2082 = FILL_AREA_STYLE_COLOUR ( '', #938 ) ;
#2083 = EDGE_CURVE ( 'NONE', #5347, #1502, #1478, .T. ) ;
#2084 = PRESENTATION_LAYER_ASSIGNMENT (  '', '', ( #4598 ) ) ;
#2085 = DIRECTION ( 'NONE',  ( 0.000000000000000000, 0.000000000000000000, 1.000000000000000000 ) ) ;
#2086 = PRODUCT_CONTEXT ( 'NONE', #2643, 'mechanical' ) ;
#2087 = ORIENTED_EDGE ( 'NONE', *, *, #3049, .F. ) ;
#2088 = CIRCLE ( 'NONE', #5228, 0.0003937007874015587515 ) ;
#2089 = LINE ( 'NONE', #5496, #2898 ) ;
#2090 = EDGE_CURVE ( 'NONE', #3375, #5067, #4006, .T. ) ;
#2091 = CARTESIAN_POINT ( 'NONE',  ( 0.03887832481047165389, -0.1653190183619139275, -0.0002635331382167282500 ) ) ;
#2092 =( NAMED_UNIT ( * ) PLANE_ANGLE_UNIT ( ) SI_UNIT ( $, .RADIAN. ) );
#2093 = CIRCLE ( 'NONE', #3526, 0.001968503937007879193 ) ;
#2094 = VERTEX_POINT ( 'NONE', #2780 ) ;
#2095 = COLOUR_RGB ( '',0.8313725490196077761, 0.8313725490196077761, 0.8313725490196077761 ) ;
#2096 = CARTESIAN_POINT ( 'NONE',  ( 0.03899357767323009122, -0.1616187430513880141, -0.2086350779562776148 ) ) ;
#2097 = FILL_AREA_STYLE ('',( #3278 ) ) ;
#2098 = SURFACE_STYLE_FILL_AREA ( #2886 ) ;
#2099 =( CONVERSION_BASED_UNIT ( 'INCH', #372 ) LENGTH_UNIT ( ) NAMED_UNIT ( #956 ) );
#2100 = DIMENSIONAL_EXPONENTS ( 1.000000000000000000, 0.000000000000000000, 0.000000000000000000, 0.000000000000000000, 0.000000000000000000, 0.000000000000000000, 0.000000000000000000 ) ;
#2101 = ORIENTED_EDGE ( 'NONE', *, *, #964, .T. ) ;
#2102 = MECHANICAL_DESIGN_GEOMETRIC_PRESENTATION_REPRESENTATION (  '', ( #677 ), #2716 ) ;
#2103 = CARTESIAN_POINT ( 'NONE',  ( -0.004100084079674405461, -0.1574803149606298913, -0.2086614173228343028 ) ) ;
#2104 = CARTESIAN_POINT ( 'NONE',  ( -0.007707618216216429591, 0.09825879931857862959, -0.0001663975318151182420 ) ) ;
#2105 = CARTESIAN_POINT ( 'NONE',  ( -0.004103405405830867249, 0.09825879931857853244, -0.1463929077000017676 ) ) ;
#2106 = ORIENTED_EDGE ( 'NONE', *, *, #4242, .F. ) ;
#2107 = CARTESIAN_POINT ( 'NONE',  ( 0.03920368120834245157, -0.1615837203664608479, -0.2084950197910196423 ) ) ;
#2108 = DIRECTION ( 'NONE',  ( 2.710505431213753985E-15, -1.000000000000000000, 0.000000000000000000 ) ) ;
#2109 = COLOUR_RGB ( '',0.8313725490196077761, 0.8313725490196077761, 0.8313725490196077761 ) ;
#2110 =( NAMED_UNIT ( * ) SI_UNIT ( $, .STERADIAN. ) SOLID_ANGLE_UNIT ( ) );
#2111 = AXIS2_PLACEMENT_3D ( 'NONE', #3103, #1388, #2657 ) ;
#2112 = ORIENTED_EDGE ( 'NONE', *, *, #795, .F. ) ;
#2113 = PRESENTATION_STYLE_ASSIGNMENT (( #1722 ) ) ;
#2114 =( NAMED_UNIT ( * ) PLANE_ANGLE_UNIT ( ) SI_UNIT ( $, .RADIAN. ) );
#2115 = MECHANICAL_DESIGN_GEOMETRIC_PRESENTATION_REPRESENTATION (  '', ( #1486 ), #5175 ) ;
#2116 =( LENGTH_UNIT ( ) NAMED_UNIT ( * ) SI_UNIT ( $, .METRE. ) );
#2117 = EDGE_LOOP ( 'NONE', ( #2965, #4303, #491, #3258, #1484, #2959 ) ) ;
#2118 = AXIS2_PLACEMENT_3D ( 'NONE', #2468, #5084, #2949 ) ;
#2119 = CARTESIAN_POINT ( 'NONE',  ( 0.03897637795275595007, -0.1618110236220472731, -0.0003937007874015748519 ) ) ;
#2120 = CYLINDRICAL_SURFACE ( 'NONE', #4426, 0.001968503937007874856 ) ;
#2121 = AXIS2_PLACEMENT_3D ( 'NONE', #3563, #927, #1795 ) ;
#2122 = DIRECTION ( 'NONE',  ( -1.000000000000000000, 0.000000000000000000, 0.000000000000000000 ) ) ;
#2123 = SURFACE_SIDE_STYLE ('',( #420 ) ) ;
#2124 = VERTEX_POINT ( 'NONE', #4031 ) ;
#2125 = EDGE_CURVE ( 'NONE', #291, #486, #4816, .T. ) ;
#2126 = CIRCLE ( 'NONE', #5274, 0.001968503937007874856 ) ;
#2127 = SURFACE_STYLE_USAGE ( .BOTH. , #1736 ) ;
#2128 = DIRECTION ( 'NONE',  ( 0.000000000000000000, 0.000000000000000000, 1.000000000000000000 ) ) ;
#2129 = SURFACE_SIDE_STYLE ('',( #4691 ) ) ;
#2130 =( LENGTH_UNIT ( ) NAMED_UNIT ( * ) SI_UNIT ( $, .METRE. ) );
#2131 = VERTEX_POINT ( 'NONE', #4466 ) ;
#2132 = DIMENSIONAL_EXPONENTS ( 1.000000000000000000, 0.000000000000000000, 0.000000000000000000, 0.000000000000000000, 0.000000000000000000, 0.000000000000000000, 0.000000000000000000 ) ;
#2133 =( NAMED_UNIT ( * ) SI_UNIT ( $, .STERADIAN. ) SOLID_ANGLE_UNIT ( ) );
#2134 = CARTESIAN_POINT ( 'NONE',  ( 0.01097903596297170742, 0.03380902608814681520, 0.0003680136328408705696 ) ) ;
#2135 = DIRECTION ( 'NONE',  ( -0.000000000000000000, -0.000000000000000000, -1.000000000000000000 ) ) ;
#2136 =( NAMED_UNIT ( * ) PLANE_ANGLE_UNIT ( ) SI_UNIT ( $, .RADIAN. ) );
#2137 =( GEOMETRIC_REPRESENTATION_CONTEXT ( 3 ) GLOBAL_UNCERTAINTY_ASSIGNED_CONTEXT ( ( #607 ) ) GLOBAL_UNIT_ASSIGNED_CONTEXT ( ( #4938, #159, #2688 ) ) REPRESENTATION_CONTEXT ( 'NONE', 'WORKASPACE' ) );
#2138 = VECTOR ( 'NONE', #1802, 39.37007874015748143 ) ;
#2139 = ORIENTED_EDGE ( 'NONE', *, *, #3625, .T. ) ;
#2140 = PRESENTATION_STYLE_ASSIGNMENT (( #516 ) ) ;
#2141 =( LENGTH_UNIT ( ) NAMED_UNIT ( * ) SI_UNIT ( $, .METRE. ) );
#2142 = COLOUR_RGB ( '',0.8313725490196077761, 0.8313725490196077761, 0.8313725490196077761 ) ;
#2143 = VECTOR ( 'NONE', #918, 39.37007874015748143 ) ;
#2144 = CARTESIAN_POINT ( 'NONE',  ( -0.007710939542372884439, -0.09298786215787950560, -0.06243490715464802138 ) ) ;
#2145 = ORIENTED_EDGE ( 'NONE', *, *, #2153, .F. ) ;
#2146 = MECHANICAL_DESIGN_GEOMETRIC_PRESENTATION_REPRESENTATION (  '', ( #3583 ), #812 ) ;
#2147 = AXIS2_PLACEMENT_3D ( 'NONE', #5354, #1518, #4925 ) ;
#2148 = SURFACE_STYLE_USAGE ( .BOTH. , #3528 ) ;
#2149 = CARTESIAN_POINT ( 'NONE',  ( 0.06889763779527560694, -0.1023622047244094474, 0.001968503937007873988 ) ) ;
#2150 = CARTESIAN_POINT ( 'NONE',  ( 6.829619984160656814E-17, -0.1615803990403043566, -4.958423685728693369E-18 ) ) ;
#2151 = CARTESIAN_POINT ( 'NONE',  ( -0.004200541012232538243, 0.09838988450364617722, -0.2081696633931483242 ) ) ;
#2152 = AXIS2_PLACEMENT_3D ( 'NONE', #2051, #4117, #4597 ) ;
#2153 = EDGE_CURVE ( 'NONE', #5094, #328, #5179, .T. ) ;
#2154 = DIRECTION ( 'NONE',  ( -4.297971597196270222E-16, 1.000000000000000000, 0.000000000000000000 ) ) ;
#2155 = DIRECTION ( 'NONE',  ( 1.000000000000000000, 0.000000000000000000, -0.000000000000000000 ) ) ;
#2156 = SURFACE_STYLE_FILL_AREA ( #2660 ) ;
#2157 =( NAMED_UNIT ( * ) PLANE_ANGLE_UNIT ( ) SI_UNIT ( $, .RADIAN. ) );
#2158 =( CONVERSION_BASED_UNIT ( 'INCH', #425 ) LENGTH_UNIT ( ) NAMED_UNIT ( #2165 ) );
#2159 = EDGE_CURVE ( 'NONE', #360, #1810, #4910, .T. ) ;
#2160 = VERTEX_POINT ( 'NONE', #2836 ) ;
#2161 = SURFACE_STYLE_FILL_AREA ( #1206 ) ;
#2162 = CARTESIAN_POINT ( 'NONE',  ( 0.03857949226038310392, -0.1616455500935529421, 0.0002282143240315584421 ) ) ;
#2163 = ORIENTED_EDGE ( 'NONE', *, *, #1360, .F. ) ;
#2164 = DIRECTION ( 'NONE',  ( 1.000000000000000000, 1.586032892321650017E-16, 0.000000000000000000 ) ) ;
#2165 = DIMENSIONAL_EXPONENTS ( 1.000000000000000000, 0.000000000000000000, 0.000000000000000000, 0.000000000000000000, 0.000000000000000000, 0.000000000000000000, 0.000000000000000000 ) ;
#2166 = LENGTH_MEASURE_WITH_UNIT ( LENGTH_MEASURE( 0.02539999999999999897 ), #1411 );
#2167 = CARTESIAN_POINT ( 'NONE',  ( -0.007874015748031508097, -0.09275723757613661691, -0.06204120636724626964 ) ) ;
#2168 = SHAPE_REPRESENTATION_RELATIONSHIP ( 'NONE' , 'NONE' ,  #1334, #1834 ) ;
#2169 = ORIENTED_EDGE ( 'NONE', *, *, #57, .T. ) ;
#2170 = AXIS2_PLACEMENT_3D ( 'NONE', #2828, #5445, #752 ) ;
#2171 = CARTESIAN_POINT ( 'NONE',  ( 0.01167932678926120182, 0.03409788668974573361, 0.09654269151575720076 ) ) ;
#2172 = CARTESIAN_POINT ( 'NONE',  ( -0.004100084079674380308, -0.1574803149606299468, -4.958423685728693369E-18 ) ) ;
#2173 = AXIS2_PLACEMENT_3D ( 'NONE', #2081, #1746, #3788 ) ;
#2174 = SURFACE_STYLE_USAGE ( .BOTH. , #1786 ) ;
#2175 = LENGTH_MEASURE_WITH_UNIT ( LENGTH_MEASURE( 0.02539999999999999897 ), #974 );
#2176 =( NAMED_UNIT ( * ) PLANE_ANGLE_UNIT ( ) SI_UNIT ( $, .RADIAN. ) );
#2177 = ADVANCED_FACE ( 'NONE', ( #3203 ), #4912, .F. ) ;
#2178 = VECTOR ( 'NONE', #4504, 39.37007874015748143 ) ;
#2179 = DIRECTION ( 'NONE',  ( 3.106967419659950017E-16, -1.000000000000000000, -3.422365305298960131E-16 ) ) ;
#2180 = CARTESIAN_POINT ( 'NONE',  ( -0.007610482609814856608, 0.09793344292070788049, -3.531234674747471043E-05 ) ) ;
#2181 = DIRECTION ( 'NONE',  ( 1.000000000000000000, 0.000000000000000000, 0.000000000000000000 ) ) ;
#2182 = CARTESIAN_POINT ( 'NONE',  ( -0.004103405405830943577, 0.09816600451333164223, -0.2085878145962659913 ) ) ;
#2183 = MECHANICAL_DESIGN_GEOMETRIC_PRESENTATION_REPRESENTATION (  '', ( #4614 ), #4521 ) ;
#2184 = VERTEX_POINT ( 'NONE', #4085 ) ;
#2185 = EDGE_CURVE ( 'NONE', #157, #291, #432, .T. ) ;
#2186 = FILL_AREA_STYLE ('',( #538 ) ) ;
#2187 = CARTESIAN_POINT ( 'NONE',  ( -0.03543307086614169016, -0.1715879256123697127, 0.09842519685039370636 ) ) ;
#2188 =( NAMED_UNIT ( * ) PLANE_ANGLE_UNIT ( ) SI_UNIT ( $, .RADIAN. ) );
#2189 = LINE ( 'NONE', #511, #2138 ) ;
#2190 = EDGE_CURVE ( 'NONE', #1502, #638, #1959, .T. ) ;
#2191 = ORIENTED_EDGE ( 'NONE', *, *, #472, .F. ) ;
#2192 = LINE ( 'NONE', #1438, #446 ) ;
#2193 = UNCERTAINTY_MEASURE_WITH_UNIT (LENGTH_MEASURE( 1.000000000000000082E-05 ), #4202, 'distance_accuracy_value', 'NONE');
#2194 = CIRCLE ( 'NONE', #414, 0.001968503937007873988 ) ;
#2195 = FILL_AREA_STYLE_COLOUR ( '', #3666 ) ;
#2196 =( NAMED_UNIT ( * ) PLANE_ANGLE_UNIT ( ) SI_UNIT ( $, .RADIAN. ) );
#2197 = EDGE_LOOP ( 'NONE', ( #214, #3128, #4095, #939 ) ) ;
#2198 = AXIS2_PLACEMENT_3D ( 'NONE', #5225, #1859, #3949 ) ;
#2199 = FILL_AREA_STYLE_COLOUR ( '', #3883 ) ;
#2200 = VECTOR ( 'NONE', #2599, 39.37007874015748143 ) ;
#2201 = CARTESIAN_POINT ( 'NONE',  ( -0.007874015748031535852, 0.09842519685039370636, -0.06204120636724646393 ) ) ;
#2202 = DIRECTION ( 'NONE',  ( 0.000000000000000000, 1.000000000000000000, 0.000000000000000000 ) ) ;
#2203 = DIMENSIONAL_EXPONENTS ( 1.000000000000000000, 0.000000000000000000, 0.000000000000000000, 0.000000000000000000, 0.000000000000000000, 0.000000000000000000, 0.000000000000000000 ) ;
#2204 = MECHANICAL_DESIGN_GEOMETRIC_PRESENTATION_REPRESENTATION (  '', ( #872 ), #2659 ) ;
#2205 = STYLED_ITEM ( 'NONE', ( #313 ), #5397 ) ;
#2206 = DIRECTION ( 'NONE',  ( 0.000000000000000000, 1.000000000000000000, 0.000000000000000000 ) ) ;
#2207 = COLOUR_RGB ( '',0.8313725490196077761, 0.8313725490196077761, 0.8313725490196077761 ) ;
#2208 = CARTESIAN_POINT ( 'NONE',  ( 3.414809992080329023E-17, -0.1651912545030024826, -0.2086614173228342195 ) ) ;
#2209 = DIRECTION ( 'NONE',  ( -0.4082482904638598531, 0.8164965809277360265, -0.4082482904638460863 ) ) ;
#2210 = CARTESIAN_POINT ( 'NONE',  ( -0.004103405405830934036, 0.09825879931857857408, -0.2084950197910190872 ) ) ;
#2211 = ORIENTED_EDGE ( 'NONE', *, *, #3860, .T. ) ;
#2212 = AXIS2_PLACEMENT_3D ( 'NONE', #5430, #1091, #218 ) ;
#2213 =( LENGTH_UNIT ( ) NAMED_UNIT ( * ) SI_UNIT ( $, .METRE. ) );
#2214 = FACE_OUTER_BOUND ( 'NONE', #1616, .T. ) ;
#2215 = DIRECTION ( 'NONE',  ( -1.000000000000000000, 0.000000000000000000, 0.000000000000000000 ) ) ;
#2216 =( LENGTH_UNIT ( ) NAMED_UNIT ( * ) SI_UNIT ( $, .METRE. ) );
#2217 = EDGE_CURVE ( 'NONE', #3876, #930, #4145, .T. ) ;
#2218 = AXIS2_PLACEMENT_3D ( 'NONE', #5044, #1189, #2912 ) ;
#2219 = ORIENTED_EDGE ( 'NONE', *, *, #3322, .T. ) ;
#2220 = LINE ( 'NONE', #4780, #4281 ) ;
#2221 = DIRECTION ( 'NONE',  ( -1.000000000000000000, 0.000000000000000000, 0.000000000000000000 ) ) ;
#2222 = CARTESIAN_POINT ( 'NONE',  ( 0.01097903596297169354, -0.1731884159165366921, 0.001295961685310207008 ) ) ;
#2223 = FILL_AREA_STYLE_COLOUR ( '', #1416 ) ;
#2224 = AXIS2_PLACEMENT_3D ( 'NONE', #1958, #1493, #4073 ) ;
#2225 = CARTESIAN_POINT ( 'NONE',  ( 0.009928518287410778229, -0.1725493284656663406, 0.09829350001760772670 ) ) ;
#2226 = ORIENTED_EDGE ( 'NONE', *, *, #2842, .T. ) ;
#2227 = EDGE_LOOP ( 'NONE', ( #1345, #4936, #2211, #2101, #3718 ) ) ;
#2228 = VECTOR ( 'NONE', #405, 39.37007874015748143 ) ;
#2229 = PRESENTATION_LAYER_ASSIGNMENT (  '', '', ( #447 ) ) ;
#2230 = LINE ( 'NONE', #153, #525 ) ;
#2231 = CARTESIAN_POINT ( 'NONE',  ( 6.301186874282215080E-17, -0.1614173228346456601, -0.0003937007874015748519 ) ) ;
#2232 = PRESENTATION_LAYER_ASSIGNMENT (  '', '', ( #2685 ) ) ;
#2233 = ORIENTED_EDGE ( 'NONE', *, *, #3073, .T. ) ;
#2234 = DIRECTION ( 'NONE',  ( 1.000000000000000000, 0.000000000000000000, -0.000000000000000000 ) ) ;
#2235 =( NAMED_UNIT ( * ) PLANE_ANGLE_UNIT ( ) SI_UNIT ( $, .RADIAN. ) );
#2236 = FILL_AREA_STYLE_COLOUR ( '', #3498 ) ;
#2237 = CARTESIAN_POINT ( 'NONE',  ( 0.03963359894349839652, -0.1617161618521719968, -0.0007552806004647104983 ) ) ;
#2238 =( LENGTH_UNIT ( ) NAMED_UNIT ( * ) SI_UNIT ( $, .METRE. ) );
#2239 = CARTESIAN_POINT ( 'NONE',  ( -0.007874015748031539322, 0.09803149606299216279, 0.000000000000000000 ) ) ;
#2240 = ORIENTED_EDGE ( 'NONE', *, *, #957, .T. ) ;
#2241 = DIMENSIONAL_EXPONENTS ( 1.000000000000000000, 0.000000000000000000, 0.000000000000000000, 0.000000000000000000, 0.000000000000000000, 0.000000000000000000, 0.000000000000000000 ) ;
#2242 = CARTESIAN_POINT ( 'NONE',  ( 0.03914157342163189501, -0.1612144111474507757, -0.2080827503039388016 ) ) ;
#2243 = CARTESIAN_POINT ( 'NONE',  ( -0.004330708661417361806, 0.09803149606299213503, -0.2082677165354326898 ) ) ;
#2244 = DIRECTION ( 'NONE',  ( -0.000000000000000000, 1.000000000000000000, 0.000000000000000000 ) ) ;
#2245 = VERTEX_POINT ( 'NONE', #3673 ) ;
#2246 = FILL_AREA_STYLE ('',( #574 ) ) ;
#2247 = LENGTH_MEASURE_WITH_UNIT ( LENGTH_MEASURE( 0.02539999999999999897 ), #1378 );
#2248 = EDGE_CURVE ( 'NONE', #3135, #3167, #3115, .T. ) ;
#2249 = UNCERTAINTY_MEASURE_WITH_UNIT (LENGTH_MEASURE( 1.000000000000000082E-05 ), #3091, 'distance_accuracy_value', 'NONE');
#2250 = SURFACE_STYLE_FILL_AREA ( #2702 ) ;
#2251 = PRESENTATION_STYLE_ASSIGNMENT (( #4293 ) ) ;
#2252 =( LENGTH_UNIT ( ) NAMED_UNIT ( * ) SI_UNIT ( $, .METRE. ) );
#2253 = ORIENTED_EDGE ( 'NONE', *, *, #3894, .F. ) ;
#2254 = CARTESIAN_POINT ( 'NONE',  ( -0.007707618216216434795, 0.09825879931857860183, -0.06226850962283291685 ) ) ;
#2255 = ADVANCED_FACE ( 'NONE', ( #3175 ), #4886, .T. ) ;
#2256 = DIRECTION ( 'NONE',  ( 0.000000000000000000, 0.000000000000000000, 1.000000000000000000 ) ) ;
#2257 = CARTESIAN_POINT ( 'NONE',  ( -0.004103405405830908882, 0.09835159412382551980, -0.2084022249857722109 ) ) ;
#2258 =( CONVERSION_BASED_UNIT ( 'INCH', #2175 ) LENGTH_UNIT ( ) NAMED_UNIT ( #1379 ) );
#2259 = DIRECTION ( 'NONE',  ( 1.000000000000000000, 4.625929269271489858E-16, 1.321694076934689941E-16 ) ) ;
#2260 =( GEOMETRIC_REPRESENTATION_CONTEXT ( 3 ) GLOBAL_UNCERTAINTY_ASSIGNED_CONTEXT ( ( #147 ) ) GLOBAL_UNIT_ASSIGNED_CONTEXT ( ( #2992, #4321, #4728 ) ) REPRESENTATION_CONTEXT ( 'NONE', 'WORKASPACE' ) );
#2261 = EDGE_LOOP ( 'NONE', ( #1551, #1069, #4437, #386 ) ) ;
#2262 = CARTESIAN_POINT ( 'NONE',  ( 0.03897637795275595007, -0.03346456692913390291, -0.2086614173228342750 ) ) ;
#2263 = STYLED_ITEM ( 'NONE', ( #36 ), #787 ) ;
#2264 =( NAMED_UNIT ( * ) PLANE_ANGLE_UNIT ( ) SI_UNIT ( $, .RADIAN. ) );
#2265 = DIRECTION ( 'NONE',  ( -0.4082482904638330412, 0.4082482904638330412, -0.8164965809277561215 ) ) ;
#2266 = CARTESIAN_POINT ( 'NONE',  ( -0.004200541012232484467, 0.09793344292070785273, -3.531234674748138505E-05 ) ) ;
#2267 = CARTESIAN_POINT ( 'NONE',  ( -0.004313508940943077546, 0.09822377663365142175, -0.1462528495347438784 ) ) ;
#2268 = ORIENTED_EDGE ( 'NONE', *, *, #4242, .T. ) ;
#2269 = AXIS2_PLACEMENT_3D ( 'NONE', #1707, #2179, #2582 ) ;
#2270 = CARTESIAN_POINT ( 'NONE',  ( 0.03918932580201194699, -0.1613694199433058918, -0.2082950747741952047 ) ) ;
#2271 = CARTESIAN_POINT ( 'NONE',  ( -0.004727594353790122959, 0.09819696959148661863, 0.0002282143240313139274 ) ) ;
#2272 = CARTESIAN_POINT ( 'NONE',  ( 0.03911088640309547115, -0.1652807279820932285, -0.0001663975318151123873 ) ) ;
#2273 = AXIS2_PLACEMENT_3D ( 'NONE', #4285, #3408, #3898 ) ;
#2274 = FILL_AREA_STYLE ('',( #5372 ) ) ;
#2275 = EDGE_LOOP ( 'NONE', ( #2036, #712, #3733, #2429 ) ) ;
#2276 = DIRECTION ( 'NONE',  ( 1.000000000000000000, 0.000000000000000000, -0.000000000000000000 ) ) ;
#2277 =( CONVERSION_BASED_UNIT ( 'INCH', #2247 ) LENGTH_UNIT ( ) NAMED_UNIT ( #3353 ) );
#2278 = DIMENSIONAL_EXPONENTS ( 1.000000000000000000, 0.000000000000000000, 0.000000000000000000, 0.000000000000000000, 0.000000000000000000, 0.000000000000000000, 0.000000000000000000 ) ;
#2279 = PLANE ( 'NONE',  #535 ) ;
#2280 = UNCERTAINTY_MEASURE_WITH_UNIT (LENGTH_MEASURE( 1.000000000000000082E-05 ), #1521, 'distance_accuracy_value', 'NONE');
#2281 = PRESENTATION_LAYER_ASSIGNMENT (  '', '', ( #856 ) ) ;
#2282 =( NAMED_UNIT ( * ) SI_UNIT ( $, .STERADIAN. ) SOLID_ANGLE_UNIT ( ) );
#2283 = EDGE_CURVE ( 'NONE', #1496, #3876, #2126, .T. ) ;
#2284 = ORIENTED_EDGE ( 'NONE', *, *, #2574, .T. ) ;
#2285 = CARTESIAN_POINT ( 'NONE',  ( -0.007707618216216439132, 0.09825879931857860183, -0.06226850962283292379 ) ) ;
#2286 =( NAMED_UNIT ( * ) SI_UNIT ( $, .STERADIAN. ) SOLID_ANGLE_UNIT ( ) );
#2287 =( BOUNDED_SURFACE ( )  B_SPLINE_SURFACE ( 3, 3, ( 
 ( #379, #825, #3370, #1683 ),
 ( #3035, #2506, #4752, #908 ),
 ( #4232, #3342, #5061, #2079 ),
 ( #10, #3008, #4722, #3405 ) ),
 .UNSPECIFIED., .F., .F., .F. ) 
 B_SPLINE_SURFACE_WITH_KNOTS ( ( 4, 4 ),
 ( 4, 4 ),
 ( 0.000000000000000000, 1.000000000000000000 ),
 ( 0.000000000000000000, 1.000000000000000000 ),
 .UNSPECIFIED. ) 
 GEOMETRIC_REPRESENTATION_ITEM ( )  RATIONAL_B_SPLINE_SURFACE ( (
 ( 1.000000000000000000, 0.8047378541243649375, 0.8047378541243649375, 1.000000000000000000),
 ( 0.8047378541243649375, 0.6476030138606876374, 0.6476030138606876374, 0.8047378541243649375),
 ( 0.8047378541243649375, 0.6476030138606876374, 0.6476030138606876374, 0.8047378541243649375),
 ( 1.000000000000000000, 0.8047378541243649375, 0.8047378541243649375, 1.000000000000000000) ) ) 
 REPRESENTATION_ITEM ( '' )  SURFACE ( )  );
#2288 = CARTESIAN_POINT ( 'NONE',  ( 0.03920368120834237524, -0.1651879331768462689, -0.0001663975318151504699 ) ) ;
#2289 = STYLED_ITEM ( 'NONE', ( #459 ), #4898 ) ;
#2290 = CARTESIAN_POINT ( 'NONE',  ( -0.03543307086614173873, 0.03510498777345701094, 0.000000000000000000 ) ) ;
#2291 = PRESENTATION_STYLE_ASSIGNMENT (( #3944 ) ) ;
#2292 = EDGE_LOOP ( 'NONE', ( #1368, #396, #3316, #1583 ) ) ;
#2293 = EDGE_CURVE ( 'NONE', #5154, #886, #2852, .T. ) ;
#2294 = DIRECTION ( 'NONE',  ( -5.891513691996699874E-17, 1.000000000000000000, 0.000000000000000000 ) ) ;
#2295 = CARTESIAN_POINT ( 'NONE',  ( 0.009907533847197391719, 0.03434477714603396264, -0.0001677374250462819406 ) ) ;
#2296 =( CONVERSION_BASED_UNIT ( 'INCH', #2746 ) LENGTH_UNIT ( ) NAMED_UNIT ( #3317 ) );
#2297 = PRODUCT ( 'KCM55WR71H476MH13L', 'KCM55WR71H476MH13L', '', ( #2877 ) ) ;
#2298 = DIRECTION ( 'NONE',  ( -1.000000000000000000, -2.775557561562900029E-15, -4.179547636683340349E-31 ) ) ;
#2299 = COLOUR_RGB ( '',0.8313725490196077761, 0.8313725490196077761, 0.8313725490196077761 ) ;
#2300 = EDGE_CURVE ( 'NONE', #1502, #1461, #91, .T. ) ;
#2301 = VECTOR ( 'NONE', #1934, 39.37007874015748143 ) ;
#2302 = ORIENTED_EDGE ( 'NONE', *, *, #3292, .F. ) ;
#2303 = SURFACE_STYLE_USAGE ( .BOTH. , #167 ) ;
#2304 = DIRECTION ( 'NONE',  ( 0.5773502691896372774, -0.5773502691895938677, 0.5773502691896459371 ) ) ;
#2305 = CARTESIAN_POINT ( 'NONE',  ( 0.03920368120834243075, -0.1651879331768462966, -0.0001663975318151728045 ) ) ;
#2306 = LENGTH_MEASURE_WITH_UNIT ( LENGTH_MEASURE( 0.02539999999999999897 ), #598 );
#2307 = B_SPLINE_CURVE_WITH_KNOTS ( 'NONE', 3,
 ( #4681, #527, #3831, #4710, #5111, #2972 ),
 .UNSPECIFIED., .F., .F.,
 ( 4, 2, 4 ),
 ( 0.000000000000000000, 0.5000000000000000000, 1.000000000000000000 ),
 .UNSPECIFIED. ) ;
#2308 = AXIS2_PLACEMENT_3D ( 'NONE', #4571, #1120, #1533 ) ;
#2309 = ORIENTED_EDGE ( 'NONE', *, *, #5293, .F. ) ;
#2310 = CYLINDRICAL_SURFACE ( 'NONE', #1425, 0.0003937007874015747977 ) ;
#2311 = CARTESIAN_POINT ( 'NONE',  ( -0.007614823410969463052, 0.09835159412382550592, -0.2084950197910191150 ) ) ;
#2312 = CIRCLE ( 'NONE', #5464, 0.0003937007874015587515 ) ;
#2313 = SURFACE_STYLE_USAGE ( .BOTH. , #4045 ) ;
#2314 = CARTESIAN_POINT ( 'NONE',  ( -0.007480314960629960187, 0.09803149606299214891, -0.1466202109555881927 ) ) ;
#2315 = SHAPE_REPRESENTATION_RELATIONSHIP ( 'NONE' , 'NONE' ,  #981, #4782 ) ;
#2316 = ORIENTED_EDGE ( 'NONE', *, *, #1779, .F. ) ;
#2317 = SURFACE_STYLE_FILL_AREA ( #2708 ) ;
#2318 = DIRECTION ( 'NONE',  ( 3.106967419659950017E-16, -1.000000000000000000, 0.000000000000000000 ) ) ;
#2319 = AXIS2_PLACEMENT_3D ( 'NONE', #1989, #3222, #4109 ) ;
#2320 =( NAMED_UNIT ( * ) SI_UNIT ( $, .STERADIAN. ) SOLID_ANGLE_UNIT ( ) );
#2321 = CARTESIAN_POINT ( 'NONE',  ( -0.007847676381474360391, 0.09804869578346643577, -0.1464279303849289060 ) ) ;
#2322 = ORIENTED_EDGE ( 'NONE', *, *, #4934, .T. ) ;
#2323 = CIRCLE ( 'NONE', #984, 0.0003937007874015552820 ) ;
#2324 = MECHANICAL_DESIGN_GEOMETRIC_PRESENTATION_REPRESENTATION (  '', ( #3127 ), #5015 ) ;
#2325 = CYLINDRICAL_SURFACE ( 'NONE', #3237, 0.0003937007874015747977 ) ;
#2326 = ADVANCED_FACE ( 'NONE', ( #1173 ), #3762, .T. ) ;
#2327 = CARTESIAN_POINT ( 'NONE',  ( 3.414809992080329023E-17, -0.1649606299212598159, -0.2086614173228342195 ) ) ;
#2328 = AXIS2_PLACEMENT_3D ( 'NONE', #5343, #278, #2304 ) ;
#2329 = DIRECTION ( 'NONE',  ( 3.106967419659950017E-16, -1.000000000000000000, 0.000000000000000000 ) ) ;
#2330 =( GEOMETRIC_REPRESENTATION_CONTEXT ( 3 ) GLOBAL_UNCERTAINTY_ASSIGNED_CONTEXT ( ( #675 ) ) GLOBAL_UNIT_ASSIGNED_CONTEXT ( ( #1213, #2486, #3772 ) ) REPRESENTATION_CONTEXT ( 'NONE', 'WORKASPACE' ) );
#2331 =( NAMED_UNIT ( * ) SI_UNIT ( $, .STERADIAN. ) SOLID_ANGLE_UNIT ( ) );
#2332 = ORIENTED_EDGE ( 'NONE', *, *, #4730, .T. ) ;
#2333 = STYLED_ITEM ( 'NONE', ( #1102 ), #3422 ) ;
#2334 = CARTESIAN_POINT ( 'NONE',  ( -0.007480314960629922023, -0.09275723757613661691, -0.06282860794204959964 ) ) ;
#2335 = CARTESIAN_POINT ( 'NONE',  ( 0.03897637795275592232, -0.1649606299212598437, -0.2082677165354331339 ) ) ;
#2336 = EDGE_CURVE ( 'NONE', #4155, #4888, #4735, .T. ) ;
#2337 = SURFACE_STYLE_USAGE ( .BOTH. , #170 ) ;
#2338 = DIRECTION ( 'NONE',  ( -1.000000000000000000, 4.625929269271489858E-16, 0.000000000000000000 ) ) ;
#2339 = EDGE_LOOP ( 'NONE', ( #2013, #1443, #4980, #2489, #2545 ) ) ;
#2340 = SURFACE_STYLE_FILL_AREA ( #4922 ) ;
#2341 = CARTESIAN_POINT ( 'NONE',  ( -0.007382261818345645793, 0.09838988450364619109, -0.2083978841846175212 ) ) ;
#2342 =( NAMED_UNIT ( * ) PLANE_ANGLE_UNIT ( ) SI_UNIT ( $, .RADIAN. ) );
#2343 = DIRECTION ( 'NONE',  ( -1.000000000000000000, 1.321694076934700048E-16, 6.952615590837529323E-18 ) ) ;
#2344 = ORIENTED_EDGE ( 'NONE', *, *, #2336, .T. ) ;
#2345 =( NAMED_UNIT ( * ) SI_UNIT ( $, .STERADIAN. ) SOLID_ANGLE_UNIT ( ) );
#2346 = CARTESIAN_POINT ( 'NONE',  ( 0.01090725893131922961, 0.03534450223015579706, 0.09659348410719634237 ) ) ;
#2347 = CARTESIAN_POINT ( 'NONE',  ( 0.03897637795275595007, -0.1618110236220472731, -0.2082677165354331061 ) ) ;
#2348 = UNCERTAINTY_MEASURE_WITH_UNIT (LENGTH_MEASURE( 1.000000000000000082E-05 ), #205, 'distance_accuracy_value', 'NONE');
#2349 = ORIENTED_EDGE ( 'NONE', *, *, #3188, .T. ) ;
#2350 = CARTESIAN_POINT ( 'NONE',  ( 0.03915244629744100285, -0.1618110236220472731, -4.156409803154694784E-05 ) ) ;
#2351 = FILL_AREA_STYLE ('',( #5482 ) ) ;
#2352 = CARTESIAN_POINT ( 'NONE',  ( 0.03921803661467283125, -0.1649736327536914238, -0.2086949648078441077 ) ) ;
#2353 = ORIENTED_EDGE ( 'NONE', *, *, #3543, .T. ) ;
#2354 = EDGE_CURVE ( 'NONE', #1191, #4625, #2312, .T. ) ;
#2355 = AXIS2_PLACEMENT_3D ( 'NONE', #634, #1407, #4923 ) ;
#2356 = SURFACE_SIDE_STYLE ('',( #2383 ) ) ;
#2357 = FILL_AREA_STYLE ('',( #2440 ) ) ;
#2358 = LENGTH_MEASURE_WITH_UNIT ( LENGTH_MEASURE( 0.02539999999999999897 ), #2841 );
#2359 = CIRCLE ( 'NONE', #4510, 0.001968503937007879193 ) ;
#2360 =( GEOMETRIC_REPRESENTATION_CONTEXT ( 3 ) GLOBAL_UNCERTAINTY_ASSIGNED_CONTEXT ( ( #1900 ) ) GLOBAL_UNIT_ASSIGNED_CONTEXT ( ( #1221, #2945, #4222 ) ) REPRESENTATION_CONTEXT ( 'NONE', 'WORKASPACE' ) );
#2361 = EDGE_CURVE ( 'NONE', #277, #452, #898, .T. ) ;
#2362 = DIRECTION ( 'NONE',  ( 5.891513691996699874E-17, -1.000000000000000000, 0.000000000000000000 ) ) ;
#2363 = AXIS2_PLACEMENT_3D ( 'NONE', #5042, #5446, #2455 ) ;
#2364 = CARTESIAN_POINT ( 'NONE',  ( 0.01097903596297179936, -0.1727244418903020884, 0.09759320919131812822 ) ) ;
#2365 = CARTESIAN_POINT ( 'NONE',  ( -0.03543307086614169710, -0.1735564295493775833, 0.09645669291338584972 ) ) ;
#2366 = CARTESIAN_POINT ( 'NONE',  ( -0.1122047244094488277, -0.1043307086614173318, 0.1653543307086614567 ) ) ;
#2367 = AXIS2_PLACEMENT_3D ( 'NONE', #1295, #3010, #63 ) ;
#2368 = EDGE_CURVE ( 'NONE', #5317, #5347, #1387, .T. ) ;
#2369 = ORIENTED_EDGE ( 'NONE', *, *, #1820, .T. ) ;
#2370 =( BOUNDED_SURFACE ( )  B_SPLINE_SURFACE ( 3, 3, ( 
 ( #1203, #4897, #286, #3184 ),
 ( #3654, #2924, #796, #3244 ),
 ( #662, #3683, #2501, #5298 ),
 ( #4501, #1927, #260, #5414 ) ),
 .UNSPECIFIED., .F., .F., .F. ) 
 B_SPLINE_SURFACE_WITH_KNOTS ( ( 4, 4 ),
 ( 4, 4 ),
 ( 0.000000000000000000, 1.000000000000000000 ),
 ( 0.000000000000000000, 1.000000000000000000 ),
 .UNSPECIFIED. ) 
 GEOMETRIC_REPRESENTATION_ITEM ( )  RATIONAL_B_SPLINE_SURFACE ( (
 ( 1.000000000000000000, 0.3333333333333277637, 0.3333333333333277637, 1.000000000000000000),
 ( 0.9245018060306400276, 0.3081672686768748837, 0.3081672686768748837, 0.9245018060306400276),
 ( 0.9245018060306400276, 0.3081672686768748837, 0.3081672686768748837, 0.9245018060306400276),
 ( 1.000000000000000000, 0.3333333333333277637, 0.3333333333333277637, 1.000000000000000000) ) ) 
 REPRESENTATION_ITEM ( '' )  SURFACE ( )  );
#2371 =( LENGTH_UNIT ( ) NAMED_UNIT ( * ) SI_UNIT ( $, .METRE. ) );
#2372 = DIRECTION ( 'NONE',  ( -1.000000000000000000, -1.301042606982605321E-13, 0.000000000000000000 ) ) ;
#2373 = CARTESIAN_POINT ( 'NONE',  ( 0.03911088640309547115, -0.1652807279820931452, -0.0001663975318151333937 ) ) ;
#2374 = LINE ( 'NONE', #2290, #3905 ) ;
#2375 = ORIENTED_EDGE ( 'NONE', *, *, #5189, .F. ) ;
#2376 = CARTESIAN_POINT ( 'NONE',  ( 0.009842519685039373412, -0.1715879256123697127, 0.09645669291338584972 ) ) ;
#2377 = CARTESIAN_POINT ( 'NONE',  ( -0.004103405405830857708, 0.09825879931857860183, -0.06226850962283295848 ) ) ;
#2378 = PRESENTATION_LAYER_ASSIGNMENT (  '', '', ( #4534 ) ) ;
#2379 = FILL_AREA_STYLE ('',( #5400 ) ) ;
#2380 = CARTESIAN_POINT ( 'NONE',  ( -2.095451586049291213E-17, 6.863768084081457269E-17, 0.000000000000000000 ) ) ;
#2381 = ORIENTED_EDGE ( 'NONE', *, *, #2090, .T. ) ;
#2382 =( GEOMETRIC_REPRESENTATION_CONTEXT ( 3 ) GLOBAL_UNCERTAINTY_ASSIGNED_CONTEXT ( ( #2734 ) ) GLOBAL_UNIT_ASSIGNED_CONTEXT ( ( #2099, #3332, #25 ) ) REPRESENTATION_CONTEXT ( 'NONE', 'WORKASPACE' ) );
#2383 = SURFACE_STYLE_FILL_AREA ( #3208 ) ;
#2384 =( NAMED_UNIT ( * ) PLANE_ANGLE_UNIT ( ) SI_UNIT ( $, .RADIAN. ) );
#2385 =( NAMED_UNIT ( * ) PLANE_ANGLE_UNIT ( ) SI_UNIT ( $, .RADIAN. ) );
#2386 = DIRECTION ( 'NONE',  ( 4.625929269271489858E-16, 1.000000000000000000, 0.000000000000000000 ) ) ;
#2387 = VERTEX_POINT ( 'NONE', #4791 ) ;
#2388 = ORIENTED_EDGE ( 'NONE', *, *, #2782, .T. ) ;
#2389 =( NAMED_UNIT ( * ) SI_UNIT ( $, .STERADIAN. ) SOLID_ANGLE_UNIT ( ) );
#2390 = DIRECTION ( 'NONE',  ( -5.692061405549130519E-14, 0.000000000000000000, 1.000000000000000000 ) ) ;
#2391 = LENGTH_MEASURE_WITH_UNIT ( LENGTH_MEASURE( 0.02539999999999999897 ), #382 );
#2392 = CARTESIAN_POINT ( 'NONE',  ( -0.004330708661417322775, 0.002637129243427653678, -0.1466202109555881927 ) ) ;
#2393 = STYLED_ITEM ( 'NONE', ( #352 ), #1962 ) ;
#2394 = EDGE_CURVE ( 'NONE', #4430, #3219, #3964, .T. ) ;
#2395 = UNCERTAINTY_MEASURE_WITH_UNIT (LENGTH_MEASURE( 1.000000000000000082E-05 ), #2805, 'distance_accuracy_value', 'NONE');
#2396 =( NAMED_UNIT ( * ) PLANE_ANGLE_UNIT ( ) SI_UNIT ( $, .RADIAN. ) );
#2397 = EDGE_CURVE ( 'NONE', #1098, #3417, #2840, .T. ) ;
#2398 = DIRECTION ( 'NONE',  ( 0.000000000000000000, 0.000000000000000000, 1.000000000000000000 ) ) ;
#2399 = COLOUR_RGB ( '',0.6274509803921568540, 0.3137254901960784270, 0.000000000000000000 ) ;
#2400 = ORIENTED_EDGE ( 'NONE', *, *, #4033, .T. ) ;
#2401 =( CONVERSION_BASED_UNIT ( 'INCH', #3717 ) LENGTH_UNIT ( ) NAMED_UNIT ( #1232 ) );
#2402 = EDGE_CURVE ( 'NONE', #2094, #1461, #792, .T. ) ;
#2403 =( LENGTH_UNIT ( ) NAMED_UNIT ( * ) SI_UNIT ( $, .METRE. ) );
#2404 = UNCERTAINTY_MEASURE_WITH_UNIT (LENGTH_MEASURE( 1.000000000000000082E-05 ), #2925, 'distance_accuracy_value', 'NONE');
#2405 = ORIENTED_EDGE ( 'NONE', *, *, #88, .F. ) ;
#2406 = VECTOR ( 'NONE', #3415, 39.37007874015748143 ) ;
#2407 = PRESENTATION_STYLE_ASSIGNMENT (( #5480 ) ) ;
#2408 = CARTESIAN_POINT ( 'NONE',  ( -0.004313508940943066271, 0.09822377663365149114, -0.06240856778809081989 ) ) ;
#2409 = DIRECTION ( 'NONE',  ( 1.000000000000000000, 0.000000000000000000, 0.000000000000000000 ) ) ;
#2410 =( NAMED_UNIT ( * ) PLANE_ANGLE_UNIT ( ) SI_UNIT ( $, .RADIAN. ) );
#2411 =( CONVERSION_BASED_UNIT ( 'INCH', #275 ) LENGTH_UNIT ( ) NAMED_UNIT ( #1818 ) );
#2412 = AXIS2_PLACEMENT_3D ( 'NONE', #4488, #1504, #3559 ) ;
#2413 = FACE_OUTER_BOUND ( 'NONE', #71, .T. ) ;
#2414 = VECTOR ( 'NONE', #4320, 39.37007874015748143 ) ;
#2415 = CARTESIAN_POINT ( 'NONE',  ( -0.007800413021463339751, 0.09816600451333162836, -0.2084950197910191427 ) ) ;
#2416 = PRESENTATION_LAYER_ASSIGNMENT (  '', '', ( #197 ) ) ;
#2417 = ORIENTED_EDGE ( 'NONE', *, *, #894, .F. ) ;
#2418 = PRESENTATION_LAYER_ASSIGNMENT (  '', '', ( #4112 ) ) ;
#2419 = ORIENTED_EDGE ( 'NONE', *, *, #1573, .T. ) ;
#2420 = DIRECTION ( 'NONE',  ( 1.084202172485501594E-14, 0.000000000000000000, 1.000000000000000000 ) ) ;
#2421 = CARTESIAN_POINT ( 'NONE',  ( -0.004100084079674419339, -0.09315093836353859069, -0.06282860794204959964 ) ) ;
#2422 =( LENGTH_UNIT ( ) NAMED_UNIT ( * ) SI_UNIT ( $, .METRE. ) );
#2423 = STYLED_ITEM ( 'NONE', ( #680 ), #3590 ) ;
#2424 = DIRECTION ( 'NONE',  ( -1.000000000000000000, -8.673617379884012753E-14, 0.000000000000000000 ) ) ;
#2425 = EDGE_CURVE ( 'NONE', #3659, #1913, #3306, .T. ) ;
#2426 = ORIENTED_EDGE ( 'NONE', *, *, #119, .F. ) ;
#2427 = DIRECTION ( 'NONE',  ( -3.106967419659950017E-16, 1.000000000000000000, -0.000000000000000000 ) ) ;
#2428 = DIRECTION ( 'NONE',  ( 1.000000000000000000, -6.597423637002398832E-32, 1.321694076934689941E-16 ) ) ;
#2429 = ORIENTED_EDGE ( 'NONE', *, *, #1331, .F. ) ;
#2430 = EDGE_CURVE ( 'NONE', #1810, #2458, #2230, .T. ) ;
#2431 = SURFACE_STYLE_USAGE ( .BOTH. , #3694 ) ;
#2432 = PLANE ( 'NONE',  #3966 ) ;
#2433 = DIRECTION ( 'NONE',  ( -1.000000000000000000, -0.000000000000000000, 0.000000000000000000 ) ) ;
#2434 =( LENGTH_UNIT ( ) NAMED_UNIT ( * ) SI_UNIT ( $, .METRE. ) );
#2435 =( CONVERSION_BASED_UNIT ( 'INCH', #4887 ) LENGTH_UNIT ( ) NAMED_UNIT ( #120 ) );
#2436 = SURFACE_STYLE_FILL_AREA ( #2274 ) ;
#2437 = VECTOR ( 'NONE', #5467, 39.37007874015748143 ) ;
#2438 = FILL_AREA_STYLE ('',( #3704 ) ) ;
#2439 = COLOUR_RGB ( '',0.7490196078431372584, 0.7490196078431372584, 0.7490196078431372584 ) ;
#2440 = FILL_AREA_STYLE_COLOUR ( '', #397 ) ;
#2441 = CARTESIAN_POINT ( 'NONE',  ( -0.007672595531289278133, 0.09804869578346643577, -2.633936655721327982E-05 ) ) ;
#2442 = ORIENTED_EDGE ( 'NONE', *, *, #583, .T. ) ;
#2443 = COLOUR_RGB ( '',0.8313725490196077761, 0.8313725490196077761, 0.8313725490196077761 ) ;
#2444 = ORIENTED_EDGE ( 'NONE', *, *, #5498, .T. ) ;
#2445 = CARTESIAN_POINT ( 'NONE',  ( 0.01049335793096383730, 0.03492842603971959420, 0.002458769648429429047 ) ) ;
#2446 = DIRECTION ( 'NONE',  ( 1.000000000000000000, 0.000000000000000000, 0.000000000000000000 ) ) ;
#2447 = COLOUR_RGB ( '',0.7490196078431372584, 0.7490196078431372584, 0.7490196078431372584 ) ;
#2448 =( GEOMETRIC_REPRESENTATION_CONTEXT ( 3 ) GLOBAL_UNCERTAINTY_ASSIGNED_CONTEXT ( ( #3550 ) ) GLOBAL_UNIT_ASSIGNED_CONTEXT ( ( #4441, #2754, #1457 ) ) REPRESENTATION_CONTEXT ( 'NONE', 'WORKASPACE' ) );
#2449 = UNCERTAINTY_MEASURE_WITH_UNIT (LENGTH_MEASURE( 1.000000000000000082E-05 ), #3855, 'distance_accuracy_value', 'NONE');
#2450 = COLOUR_RGB ( '',0.8313725490196077761, 0.8313725490196077761, 0.8313725490196077761 ) ;
#2451 = COLOUR_RGB ( '',0.8313725490196077761, 0.8313725490196077761, 0.8313725490196077761 ) ;
#2452 = ORIENTED_EDGE ( 'NONE', *, *, #119, .T. ) ;
#2453 =( LENGTH_UNIT ( ) NAMED_UNIT ( * ) SI_UNIT ( $, .METRE. ) );
#2454 = DIMENSIONAL_EXPONENTS ( 1.000000000000000000, 0.000000000000000000, 0.000000000000000000, 0.000000000000000000, 0.000000000000000000, 0.000000000000000000, 0.000000000000000000 ) ;
#2455 = DIRECTION ( 'NONE',  ( 2.710505431213753985E-15, -1.000000000000000000, 0.000000000000000000 ) ) ;
#2456 = CIRCLE ( 'NONE', #3180, 0.0003937007874015758277 ) ;
#2457 = LINE ( 'NONE', #5104, #2406 ) ;
#2458 = VERTEX_POINT ( 'NONE', #3531 ) ;
#2459 = SURFACE_STYLE_FILL_AREA ( #1195 ) ;
#2460 =( LENGTH_UNIT ( ) NAMED_UNIT ( * ) SI_UNIT ( $, .METRE. ) );
#2461 = CARTESIAN_POINT ( 'NONE',  ( 0.01181102362204724567, -0.1715879256123697127, 0.000000000000000000 ) ) ;
#2462 =( CONVERSION_BASED_UNIT ( 'INCH', #1562 ) LENGTH_UNIT ( ) NAMED_UNIT ( #5516 ) );
#2463 = CARTESIAN_POINT ( 'NONE',  ( -0.007480314960629922023, -0.09940944881889764162, -0.2082677165354331061 ) ) ;
#2464 =( LENGTH_UNIT ( ) NAMED_UNIT ( * ) SI_UNIT ( $, .METRE. ) );
#2465 =( CONVERSION_BASED_UNIT ( 'INCH', #23 ) LENGTH_UNIT ( ) NAMED_UNIT ( #1594 ) );
#2466 = ADVANCED_FACE ( 'NONE', ( #1816 ), #5191, .T. ) ;
#2467 = CARTESIAN_POINT ( 'NONE',  ( 0.009842519685039369942, -0.1715879256123697127, 0.09645669291338584972 ) ) ;
#2468 = CARTESIAN_POINT ( 'NONE',  ( 0.009842519685039373412, -0.1715879256123697127, 0.001968503937007873988 ) ) ;
#2469 = CARTESIAN_POINT ( 'NONE',  ( -0.004330708661417282876, -0.1574803149606298913, -0.2086614173228342195 ) ) ;
#2470 = CARTESIAN_POINT ( 'NONE',  ( -0.007480314960629917687, -0.09275723757613670017, -0.06243490715464804219 ) ) ;
#2471 = CARTESIAN_POINT ( 'NONE',  ( 0.03897637795275595007, -0.1649606299212598437, -0.2082677165354331061 ) ) ;
#2472 = LENGTH_MEASURE_WITH_UNIT ( LENGTH_MEASURE( 0.02539999999999999897 ), #451 );
#2473 = ADVANCED_FACE ( 'NONE', ( #5393 ), #268, .T. ) ;
#2474 = FILL_AREA_STYLE_COLOUR ( '', #5346 ) ;
#2475 =( GEOMETRIC_REPRESENTATION_CONTEXT ( 3 ) GLOBAL_UNCERTAINTY_ASSIGNED_CONTEXT ( ( #5268 ) ) GLOBAL_UNIT_ASSIGNED_CONTEXT ( ( #1712, #7, #3428 ) ) REPRESENTATION_CONTEXT ( 'NONE', 'WORKASPACE' ) );
#2476 = EDGE_LOOP ( 'NONE', ( #838, #4319, #1487, #3554 ) ) ;
#2477 = ORIENTED_EDGE ( 'NONE', *, *, #2543, .F. ) ;
#2478 = CARTESIAN_POINT ( 'NONE',  ( 0.01282558205802159651, 0.03221165267897769385, 0.001142526592628896956 ) ) ;
#2479 = SURFACE_STYLE_FILL_AREA ( #1544 ) ;
#2480 = DIRECTION ( 'NONE',  ( -1.000000000000000000, 8.673617379884035472E-14, 0.000000000000000000 ) ) ;
#2481 = MECHANICAL_DESIGN_GEOMETRIC_PRESENTATION_REPRESENTATION (  '', ( #340 ), #2847 ) ;
#2482 = CONTEXT_DEPENDENT_SHAPE_REPRESENTATION ( #3757, #3014 ) ;
#2483 = ORIENTED_EDGE ( 'NONE', *, *, #1436, .F. ) ;
#2484 = CARTESIAN_POINT ( 'NONE',  ( -0.007480314960629893400, -0.1574803149606299191, -0.2086614173228344693 ) ) ;
#2485 = MECHANICAL_DESIGN_GEOMETRIC_PRESENTATION_REPRESENTATION (  '', ( #428 ), #3907 ) ;
#2486 =( NAMED_UNIT ( * ) PLANE_ANGLE_UNIT ( ) SI_UNIT ( $, .RADIAN. ) );
#2487 = CARTESIAN_POINT ( 'NONE',  ( -0.007874015748031457790, -0.1653543307086614567, -0.06204120636724646393 ) ) ;
#2488 = DIRECTION ( 'NONE',  ( 0.000000000000000000, 1.000000000000000000, 0.000000000000000000 ) ) ;
#2489 = ORIENTED_EDGE ( 'NONE', *, *, #1717, .F. ) ;
#2490 = MECHANICAL_DESIGN_GEOMETRIC_PRESENTATION_REPRESENTATION (  '', ( #1227 ), #608 ) ;
#2491 = FILL_AREA_STYLE_COLOUR ( '', #713 ) ;
#2492 = DIRECTION ( 'NONE',  ( 1.000000000000000000, 0.000000000000000000, 0.000000000000000000 ) ) ;
#2493 = DIRECTION ( 'NONE',  ( -1.000000000000000000, -2.094760423821050104E-16, 0.000000000000000000 ) ) ;
#2494 = CARTESIAN_POINT ( 'NONE',  ( -0.007874015748031542791, 0.09803149606299216279, -0.0003937007874015748519 ) ) ;
#2495 = CARTESIAN_POINT ( 'NONE',  ( 0.01049335793096382689, -0.1733798678156402429, 0.002458769648429414735 ) ) ;
#2496 = CARTESIAN_POINT ( 'NONE',  ( 0.03914185148125030878, -0.1645637442288868657, -0.2088896316468662195 ) ) ;
#2497 = DIMENSIONAL_EXPONENTS ( 1.000000000000000000, 0.000000000000000000, 0.000000000000000000, 0.000000000000000000, 0.000000000000000000, 0.000000000000000000, 0.000000000000000000 ) ;
#2498 =( NAMED_UNIT ( * ) SI_UNIT ( $, .STERADIAN. ) SOLID_ANGLE_UNIT ( ) );
#2499 = ADVANCED_FACE ( 'NONE', ( #3275 ), #1081, .T. ) ;
#2500 = CARTESIAN_POINT ( 'NONE',  ( 0.009842519685039369942, -0.1715879256123697127, 0.09842519685039372024 ) ) ;
#2501 = CARTESIAN_POINT ( 'NONE',  ( -0.008049842333442859890, 0.09825086173543495782, -0.1468322622888660334 ) ) ;
#2502 = CARTESIAN_POINT ( 'NONE',  ( -0.004235846891542075117, 0.09868871705373469250, -0.06167962655418335327 ) ) ;
#2503 = EDGE_LOOP ( 'NONE', ( #4159, #1053, #4580, #5423, #3776 ) ) ;
#2504 = STYLED_ITEM ( 'NONE', ( #1404 ), #3261 ) ;
#2505 = EDGE_CURVE ( 'NONE', #4280, #3271, #3745, .T. ) ;
#2506 = CARTESIAN_POINT ( 'NONE',  ( -0.004612491634857477166, -0.1653543307086614012, -0.0001630762056586988469 ) ) ;
#2507 = CARTESIAN_POINT ( 'NONE',  ( 0.03898938078518746769, -0.1613837753496364102, -0.0001520421254845666587 ) ) ;
#2508 = DIRECTION ( 'NONE',  ( -0.000000000000000000, -0.000000000000000000, 1.000000000000000000 ) ) ;
#2509 = ITEM_DEFINED_TRANSFORMATION ( 'NONE', 'NONE', #2047,  #1220 ) ;
#2510 = APPLICATION_CONTEXT ( 'automotive_design' ) ;
#2511 = ORIENTED_EDGE ( 'NONE', *, *, #3073, .F. ) ;
#2512 = DIRECTION ( 'NONE',  ( -2.775557561562900029E-15, 1.000000000000000000, 0.000000000000000000 ) ) ;
#2513 = DIRECTION ( 'NONE',  ( 0.000000000000000000, 0.000000000000000000, 1.000000000000000000 ) ) ;
#2514 = DIRECTION ( 'NONE',  ( -0.000000000000000000, 0.000000000000000000, 1.000000000000000000 ) ) ;
#2515 = SURFACE_STYLE_USAGE ( .BOTH. , #1276 ) ;
#2516 = ORIENTED_EDGE ( 'NONE', *, *, #2190, .T. ) ;
#2517 = PRODUCT_DEFINITION_SHAPE ( 'NONE', 'NONE',  #5526 ) ;
#2518 = CARTESIAN_POINT ( 'NONE',  ( 0.03933476639341009634, -0.1616808559728624695, -0.2081696633931487128 ) ) ;
#2519 = FACE_OUTER_BOUND ( 'NONE', #2503, .T. ) ;
#2520 = DIRECTION ( 'NONE',  ( 0.000000000000000000, -1.000000000000000000, 0.000000000000000000 ) ) ;
#2521 = FACE_OUTER_BOUND ( 'NONE', #4727, .T. ) ;
#2522 = LENGTH_MEASURE_WITH_UNIT ( LENGTH_MEASURE( 0.02539999999999999897 ), #4170 );
#2523 = LINE ( 'NONE', #791, #5267 ) ;
#2524 = CARTESIAN_POINT ( 'NONE',  ( -0.004100084079674425411, -0.1598820886076331993, -0.2086614173228342473 ) ) ;
#2525 = CARTESIAN_POINT ( 'NONE',  ( -0.007707618216216424387, 0.09816600451333169775, -7.360272656817754813E-05 ) ) ;
#2526 = CARTESIAN_POINT ( 'NONE',  ( 6.214954185586180826E-17, -0.1574803149606299191, -0.0003937007874015748519 ) ) ;
#2527 = CLOSED_SHELL ( 'NONE', ( #5351, #547, #5397, #4556, #3020, #2177, #4491, #1614, #1742, #297 ) ) ;
#2528 = CARTESIAN_POINT ( 'NONE',  ( -0.004165235132922828765, 0.09763461037061929582, -0.1459982958441552181 ) ) ;
#2529 = EDGE_CURVE ( 'NONE', #2387, #638, #528, .T. ) ;
#2530 = ORIENTED_EDGE ( 'NONE', *, *, #2283, .F. ) ;
#2531 = DIMENSIONAL_EXPONENTS ( 1.000000000000000000, 0.000000000000000000, 0.000000000000000000, 0.000000000000000000, 0.000000000000000000, 0.000000000000000000, 0.000000000000000000 ) ;
#2532 = AXIS2_PLACEMENT_3D ( 'NONE', #4790, #944, #2653 ) ;
#2533 = CARTESIAN_POINT ( 'NONE',  ( 0.03920368120834241688, -0.1615837203664608479, -0.2084950197910195868 ) ) ;
#2534 = SURFACE_SIDE_STYLE ('',( #3764 ) ) ;
#2535 = CARTESIAN_POINT ( 'NONE',  ( 3.895017647216625176E-17, -0.1649606299212598437, 0.000000000000000000 ) ) ;
#2536 = STYLED_ITEM ( 'NONE', ( #4413 ), #555 ) ;
#2537 = CARTESIAN_POINT ( 'NONE',  ( -0.004330708661417362673, 0.09803149606299214891, -0.06204120636724646393 ) ) ;
#2538 = EDGE_CURVE ( 'NONE', #360, #54, #1217, .T. ) ;
#2539 = PRODUCT_CONTEXT ( 'NONE', #2939, 'mechanical' ) ;
#2540 = ORIENTED_EDGE ( 'NONE', *, *, #1668, .T. ) ;
#2541 = MECHANICAL_DESIGN_GEOMETRIC_PRESENTATION_REPRESENTATION (  '', ( #395 ), #3960 ) ;
#2542 = LENGTH_MEASURE_WITH_UNIT ( LENGTH_MEASURE( 0.02539999999999999897 ), #5102 );
#2543 = EDGE_CURVE ( 'NONE', #5233, #3986, #710, .T. ) ;
#2544 = PRESENTATION_LAYER_ASSIGNMENT (  '', '', ( #1197 ) ) ;
#2545 = ORIENTED_EDGE ( 'NONE', *, *, #57, .F. ) ;
#2546 = CARTESIAN_POINT ( 'NONE',  ( -0.007832451650000004165, 0.09803149606299214891, -0.06221727471193150283 ) ) ;
#2547 = PRESENTATION_STYLE_ASSIGNMENT (( #1332 ) ) ;
#2548 =( GEOMETRIC_REPRESENTATION_CONTEXT ( 3 ) GLOBAL_UNCERTAINTY_ASSIGNED_CONTEXT ( ( #3877 ) ) GLOBAL_UNIT_ASSIGNED_CONTEXT ( ( #3738, #1578, #773 ) ) REPRESENTATION_CONTEXT ( 'NONE', 'WORKASPACE' ) );
#2549 = CARTESIAN_POINT ( 'NONE',  ( 0.01097903596297170048, -0.1727244418903020606, 0.0008319876590755101659 ) ) ;
#2550 = STYLED_ITEM ( 'NONE', ( #2547 ), #4693 ) ;
#2551 = DIRECTION ( 'NONE',  ( -5.891513691996699874E-17, 1.000000000000000000, -0.000000000000000000 ) ) ;
#2552 = CARTESIAN_POINT ( 'NONE',  ( -0.007480314960629961055, 0.06232350067783189174, -0.06204120636724646393 ) ) ;
#2553 = FILL_AREA_STYLE ('',( #373 ) ) ;
#2554 =( BOUNDED_SURFACE ( )  B_SPLINE_SURFACE ( 3, 3, ( 
 ( #3452, #374, #4665, #3914 ),
 ( #5250, #3972, #1392, #2690 ),
 ( #4399, #925, #562, #161 ),
 ( #3054, #500, #4766, #5281 ) ),
 .UNSPECIFIED., .F., .F., .F. ) 
 B_SPLINE_SURFACE_WITH_KNOTS ( ( 4, 4 ),
 ( 4, 4 ),
 ( 0.000000000000000000, 1.000000000000000000 ),
 ( 0.000000000000000000, 1.000000000000000000 ),
 .UNSPECIFIED. ) 
 GEOMETRIC_REPRESENTATION_ITEM ( )  RATIONAL_B_SPLINE_SURFACE ( (
 ( 1.000000000000000000, 0.3333333333333020065, 0.3333333333333020065, 1.000000000000000000),
 ( 0.9245018060306292584, 0.3081672686768474612, 0.3081672686768474612, 0.9245018060306292584),
 ( 0.9245018060306292584, 0.3081672686768474612, 0.3081672686768474612, 0.9245018060306292584),
 ( 1.000000000000000000, 0.3333333333333020065, 0.3333333333333020065, 1.000000000000000000) ) ) 
 REPRESENTATION_ITEM ( '' )  SURFACE ( )  );
#2555 = SURFACE_STYLE_FILL_AREA ( #1762 ) ;
#2556 = CARTESIAN_POINT ( 'NONE',  ( -0.003978571972047326502, 0.09820756440767718087, -0.1466202109555881927 ) ) ;
#2557 =( NAMED_UNIT ( * ) PLANE_ANGLE_UNIT ( ) SI_UNIT ( $, .RADIAN. ) );
#2558 = ORIENTED_EDGE ( 'NONE', *, *, #2922, .F. ) ;
#2559 = CARTESIAN_POINT ( 'NONE',  ( -0.007480314960629960187, 0.09803149606299214891, -0.1466202109555881927 ) ) ;
#2560 = DIRECTION ( 'NONE',  ( 3.106967419659950017E-16, -1.000000000000000000, -1.711182652649480066E-16 ) ) ;
#2561 = PRODUCT_RELATED_PRODUCT_CATEGORY ( 'part', '', ( #2297 ) ) ;
#2562 = CARTESIAN_POINT ( 'NONE',  ( -0.004330708661417283743, 0.2900013320643256010, -0.06243490715464802832 ) ) ;
#2563 = PRESENTATION_LAYER_ASSIGNMENT (  '', '', ( #4445 ) ) ;
#2564 = AXIS2_PLACEMENT_3D ( 'NONE', #2552, #3361, #1593 ) ;
#2565 = VERTEX_POINT ( 'NONE', #3826 ) ;
#2566 = SURFACE_SIDE_STYLE ('',( #3414 ) ) ;
#2567 = EDGE_CURVE ( 'NONE', #1846, #3022, #5370, .T. ) ;
#2568 = DIMENSIONAL_EXPONENTS ( 1.000000000000000000, 0.000000000000000000, 0.000000000000000000, 0.000000000000000000, 0.000000000000000000, 0.000000000000000000, 0.000000000000000000 ) ;
#2569 = SURFACE_STYLE_FILL_AREA ( #1274 ) ;
#2570 = CARTESIAN_POINT ( 'NONE',  ( 0.01097903596297176120, -0.1727244418903020606, 0.09759320919131822536 ) ) ;
#2571 = ORIENTED_EDGE ( 'NONE', *, *, #5244, .T. ) ;
#2572 = MECHANICAL_DESIGN_GEOMETRIC_PRESENTATION_REPRESENTATION (  '', ( #1580 ), #3374 ) ;
#2573 = CARTESIAN_POINT ( 'NONE',  ( 0.01097903596297170221, 0.03427300011438148136, 0.09759320919131816985 ) ) ;
#2574 = EDGE_CURVE ( 'NONE', #2565, #3402, #2457, .T. ) ;
#2575 =( LENGTH_UNIT ( ) NAMED_UNIT ( * ) SI_UNIT ( $, .METRE. ) );
#2576 = FILL_AREA_STYLE ('',( #4247 ) ) ;
#2577 = STYLED_ITEM ( 'NONE', ( #5246 ), #1929 ) ;
#2578 = SURFACE_STYLE_USAGE ( .BOTH. , #5507 ) ;
#2579 = AXIS2_PLACEMENT_3D ( 'NONE', #3628, #5356, #581 ) ;
#2580 = PRESENTATION_LAYER_ASSIGNMENT (  '', '', ( #1494 ) ) ;
#2581 = LENGTH_MEASURE_WITH_UNIT ( LENGTH_MEASURE( 0.02539999999999999897 ), #3029 );
#2582 = DIRECTION ( 'NONE',  ( -8.131516293641262745E-15, 0.000000000000000000, 1.000000000000000000 ) ) ;
#2583 = DIRECTION ( 'NONE',  ( 0.4082482904638600751, -0.8164965809277361375, 0.4082482904638460308 ) ) ;
#2584 = ORIENTED_EDGE ( 'NONE', *, *, #4907, .T. ) ;
#2585 =( GEOMETRIC_REPRESENTATION_CONTEXT ( 3 ) GLOBAL_UNCERTAINTY_ASSIGNED_CONTEXT ( ( #2348 ) ) GLOBAL_UNIT_ASSIGNED_CONTEXT ( ( #205, #2396, #637 ) ) REPRESENTATION_CONTEXT ( 'NONE', 'WORKASPACE' ) );
#2586 = FILL_AREA_STYLE_COLOUR ( '', #5120 ) ;
#2587 = CIRCLE ( 'NONE', #3399, 0.003937007874015748844 ) ;
#2588 = ORIENTED_EDGE ( 'NONE', *, *, #3601, .T. ) ;
#2589 =( LENGTH_UNIT ( ) NAMED_UNIT ( * ) SI_UNIT ( $, .METRE. ) );
#2590 = UNCERTAINTY_MEASURE_WITH_UNIT (LENGTH_MEASURE( 1.000000000000000082E-05 ), #431, 'distance_accuracy_value', 'NONE');
#2591 = COLOUR_RGB ( '',0.7490196078431372584, 0.7490196078431372584, 0.7490196078431372584 ) ;
#2592 = DIRECTION ( 'NONE',  ( -0.000000000000000000, -0.000000000000000000, 1.000000000000000000 ) ) ;
#2593 = CARTESIAN_POINT ( 'NONE',  ( 0.000000000000000000, 0.000000000000000000, 0.000000000000000000 ) ) ;
#2594 = ORIENTED_EDGE ( 'NONE', *, *, #5293, .T. ) ;
#2595 = STYLED_ITEM ( 'NONE', ( #2977 ), #4377 ) ;
#2596 = VECTOR ( 'NONE', #1464, 39.37007874015748143 ) ;
#2597 = CARTESIAN_POINT ( 'NONE',  ( -0.004330708661417251651, -0.1600171853598015836, 0.000000000000000000 ) ) ;
#2598 = CARTESIAN_POINT ( 'NONE',  ( 0.009842519685039369942, 0.03313648383644914042, 0.09645669291338584972 ) ) ;
#2599 = DIRECTION ( 'NONE',  ( -1.000000000000000000, -3.330669073875470114E-16, -0.000000000000000000 ) ) ;
#2600 = DIMENSIONAL_EXPONENTS ( 1.000000000000000000, 0.000000000000000000, 0.000000000000000000, 0.000000000000000000, 0.000000000000000000, 0.000000000000000000, 0.000000000000000000 ) ;
#2601 = CARTESIAN_POINT ( 'NONE',  ( 0.009842519685039369942, 0.03401682555987425860, 0.09821737636023607221 ) ) ;
#2602 = ADVANCED_FACE ( 'NONE', ( #1586 ), #390, .F. ) ;
#2603 = CARTESIAN_POINT ( 'NONE',  ( 3.824587191129968999E-17, -0.1574803149606299191, -0.0003937007874015748519 ) ) ;
#2604 = PRODUCT_DEFINITION_SHAPE ( 'NONE', 'NONE',  #5528 ) ;
#2605 = FILL_AREA_STYLE_COLOUR ( '', #4176 ) ;
#2606 =( LENGTH_UNIT ( ) NAMED_UNIT ( * ) SI_UNIT ( $, .METRE. ) );
#2607 = EDGE_CURVE ( 'NONE', #3986, #5347, #3748, .T. ) ;
#2608 = VERTEX_POINT ( 'NONE', #1613 ) ;
#2609 =( NAMED_UNIT ( * ) SI_UNIT ( $, .STERADIAN. ) SOLID_ANGLE_UNIT ( ) );
#2610 = CARTESIAN_POINT ( 'NONE',  ( 0.01312862463875206880, 0.03132858477113344836, 0.001494195087631521642 ) ) ;
#2611 = CARTESIAN_POINT ( 'NONE',  ( -0.06889763779527557919, 0.1023622047244094752, 0.001968503937007873988 ) ) ;
#2612 = CARTESIAN_POINT ( 'NONE',  ( -0.007480314960629922023, -0.09315093836353847967, -0.06282860794204961352 ) ) ;
#2613 = FILL_AREA_STYLE ('',( #2586 ) ) ;
#2614 = ORIENTED_EDGE ( 'NONE', *, *, #384, .T. ) ;
#2615 = PRESENTATION_STYLE_ASSIGNMENT (( #5109 ) ) ;
#2616 = FILL_AREA_STYLE_COLOUR ( '', #4317 ) ;
#2617 =( GEOMETRIC_REPRESENTATION_CONTEXT ( 3 ) GLOBAL_UNCERTAINTY_ASSIGNED_CONTEXT ( ( #1352 ) ) GLOBAL_UNIT_ASSIGNED_CONTEXT ( ( #639, #3988, #2345 ) ) REPRESENTATION_CONTEXT ( 'NONE', 'WORKASPACE' ) );
#2618 = SURFACE_STYLE_USAGE ( .BOTH. , #3095 ) ;
#2619 = CARTESIAN_POINT ( 'NONE',  ( -0.007480314960629922023, -0.09315093836353820211, -0.06282860794204959964 ) ) ;
#2620 = CARTESIAN_POINT ( 'NONE',  ( 0.01051506193673710024, -0.1727244418903021439, 0.09805718321755291234 ) ) ;
#2621 = EDGE_LOOP ( 'NONE', ( #2139, #2071, #1682, #2483 ) ) ;
#2622 = AXIS2_PLACEMENT_3D ( 'NONE', #4783, #2164, #5210 ) ;
#2623 = VECTOR ( 'NONE', #3435, 39.37007874015748143 ) ;
#2624 = CARTESIAN_POINT ( 'NONE',  ( -0.004200541012232493140, 0.09793344292070781110, -0.2086261049760867181 ) ) ;
#2625 = CYLINDRICAL_SURFACE ( 'NONE', #3726, 0.0003937007874015587515 ) ;
#2626 = FILL_AREA_STYLE ('',( #558 ) ) ;
#2627 = VECTOR ( 'NONE', #1171, 39.37007874015748143 ) ;
#2628 = CIRCLE ( 'NONE', #934, 0.0003937007874016114437 ) ;
#2629 = CARTESIAN_POINT ( 'NONE',  ( 3.895017647216625176E-17, -0.1649606299212598437, 0.000000000000000000 ) ) ;
#2630 = EDGE_CURVE ( 'NONE', #5342, #3033, #4471, .T. ) ;
#2631 = DIRECTION ( 'NONE',  ( -1.000000000000000000, 0.000000000000000000, 0.000000000000000000 ) ) ;
#2632 = CARTESIAN_POINT ( 'NONE',  ( -0.004330708661417362673, 0.09803149606299214891, -0.1466202109555881927 ) ) ;
#2633 = DIRECTION ( 'NONE',  ( -1.000000000000000000, 0.000000000000000000, 0.000000000000000000 ) ) ;
#2634 = CARTESIAN_POINT ( 'NONE',  ( -0.004165513192541594675, 0.09862810853758860463, -0.1468051771870824418 ) ) ;
#2635 =( GEOMETRIC_REPRESENTATION_CONTEXT ( 3 ) GLOBAL_UNCERTAINTY_ASSIGNED_CONTEXT ( ( #577 ) ) GLOBAL_UNIT_ASSIGNED_CONTEXT ( ( #510, #2188, #4673 ) ) REPRESENTATION_CONTEXT ( 'NONE', 'WORKASPACE' ) );
#2636 = ORIENTED_EDGE ( 'NONE', *, *, #1225, .T. ) ;
#2637 = DIMENSIONAL_EXPONENTS ( 1.000000000000000000, 0.000000000000000000, 0.000000000000000000, 0.000000000000000000, 0.000000000000000000, 0.000000000000000000, 0.000000000000000000 ) ;
#2638 = FACE_OUTER_BOUND ( 'NONE', #2197, .T. ) ;
#2639 = SURFACE_SIDE_STYLE ('',( #3036 ) ) ;
#2640 = CARTESIAN_POINT ( 'NONE',  ( 0.03920368120834240994, -0.1651879331768462689, -0.0001663975318151333937 ) ) ;
#2641 = EDGE_CURVE ( 'NONE', #3057, #3240, #4623, .T. ) ;
#2642 =( NAMED_UNIT ( * ) PLANE_ANGLE_UNIT ( ) SI_UNIT ( $, .RADIAN. ) );
#2643 = APPLICATION_CONTEXT ( 'automotive_design' ) ;
#2644 = ORIENTED_EDGE ( 'NONE', *, *, #861, .T. ) ;
#2645 = CARTESIAN_POINT ( 'NONE',  ( -0.007480314960629882125, -0.1292526345361000029, -0.1462265101681866075 ) ) ;
#2646 = UNCERTAINTY_MEASURE_WITH_UNIT (LENGTH_MEASURE( 1.000000000000000082E-05 ), #1286, 'distance_accuracy_value', 'NONE');
#2647 = MECHANICAL_DESIGN_GEOMETRIC_PRESENTATION_REPRESENTATION (  '', ( #4534 ), #3985 ) ;
#2648 = LINE ( 'NONE', #1353, #3226 ) ;
#2649 = CARTESIAN_POINT ( 'NONE',  ( -0.007874015748031608711, -0.09331401456919698190, -0.06250245553073215110 ) ) ;
#2650 = UNCERTAINTY_MEASURE_WITH_UNIT (LENGTH_MEASURE( 1.000000000000000082E-05 ), #896, 'distance_accuracy_value', 'NONE');
#2651 = EDGE_LOOP ( 'NONE', ( #1851, #5495, #5410, #2444 ) ) ;
#2652 = COLOUR_RGB ( '',0.8313725490196077761, 0.8313725490196077761, 0.8313725490196077761 ) ;
#2653 = DIRECTION ( 'NONE',  ( 1.000000000000000000, 0.000000000000000000, 0.000000000000000000 ) ) ;
#2654 = CARTESIAN_POINT ( 'NONE',  ( 0.009842519685039361269, 0.03313648383644912654, 0.09645669291338584972 ) ) ;
#2655 = AXIS2_PLACEMENT_3D ( 'NONE', #5421, #3276, #1138 ) ;
#2656 = CARTESIAN_POINT ( 'NONE',  ( -0.004317705828985725358, 0.09845874433540291459, -0.2085093751973496334 ) ) ;
#2657 = DIRECTION ( 'NONE',  ( 1.000000000000000000, 0.000000000000000000, 0.000000000000000000 ) ) ;
#2658 = CARTESIAN_POINT ( 'NONE',  ( 0.03897637795275595007, -0.1618110236220472731, -0.2082677165354331061 ) ) ;
#2659 =( GEOMETRIC_REPRESENTATION_CONTEXT ( 3 ) GLOBAL_UNCERTAINTY_ASSIGNED_CONTEXT ( ( #2646 ) ) GLOBAL_UNIT_ASSIGNED_CONTEXT ( ( #1286, #905, #4690 ) ) REPRESENTATION_CONTEXT ( 'NONE', 'WORKASPACE' ) );
#2660 = FILL_AREA_STYLE ('',( #1310 ) ) ;
#2661 = FILL_AREA_STYLE ('',( #2236 ) ) ;
#2662 = CARTESIAN_POINT ( 'NONE',  ( 0.03897637795275595007, -0.1618110236220472731, 0.000000000000000000 ) ) ;
#2663 = ORIENTED_EDGE ( 'NONE', *, *, #5254, .F. ) ;
#2664 = CARTESIAN_POINT ( 'NONE',  ( -0.004103405405830945311, 0.09835159412382549204, -0.2084022249857721554 ) ) ;
#2665 = ORIENTED_EDGE ( 'NONE', *, *, #1998, .T. ) ;
#2666 = COLOUR_RGB ( '',0.8313725490196077761, 0.8313725490196077761, 0.8313725490196077761 ) ;
#2667 = EDGE_CURVE ( 'NONE', #176, #3679, #1214, .T. ) ;
#2668 = FILL_AREA_STYLE_COLOUR ( '', #4592 ) ;
#2669 = ADVANCED_FACE ( 'NONE', ( #460 ), #2804, .T. ) ;
#2670 = AXIS2_PLACEMENT_3D ( 'NONE', #4811, #4325, #5158 ) ;
#2671 = VERTEX_POINT ( 'NONE', #891 ) ;
#2672 = CARTESIAN_POINT ( 'NONE',  ( -0.003937007874015708078, -0.09354463915094014814, -0.06282860794204959964 ) ) ;
#2673 = DIMENSIONAL_EXPONENTS ( 1.000000000000000000, 0.000000000000000000, 0.000000000000000000, 0.000000000000000000, 0.000000000000000000, 0.000000000000000000, 0.000000000000000000 ) ;
#2674 = CARTESIAN_POINT ( 'NONE',  ( 0.01090725893131923654, -0.1737959440060763416, 0.09659348410719639788 ) ) ;
#2675 = CARTESIAN_POINT ( 'NONE',  ( 0.01080392253833590936, -0.1716739242147410360, 0.0001316968327860786438 ) ) ;
#2676 = UNCERTAINTY_MEASURE_WITH_UNIT (LENGTH_MEASURE( 1.000000000000000082E-05 ), #5483, 'distance_accuracy_value', 'NONE');
#2677 = CIRCLE ( 'NONE', #34, 0.001968503937007874856 ) ;
#2678 = CARTESIAN_POINT ( 'NONE',  ( -0.007874015748031508097, -0.09354463915093995385, -0.06282860794204959964 ) ) ;
#2679 = VECTOR ( 'NONE', #308, 39.37007874015748143 ) ;
#2680 =( NAMED_UNIT ( * ) SI_UNIT ( $, .STERADIAN. ) SOLID_ANGLE_UNIT ( ) );
#2681 = ORIENTED_EDGE ( 'NONE', *, *, #5040, .T. ) ;
#2682 = CIRCLE ( 'NONE', #4017, 0.001968503937007873988 ) ;
#2683 = MECHANICAL_DESIGN_GEOMETRIC_PRESENTATION_REPRESENTATION (  '', ( #5020 ), #3489 ) ;
#2684 =( NAMED_UNIT ( * ) SI_UNIT ( $, .STERADIAN. ) SOLID_ANGLE_UNIT ( ) );
#2685 = STYLED_ITEM ( 'NONE', ( #3179 ), #4342 ) ;
#2686 = EDGE_LOOP ( 'NONE', ( #2477, #470, #233, #543, #3308 ) ) ;
#2687 = AXIS2_PLACEMENT_3D ( 'NONE', #3510, #982, #5222 ) ;
#2688 =( NAMED_UNIT ( * ) SI_UNIT ( $, .STERADIAN. ) SOLID_ANGLE_UNIT ( ) );
#2689 = CARTESIAN_POINT ( 'NONE',  ( 0.03914157342163177011, -0.1655572423958564521, -0.2080827503039385518 ) ) ;
#2690 = CARTESIAN_POINT ( 'NONE',  ( -0.007614823410969511625, 0.09835159412382553368, -0.06226850962283291685 ) ) ;
#2691 = AXIS2_PLACEMENT_3D ( 'NONE', #4054, #242, #4819 ) ;
#2692 = FACE_OUTER_BOUND ( 'NONE', #3716, .T. ) ;
#2693 = CARTESIAN_POINT ( 'NONE',  ( 0.03920368120834238218, -0.1614909255612139161, -0.0002591923370620722038 ) ) ;
#2694 = CARTESIAN_POINT ( 'NONE',  ( -0.004200541012232503549, 0.09838988450364623273, -0.0004917539296858707606 ) ) ;
#2695 = EDGE_LOOP ( 'NONE', ( #3566, #14, #1361, #5286, #805 ) ) ;
#2696 = CARTESIAN_POINT ( 'NONE',  ( 6.262252531743684816E-17, -0.1618110236220472731, -0.2086614173228343860 ) ) ;
#2697 =( LENGTH_UNIT ( ) NAMED_UNIT ( * ) SI_UNIT ( $, .METRE. ) );
#2698 = SURFACE_STYLE_FILL_AREA ( #1997 ) ;
#2699 = ORIENTED_EDGE ( 'NONE', *, *, #5177, .F. ) ;
#2700 = DIRECTION ( 'NONE',  ( -1.000000000000000000, 0.000000000000000000, 0.000000000000000000 ) ) ;
#2701 = UNCERTAINTY_MEASURE_WITH_UNIT (LENGTH_MEASURE( 1.000000000000000082E-05 ), #5505, 'distance_accuracy_value', 'NONE');
#2702 = FILL_AREA_STYLE ('',( #3359 ) ) ;
#2703 = CARTESIAN_POINT ( 'NONE',  ( 0.01080392253833593885, -0.1734247327165914787, 0.001882505334636498445 ) ) ;
#2704 = EDGE_CURVE ( 'NONE', #5094, #2160, #4189, .T. ) ;
#2705 = CLOSED_SHELL ( 'NONE', ( #513, #1929, #995, #4943, #2499, #5124, #95, #5008, #5002, #1465, #1962, #1641, #1526, #2771, #3593, #4703, #1429, #855, #2669, #5152, #3492, #2030, #3325, #3460, #58, #4977, #959, #349, #3349, #4106, #2602, #4235, #5182, #325, #2255, #3432, #1848, #482, #1920, #5213, #439, #4525, #4377, #3590, #5279, #4040, #4601, #3422, #3561, #555, #2818, #185, #4861, #4344, #3735, #3261, #2466, #4802, #787, #1356, #4495, #3829, #1194, #2326, #1953, #1028, #4213, #629, #3865, #1858, #4898 ) ) ;
#2706 = DIRECTION ( 'NONE',  ( -1.000000000000000000, -4.440892098500630106E-16, -4.297971597196259868E-16 ) ) ;
#2707 = ORIENTED_EDGE ( 'NONE', *, *, #5435, .T. ) ;
#2708 = FILL_AREA_STYLE ('',( #4483 ) ) ;
#2709 = EDGE_CURVE ( 'NONE', #4814, #3876, #94, .T. ) ;
#2710 =( LENGTH_UNIT ( ) NAMED_UNIT ( * ) SI_UNIT ( $, .METRE. ) );
#2711 = DIMENSIONAL_EXPONENTS ( 1.000000000000000000, 0.000000000000000000, 0.000000000000000000, 0.000000000000000000, 0.000000000000000000, 0.000000000000000000, 0.000000000000000000 ) ;
#2712 = DIRECTION ( 'NONE',  ( 0.000000000000000000, 1.000000000000000000, 0.000000000000000000 ) ) ;
#2713 =( GEOMETRIC_REPRESENTATION_CONTEXT ( 3 ) GLOBAL_UNCERTAINTY_ASSIGNED_CONTEXT ( ( #92 ) ) GLOBAL_UNIT_ASSIGNED_CONTEXT ( ( #3248, #1633, #361 ) ) REPRESENTATION_CONTEXT ( 'NONE', 'WORKASPACE' ) );
#2714 = ORIENTED_EDGE ( 'NONE', *, *, #3049, .T. ) ;
#2715 = CARTESIAN_POINT ( 'NONE',  ( 0.009842519685039366473, 0.03313648383644913348, 0.09842519685039372024 ) ) ;
#2716 =( GEOMETRIC_REPRESENTATION_CONTEXT ( 3 ) GLOBAL_UNCERTAINTY_ASSIGNED_CONTEXT ( ( #3045 ) ) GLOBAL_UNIT_ASSIGNED_CONTEXT ( ( #3210, #1916, #2728 ) ) REPRESENTATION_CONTEXT ( 'NONE', 'WORKASPACE' ) );
#2717 = CARTESIAN_POINT ( 'NONE',  ( 0.01097903596297170915, 0.03427300011438148136, 0.0008319876590755419330 ) ) ;
#2718 = VECTOR ( 'NONE', #2135, 39.37007874015748143 ) ;
#2719 = SURFACE_STYLE_USAGE ( .BOTH. , #5283 ) ;
#2720 = CARTESIAN_POINT ( 'NONE',  ( -0.003734096186820923431, 0.09819669153186794119, -0.0005786670188958910853 ) ) ;
#2721 =( CONVERSION_BASED_UNIT ( 'INCH', #4769 ) LENGTH_UNIT ( ) NAMED_UNIT ( #1777 ) );
#2722 = VERTEX_POINT ( 'NONE', #862 ) ;
#2723 =( GEOMETRIC_REPRESENTATION_CONTEXT ( 3 ) GLOBAL_UNCERTAINTY_ASSIGNED_CONTEXT ( ( #3931 ) ) GLOBAL_UNIT_ASSIGNED_CONTEXT ( ( #875, #28, #3838 ) ) REPRESENTATION_CONTEXT ( 'NONE', 'WORKASPACE' ) );
#2724 = CIRCLE ( 'NONE', #3446, 0.001968503937007879193 ) ;
#2725 = DIRECTION ( 'NONE',  ( -4.297971597196270222E-16, 1.000000000000000000, 1.711182652649480066E-16 ) ) ;
#2726 = SURFACE_STYLE_USAGE ( .BOTH. , #1014 ) ;
#2727 = DIRECTION ( 'NONE',  ( -0.000000000000000000, -0.000000000000000000, -1.000000000000000000 ) ) ;
#2728 =( NAMED_UNIT ( * ) SI_UNIT ( $, .STERADIAN. ) SOLID_ANGLE_UNIT ( ) );
#2729 = ORIENTED_EDGE ( 'NONE', *, *, #4268, .T. ) ;
#2730 = SURFACE_STYLE_FILL_AREA ( #4981 ) ;
#2731 = CARTESIAN_POINT ( 'NONE',  ( -0.007645788489124475014, 0.09865341117442505414, -0.2078708308430597951 ) ) ;
#2732 =( NAMED_UNIT ( * ) PLANE_ANGLE_UNIT ( ) SI_UNIT ( $, .RADIAN. ) );
#2733 = DIRECTION ( 'NONE',  ( -1.000000000000000000, 0.000000000000000000, 0.000000000000000000 ) ) ;
#2734 = UNCERTAINTY_MEASURE_WITH_UNIT (LENGTH_MEASURE( 1.000000000000000082E-05 ), #2099, 'distance_accuracy_value', 'NONE');
#2735 = AXIS2_PLACEMENT_3D ( 'NONE', #2471, #1977, #1622 ) ;
#2736 = CARTESIAN_POINT ( 'NONE',  ( -0.007874015748031299930, 0.09803149606299214891, -0.06204120636724646393 ) ) ;
#2737 =( NAMED_UNIT ( * ) SI_UNIT ( $, .STERADIAN. ) SOLID_ANGLE_UNIT ( ) );
#2738 = EDGE_CURVE ( 'NONE', #3271, #770, #99, .T. ) ;
#2739 = EDGE_LOOP ( 'NONE', ( #4380, #2729, #4959, #731 ) ) ;
#2740 = DIRECTION ( 'NONE',  ( 1.000000000000000000, 0.000000000000000000, 0.000000000000000000 ) ) ;
#2741 = FILL_AREA_STYLE_COLOUR ( '', #3657 ) ;
#2742 = CARTESIAN_POINT ( 'NONE',  ( -0.007614823410969495145, 0.09835159412382558919, -0.1463929077000017120 ) ) ;
#2743 = ORIENTED_EDGE ( 'NONE', *, *, #3727, .T. ) ;
#2744 = DIRECTION ( 'NONE',  ( -5.891513691996699874E-17, 1.000000000000000000, 0.000000000000000000 ) ) ;
#2745 =( GEOMETRIC_REPRESENTATION_CONTEXT ( 3 ) GLOBAL_UNCERTAINTY_ASSIGNED_CONTEXT ( ( #1382 ) ) GLOBAL_UNIT_ASSIGNED_CONTEXT ( ( #2258, #496, #4764 ) ) REPRESENTATION_CONTEXT ( 'NONE', 'WORKASPACE' ) );
#2746 = LENGTH_MEASURE_WITH_UNIT ( LENGTH_MEASURE( 0.02539999999999999897 ), #5221 );
#2747 = DIRECTION ( 'NONE',  ( 2.710505431213753985E-15, -1.000000000000000000, 0.000000000000000000 ) ) ;
#2748 = DIRECTION ( 'NONE',  ( 2.710505431213753985E-15, -1.000000000000000000, 0.000000000000000000 ) ) ;
#2749 = DIRECTION ( 'NONE',  ( 1.000000000000000000, 1.084202172485503961E-14, 0.000000000000000000 ) ) ;
#2750 = MECHANICAL_DESIGN_GEOMETRIC_PRESENTATION_REPRESENTATION (  '', ( #3291 ), #4263 ) ;
#2751 = PRESENTATION_LAYER_ASSIGNMENT (  '', '', ( #2205 ) ) ;
#2752 = ORIENTED_EDGE ( 'NONE', *, *, #885, .T. ) ;
#2753 = MECHANICAL_DESIGN_GEOMETRIC_PRESENTATION_REPRESENTATION (  '', ( #2577 ), #2937 ) ;
#2754 =( NAMED_UNIT ( * ) PLANE_ANGLE_UNIT ( ) SI_UNIT ( $, .RADIAN. ) );
#2755 = PRESENTATION_STYLE_ASSIGNMENT (( #1043 ) ) ;
#2756 = AXIS2_PLACEMENT_3D ( 'NONE', #494, #4393, #4740 ) ;
#2757 = ORIENTED_EDGE ( 'NONE', *, *, #5220, .F. ) ;
#2758 = AXIS2_PLACEMENT_3D ( 'NONE', #5270, #723, #4983 ) ;
#2759 = ORIENTED_EDGE ( 'NONE', *, *, #3925, .T. ) ;
#2760 = DIRECTION ( 'NONE',  ( -1.000000000000000000, 0.000000000000000000, 0.000000000000000000 ) ) ;
#2761 = MECHANICAL_DESIGN_GEOMETRIC_PRESENTATION_REPRESENTATION (  '', ( #4186 ), #3386 ) ;
#2762 =( CONVERSION_BASED_UNIT ( 'INCH', #3983 ) LENGTH_UNIT ( ) NAMED_UNIT ( #3854 ) );
#2763 =( LENGTH_UNIT ( ) NAMED_UNIT ( * ) SI_UNIT ( $, .METRE. ) );
#2764 =( NAMED_UNIT ( * ) PLANE_ANGLE_UNIT ( ) SI_UNIT ( $, .RADIAN. ) );
#2765 = MECHANICAL_DESIGN_GEOMETRIC_PRESENTATION_REPRESENTATION (  '', ( #972 ), #5285 ) ;
#2766 = EDGE_LOOP ( 'NONE', ( #3445, #4694, #3572, #2714 ) ) ;
#2767 = CARTESIAN_POINT ( 'NONE',  ( -0.007838703401284034464, 0.09793344292070781110, -0.06217137401643136468 ) ) ;
#2768 =( CONVERSION_BASED_UNIT ( 'INCH', #1415 ) LENGTH_UNIT ( ) NAMED_UNIT ( #3146 ) );
#2769 =( GEOMETRIC_REPRESENTATION_CONTEXT ( 3 ) GLOBAL_UNCERTAINTY_ASSIGNED_CONTEXT ( ( #1501 ) ) GLOBAL_UNIT_ASSIGNED_CONTEXT ( ( #3040, #2642, #87 ) ) REPRESENTATION_CONTEXT ( 'NONE', 'WORKASPACE' ) );
#2770 = FILL_AREA_STYLE ('',( #2741 ) ) ;
#2771 = ADVANCED_FACE ( 'NONE', ( #3856 ), #4732, .T. ) ;
#2772 = CARTESIAN_POINT ( 'NONE',  ( -0.007874015748031457790, -0.1614173228346456601, -0.2082677165354331061 ) ) ;
#2773 = ORIENTED_EDGE ( 'NONE', *, *, #2153, .T. ) ;
#2774 = DIRECTION ( 'NONE',  ( 0.000000000000000000, 0.000000000000000000, -1.000000000000000000 ) ) ;
#2775 = CARTESIAN_POINT ( 'NONE',  ( 0.01049335793096383557, 0.03492842603971960114, 0.002458769648429439455 ) ) ;
#2776 = CARTESIAN_POINT ( 'NONE',  ( -0.003903460389006528468, 0.09804449889542377061, -0.06228286502916338674 ) ) ;
#2777 = FILL_AREA_STYLE ('',( #4940 ) ) ;
#2778 =( LENGTH_UNIT ( ) NAMED_UNIT ( * ) SI_UNIT ( $, .METRE. ) );
#2779 = AXIS2_PLACEMENT_3D ( 'NONE', #5510, #794, #2891 ) ;
#2780 = CARTESIAN_POINT ( 'NONE',  ( -0.007656383305314990416, 0.09838363275236219896, -0.0003937007874015748519 ) ) ;
#2781 = MECHANICAL_DESIGN_GEOMETRIC_PRESENTATION_REPRESENTATION (  '', ( #1160 ), #1245 ) ;
#2782 = EDGE_CURVE ( 'NONE', #4814, #2722, #4375, .T. ) ;
#2783 = ORIENTED_EDGE ( 'NONE', *, *, #687, .T. ) ;
#2784 = AXIS2_PLACEMENT_3D ( 'NONE', #761, #1506, #2409 ) ;
#2785 = DIRECTION ( 'NONE',  ( -0.000000000000000000, 0.000000000000000000, -1.000000000000000000 ) ) ;
#2786 = LINE ( 'NONE', #1510, #755 ) ;
#2787 = EDGE_CURVE ( 'NONE', #4411, #724, #440, .T. ) ;
#2788 = CARTESIAN_POINT ( 'NONE',  ( 0.06889763779527557919, 0.1023622047244094613, 0.000000000000000000 ) ) ;
#2789 = EDGE_LOOP ( 'NONE', ( #1661, #1759, #4788, #4818, #1027 ) ) ;
#2790 = SURFACE_STYLE_FILL_AREA ( #282 ) ;
#2791 =( CONVERSION_BASED_UNIT ( 'INCH', #5318 ) LENGTH_UNIT ( ) NAMED_UNIT ( #920 ) );
#2792 = FILL_AREA_STYLE ('',( #1080 ) ) ;
#2793 = DIRECTION ( 'NONE',  ( 0.000000000000000000, -1.000000000000000000, 0.000000000000000000 ) ) ;
#2794 = UNCERTAINTY_MEASURE_WITH_UNIT (LENGTH_MEASURE( 1.000000000000000082E-05 ), #1624, 'distance_accuracy_value', 'NONE');
#2795 = CARTESIAN_POINT ( 'NONE',  ( 0.06889763779527560694, -0.1043307086614173318, 0.09645669291338584972 ) ) ;
#2796 = DIRECTION ( 'NONE',  ( 6.952615590837529323E-18, -1.134521882143509935E-31, 1.000000000000000000 ) ) ;
#2797 = VERTEX_POINT ( 'NONE', #2795 ) ;
#2798 = DIRECTION ( 'NONE',  ( -1.000000000000000000, 0.000000000000000000, 0.000000000000000000 ) ) ;
#2799 = LENGTH_MEASURE_WITH_UNIT ( LENGTH_MEASURE( 0.02539999999999999897 ), #1500 );
#2800 = CARTESIAN_POINT ( 'NONE',  ( -0.005905511811023621965, -0.1618110236220472731, 0.000000000000000000 ) ) ;
#2801 = UNCERTAINTY_MEASURE_WITH_UNIT (LENGTH_MEASURE( 1.000000000000000082E-05 ), #1778, 'distance_accuracy_value', 'NONE');
#2802 = ORIENTED_EDGE ( 'NONE', *, *, #3689, .T. ) ;
#2803 = MECHANICAL_DESIGN_GEOMETRIC_PRESENTATION_REPRESENTATION (  '', ( #4313 ), #2617 ) ;
#2804 =( BOUNDED_SURFACE ( )  B_SPLINE_SURFACE ( 3, 3, ( 
 ( #2167, #3880, #3096, #2678 ),
 ( #4387, #549, #2649, #69 ),
 ( #2995, #2144, #4294, #3467 ),
 ( #4355, #3047, #4708, #2619 ) ),
 .UNSPECIFIED., .F., .F., .F. ) 
 B_SPLINE_SURFACE_WITH_KNOTS ( ( 4, 4 ),
 ( 4, 4 ),
 ( 0.000000000000000000, 1.000000000000000000 ),
 ( 0.000000000000000000, 1.000000000000000000 ),
 .UNSPECIFIED. ) 
 GEOMETRIC_REPRESENTATION_ITEM ( )  RATIONAL_B_SPLINE_SURFACE ( (
 ( 1.000000000000000000, 0.8047378541243649375, 0.8047378541243649375, 1.000000000000000000),
 ( 0.8047378541242627970, 0.6476030138606054809, 0.6476030138606054809, 0.8047378541242627970),
 ( 0.8047378541242627970, 0.6476030138606054809, 0.6476030138606054809, 0.8047378541242627970),
 ( 1.000000000000000000, 0.8047378541243649375, 0.8047378541243649375, 1.000000000000000000) ) ) 
 REPRESENTATION_ITEM ( '' )  SURFACE ( )  );
#2805 =( CONVERSION_BASED_UNIT ( 'INCH', #5364 ) LENGTH_UNIT ( ) NAMED_UNIT ( #4793 ) );
#2806 = DIRECTION ( 'NONE',  ( 0.000000000000000000, -1.000000000000000000, 0.000000000000000000 ) ) ;
#2807 =( CONVERSION_BASED_UNIT ( 'INCH', #319 ) LENGTH_UNIT ( ) NAMED_UNIT ( #2278 ) );
#2808 = CIRCLE ( 'NONE', #140, 0.0003937007874015747977 ) ;
#2809 = DIRECTION ( 'NONE',  ( -3.106967419659950017E-16, 1.000000000000000000, 4.991641978379239941E-16 ) ) ;
#2810 = ORIENTED_EDGE ( 'NONE', *, *, #621, .T. ) ;
#2811 = CIRCLE ( 'NONE', #3345, 0.0003937007874015758277 ) ;
#2812 = EDGE_CURVE ( 'NONE', #2034, #2819, #4418, .T. ) ;
#2813 = LINE ( 'NONE', #4518, #1162 ) ;
#2814 = CARTESIAN_POINT ( 'NONE',  ( -0.007083429268257209442, 0.09865341117442509578, -0.0002282272589071007913 ) ) ;
#2815 = AXIS2_PLACEMENT_3D ( 'NONE', #4698, #3848, #3371 ) ;
#2816 = CIRCLE ( 'NONE', #2010, 0.0003937007874015587515 ) ;
#2817 = ORIENTED_EDGE ( 'NONE', *, *, #1126, .T. ) ;
#2818 = ADVANCED_FACE ( 'NONE', ( #3599 ), #231, .T. ) ;
#2819 = VERTEX_POINT ( 'NONE', #5355 ) ;
#2820 = CARTESIAN_POINT ( 'NONE',  ( 0.009842519685039375146, 0.03313648383644914042, 0.001968503937007879193 ) ) ;
#2821 = CARTESIAN_POINT ( 'NONE',  ( 0.03920368120834240994, -0.1615837203664608202, -0.0001663975318151112760 ) ) ;
#2822 = MECHANICAL_DESIGN_GEOMETRIC_PRESENTATION_REPRESENTATION (  '', ( #3796 ), #2908 ) ;
#2823 = DIRECTION ( 'NONE',  ( -0.000000000000000000, -0.000000000000000000, 1.000000000000000000 ) ) ;
#2824 = DIRECTION ( 'NONE',  ( 2.094760423821050104E-16, -1.000000000000000000, 0.000000000000000000 ) ) ;
#2825 = DIRECTION ( 'NONE',  ( 1.000000000000000000, 3.261280134836389942E-16, -1.245530905419400051E-16 ) ) ;
#2826 = AXIS2_PLACEMENT_3D ( 'NONE', #539, #4408, #5232 ) ;
#2827 = ORIENTED_EDGE ( 'NONE', *, *, #4449, .T. ) ;
#2828 = CARTESIAN_POINT ( 'NONE',  ( -0.007480314960629982739, 0.09803149606299214891, -0.2082677165354329951 ) ) ;
#2829 =( LENGTH_UNIT ( ) NAMED_UNIT ( * ) SI_UNIT ( $, .METRE. ) );
#2830 = CARTESIAN_POINT ( 'NONE',  ( 0.03932851464212601400, -0.1651366982659448479, -0.2082677165354331061 ) ) ;
#2831 = ORIENTED_EDGE ( 'NONE', *, *, #2125, .T. ) ;
#2832 = DIRECTION ( 'NONE',  ( 0.000000000000000000, -1.000000000000000000, 0.000000000000000000 ) ) ;
#2833 = CARTESIAN_POINT ( 'NONE',  ( -0.003761181288604460368, 0.09781944472971433602, -0.06226057203968929366 ) ) ;
#2834 = FILL_AREA_STYLE ('',( #3230 ) ) ;
#2835 =( NAMED_UNIT ( * ) PLANE_ANGLE_UNIT ( ) SI_UNIT ( $, .RADIAN. ) );
#2836 = CARTESIAN_POINT ( 'NONE',  ( 0.009842519685039369942, -0.1724682673357948171, 0.09821737636023607221 ) ) ;
#2837 = CARTESIAN_POINT ( 'NONE',  ( -0.004330708661417362673, 0.09803149606299214891, -0.06204120636724646393 ) ) ;
#2838 = ORIENTED_EDGE ( 'NONE', *, *, #4631, .F. ) ;
#2839 = DIRECTION ( 'NONE',  ( -1.000000000000000000, -2.094760423821050104E-16, 0.000000000000000000 ) ) ;
#2840 = CIRCLE ( 'NONE', #421, 0.0003937007874015701356 ) ;
#2841 =( LENGTH_UNIT ( ) NAMED_UNIT ( * ) SI_UNIT ( $, .METRE. ) );
#2842 = EDGE_CURVE ( 'NONE', #2671, #1496, #104, .T. ) ;
#2843 = STYLED_ITEM ( 'NONE', ( #4434 ), #1708 ) ;
#2844 = ORIENTED_EDGE ( 'NONE', *, *, #5086, .F. ) ;
#2845 = CARTESIAN_POINT ( 'NONE',  ( -0.003937007874015723691, -0.09331401456919728721, -0.06250245553073220661 ) ) ;
#2846 = SURFACE_SIDE_STYLE ('',( #5413 ) ) ;
#2847 =( GEOMETRIC_REPRESENTATION_CONTEXT ( 3 ) GLOBAL_UNCERTAINTY_ASSIGNED_CONTEXT ( ( #3250 ) ) GLOBAL_UNIT_ASSIGNED_CONTEXT ( ( #4600, #4172, #2498 ) ) REPRESENTATION_CONTEXT ( 'NONE', 'WORKASPACE' ) );
#2848 = UNCERTAINTY_MEASURE_WITH_UNIT (LENGTH_MEASURE( 1.000000000000000082E-05 ), #4133, 'distance_accuracy_value', 'NONE');
#2849 = CARTESIAN_POINT ( 'NONE',  ( -0.007874015748031539322, 0.09803149606299216279, 0.000000000000000000 ) ) ;
#2850 = EDGE_CURVE ( 'NONE', #823, #1913, #5475, .T. ) ;
#2851 = APPLICATION_PROTOCOL_DEFINITION ( 'draft international standard', 'automotive_design', 1998, #3476 ) ;
#2852 = CIRCLE ( 'NONE', #4094, 0.0003937007874015758277 ) ;
#2853 = ORIENTED_EDGE ( 'NONE', *, *, #1991, .F. ) ;
#2854 = SURFACE_SIDE_STYLE ('',( #5016 ) ) ;
#2855 = CARTESIAN_POINT ( 'NONE',  ( -0.007874015748031535852, 0.09842519685039370636, -0.1466202109555881927 ) ) ;
#2856 = UNCERTAINTY_MEASURE_WITH_UNIT (LENGTH_MEASURE( 1.000000000000000082E-05 ), #706, 'distance_accuracy_value', 'NONE');
#2857 = VERTEX_POINT ( 'NONE', #2365 ) ;
#2858 = VECTOR ( 'NONE', #1300, 39.37007874015748143 ) ;
#2859 = DIRECTION ( 'NONE',  ( -0.4082482904637581012, 0.8164965809278038611, 0.4082482904638127796 ) ) ;
#2860 = CYLINDRICAL_SURFACE ( 'NONE', #2152, 0.0003937007874015587515 ) ;
#2861 = PRESENTATION_STYLE_ASSIGNMENT (( #3232 ) ) ;
#2862 = DIRECTION ( 'NONE',  ( 0.4082482904638438659, -0.8164965809277427988, -0.4082482904638488619 ) ) ;
#2863 =( NAMED_UNIT ( * ) PLANE_ANGLE_UNIT ( ) SI_UNIT ( $, .RADIAN. ) );
#2864 = VECTOR ( 'NONE', #182, 39.37007874015748143 ) ;
#2865 = CIRCLE ( 'NONE', #3753, 0.001968503937007877458 ) ;
#2866 = CARTESIAN_POINT ( 'NONE',  ( -0.003937007874015709813, -0.1597865607780586672, -0.2082677165354326343 ) ) ;
#2867 = AXIS2_PLACEMENT_3D ( 'NONE', #3595, #3622, #716 ) ;
#2868 = STYLED_ITEM ( 'NONE', ( #5071 ), #3300 ) ;
#2869 = CARTESIAN_POINT ( 'NONE',  ( -0.004515674892911649904, 0.09862810853758860463, -0.06220640183612226315 ) ) ;
#2870 = CARTESIAN_POINT ( 'NONE',  ( -0.007707618216216443469, 0.09825879931857864347, -0.0001663975318151248827 ) ) ;
#2871 = ORIENTED_EDGE ( 'NONE', *, *, #5427, .F. ) ;
#2872 = ORIENTED_EDGE ( 'NONE', *, *, #4949, .F. ) ;
#2873 = SURFACE_STYLE_USAGE ( .BOTH. , #4183 ) ;
#2874 =( NAMED_UNIT ( * ) PLANE_ANGLE_UNIT ( ) SI_UNIT ( $, .RADIAN. ) );
#2875 = PRESENTATION_LAYER_ASSIGNMENT (  '', '', ( #2423 ) ) ;
#2876 = CARTESIAN_POINT ( 'NONE',  ( 0.03897637795275595007, -0.1649606299212598437, -0.2082677165354331061 ) ) ;
#2877 = PRODUCT_CONTEXT ( 'NONE', #3189, 'mechanical' ) ;
#2878 = ORIENTED_EDGE ( 'NONE', *, *, #225, .F. ) ;
#2879 = EDGE_CURVE ( 'NONE', #171, #3327, #3655, .T. ) ;
#2880 = PRESENTATION_STYLE_ASSIGNMENT (( #4215 ) ) ;
#2881 = DIRECTION ( 'NONE',  ( 3.330669073875470114E-16, -1.000000000000000000, 0.000000000000000000 ) ) ;
#2882 = ORIENTED_EDGE ( 'NONE', *, *, #2984, .F. ) ;
#2883 = DIRECTION ( 'NONE',  ( -1.047380211910519998E-16, 1.000000000000000000, 0.000000000000000000 ) ) ;
#2884 =( LENGTH_UNIT ( ) NAMED_UNIT ( * ) SI_UNIT ( $, .METRE. ) );
#2885 = CARTESIAN_POINT ( 'NONE',  ( 0.01181102362204724393, 0.03510498777345701094, 0.000000000000000000 ) ) ;
#2886 = FILL_AREA_STYLE ('',( #789 ) ) ;
#2887 = CARTESIAN_POINT ( 'NONE',  ( 0.03933476639341010328, -0.1650907975704447028, -0.2081696633931486851 ) ) ;
#2888 = DIMENSIONAL_EXPONENTS ( 1.000000000000000000, 0.000000000000000000, 0.000000000000000000, 0.000000000000000000, 0.000000000000000000, 0.000000000000000000, 0.000000000000000000 ) ;
#2889 = LINE ( 'NONE', #4660, #3997 ) ;
#2890 = ORIENTED_EDGE ( 'NONE', *, *, #4593, .F. ) ;
#2891 = DIRECTION ( 'NONE',  ( -1.000000000000000000, 0.000000000000000000, 0.000000000000000000 ) ) ;
#2892 = MECHANICAL_DESIGN_GEOMETRIC_PRESENTATION_REPRESENTATION (  '', ( #3161 ), #4048 ) ;
#2893 = DIRECTION ( 'NONE',  ( -1.836970198721046944E-16, -1.000000000000000000, 0.000000000000000000 ) ) ;
#2894 =( LENGTH_UNIT ( ) NAMED_UNIT ( * ) SI_UNIT ( $, .METRE. ) );
#2895 = CARTESIAN_POINT ( 'NONE',  ( -0.004103405405830880259, 0.09825879931857857408, -0.1463929077000017676 ) ) ;
#2896 = LENGTH_MEASURE_WITH_UNIT ( LENGTH_MEASURE( 0.02539999999999999897 ), #2141 );
#2897 = ORIENTED_EDGE ( 'NONE', *, *, #4631, .T. ) ;
#2898 = VECTOR ( 'NONE', #3352, 39.37007874015748143 ) ;
#2899 = CARTESIAN_POINT ( 'NONE',  ( -0.007874015748031535852, 0.09842519685039370636, -0.2082677165354326898 ) ) ;
#2900 = CARTESIAN_POINT ( 'NONE',  ( -0.003937007874015723691, -0.09308338998745441240, -0.06227183094898932486 ) ) ;
#2901 = PRESENTATION_LAYER_ASSIGNMENT (  '', '', ( #5051 ) ) ;
#2902 = CIRCLE ( 'NONE', #4781, 0.0003937007874015758277 ) ;
#2903 = UNCERTAINTY_MEASURE_WITH_UNIT (LENGTH_MEASURE( 1.000000000000000082E-05 ), #2791, 'distance_accuracy_value', 'NONE');
#2904 = STYLED_ITEM ( 'NONE', ( #3749 ), #4556 ) ;
#2905 =( NAMED_UNIT ( * ) SI_UNIT ( $, .STERADIAN. ) SOLID_ANGLE_UNIT ( ) );
#2906 = ITEM_DEFINED_TRANSFORMATION ( 'NONE', 'NONE', #1498,  #1220 ) ;
#2907 =( REPRESENTATION_RELATIONSHIP ('NONE','NONE', #4999, #806 ) REPRESENTATION_RELATIONSHIP_WITH_TRANSFORMATION ( #2906 )SHAPE_REPRESENTATION_RELATIONSHIP( ) );
#2908 =( GEOMETRIC_REPRESENTATION_CONTEXT ( 3 ) GLOBAL_UNCERTAINTY_ASSIGNED_CONTEXT ( ( #2848 ) ) GLOBAL_UNIT_ASSIGNED_CONTEXT ( ( #4133, #4653, #753 ) ) REPRESENTATION_CONTEXT ( 'NONE', 'WORKASPACE' ) );
#2909 = CYLINDRICAL_SURFACE ( 'NONE', #2988, 0.0003937007874015587515 ) ;
#2910 =( NAMED_UNIT ( * ) SI_UNIT ( $, .STERADIAN. ) SOLID_ANGLE_UNIT ( ) );
#2911 = COLOUR_RGB ( '',0.7490196078431372584, 0.7490196078431372584, 0.7490196078431372584 ) ;
#2912 = DIRECTION ( 'NONE',  ( 1.000000000000000000, 0.000000000000000000, 0.000000000000000000 ) ) ;
#2913 = ORIENTED_EDGE ( 'NONE', *, *, #3224, .T. ) ;
#2914 = EDGE_CURVE ( 'NONE', #1191, #2990, #4532, .T. ) ;
#2915 = DIRECTION ( 'NONE',  ( 0.000000000000000000, 0.000000000000000000, 1.000000000000000000 ) ) ;
#2916 = CARTESIAN_POINT ( 'NONE',  ( 0.03897637795275595007, -0.1618110236220472731, -0.2082677165354327176 ) ) ;
#2917 = CARTESIAN_POINT ( 'NONE',  ( -0.007874015748031480341, -0.09354463915094016202, -0.1466202109555881927 ) ) ;
#2918 = DIRECTION ( 'NONE',  ( -2.775557561562900029E-15, 1.000000000000000000, 0.000000000000000000 ) ) ;
#2919 = AXIS2_PLACEMENT_3D ( 'NONE', #5092, #5125, #4254 ) ;
#2920 =( LENGTH_UNIT ( ) NAMED_UNIT ( * ) SI_UNIT ( $, .METRE. ) );
#2921 = DIRECTION ( 'NONE',  ( 0.5773502691896112982, 0.5773502691895029404, -0.5773502691897631767 ) ) ;
#2922 = EDGE_CURVE ( 'NONE', #1572, #3475, #4193, .T. ) ;
#2923 = DIRECTION ( 'NONE',  ( 2.710505431213753985E-15, -1.000000000000000000, 0.000000000000000000 ) ) ;
#2924 = CARTESIAN_POINT ( 'NONE',  ( -0.007721973622546921164, 0.09845874433540295623, -0.1466072081231565849 ) ) ;
#2925 =( CONVERSION_BASED_UNIT ( 'INCH', #2472 ) LENGTH_UNIT ( ) NAMED_UNIT ( #2531 ) );
#2926 = SURFACE_STYLE_FILL_AREA ( #4668 ) ;
#2927 = MECHANICAL_DESIGN_GEOMETRIC_PRESENTATION_REPRESENTATION (  '', ( #3368 ), #1482 ) ;
#2928 = ORIENTED_EDGE ( 'NONE', *, *, #2090, .F. ) ;
#2929 = LENGTH_MEASURE_WITH_UNIT ( LENGTH_MEASURE( 0.02539999999999999897 ), #4613 );
#2930 = CARTESIAN_POINT ( 'NONE',  ( -0.004330708661417283743, -0.09275723757613701936, -0.06243490715464801444 ) ) ;
#2931 = MECHANICAL_DESIGN_GEOMETRIC_PRESENTATION_REPRESENTATION (  '', ( #3461 ), #2745 ) ;
#2932 = DIRECTION ( 'NONE',  ( 0.000000000000000000, 0.000000000000000000, 1.000000000000000000 ) ) ;
#2933 = SHAPE_DEFINITION_REPRESENTATION ( #1444, #981 ) ;
#2934 =( GEOMETRIC_REPRESENTATION_CONTEXT ( 3 ) GLOBAL_UNCERTAINTY_ASSIGNED_CONTEXT ( ( #3124 ) ) GLOBAL_UNIT_ASSIGNED_CONTEXT ( ( #3416, #4135, #4590 ) ) REPRESENTATION_CONTEXT ( 'NONE', 'WORKASPACE' ) );
#2935 = ORIENTED_EDGE ( 'NONE', *, *, #3934, .T. ) ;
#2936 = PRESENTATION_STYLE_ASSIGNMENT (( #4960 ) ) ;
#2937 =( GEOMETRIC_REPRESENTATION_CONTEXT ( 3 ) GLOBAL_UNCERTAINTY_ASSIGNED_CONTEXT ( ( #239 ) ) GLOBAL_UNIT_ASSIGNED_CONTEXT ( ( #76, #1419, #180 ) ) REPRESENTATION_CONTEXT ( 'NONE', 'WORKASPACE' ) );
#2938 = SURFACE_STYLE_FILL_AREA ( #3825 ) ;
#2939 = APPLICATION_CONTEXT ( 'automotive_design' ) ;
#2940 = DIRECTION ( 'NONE',  ( 1.000000000000000000, -6.597423637002398832E-32, 1.321694076934689941E-16 ) ) ;
#2941 = SURFACE_STYLE_USAGE ( .BOTH. , #4904 ) ;
#2942 = ORIENTED_EDGE ( 'NONE', *, *, #5189, .T. ) ;
#2943 = STYLED_ITEM ( 'NONE', ( #4711 ), #2255 ) ;
#2944 =( CONVERSION_BASED_UNIT ( 'INCH', #1671 ) LENGTH_UNIT ( ) NAMED_UNIT ( #3780 ) );
#2945 =( NAMED_UNIT ( * ) PLANE_ANGLE_UNIT ( ) SI_UNIT ( $, .RADIAN. ) );
#2946 =( NAMED_UNIT ( * ) SI_UNIT ( $, .STERADIAN. ) SOLID_ANGLE_UNIT ( ) );
#2947 = EDGE_CURVE ( 'NONE', #1241, #3057, #5494, .T. ) ;
#2948 = FILL_AREA_STYLE_COLOUR ( '', #4804 ) ;
#2949 = DIRECTION ( 'NONE',  ( 1.000000000000000000, 0.000000000000000000, 0.000000000000000000 ) ) ;
#2950 = PRESENTATION_LAYER_ASSIGNMENT (  '', '', ( #1061 ) ) ;
#2951 = FACE_OUTER_BOUND ( 'NONE', #2766, .T. ) ;
#2952 =( BOUNDED_SURFACE ( )  B_SPLINE_SURFACE ( 3, 3, ( 
 ( #2104, #3866, #1709, #1649 ),
 ( #3425, #4253, #904, #2525 ),
 ( #4305, #5091, #51, #1229 ),
 ( #473, #1261, #2980, #2180 ) ),
 .UNSPECIFIED., .F., .F., .F. ) 
 B_SPLINE_SURFACE_WITH_KNOTS ( ( 4, 4 ),
 ( 4, 4 ),
 ( 0.000000000000000000, 1.000000000000000000 ),
 ( 0.000000000000000000, 1.000000000000000000 ),
 .UNSPECIFIED. ) 
 GEOMETRIC_REPRESENTATION_ITEM ( )  RATIONAL_B_SPLINE_SURFACE ( (
 ( 1.000000000000000000, 0.3333333333333255433, 0.3333333333333255433, 1.000000000000000000),
 ( 0.9245018060306453567, 0.3081672686768746061, 0.3081672686768746061, 0.9245018060306453567),
 ( 0.9245018060306453567, 0.3081672686768746061, 0.3081672686768746061, 0.9245018060306453567),
 ( 1.000000000000000000, 0.3333333333333255433, 0.3333333333333255433, 1.000000000000000000) ) ) 
 REPRESENTATION_ITEM ( '' )  SURFACE ( )  );
#2953 = EDGE_CURVE ( 'NONE', #4872, #5226, #1151, .T. ) ;
#2954 = EDGE_CURVE ( 'NONE', #176, #1376, #627, .T. ) ;
#2955 = CARTESIAN_POINT ( 'NONE',  ( -0.004330708661417362673, 0.09803149606299214891, -0.0003937007874015748519 ) ) ;
#2956 = CARTESIAN_POINT ( 'NONE',  ( -0.003761181288604327662, 0.09781944472971423887, -0.1464008452831453977 ) ) ;
#2957 = PRESENTATION_LAYER_ASSIGNMENT (  '', '', ( #5380 ) ) ;
#2958 = CARTESIAN_POINT ( 'NONE',  ( -0.004117760812161414333, 0.09847309974173347469, -0.1465928527168260387 ) ) ;
#2959 = ORIENTED_EDGE ( 'NONE', *, *, #2361, .F. ) ;
#2960 = AXIS2_PLACEMENT_3D ( 'NONE', #4381, #392, #3803 ) ;
#2961 = CARTESIAN_POINT ( 'NONE',  ( 0.01097903596297170568, 0.03427300011438148136, 0.0008319876590755390057 ) ) ;
#2962 = CARTESIAN_POINT ( 'NONE',  ( -0.004330708661417362673, 0.09842519685039372024, 0.000000000000000000 ) ) ;
#2963 = EDGE_CURVE ( 'NONE', #3219, #4899, #5099, .T. ) ;
#2964 = LENGTH_MEASURE_WITH_UNIT ( LENGTH_MEASURE( 0.02539999999999999897 ), #5176 );
#2965 = ORIENTED_EDGE ( 'NONE', *, *, #2023, .T. ) ;
#2966 = COLOUR_RGB ( '',0.8313725490196077761, 0.8313725490196077761, 0.8313725490196077761 ) ;
#2967 = DIMENSIONAL_EXPONENTS ( 1.000000000000000000, 0.000000000000000000, 0.000000000000000000, 0.000000000000000000, 0.000000000000000000, 0.000000000000000000, 0.000000000000000000 ) ;
#2968 = FACE_OUTER_BOUND ( 'NONE', #4451, .T. ) ;
#2969 =( CONVERSION_BASED_UNIT ( 'INCH', #754 ) LENGTH_UNIT ( ) NAMED_UNIT ( #3464 ) );
#2970 = LINE ( 'NONE', #5500, #3991 ) ;
#2971 = ORIENTED_EDGE ( 'NONE', *, *, #3805, .T. ) ;
#2972 = CARTESIAN_POINT ( 'NONE',  ( -0.004330708661417248181, -0.1574803149606299191, 0.000000000000000000 ) ) ;
#2973 =( NAMED_UNIT ( * ) SI_UNIT ( $, .STERADIAN. ) SOLID_ANGLE_UNIT ( ) );
#2974 = CARTESIAN_POINT ( 'NONE',  ( -0.003937007874015684659, -0.1574803149606299468, -0.0001630762056587027771 ) ) ;
#2975 = FILL_AREA_STYLE ('',( #5165 ) ) ;
#2976 = ORIENTED_EDGE ( 'NONE', *, *, #885, .F. ) ;
#2977 = PRESENTATION_STYLE_ASSIGNMENT (( #4227 ) ) ;
#2978 = CARTESIAN_POINT ( 'NONE',  ( -0.007575176730505151466, 0.09766991624992898968, -0.2089249375261752473 ) ) ;
#2979 = APPLICATION_CONTEXT ( 'automotive_design' ) ;
#2980 = CARTESIAN_POINT ( 'NONE',  ( -0.008137535951372475151, 0.09766991624992901744, -0.0002988390175262530890 ) ) ;
#2981 = DIRECTION ( 'NONE',  ( -1.000000000000000000, -3.901074224626161147E-47, 1.139876628186359956E-31 ) ) ;
#2982 = CARTESIAN_POINT ( 'NONE',  ( 0.01160320313188960110, 0.03401682555987425166, 0.09645669291338584972 ) ) ;
#2983 = EDGE_LOOP ( 'NONE', ( #1277, #2773, #2233, #5300, #5358 ) ) ;
#2984 = EDGE_CURVE ( 'NONE', #2671, #4020, #2865, .T. ) ;
#2985 = SURFACE_SIDE_STYLE ('',( #2161 ) ) ;
#2986 = CARTESIAN_POINT ( 'NONE',  ( 0.03857949226038295820, -0.1611891085106142985, -0.0002282272589069393536 ) ) ;
#2987 = FILL_AREA_STYLE ('',( #1747 ) ) ;
#2988 = AXIS2_PLACEMENT_3D ( 'NONE', #4132, #310, #5068 ) ;
#2989 = CARTESIAN_POINT ( 'NONE',  ( -0.007874015748031539322, 0.09803149606299216279, -0.06204120636724646393 ) ) ;
#2990 = VERTEX_POINT ( 'NONE', #331 ) ;
#2991 = VECTOR ( 'NONE', #5487, 39.37007874015748143 ) ;
#2992 =( CONVERSION_BASED_UNIT ( 'INCH', #2542 ) LENGTH_UNIT ( ) NAMED_UNIT ( #16 ) );
#2993 = SURFACE_STYLE_FILL_AREA ( #4291 ) ;
#2994 = MECHANICAL_DESIGN_GEOMETRIC_PRESENTATION_REPRESENTATION (  '', ( #479 ), #3173 ) ;
#2995 = CARTESIAN_POINT ( 'NONE',  ( -0.007710939542372885307, -0.09275723757613661691, -0.06243490715464803525 ) ) ;
#2996 = STYLED_ITEM ( 'NONE', ( #3280 ), #1028 ) ;
#2997 = VERTEX_POINT ( 'NONE', #5443 ) ;
#2998 = AXIS2_PLACEMENT_3D ( 'NONE', #73, #1279, #128 ) ;
#2999 = DIRECTION ( 'NONE',  ( -0.000000000000000000, -1.000000000000000000, -0.000000000000000000 ) ) ;
#3000 = AXIS2_PLACEMENT_3D ( 'NONE', #747, #2823, #4099 ) ;
#3001 =( LENGTH_UNIT ( ) NAMED_UNIT ( * ) SI_UNIT ( $, .METRE. ) );
#3002 = CARTESIAN_POINT ( 'NONE',  ( -0.004330708661417252518, -0.1574803149606299191, 0.000000000000000000 ) ) ;
#3003 = PLANE ( 'NONE',  #3015 ) ;
#3004 = DIMENSIONAL_EXPONENTS ( 1.000000000000000000, 0.000000000000000000, 0.000000000000000000, 0.000000000000000000, 0.000000000000000000, 0.000000000000000000, 0.000000000000000000 ) ;
#3005 = CARTESIAN_POINT ( 'NONE',  ( -2.185478394931409404E-17, -0.1023622047244094613, 0.09842519685039370636 ) ) ;
#3006 = FILL_AREA_STYLE ('',( #3842 ) ) ;
#3007 = ORIENTED_EDGE ( 'NONE', *, *, #3151, .T. ) ;
#3008 = CARTESIAN_POINT ( 'NONE',  ( -0.004381867053114611027, -0.1649606299212598715, 0.000000000000000000 ) ) ;
#3009 = CARTESIAN_POINT ( 'NONE',  ( -0.004381867053114604955, -0.1649606299212598437, 0.000000000000000000 ) ) ;
#3010 = DIRECTION ( 'NONE',  ( 1.000000000000000000, 5.891513691996699874E-17, 0.000000000000000000 ) ) ;
#3011 = EDGE_CURVE ( 'NONE', #1941, #4487, #281, .T. ) ;
#3012 = MECHANICAL_DESIGN_GEOMETRIC_PRESENTATION_REPRESENTATION (  '', ( #4076 ), #495 ) ;
#3013 = CYLINDRICAL_SURFACE ( 'NONE', #4199, 0.001968503937007874856 ) ;
#3014 = PRODUCT_DEFINITION_SHAPE ( 'NONE', 'NONE',  #5533 ) ;
#3015 = AXIS2_PLACEMENT_3D ( 'NONE', #1226, #4712, #870 ) ;
#3016 = ORIENTED_EDGE ( 'NONE', *, *, #2842, .F. ) ;
#3017 = FILL_AREA_STYLE_COLOUR ( '', #4662 ) ;
#3018 = AXIS2_PLACEMENT_3D ( 'NONE', #2526, #5197, #399 ) ;
#3019 = EDGE_CURVE ( 'NONE', #5334, #4468, #4278, .T. ) ;
#3020 = ADVANCED_FACE ( 'NONE', ( #3373 ), #4184, .T. ) ;
#3021 = CARTESIAN_POINT ( 'NONE',  ( -0.01181102362204724393, -0.1715879256123697127, 0.000000000000000000 ) ) ;
#3022 = VERTEX_POINT ( 'NONE', #4649 ) ;
#3023 = LENGTH_MEASURE_WITH_UNIT ( LENGTH_MEASURE( 0.02539999999999999897 ), #1278 );
#3024 = CARTESIAN_POINT ( 'NONE',  ( 0.01097903596297171089, -0.1727244418903020051, 0.0008319876590755134185 ) ) ;
#3025 = DIRECTION ( 'NONE',  ( 0.000000000000000000, -1.000000000000000000, 0.000000000000000000 ) ) ;
#3026 = CARTESIAN_POINT ( 'NONE',  ( -0.007832451650000045798, 0.09803149606299213503, -0.1464441426109031885 ) ) ;
#3027 =( GEOMETRIC_REPRESENTATION_CONTEXT ( 3 ) GLOBAL_UNCERTAINTY_ASSIGNED_CONTEXT ( ( #175 ) ) GLOBAL_UNIT_ASSIGNED_CONTEXT ( ( #1901, #4046, #5009 ) ) REPRESENTATION_CONTEXT ( 'NONE', 'WORKASPACE' ) );
#3028 = ORIENTED_EDGE ( 'NONE', *, *, #2185, .F. ) ;
#3029 =( LENGTH_UNIT ( ) NAMED_UNIT ( * ) SI_UNIT ( $, .METRE. ) );
#3030 =( NAMED_UNIT ( * ) PLANE_ANGLE_UNIT ( ) SI_UNIT ( $, .RADIAN. ) );
#3031 = PLANE ( 'NONE',  #1218 ) ;
#3032 = CARTESIAN_POINT ( 'NONE',  ( -0.003673487670674900184, 0.09812635783286735580, -0.2079061367223695167 ) ) ;
#3033 = VERTEX_POINT ( 'NONE', #3766 ) ;
#3034 = DIMENSIONAL_EXPONENTS ( 1.000000000000000000, 0.000000000000000000, 0.000000000000000000, 0.000000000000000000, 0.000000000000000000, 0.000000000000000000, 0.000000000000000000 ) ;
#3035 = CARTESIAN_POINT ( 'NONE',  ( 3.422042158217026140E-17, -0.1653543307086614012, -0.0001630762056586988469 ) ) ;
#3036 = SURFACE_STYLE_FILL_AREA ( #2186 ) ;
#3037 =( CONVERSION_BASED_UNIT ( 'INCH', #5174 ) LENGTH_UNIT ( ) NAMED_UNIT ( #2068 ) );
#3038 = COLOUR_RGB ( '',0.8313725490196077761, 0.8313725490196077761, 0.8313725490196077761 ) ;
#3039 = PRESENTATION_STYLE_ASSIGNMENT (( #5204 ) ) ;
#3040 =( CONVERSION_BASED_UNIT ( 'INCH', #4347 ) LENGTH_UNIT ( ) NAMED_UNIT ( #4683 ) );
#3041 = VECTOR ( 'NONE', #4864, 39.37007874015748143 ) ;
#3042 = AXIS2_PLACEMENT_3D ( 'NONE', #4447, #664, #262 ) ;
#3043 = ORIENTED_EDGE ( 'NONE', *, *, #2361, .T. ) ;
#3044 = CARTESIAN_POINT ( 'NONE',  ( 0.03914185148125032265, -0.1622079093144203621, -0.2088896316468661363 ) ) ;
#3045 = UNCERTAINTY_MEASURE_WITH_UNIT (LENGTH_MEASURE( 1.000000000000000082E-05 ), #3210, 'distance_accuracy_value', 'NONE');
#3046 =( NAMED_UNIT ( * ) SI_UNIT ( $, .STERADIAN. ) SOLID_ANGLE_UNIT ( ) );
#3047 = CARTESIAN_POINT ( 'NONE',  ( -0.007480314960629921156, -0.09298786215787950560, -0.06243490715464802832 ) ) ;
#3048 = VERTEX_POINT ( 'NONE', #802 ) ;
#3049 = EDGE_CURVE ( 'NONE', #427, #1376, #2587, .T. ) ;
#3050 = CARTESIAN_POINT ( 'NONE',  ( 0.01066988732751195969, 0.03115205537458531210, 0.09956626847055045915 ) ) ;
#3051 = CARTESIAN_POINT ( 'NONE',  ( -0.007874015748031457790, -0.09275723757613701936, -0.06243490715464802832 ) ) ;
#3052 = CARTESIAN_POINT ( 'NONE',  ( -0.004103405405830900209, 0.09825879931857860183, -0.06226850962283293073 ) ) ;
#3053 = ADVANCED_FACE ( 'NONE', ( #3792 ), #5521, .F. ) ;
#3054 = CARTESIAN_POINT ( 'NONE',  ( -0.007838703401284030994, 0.09793344292070779722, -0.06217137401643138550 ) ) ;
#3055 =( NAMED_UNIT ( * ) SI_UNIT ( $, .STERADIAN. ) SOLID_ANGLE_UNIT ( ) );
#3056 = FACE_OUTER_BOUND ( 'NONE', #3277, .T. ) ;
#3057 = VERTEX_POINT ( 'NONE', #2989 ) ;
#3058 =( CONVERSION_BASED_UNIT ( 'INCH', #569 ) LENGTH_UNIT ( ) NAMED_UNIT ( #2132 ) );
#3059 = SURFACE_SIDE_STYLE ('',( #5205 ) ) ;
#3060 = CIRCLE ( 'NONE', #1354, 0.0003937007874015587515 ) ;
#3061 = EDGE_LOOP ( 'NONE', ( #2588, #4493, #3212, #5101, #5311, #5201, #3736, #5074 ) ) ;
#3062 = DIRECTION ( 'NONE',  ( 1.000000000000000000, 2.168404344971008079E-15, 0.000000000000000000 ) ) ;
#3063 = SURFACE_STYLE_FILL_AREA ( #1721 ) ;
#3064 = DIMENSIONAL_EXPONENTS ( 1.000000000000000000, 0.000000000000000000, 0.000000000000000000, 0.000000000000000000, 0.000000000000000000, 0.000000000000000000, 0.000000000000000000 ) ;
#3065 = PRESENTATION_LAYER_ASSIGNMENT (  '', '', ( #48 ) ) ;
#3066 = DIRECTION ( 'NONE',  ( -1.000000000000000000, -1.301042606982605321E-13, 0.000000000000000000 ) ) ;
#3067 = DIRECTION ( 'NONE',  ( -0.000000000000000000, -1.000000000000000000, -4.991641978379239941E-16 ) ) ;
#3068 = ORIENTED_EDGE ( 'NONE', *, *, #3434, .T. ) ;
#3069 = MECHANICAL_DESIGN_GEOMETRIC_PRESENTATION_REPRESENTATION (  '', ( #2536 ), #4507 ) ;
#3070 = CARTESIAN_POINT ( 'NONE',  ( 0.01163446188830984281, 0.03378732208237360951, 0.09596642720196428555 ) ) ;
#3071 = COLOUR_RGB ( '',0.8313725490196077761, 0.8313725490196077761, 0.8313725490196077761 ) ;
#3072 = DIRECTION ( 'NONE',  ( -1.000000000000000000, 0.000000000000000000, 0.000000000000000000 ) ) ;
#3073 = EDGE_CURVE ( 'NONE', #328, #4535, #359, .T. ) ;
#3074 = AXIS2_PLACEMENT_3D ( 'NONE', #4743, #134, #1822 ) ;
#3075 =( GEOMETRIC_REPRESENTATION_CONTEXT ( 3 ) GLOBAL_UNCERTAINTY_ASSIGNED_CONTEXT ( ( #5180 ) ) GLOBAL_UNIT_ASSIGNED_CONTEXT ( ( #815, #5079, #2946 ) ) REPRESENTATION_CONTEXT ( 'NONE', 'WORKASPACE' ) );
#3076 = SURFACE_SIDE_STYLE ('',( #2156 ) ) ;
#3077 = CARTESIAN_POINT ( 'NONE',  ( -0.007874015748031494219, -0.09275723757613661691, -0.06204120636724635984 ) ) ;
#3078 =( NAMED_UNIT ( * ) PLANE_ANGLE_UNIT ( ) SI_UNIT ( $, .RADIAN. ) );
#3079 = FILL_AREA_STYLE ('',( #4368 ) ) ;
#3080 = EDGE_CURVE ( 'NONE', #4468, #594, #2189, .T. ) ;
#3081 = EDGE_CURVE ( 'NONE', #3417, #1741, #3485, .T. ) ;
#3082 = COLOUR_RGB ( '',0.8313725490196077761, 0.8313725490196077761, 0.8313725490196077761 ) ;
#3083 = ORIENTED_EDGE ( 'NONE', *, *, #694, .T. ) ;
#3084 = CARTESIAN_POINT ( 'NONE',  ( 0.009842519685039373412, -0.1735564295493775833, 0.09645669291338584972 ) ) ;
#3085 = CARTESIAN_POINT ( 'NONE',  ( -0.004727594353790129898, 0.09865341117442504026, -0.0002282272589070435454 ) ) ;
#3086 =( LENGTH_UNIT ( ) NAMED_UNIT ( * ) SI_UNIT ( $, .METRE. ) );
#3087 = PRESENTATION_STYLE_ASSIGNMENT (( #4918 ) ) ;
#3088 = SURFACE_STYLE_USAGE ( .BOTH. , #5132 ) ;
#3089 = EDGE_LOOP ( 'NONE', ( #4032, #777, #4289, #96 ) ) ;
#3090 = CARTESIAN_POINT ( 'NONE',  ( -0.003937007874015706343, -0.09275723757613701936, -0.06204120636724646393 ) ) ;
#3091 =( CONVERSION_BASED_UNIT ( 'INCH', #1805 ) LENGTH_UNIT ( ) NAMED_UNIT ( #253 ) );
#3092 = UNCERTAINTY_MEASURE_WITH_UNIT (LENGTH_MEASURE( 1.000000000000000082E-05 ), #739, 'distance_accuracy_value', 'NONE');
#3093 = VECTOR ( 'NONE', #4855, 39.37007874015748143 ) ;
#3094 = DIRECTION ( 'NONE',  ( 5.891513691996699874E-17, -1.000000000000000000, 0.000000000000000000 ) ) ;
#3095 = SURFACE_SIDE_STYLE ('',( #890 ) ) ;
#3096 = CARTESIAN_POINT ( 'NONE',  ( -0.007874015748031508097, -0.09354463915093996773, -0.06236735877856373206 ) ) ;
#3097 = CARTESIAN_POINT ( 'NONE',  ( 0.009352253973617819655, -0.1722387638582942027, 0.09824863511665633820 ) ) ;
#3098 = AXIS2_PLACEMENT_3D ( 'NONE', #1647, #2154, #2122 ) ;
#3099 = ORIENTED_EDGE ( 'NONE', *, *, #4003, .F. ) ;
#3100 = PRODUCT_DEFINITION_SHAPE ( 'NONE', 'NONE',  #5530 ) ;
#3101 = SURFACE_SIDE_STYLE ('',( #3605 ) ) ;
#3102 = DIRECTION ( 'NONE',  ( -1.000000000000000000, 0.000000000000000000, 0.000000000000000000 ) ) ;
#3103 = CARTESIAN_POINT ( 'NONE',  ( 0.009842519685039361269, 0.03313648383644912654, 0.001968503937007873988 ) ) ;
#3104 = DIMENSIONAL_EXPONENTS ( 1.000000000000000000, 0.000000000000000000, 0.000000000000000000, 0.000000000000000000, 0.000000000000000000, 0.000000000000000000, 0.000000000000000000 ) ;
#3105 = EDGE_LOOP ( 'NONE', ( #1803, #5465, #3675, #4508 ) ) ;
#3106 = AXIS2_PLACEMENT_3D ( 'NONE', #3511, #3916, #3174 ) ;
#3107 = CARTESIAN_POINT ( 'NONE',  ( -0.007480314960629900339, -0.09940944881889764162, 0.000000000000000000 ) ) ;
#3108 = EDGE_CURVE ( 'NONE', #642, #2797, #3410, .T. ) ;
#3109 = SURFACE_STYLE_USAGE ( .BOTH. , #499 ) ;
#3110 = CARTESIAN_POINT ( 'NONE',  ( -2.095451586049291213E-17, -0.1023622047244094613, 0.000000000000000000 ) ) ;
#3111 = CARTESIAN_POINT ( 'NONE',  ( 0.01181102362204724046, 0.03313648383644913348, 0.001968503937007873988 ) ) ;
#3112 = LENGTH_MEASURE_WITH_UNIT ( LENGTH_MEASURE( 0.02539999999999999897 ), #2238 );
#3113 = PRESENTATION_STYLE_ASSIGNMENT (( #5310 ) ) ;
#3114 = ORIENTED_EDGE ( 'NONE', *, *, #1266, .T. ) ;
#3115 = CIRCLE ( 'NONE', #178, 0.0003937007874015758277 ) ;
#3116 = ADVANCED_FACE ( 'NONE', ( #3487 ), #3013, .T. ) ;
#3117 = CYLINDRICAL_SURFACE ( 'NONE', #3953, 0.001968503937007874856 ) ;
#3118 =( LENGTH_UNIT ( ) NAMED_UNIT ( * ) SI_UNIT ( $, .METRE. ) );
#3119 = DIRECTION ( 'NONE',  ( 0.5773502691895678884, -0.5773502691896547079, -0.5773502691896547079 ) ) ;
#3120 = DIRECTION ( 'NONE',  ( 1.000000000000000000, -0.000000000000000000, -0.000000000000000000 ) ) ;
#3121 = EDGE_LOOP ( 'NONE', ( #1880, #2665, #1058, #3785, #4442 ) ) ;
#3122 = CARTESIAN_POINT ( 'NONE',  ( 0.009352253973617838737, -0.1722387638582942027, 0.09824863511665631044 ) ) ;
#3123 =( BOUNDED_SURFACE ( )  B_SPLINE_SURFACE ( 3, 3, ( 
 ( #1517, #3243, #2364, #4924 ),
 ( #259, #4955, #2674, #545 ),
 ( #1841, #3551, #5265, #1410 ),
 ( #3122, #3296, #3790, #1983 ) ),
 .UNSPECIFIED., .F., .F., .F. ) 
 B_SPLINE_SURFACE_WITH_KNOTS ( ( 4, 4 ),
 ( 4, 4 ),
 ( 0.000000000000000000, 1.000000000000000000 ),
 ( 0.000000000000000000, 1.000000000000000000 ),
 .UNSPECIFIED. ) 
 GEOMETRIC_REPRESENTATION_ITEM ( )  RATIONAL_B_SPLINE_SURFACE ( (
 ( 1.000000000000000000, 0.3333333333333322046, 0.3333333333333322046, 1.000000000000000000),
 ( 0.9245018060306389174, 0.3081672686768786029, 0.3081672686768786029, 0.9245018060306389174),
 ( 0.9245018060306389174, 0.3081672686768786029, 0.3081672686768786029, 0.9245018060306389174),
 ( 1.000000000000000000, 0.3333333333333322046, 0.3333333333333322046, 1.000000000000000000) ) ) 
 REPRESENTATION_ITEM ( '' )  SURFACE ( )  );
#3124 = UNCERTAINTY_MEASURE_WITH_UNIT (LENGTH_MEASURE( 1.000000000000000082E-05 ), #3416, 'distance_accuracy_value', 'NONE');
#3125 = MECHANICAL_DESIGN_GEOMETRIC_PRESENTATION_REPRESENTATION (  '', ( #732 ), #4123 ) ;
#3126 = SURFACE_SIDE_STYLE ('',( #4928 ) ) ;
#3127 = STYLED_ITEM ( 'NONE', ( #580 ), #2818 ) ;
#3128 = ORIENTED_EDGE ( 'NONE', *, *, #1360, .T. ) ;
#3129 = CIRCLE ( 'NONE', #2867, 0.0003937007874015587515 ) ;
#3130 = MECHANICAL_DESIGN_GEOMETRIC_PRESENTATION_REPRESENTATION (  '', ( #197 ), #5292 ) ;
#3131 = LENGTH_MEASURE_WITH_UNIT ( LENGTH_MEASURE( 0.02539999999999999897 ), #2371 );
#3132 = DIRECTION ( 'NONE',  ( -0.000000000000000000, 1.000000000000000000, 0.000000000000000000 ) ) ;
#3133 = LENGTH_MEASURE_WITH_UNIT ( LENGTH_MEASURE( 0.02539999999999999897 ), #3911 );
#3134 = PRESENTATION_LAYER_ASSIGNMENT (  '', '', ( #3583 ) ) ;
#3135 = VERTEX_POINT ( 'NONE', #4287 ) ;
#3136 = CIRCLE ( 'NONE', #1250, 0.0003937007874015747977 ) ;
#3137 = DIRECTION ( 'NONE',  ( -1.000000000000000000, 0.000000000000000000, 0.000000000000000000 ) ) ;
#3138 =( NAMED_UNIT ( * ) SI_UNIT ( $, .STERADIAN. ) SOLID_ANGLE_UNIT ( ) );
#3139 = AXIS2_PLACEMENT_3D ( 'NONE', #1362, #3864, #2206 ) ;
#3140 = VECTOR ( 'NONE', #1473, 39.37007874015748143 ) ;
#3141 = CARTESIAN_POINT ( 'NONE',  ( -0.007710939542372553974, -0.1574803149606299191, -0.2086614173228342195 ) ) ;
#3142 = CARTESIAN_POINT ( 'NONE',  ( 0.03963359894349846591, -0.1621726034351103074, -0.0002988390175264082384 ) ) ;
#3143 = LINE ( 'NONE', #4401, #3734 ) ;
#3144 = DIRECTION ( 'NONE',  ( -2.710505431213753985E-15, 1.000000000000000000, 0.000000000000000000 ) ) ;
#3145 = VERTEX_POINT ( 'NONE', #2028 ) ;
#3146 = DIMENSIONAL_EXPONENTS ( 1.000000000000000000, 0.000000000000000000, 0.000000000000000000, 0.000000000000000000, 0.000000000000000000, 0.000000000000000000, 0.000000000000000000 ) ;
#3147 = CARTESIAN_POINT ( 'NONE',  ( -0.004330708661417363541, 0.09842519685039372024, -0.0003937007874015748519 ) ) ;
#3148 = SURFACE_STYLE_FILL_AREA ( #1433 ) ;
#3149 = CARTESIAN_POINT ( 'NONE',  ( 0.03887832481047164696, -0.1653190183619139275, -0.0002635331382166923629 ) ) ;
#3150 = CARTESIAN_POINT ( 'NONE',  ( -0.007480314960629962789, 0.09842519685039372024, -0.0003937007874015748519 ) ) ;
#3151 = EDGE_CURVE ( 'NONE', #2034, #1846, #3725, .T. ) ;
#3152 = EDGE_LOOP ( 'NONE', ( #3028, #3954, #2743, #3290 ) ) ;
#3153 = CARTESIAN_POINT ( 'NONE',  ( 0.03897637795275595007, -0.1614173228346457156, -0.0003937007874015748519 ) ) ;
#3154 = FILL_AREA_STYLE_COLOUR ( '', #924 ) ;
#3155 = MANIFOLD_SOLID_BREP ( 'Imported1', #2705 ) ;
#3156 = MECHANICAL_DESIGN_GEOMETRIC_PRESENTATION_REPRESENTATION (  '', ( #1537 ), #5313 ) ;
#3157 = LENGTH_MEASURE_WITH_UNIT ( LENGTH_MEASURE( 0.02539999999999999897 ), #4870 );
#3158 = EDGE_CURVE ( 'NONE', #623, #3659, #541, .T. ) ;
#3159 = CARTESIAN_POINT ( 'NONE',  ( 0.1043307086614173318, -0.06922572088796025147, 0.2637795275590551491 ) ) ;
#3160 = VERTEX_POINT ( 'NONE', #1972 ) ;
#3161 = STYLED_ITEM ( 'NONE', ( #3499 ), #267 ) ;
#3162 = CARTESIAN_POINT ( 'NONE',  ( 0.009842519685039369942, -0.1715879256123697127, 0.001968503937007873988 ) ) ;
#3163 = FILL_AREA_STYLE ('',( #3606 ) ) ;
#3164 = CARTESIAN_POINT ( 'NONE',  ( -0.004330708661417248181, -0.1574803149606299191, 0.000000000000000000 ) ) ;
#3165 = CARTESIAN_POINT ( 'NONE',  ( -0.007497514681104218426, 0.09839885748383656039, -0.1464279303849288505 ) ) ;
#3166 = VECTOR ( 'NONE', #40, 39.37007874015748143 ) ;
#3167 = VERTEX_POINT ( 'NONE', #5458 ) ;
#3168 = CYLINDRICAL_SURFACE ( 'NONE', #994, 0.001968503937007879193 ) ;
#3169 = CARTESIAN_POINT ( 'NONE',  ( 0.03920368120834247933, -0.1651879331768462966, -0.2084950197910195591 ) ) ;
#3170 = CIRCLE ( 'NONE', #2815, 0.001968503937007879193 ) ;
#3171 = FILL_AREA_STYLE ('',( #106 ) ) ;
#3172 = CARTESIAN_POINT ( 'NONE',  ( -0.004100084079674407196, -0.09315093836353857681, -0.1462265101681866353 ) ) ;
#3173 =( GEOMETRIC_REPRESENTATION_CONTEXT ( 3 ) GLOBAL_UNCERTAINTY_ASSIGNED_CONTEXT ( ( #4016 ) ) GLOBAL_UNIT_ASSIGNED_CONTEXT ( ( #4252, #3837, #533 ) ) REPRESENTATION_CONTEXT ( 'NONE', 'WORKASPACE' ) );
#3174 = DIRECTION ( 'NONE',  ( -0.5773502691896547079, 0.5773502691896112982, -0.5773502691896112982 ) ) ;
#3175 = FACE_OUTER_BOUND ( 'NONE', #255, .T. ) ;
#3176 =( LENGTH_UNIT ( ) NAMED_UNIT ( * ) SI_UNIT ( $, .METRE. ) );
#3177 = ORIENTED_EDGE ( 'NONE', *, *, #1608, .F. ) ;
#3178 = DIRECTION ( 'NONE',  ( -1.000000000000000000, 4.625929269271489858E-16, 0.000000000000000000 ) ) ;
#3179 = PRESENTATION_STYLE_ASSIGNMENT (( #4090 ) ) ;
#3180 = AXIS2_PLACEMENT_3D ( 'NONE', #882, #1237, #1770 ) ;
#3181 = SURFACE_STYLE_FILL_AREA ( #1458 ) ;
#3182 = ORIENTED_EDGE ( 'NONE', *, *, #31, .F. ) ;
#3183 =( CONVERSION_BASED_UNIT ( 'INCH', #4015 ) LENGTH_UNIT ( ) NAMED_UNIT ( #4720 ) );
#3184 = CARTESIAN_POINT ( 'NONE',  ( -0.007707618216216434795, 0.09825879931857860183, -0.1463929077000017398 ) ) ;
#3185 = UNCERTAINTY_MEASURE_WITH_UNIT (LENGTH_MEASURE( 1.000000000000000082E-05 ), #1355, 'distance_accuracy_value', 'NONE');
#3186 = FILL_AREA_STYLE_COLOUR ( '', #1068 ) ;
#3187 = VERTEX_POINT ( 'NONE', #4830 ) ;
#3188 = EDGE_CURVE ( 'NONE', #5226, #277, #4379, .T. ) ;
#3189 = APPLICATION_CONTEXT ( 'automotive_design' ) ;
#3190 = CARTESIAN_POINT ( 'NONE',  ( 0.01097903596297171262, 0.03427300011438148830, 0.09759320919131816985 ) ) ;
#3191 =( NAMED_UNIT ( * ) SI_UNIT ( $, .STERADIAN. ) SOLID_ANGLE_UNIT ( ) );
#3192 = PRESENTATION_LAYER_ASSIGNMENT (  '', '', ( #4168 ) ) ;
#3193 = SURFACE_STYLE_FILL_AREA ( #1447 ) ;
#3194 = CARTESIAN_POINT ( 'NONE',  ( -0.007707618216216442601, 0.09825879931857864347, -0.1463929077000017398 ) ) ;
#3195 = UNCERTAINTY_MEASURE_WITH_UNIT (LENGTH_MEASURE( 1.000000000000000082E-05 ), #3752, 'distance_accuracy_value', 'NONE');
#3196 = ORIENTED_EDGE ( 'NONE', *, *, #1771, .T. ) ;
#3197 =( BOUNDED_SURFACE ( )  B_SPLINE_SURFACE ( 3, 3, ( 
 ( #5022, #3309, #4992, #2377 ),
 ( #1908, #2776, #4939, #3670 ),
 ( #1143, #2833, #1475, #2408 ),
 ( #4116, #5426, #300, #4142 ) ),
 .UNSPECIFIED., .F., .F., .F. ) 
 B_SPLINE_SURFACE_WITH_KNOTS ( ( 4, 4 ),
 ( 4, 4 ),
 ( 0.000000000000000000, 1.000000000000000000 ),
 ( 0.000000000000000000, 1.000000000000000000 ),
 .UNSPECIFIED. ) 
 GEOMETRIC_REPRESENTATION_ITEM ( )  RATIONAL_B_SPLINE_SURFACE ( (
 ( 1.000000000000000000, 0.3333333333333289294, 0.3333333333333289294, 1.000000000000000000),
 ( 0.9245018060306390284, 0.3081672686768756053, 0.3081672686768756053, 0.9245018060306390284),
 ( 0.9245018060306390284, 0.3081672686768756053, 0.3081672686768756053, 0.9245018060306390284),
 ( 1.000000000000000000, 0.3333333333333289294, 0.3333333333333289294, 1.000000000000000000) ) ) 
 REPRESENTATION_ITEM ( '' )  SURFACE ( )  );
#3198 = CARTESIAN_POINT ( 'NONE',  ( -0.004330708661417334050, 0.09803149606299216279, -0.06204120636724647087 ) ) ;
#3199 = CARTESIAN_POINT ( 'NONE',  ( 0.007858091223175553766, 0.03396385147892172496, -0.001141071620156724380 ) ) ;
#3200 = CARTESIAN_POINT ( 'NONE',  ( -0.007874015748031535852, 0.09842519685039370636, -0.0003937007874015748519 ) ) ;
#3201 = SURFACE_STYLE_USAGE ( .BOTH. , #5308 ) ;
#3202 = CARTESIAN_POINT ( 'NONE',  ( 0.03941798163149725504, -0.1617836653832851468, -0.0001807529381456832152 ) ) ;
#3203 = FACE_OUTER_BOUND ( 'NONE', #5439, .T. ) ;
#3204 = CARTESIAN_POINT ( 'NONE',  ( 0.03911088640309542258, -0.1651879331768463521, -0.2085878145962665187 ) ) ;
#3205 =( GEOMETRIC_REPRESENTATION_CONTEXT ( 3 ) GLOBAL_UNCERTAINTY_ASSIGNED_CONTEXT ( ( #3185 ) ) GLOBAL_UNIT_ASSIGNED_CONTEXT ( ( #1355, #3443, #1082 ) ) REPRESENTATION_CONTEXT ( 'NONE', 'WORKASPACE' ) );
#3206 = ORIENTED_EDGE ( 'NONE', *, *, #5459, .T. ) ;
#3207 = PRESENTATION_LAYER_ASSIGNMENT (  '', '', ( #428 ) ) ;
#3208 = FILL_AREA_STYLE ('',( #1894 ) ) ;
#3209 = CARTESIAN_POINT ( 'NONE',  ( -0.007480314960629922023, -0.09354463915094014814, -0.03121745357732397599 ) ) ;
#3210 =( CONVERSION_BASED_UNIT ( 'INCH', #2306 ) LENGTH_UNIT ( ) NAMED_UNIT ( #1704 ) );
#3211 = VECTOR ( 'NONE', #44, 39.37007874015748143 ) ;
#3212 = ORIENTED_EDGE ( 'NONE', *, *, #694, .F. ) ;
#3213 = ORIENTED_EDGE ( 'NONE', *, *, #4138, .F. ) ;
#3214 = FILL_AREA_STYLE_COLOUR ( '', #2142 ) ;
#3215 = SURFACE_SIDE_STYLE ('',( #1870 ) ) ;
#3216 = CARTESIAN_POINT ( 'NONE',  ( -0.03543307086614169710, -0.1715879256123697127, 0.001968503937007873988 ) ) ;
#3217 = DIRECTION ( 'NONE',  ( 1.000000000000000000, 0.000000000000000000, 0.000000000000000000 ) ) ;
#3218 = AXIS2_PLACEMENT_3D ( 'NONE', #969, #2592, #3066 ) ;
#3219 = VERTEX_POINT ( 'NONE', #1595 ) ;
#3220 =( LENGTH_UNIT ( ) NAMED_UNIT ( * ) SI_UNIT ( $, .METRE. ) );
#3221 = AXIS2_PLACEMENT_3D ( 'NONE', #2314, #5269, #3552 ) ;
#3222 = DIRECTION ( 'NONE',  ( -5.891513691996699874E-17, 1.000000000000000000, 0.000000000000000000 ) ) ;
#3223 = ORIENTED_EDGE ( 'NONE', *, *, #1991, .T. ) ;
#3224 = EDGE_CURVE ( 'NONE', #1297, #4888, #1693, .T. ) ;
#3225 =( GEOMETRIC_REPRESENTATION_CONTEXT ( 3 ) GLOBAL_UNCERTAINTY_ASSIGNED_CONTEXT ( ( #2903 ) ) GLOBAL_UNIT_ASSIGNED_CONTEXT ( ( #2791, #1079, #2389 ) ) REPRESENTATION_CONTEXT ( 'NONE', 'WORKASPACE' ) );
#3226 = VECTOR ( 'NONE', #3523, 39.37007874015748143 ) ;
#3227 = PRESENTATION_STYLE_ASSIGNMENT (( #1883 ) ) ;
#3228 = PRESENTATION_STYLE_ASSIGNMENT (( #4882 ) ) ;
#3229 = LINE ( 'NONE', #1590, #5513 ) ;
#3230 = FILL_AREA_STYLE_COLOUR ( '', #1790 ) ;
#3231 = CYLINDRICAL_SURFACE ( 'NONE', #1399, 0.001968503937007879193 ) ;
#3232 = SURFACE_STYLE_USAGE ( .BOTH. , #1144 ) ;
#3233 = STYLED_ITEM ( 'NONE', ( #1855 ), #3492 ) ;
#3234 = CARTESIAN_POINT ( 'NONE',  ( 0.03899357767323011897, -0.1651529104919192137, -0.2086350779562775315 ) ) ;
#3235 = DIRECTION ( 'NONE',  ( -1.000000000000000000, 0.000000000000000000, 0.000000000000000000 ) ) ;
#3236 = EDGE_LOOP ( 'NONE', ( #3584, #2971, #4514, #2426, #1291 ) ) ;
#3237 = AXIS2_PLACEMENT_3D ( 'NONE', #560, #1852, #3137 ) ;
#3238 = DIRECTION ( 'NONE',  ( 1.000000000000000000, 1.586032892321650017E-16, 0.000000000000000000 ) ) ;
#3239 = CARTESIAN_POINT ( 'NONE',  ( -0.007707618216216433928, 0.09825879931857861571, -0.0001663975318151094329 ) ) ;
#3240 = VERTEX_POINT ( 'NONE', #707 ) ;
#3241 = LINE ( 'NONE', #1543, #2437 ) ;
#3242 =( LENGTH_UNIT ( ) NAMED_UNIT ( * ) SI_UNIT ( $, .METRE. ) );
#3243 = CARTESIAN_POINT ( 'NONE',  ( 0.01097903596297170048, -0.1727244418903020606, 0.09759320919131816985 ) ) ;
#3244 = CARTESIAN_POINT ( 'NONE',  ( -0.007800413021463355363, 0.09816600451333165611, -0.1463929077000017398 ) ) ;
#3245 = UNCERTAINTY_MEASURE_WITH_UNIT (LENGTH_MEASURE( 1.000000000000000082E-05 ), #5168, 'distance_accuracy_value', 'NONE');
#3246 = DIRECTION ( 'NONE',  ( -1.000000000000000000, 0.000000000000000000, 0.000000000000000000 ) ) ;
#3247 = ORIENTED_EDGE ( 'NONE', *, *, #3706, .T. ) ;
#3248 =( CONVERSION_BASED_UNIT ( 'INCH', #697 ) LENGTH_UNIT ( ) NAMED_UNIT ( #355 ) );
#3249 = MECHANICAL_DESIGN_GEOMETRIC_PRESENTATION_REPRESENTATION (  '', ( #132 ), #42 ) ;
#3250 = UNCERTAINTY_MEASURE_WITH_UNIT (LENGTH_MEASURE( 1.000000000000000082E-05 ), #4600, 'distance_accuracy_value', 'NONE');
#3251 = ORIENTED_EDGE ( 'NONE', *, *, #5315, .T. ) ;
#3252 = CARTESIAN_POINT ( 'NONE',  ( 0.03940362622516684066, -0.1617980207896157763, -0.2085093751973501608 ) ) ;
#3253 = SURFACE_STYLE_FILL_AREA ( #618 ) ;
#3254 = EDGE_CURVE ( 'NONE', #2990, #176, #5065, .T. ) ;
#3255 = VECTOR ( 'NONE', #4560, 39.37007874015748143 ) ;
#3256 = CARTESIAN_POINT ( 'NONE',  ( -0.007480314960629903809, -0.1574803149606299191, -0.2082677165354331339 ) ) ;
#3257 = LENGTH_MEASURE_WITH_UNIT ( LENGTH_MEASURE( 0.02539999999999999897 ), #1536 );
#3258 = ORIENTED_EDGE ( 'NONE', *, *, #3727, .F. ) ;
#3259 = CARTESIAN_POINT ( 'NONE',  ( -0.003937007874015706343, -0.09275723757613701936, -0.06204120636724646393 ) ) ;
#3260 = DIRECTION ( 'NONE',  ( 0.000000000000000000, 1.000000000000000000, 0.000000000000000000 ) ) ;
#3261 = ADVANCED_FACE ( 'NONE', ( #1567 ), #4519, .T. ) ;
#3262 = LENGTH_MEASURE_WITH_UNIT ( LENGTH_MEASURE( 0.02539999999999999897 ), #351 );
#3263 =( NAMED_UNIT ( * ) SI_UNIT ( $, .STERADIAN. ) SOLID_ANGLE_UNIT ( ) );
#3264 = STYLED_ITEM ( 'NONE', ( #202 ), #1259 ) ;
#3265 = VERTEX_POINT ( 'NONE', #5114 ) ;
#3266 = LENGTH_MEASURE_WITH_UNIT ( LENGTH_MEASURE( 0.02539999999999999897 ), #3242 );
#3267 = CIRCLE ( 'NONE', #4517, 0.0003937007874015747977 ) ;
#3268 = CARTESIAN_POINT ( 'NONE',  ( -0.003937007874015802621, 0.09803149606299214891, -0.2082677165354326621 ) ) ;
#3269 = FILL_AREA_STYLE ('',( #1579 ) ) ;
#3270 = ITEM_DEFINED_TRANSFORMATION ( 'NONE', 'NONE', #4913,  #1220 ) ;
#3271 = VERTEX_POINT ( 'NONE', #868 ) ;
#3272 =( LENGTH_UNIT ( ) NAMED_UNIT ( * ) SI_UNIT ( $, .METRE. ) );
#3273 = COLOUR_RGB ( '',0.8313725490196077761, 0.8313725490196077761, 0.8313725490196077761 ) ;
#3274 = DIRECTION ( 'NONE',  ( -0.000000000000000000, -0.000000000000000000, 1.000000000000000000 ) ) ;
#3275 = FACE_OUTER_BOUND ( 'NONE', #3369, .T. ) ;
#3276 = DIRECTION ( 'NONE',  ( 0.000000000000000000, 0.000000000000000000, 1.000000000000000000 ) ) ;
#3277 = EDGE_LOOP ( 'NONE', ( #33, #208, #2284, #1107 ) ) ;
#3278 = FILL_AREA_STYLE_COLOUR ( '', #4685 ) ;
#3279 = SURFACE_STYLE_FILL_AREA ( #3384 ) ;
#3280 = PRESENTATION_STYLE_ASSIGNMENT (( #1117 ) ) ;
#3281 = PRESENTATION_LAYER_ASSIGNMENT (  '', '', ( #4076 ) ) ;
#3282 = CYLINDRICAL_SURFACE ( 'NONE', #2784, 0.0003937007874015747977 ) ;
#3283 = CARTESIAN_POINT ( 'NONE',  ( -0.007480314960629982739, 0.09803149606299214891, -0.0003937007874015748519 ) ) ;
#3284 = SURFACE_STYLE_USAGE ( .BOTH. , #1092 ) ;
#3285 = ADVANCED_FACE ( 'NONE', ( #4269 ), #1837, .T. ) ;
#3286 = CARTESIAN_POINT ( 'NONE',  ( -0.003937007874015690731, -0.1574803149606298913, -0.2084983411171754952 ) ) ;
#3287 = LINE ( 'NONE', #767, #2991 ) ;
#3288 = CARTESIAN_POINT ( 'NONE',  ( -0.004103405405830876790, 0.09825879931857860183, -0.06226850962283294461 ) ) ;
#3289 = AXIS2_PLACEMENT_3D ( 'NONE', #4019, #2398, #3217 ) ;
#3290 = ORIENTED_EDGE ( 'NONE', *, *, #2125, .F. ) ;
#3291 = STYLED_ITEM ( 'NONE', ( #681 ), #1742 ) ;
#3292 = EDGE_CURVE ( 'NONE', #3506, #901, #5190, .T. ) ;
#3293 = LINE ( 'NONE', #2899, #3516 ) ;
#3294 = CARTESIAN_POINT ( 'NONE',  ( 0.01072286140846447772, -0.1733486090592199491, 0.001968503937007873988 ) ) ;
#3295 = CARTESIAN_POINT ( 'NONE',  ( -0.007480314960629903809, -0.1574803149606299191, -0.0003937007874015748519 ) ) ;
#3296 = CARTESIAN_POINT ( 'NONE',  ( 0.008034620619723707377, -0.1748740305660824446, 0.09693100176276217561 ) ) ;
#3297 = PRESENTATION_LAYER_ASSIGNMENT (  '', '', ( #2393 ) ) ;
#3298 = UNCERTAINTY_MEASURE_WITH_UNIT (LENGTH_MEASURE( 1.000000000000000082E-05 ), #759, 'distance_accuracy_value', 'NONE');
#3299 = DIRECTION ( 'NONE',  ( 0.5773502691896202910, -0.5773502691896321704, -0.5773502691896248429 ) ) ;
#3300 = ADVANCED_FACE ( 'NONE', ( #4763 ), #655, .T. ) ;
#3301 = AXIS2_PLACEMENT_3D ( 'NONE', #5023, #2918, #3421 ) ;
#3302 = ORIENTED_EDGE ( 'NONE', *, *, #1960, .F. ) ;
#3303 = SURFACE_STYLE_FILL_AREA ( #4105 ) ;
#3304 = FILL_AREA_STYLE_COLOUR ( '', #1926 ) ;
#3305 = DIRECTION ( 'NONE',  ( -0.5773502691896276184, 0.5773502691896466033, 0.5773502691896029715 ) ) ;
#3306 = CIRCLE ( 'NONE', #5374, 0.001968503937007879193 ) ;
#3307 = UNCERTAINTY_MEASURE_WITH_UNIT (LENGTH_MEASURE( 1.000000000000000082E-05 ), #468, 'distance_accuracy_value', 'NONE');
#3308 = ORIENTED_EDGE ( 'NONE', *, *, #2607, .F. ) ;
#3309 = CARTESIAN_POINT ( 'NONE',  ( -0.004103405405830881994, 0.09825879931857864347, -0.06226850962283289603 ) ) ;
#3310 = FILL_AREA_STYLE ('',( #2948 ) ) ;
#3311 = SURFACE_STYLE_USAGE ( .BOTH. , #4998 ) ;
#3312 = MECHANICAL_DESIGN_GEOMETRIC_PRESENTATION_REPRESENTATION (  '', ( #5118 ), #1783 ) ;
#3313 = MECHANICAL_DESIGN_GEOMETRIC_PRESENTATION_REPRESENTATION (  '', ( #4482 ), #292 ) ;
#3314 = DIRECTION ( 'NONE',  ( 0.000000000000000000, 0.000000000000000000, 1.000000000000000000 ) ) ;
#3315 = FILL_AREA_STYLE_COLOUR ( '', #3453 ) ;
#3316 = ORIENTED_EDGE ( 'NONE', *, *, #3601, .F. ) ;
#3317 = DIMENSIONAL_EXPONENTS ( 1.000000000000000000, 0.000000000000000000, 0.000000000000000000, 0.000000000000000000, 0.000000000000000000, 0.000000000000000000, 0.000000000000000000 ) ;
#3318 = LINE ( 'NONE', #4952, #1718 ) ;
#3319 = DIRECTION ( 'NONE',  ( -1.139876628186359956E-31, 3.422365305298960131E-16, -1.000000000000000000 ) ) ;
#3320 = FILL_AREA_STYLE_COLOUR ( '', #1545 ) ;
#3321 = FILL_AREA_STYLE_COLOUR ( '', #1740 ) ;
#3322 = EDGE_CURVE ( 'NONE', #1741, #360, #2648, .T. ) ;
#3323 = DIRECTION ( 'NONE',  ( -1.000000000000000000, -2.775557561562900029E-15, 0.000000000000000000 ) ) ;
#3324 = DIRECTION ( 'NONE',  ( 0.000000000000000000, 0.000000000000000000, -1.000000000000000000 ) ) ;
#3325 = ADVANCED_FACE ( 'NONE', ( #1381 ), #2279, .T. ) ;
#3326 =( NAMED_UNIT ( * ) SI_UNIT ( $, .STERADIAN. ) SOLID_ANGLE_UNIT ( ) );
#3327 = VERTEX_POINT ( 'NONE', #4809 ) ;
#3328 = DIRECTION ( 'NONE',  ( -0.000000000000000000, -0.000000000000000000, -1.000000000000000000 ) ) ;
#3329 = DIRECTION ( 'NONE',  ( -1.000000000000000000, 1.836970198721030427E-16, -1.321694076934688708E-16 ) ) ;
#3330 = DIRECTION ( 'NONE',  ( -1.000000000000000000, 6.597423637002398832E-32, -1.321694076934689941E-16 ) ) ;
#3331 = CARTESIAN_POINT ( 'NONE',  ( -0.004103405405830908882, 0.09825879931857857408, -0.2084950197910191150 ) ) ;
#3332 =( NAMED_UNIT ( * ) PLANE_ANGLE_UNIT ( ) SI_UNIT ( $, .RADIAN. ) );
#3333 = DIRECTION ( 'NONE',  ( 0.000000000000000000, 1.000000000000000000, 0.000000000000000000 ) ) ;
#3334 = VECTOR ( 'NONE', #1233, 39.37007874015748143 ) ;
#3335 =( LENGTH_UNIT ( ) NAMED_UNIT ( * ) SI_UNIT ( $, .METRE. ) );
#3336 = MECHANICAL_DESIGN_GEOMETRIC_PRESENTATION_REPRESENTATION (  '', ( #48 ), #1009 ) ;
#3337 =( LENGTH_UNIT ( ) NAMED_UNIT ( * ) SI_UNIT ( $, .METRE. ) );
#3338 = DIRECTION ( 'NONE',  ( -0.000000000000000000, -0.000000000000000000, 1.000000000000000000 ) ) ;
#3339 = ORIENTED_EDGE ( 'NONE', *, *, #3571, .F. ) ;
#3340 = CIRCLE ( 'NONE', #2622, 0.001968503937007879193 ) ;
#3341 = DIMENSIONAL_EXPONENTS ( 1.000000000000000000, 0.000000000000000000, 0.000000000000000000, 0.000000000000000000, 0.000000000000000000, 0.000000000000000000, 0.000000000000000000 ) ;
#3342 = CARTESIAN_POINT ( 'NONE',  ( -0.004516963805282966753, -0.1651912545030027046, -1.412168279180551191E-20 ) ) ;
#3343 = DIRECTION ( 'NONE',  ( -0.4082482904638969901, 0.4082482904638632393, 0.8164965809277091591 ) ) ;
#3344 = DIRECTION ( 'NONE',  ( -1.000000000000000000, -9.752685561565419883E-48, 5.699383140931809635E-32 ) ) ;
#3345 = AXIS2_PLACEMENT_3D ( 'NONE', #2243, #3951, #1620 ) ;
#3346 = CARTESIAN_POINT ( 'NONE',  ( 0.03937007874015747977, -0.1618110236220472731, 0.000000000000000000 ) ) ;
#3347 = DIRECTION ( 'NONE',  ( -0.000000000000000000, -0.000000000000000000, -1.000000000000000000 ) ) ;
#3348 = AXIS2_PLACEMENT_3D ( 'NONE', #2022, #4057, #318 ) ;
#3349 = ADVANCED_FACE ( 'NONE', ( #4385 ), #2370, .T. ) ;
#3350 = ORIENTED_EDGE ( 'NONE', *, *, #4671, .F. ) ;
#3351 = AXIS2_PLACEMENT_3D ( 'NONE', #2119, #2999, #1815 ) ;
#3352 = DIRECTION ( 'NONE',  ( 1.000000000000000000, 0.000000000000000000, 0.000000000000000000 ) ) ;
#3353 = DIMENSIONAL_EXPONENTS ( 1.000000000000000000, 0.000000000000000000, 0.000000000000000000, 0.000000000000000000, 0.000000000000000000, 0.000000000000000000, 0.000000000000000000 ) ;
#3354 = CARTESIAN_POINT ( 'NONE',  ( -0.03543307086614169016, -0.1715879256123697127, 0.000000000000000000 ) ) ;
#3355 = DIRECTION ( 'NONE',  ( 0.5773502691896050809, 0.5773502691896457151, 0.5773502691896263972 ) ) ;
#3356 = LINE ( 'NONE', #4190, #602 ) ;
#3357 = ORIENTED_EDGE ( 'NONE', *, *, #1266, .F. ) ;
#3358 = EDGE_CURVE ( 'NONE', #5247, #3709, #4118, .T. ) ;
#3359 = FILL_AREA_STYLE_COLOUR ( '', #3530 ) ;
#3360 = CARTESIAN_POINT ( 'NONE',  ( -0.004100084079674380308, -0.1598820886076332548, -4.958423685728693369E-18 ) ) ;
#3361 = DIRECTION ( 'NONE',  ( 3.106967419659950017E-16, -1.000000000000000000, -1.711182652649480066E-16 ) ) ;
#3362 = CARTESIAN_POINT ( 'NONE',  ( 0.03897637795275595007, -0.1653543307086614567, -0.2082677165354328841 ) ) ;
#3363 = CARTESIAN_POINT ( 'NONE',  ( 6.825435969460812109E-17, -0.1614173228346456601, -0.2084983411171755230 ) ) ;
#3364 = SURFACE_STYLE_USAGE ( .BOTH. , #3783 ) ;
#3365 = FILL_AREA_STYLE_COLOUR ( '', #3 ) ;
#3366 = PRESENTATION_STYLE_ASSIGNMENT (( #426 ) ) ;
#3367 = ADVANCED_BREP_SHAPE_REPRESENTATION ( '', ( #1340, #1220 ), #3205 ) ;
#3368 = STYLED_ITEM ( 'NONE', ( #4972 ), #5124 ) ;
#3369 = EDGE_LOOP ( 'NONE', ( #2106, #3544, #2375, #3099 ) ) ;
#3370 = CARTESIAN_POINT ( 'NONE',  ( -0.007874015748031469933, -0.1620928065954874153, -0.0003937007874015748519 ) ) ;
#3371 = DIRECTION ( 'NONE',  ( 0.000000000000000000, -1.000000000000000000, 0.000000000000000000 ) ) ;
#3372 = PRESENTATION_LAYER_ASSIGNMENT (  '', '', ( #343 ) ) ;
#3373 = FACE_OUTER_BOUND ( 'NONE', #2292, .T. ) ;
#3374 =( GEOMETRIC_REPRESENTATION_CONTEXT ( 3 ) GLOBAL_UNCERTAINTY_ASSIGNED_CONTEXT ( ( #4080 ) ) GLOBAL_UNIT_ASSIGNED_CONTEXT ( ( #5144, #3973, #620 ) ) REPRESENTATION_CONTEXT ( 'NONE', 'WORKASPACE' ) );
#3375 = VERTEX_POINT ( 'NONE', #1956 ) ;
#3376 =( CONVERSION_BASED_UNIT ( 'INCH', #3463 ) LENGTH_UNIT ( ) NAMED_UNIT ( #4759 ) );
#3377 = CARTESIAN_POINT ( 'NONE',  ( 7.512581982576731863E-18, 0.03313648383644914042, 0.001968503937007873988 ) ) ;
#3378 =( NAMED_UNIT ( * ) SI_UNIT ( $, .STERADIAN. ) SOLID_ANGLE_UNIT ( ) );
#3379 = CARTESIAN_POINT ( 'NONE',  ( 0.03937007874015747977, -0.1653543307086614567, -0.0003937007874015748519 ) ) ;
#3380 = ORIENTED_EDGE ( 'NONE', *, *, #410, .F. ) ;
#3381 =( GEOMETRIC_REPRESENTATION_CONTEXT ( 3 ) GLOBAL_UNCERTAINTY_ASSIGNED_CONTEXT ( ( #4935 ) ) GLOBAL_UNIT_ASSIGNED_CONTEXT ( ( #2465, #370, #1283 ) ) REPRESENTATION_CONTEXT ( 'NONE', 'WORKASPACE' ) );
#3382 = CARTESIAN_POINT ( 'NONE',  ( 0.03887832481047147348, -0.1616808559728624695, -0.2086261049760872455 ) ) ;
#3383 = CARTESIAN_POINT ( 'NONE',  ( -0.004330708661417364408, 0.09803149606299214891, -0.1466202109555881650 ) ) ;
#3384 = FILL_AREA_STYLE ('',( #1561 ) ) ;
#3385 = SURFACE_SIDE_STYLE ('',( #3522 ) ) ;
#3386 =( GEOMETRIC_REPRESENTATION_CONTEXT ( 3 ) GLOBAL_UNCERTAINTY_ASSIGNED_CONTEXT ( ( #4540 ) ) GLOBAL_UNIT_ASSIGNED_CONTEXT ( ( #4846, #5216, #973 ) ) REPRESENTATION_CONTEXT ( 'NONE', 'WORKASPACE' ) );
#3387 = DIRECTION ( 'NONE',  ( 2.710505431213753985E-15, -1.000000000000000000, 0.000000000000000000 ) ) ;
#3388 = EDGE_CURVE ( 'NONE', #2045, #3048, #1980, .T. ) ;
#3389 = CARTESIAN_POINT ( 'NONE',  ( -0.004330708661417361806, 0.09820756440767716700, -0.06239334305661652091 ) ) ;
#3390 = DIMENSIONAL_EXPONENTS ( 1.000000000000000000, 0.000000000000000000, 0.000000000000000000, 0.000000000000000000, 0.000000000000000000, 0.000000000000000000, 0.000000000000000000 ) ;
#3391 = CARTESIAN_POINT ( 'NONE',  ( -0.03543307086614173873, 0.03313648383644914042, 0.09645669291338584972 ) ) ;
#3392 = EDGE_LOOP ( 'NONE', ( #2057, #3339, #1033, #334, #4267 ) ) ;
#3393 = AXIS2_PLACEMENT_3D ( 'NONE', #4163, #336, #5476 ) ;
#3394 = FACE_OUTER_BOUND ( 'NONE', #1990, .T. ) ;
#3395 = DIRECTION ( 'NONE',  ( -1.000000000000000000, 0.000000000000000000, 0.000000000000000000 ) ) ;
#3396 = PRESENTATION_STYLE_ASSIGNMENT (( #3426 ) ) ;
#3397 = PRESENTATION_LAYER_ASSIGNMENT (  '', '', ( #4937 ) ) ;
#3398 = SURFACE_STYLE_USAGE ( .BOTH. , #2129 ) ;
#3399 = AXIS2_PLACEMENT_3D ( 'NONE', #4211, #2085, #1549 ) ;
#3400 = EDGE_CURVE ( 'NONE', #1461, #452, #174, .T. ) ;
#3401 = CARTESIAN_POINT ( 'NONE',  ( -0.004103405405830908015, 0.09825879931857858796, -0.1463929077000017120 ) ) ;
#3402 = VERTEX_POINT ( 'NONE', #3624 ) ;
#3403 = CIRCLE ( 'NONE', #4198, 0.001968503937007879193 ) ;
#3404 = VECTOR ( 'NONE', #738, 39.37007874015748143 ) ;
#3405 = CARTESIAN_POINT ( 'NONE',  ( -0.007480314960629889931, -0.1574803149606298913, 0.000000000000000000 ) ) ;
#3406 = FILL_AREA_STYLE_COLOUR ( '', #5385 ) ;
#3407 = CARTESIAN_POINT ( 'NONE',  ( -0.007480314960629961055, 0.09838363275236219896, -0.1464441426109031885 ) ) ;
#3408 = DIRECTION ( 'NONE',  ( 0.000000000000000000, -1.000000000000000000, 1.224646799147353207E-16 ) ) ;
#3409 = COLOUR_RGB ( '',0.8313725490196077761, 0.8313725490196077761, 0.8313725490196077761 ) ;
#3410 = LINE ( 'NONE', #910, #986 ) ;
#3411 =( BOUNDED_SURFACE ( )  B_SPLINE_SURFACE ( 3, 3, ( 
 ( #409, #5295, #4382, #576 ),
 ( #4865, #4043, #5350, #2311 ),
 ( #228, #967, #3981, #4014 ),
 ( #4895, #5319, #2731, #2341 ) ),
 .UNSPECIFIED., .F., .F., .F. ) 
 B_SPLINE_SURFACE_WITH_KNOTS ( ( 4, 4 ),
 ( 4, 4 ),
 ( 0.000000000000000000, 1.000000000000000000 ),
 ( 0.000000000000000000, 1.000000000000000000 ),
 .UNSPECIFIED. ) 
 GEOMETRIC_REPRESENTATION_ITEM ( )  RATIONAL_B_SPLINE_SURFACE ( (
 ( 1.000000000000000000, 0.3333333333332449966, 0.3333333333332449966, 1.000000000000000000),
 ( 0.9245018060306620100, 0.3081672686768056613, 0.3081672686768056613, 0.9245018060306620100),
 ( 0.9245018060306620100, 0.3081672686768056613, 0.3081672686768056613, 0.9245018060306620100),
 ( 1.000000000000000000, 0.3333333333332449966, 0.3333333333332449966, 1.000000000000000000) ) ) 
 REPRESENTATION_ITEM ( '' )  SURFACE ( )  );
#3412 = ORIENTED_EDGE ( 'NONE', *, *, #1367, .T. ) ;
#3413 = VECTOR ( 'NONE', #3328, 39.37007874015748143 ) ;
#3414 = SURFACE_STYLE_FILL_AREA ( #3823 ) ;
#3415 = DIRECTION ( 'NONE',  ( -1.000000000000000000, 1.586032892321650017E-16, 0.000000000000000000 ) ) ;
#3416 =( CONVERSION_BASED_UNIT ( 'INCH', #1694 ) LENGTH_UNIT ( ) NAMED_UNIT ( #3341 ) );
#3417 = VERTEX_POINT ( 'NONE', #1490 ) ;
#3418 = PRODUCT_DEFINITION_SHAPE ( 'NONE', 'NONE',  #5532 ) ;
#3419 = PRESENTATION_STYLE_ASSIGNMENT (( #2148 ) ) ;
#3420 = SURFACE_STYLE_FILL_AREA ( #917 ) ;
#3421 = DIRECTION ( 'NONE',  ( -1.000000000000000000, -2.775557561562900029E-15, 0.000000000000000000 ) ) ;
#3422 = ADVANCED_FACE ( 'NONE', ( #5383 ), #1899, .T. ) ;
#3423 = PRESENTATION_STYLE_ASSIGNMENT (( #980 ) ) ;
#3424 = SURFACE_STYLE_FILL_AREA ( #1260 ) ;
#3425 = CARTESIAN_POINT ( 'NONE',  ( -0.007707618216216427856, 0.09835159412382551980, -0.0002591923370620493813 ) ) ;
#3426 = SURFACE_STYLE_USAGE ( .BOTH. , #474 ) ;
#3427 = CARTESIAN_POINT ( 'NONE',  ( -0.003972320220763284060, 0.09816166371217706355, -0.1467182640978725583 ) ) ;
#3428 =( NAMED_UNIT ( * ) SI_UNIT ( $, .STERADIAN. ) SOLID_ANGLE_UNIT ( ) );
#3429 = ORIENTED_EDGE ( 'NONE', *, *, #4533, .F. ) ;
#3430 = DIMENSIONAL_EXPONENTS ( 1.000000000000000000, 0.000000000000000000, 0.000000000000000000, 0.000000000000000000, 0.000000000000000000, 0.000000000000000000, 0.000000000000000000 ) ;
#3431 = COLOUR_RGB ( '',0.6274509803921568540, 0.3137254901960784270, 0.000000000000000000 ) ;
#3432 = ADVANCED_FACE ( 'NONE', ( #1048 ), #2952, .T. ) ;
#3433 =( CONVERSION_BASED_UNIT ( 'INCH', #1714 ) LENGTH_UNIT ( ) NAMED_UNIT ( #778 ) );
#3434 = EDGE_CURVE ( 'NONE', #4676, #3145, #3136, .T. ) ;
#3435 = DIRECTION ( 'NONE',  ( -4.297971597196270222E-16, 1.000000000000000000, 3.422365305298960131E-16 ) ) ;
#3436 = LINE ( 'NONE', #2562, #322 ) ;
#3437 = PRESENTATION_LAYER_ASSIGNMENT (  '', '', ( #1726 ) ) ;
#3438 = ORIENTED_EDGE ( 'NONE', *, *, #4147, .F. ) ;
#3439 = FILL_AREA_STYLE_COLOUR ( '', #2109 ) ;
#3440 = CIRCLE ( 'NONE', #3533, 0.0003937007874015587515 ) ;
#3441 = CARTESIAN_POINT ( 'NONE',  ( 0.01312862463875208788, -0.1720622344617459554, 0.003776403002323484945 ) ) ;
#3442 = FILL_AREA_STYLE ('',( #941 ) ) ;
#3443 =( NAMED_UNIT ( * ) PLANE_ANGLE_UNIT ( ) SI_UNIT ( $, .RADIAN. ) );
#3444 = STYLED_ITEM ( 'NONE', ( #4200 ), #995 ) ;
#3445 = ORIENTED_EDGE ( 'NONE', *, *, #2954, .F. ) ;
#3446 = AXIS2_PLACEMENT_3D ( 'NONE', #2149, #945, #866 ) ;
#3447 =( NAMED_UNIT ( * ) SI_UNIT ( $, .STERADIAN. ) SOLID_ANGLE_UNIT ( ) );
#3448 =( GEOMETRIC_REPRESENTATION_CONTEXT ( 3 ) GLOBAL_UNCERTAINTY_ASSIGNED_CONTEXT ( ( #4322 ) ) GLOBAL_UNIT_ASSIGNED_CONTEXT ( ( #1546, #2874, #1154 ) ) REPRESENTATION_CONTEXT ( 'NONE', 'WORKASPACE' ) );
#3449 = CARTESIAN_POINT ( 'NONE',  ( -0.003937007874015687262, -0.1597865607780587227, -0.0003937007874015749061 ) ) ;
#3450 = CARTESIAN_POINT ( 'NONE',  ( -0.004727594353790151582, 0.09865341117442497088, -0.2084331900639271873 ) ) ;
#3451 = DIRECTION ( 'NONE',  ( 3.106967419659950017E-16, -1.000000000000000000, -1.711182652649480066E-16 ) ) ;
#3452 = CARTESIAN_POINT ( 'NONE',  ( -0.007707618216216439999, 0.09825879931857862959, -0.06226850962283295154 ) ) ;
#3453 = COLOUR_RGB ( '',0.8313725490196077761, 0.8313725490196077761, 0.8313725490196077761 ) ;
#3454 =( LENGTH_UNIT ( ) NAMED_UNIT ( * ) SI_UNIT ( $, .METRE. ) );
#3455 = FACE_OUTER_BOUND ( 'NONE', #1384, .T. ) ;
#3456 =( CONVERSION_BASED_UNIT ( 'INCH', #3112 ) LENGTH_UNIT ( ) NAMED_UNIT ( #2967 ) );
#3457 = ORIENTED_EDGE ( 'NONE', *, *, #1331, .T. ) ;
#3458 = SURFACE_SIDE_STYLE ('',( #1628 ) ) ;
#3459 = CARTESIAN_POINT ( 'NONE',  ( 0.009842519685039369942, 0.03313648383644914042, 0.000000000000000000 ) ) ;
#3460 = ADVANCED_FACE ( 'NONE', ( #3812 ), #1547, .T. ) ;
#3461 = STYLED_ITEM ( 'NONE', ( #557 ), #5213 ) ;
#3462 = ORIENTED_EDGE ( 'NONE', *, *, #158, .T. ) ;
#3463 = LENGTH_MEASURE_WITH_UNIT ( LENGTH_MEASURE( 0.02539999999999999897 ), #2589 );
#3464 = DIMENSIONAL_EXPONENTS ( 1.000000000000000000, 0.000000000000000000, 0.000000000000000000, 0.000000000000000000, 0.000000000000000000, 0.000000000000000000, 0.000000000000000000 ) ;
#3465 = CARTESIAN_POINT ( 'NONE',  ( 0.01049335793096378179, -0.1710976599009481902, 0.0001765617337374002303 ) ) ;
#3466 = CIRCLE ( 'NONE', #1045, 0.0003937007874015758277 ) ;
#3467 = CARTESIAN_POINT ( 'NONE',  ( -0.007710939542372885307, -0.09315093836353821599, -0.06282860794204961352 ) ) ;
#3468 = VECTOR ( 'NONE', #338, 39.37007874015748143 ) ;
#3469 = CARTESIAN_POINT ( 'NONE',  ( 0.01097903596297172650, -0.1727244418903021717, 0.09759320919131822536 ) ) ;
#3470 = ORIENTED_EDGE ( 'NONE', *, *, #5436, .F. ) ;
#3471 = COLOUR_RGB ( '',0.8313725490196077761, 0.8313725490196077761, 0.8313725490196077761 ) ;
#3472 = DIRECTION ( 'NONE',  ( -1.000000000000000000, -2.775557561562900029E-15, 0.000000000000000000 ) ) ;
#3473 = DIRECTION ( 'NONE',  ( 0.000000000000000000, 1.000000000000000000, 0.000000000000000000 ) ) ;
#3474 = FACE_OUTER_BOUND ( 'NONE', #1075, .T. ) ;
#3475 = VERTEX_POINT ( 'NONE', #1476 ) ;
#3476 = APPLICATION_CONTEXT ( 'automotive_design' ) ;
#3477 = CARTESIAN_POINT ( 'NONE',  ( -0.007874015748031495954, -0.09315093836353859069, -0.1462265101681866353 ) ) ;
#3478 =( NAMED_UNIT ( * ) SI_UNIT ( $, .STERADIAN. ) SOLID_ANGLE_UNIT ( ) );
#3479 = SURFACE_SIDE_STYLE ('',( #5255 ) ) ;
#3480 = AXIS2_PLACEMENT_3D ( 'NONE', #1635, #2881, #5447 ) ;
#3481 = ORIENTED_EDGE ( 'NONE', *, *, #734, .F. ) ;
#3482 = CARTESIAN_POINT ( 'NONE',  ( -0.004330708661417362673, 0.09803149606299216279, -0.1462265101681865798 ) ) ;
#3483 = PRESENTATION_STYLE_ASSIGNMENT (( #1371 ) ) ;
#3484 = DIRECTION ( 'NONE',  ( -1.000000000000000000, -2.775557561562900029E-15, -4.179547636683340349E-31 ) ) ;
#3485 = CIRCLE ( 'NONE', #4920, 0.0003937007874015587515 ) ;
#3486 =( LENGTH_UNIT ( ) NAMED_UNIT ( * ) SI_UNIT ( $, .METRE. ) );
#3487 = FACE_OUTER_BOUND ( 'NONE', #1122, .T. ) ;
#3488 = COLOUR_RGB ( '',0.8313725490196077761, 0.8313725490196077761, 0.8313725490196077761 ) ;
#3489 =( GEOMETRIC_REPRESENTATION_CONTEXT ( 3 ) GLOBAL_UNCERTAINTY_ASSIGNED_CONTEXT ( ( #5449 ) ) GLOBAL_UNIT_ASSIGNED_CONTEXT ( ( #4146, #2863, #5403 ) ) REPRESENTATION_CONTEXT ( 'NONE', 'WORKASPACE' ) );
#3490 = EDGE_LOOP ( 'NONE', ( #1987, #1923, #1437, #77 ) ) ;
#3491 = CARTESIAN_POINT ( 'NONE',  ( 0.009842519685039369942, -0.1715879256123697127, 0.000000000000000000 ) ) ;
#3492 = ADVANCED_FACE ( 'NONE', ( #2692 ), #1886, .T. ) ;
#3493 = UNCERTAINTY_MEASURE_WITH_UNIT (LENGTH_MEASURE( 1.000000000000000082E-05 ), #2277, 'distance_accuracy_value', 'NONE');
#3494 = MECHANICAL_DESIGN_GEOMETRIC_PRESENTATION_REPRESENTATION (  '', ( #3850 ), #3932 ) ;
#3495 = SURFACE_SIDE_STYLE ('',( #1324 ) ) ;
#3496 = LENGTH_MEASURE_WITH_UNIT ( LENGTH_MEASURE( 0.02539999999999999897 ), #4266 );
#3497 = ORIENTED_EDGE ( 'NONE', *, *, #3805, .F. ) ;
#3498 = COLOUR_RGB ( '',0.8313725490196077761, 0.8313725490196077761, 0.8313725490196077761 ) ;
#3499 = PRESENTATION_STYLE_ASSIGNMENT (( #2048 ) ) ;
#3500 = EDGE_CURVE ( 'NONE', #1558, #2066, #1155, .T. ) ;
#3501 = EDGE_CURVE ( 'NONE', #5347, #117, #2067, .T. ) ;
#3502 = LENGTH_MEASURE_WITH_UNIT ( LENGTH_MEASURE( 0.02539999999999999897 ), #3556 );
#3503 = CARTESIAN_POINT ( 'NONE',  ( 0.03920368120834240994, -0.1615837203664607924, -0.0001663975318151115199 ) ) ;
#3504 = DIMENSIONAL_EXPONENTS ( 1.000000000000000000, 0.000000000000000000, 0.000000000000000000, 0.000000000000000000, 0.000000000000000000, 0.000000000000000000, 0.000000000000000000 ) ;
#3505 = DIRECTION ( 'NONE',  ( -1.000000000000000000, 4.625929269271489858E-16, -1.321694076934689941E-16 ) ) ;
#3506 = VERTEX_POINT ( 'NONE', #4911 ) ;
#3507 = DIRECTION ( 'NONE',  ( 0.000000000000000000, 0.000000000000000000, -1.000000000000000000 ) ) ;
#3508 = PLANE ( 'NONE',  #1829 ) ;
#3509 = PRODUCT_DEFINITION_SHAPE ( 'NONE', 'NONE',  #4892 ) ;
#3510 = CARTESIAN_POINT ( 'NONE',  ( 0.03897637795275595007, -0.1649606299212598437, -0.2082677165354331061 ) ) ;
#3511 = CARTESIAN_POINT ( 'NONE',  ( -0.007480314960629961055, 0.09803149606299214891, -0.06204120636724646393 ) ) ;
#3512 = CARTESIAN_POINT ( 'NONE',  ( -0.004103405405830910617, 0.09816600451333166999, -7.360272656818725174E-05 ) ) ;
#3513 = CARTESIAN_POINT ( 'NONE',  ( -0.004138428090758121923, 0.09804869578346636638, -0.2086350779562769486 ) ) ;
#3514 = ORIENTED_EDGE ( 'NONE', *, *, #5466, .F. ) ;
#3515 = CARTESIAN_POINT ( 'NONE',  ( -0.004138428090758062075, 0.09804869578346642189, -2.633936655722340694E-05 ) ) ;
#3516 = VECTOR ( 'NONE', #4181, 39.37007874015748143 ) ;
#3517 = LINE ( 'NONE', #5290, #5422 ) ;
#3518 = ORIENTED_EDGE ( 'NONE', *, *, #2, .T. ) ;
#3519 = SURFACE_SIDE_STYLE ('',( #4412 ) ) ;
#3520 = SURFACE_STYLE_USAGE ( .BOTH. , #4500 ) ;
#3521 = COLOUR_RGB ( '',0.8313725490196077761, 0.8313725490196077761, 0.8313725490196077761 ) ;
#3522 = SURFACE_STYLE_FILL_AREA ( #393 ) ;
#3523 = DIRECTION ( 'NONE',  ( 3.106967419659950017E-16, -1.000000000000000000, -4.991641978379239941E-16 ) ) ;
#3524 = CARTESIAN_POINT ( 'NONE',  ( 0.01097903596297170221, -0.1727244418903020606, 0.09759320919131826699 ) ) ;
#3525 = EDGE_CURVE ( 'NONE', #3327, #1689, #107, .T. ) ;
#3526 = AXIS2_PLACEMENT_3D ( 'NONE', #4066, #4091, #3260 ) ;
#3527 = ORIENTED_EDGE ( 'NONE', *, *, #4268, .F. ) ;
#3528 = SURFACE_SIDE_STYLE ('',( #1814 ) ) ;
#3529 = CARTESIAN_POINT ( 'NONE',  ( 0.01097903596297171956, 0.03427300011438148830, 0.09759320919131819760 ) ) ;
#3530 = COLOUR_RGB ( '',0.7490196078431372584, 0.7490196078431372584, 0.7490196078431372584 ) ;
#3531 = CARTESIAN_POINT ( 'NONE',  ( -0.007874015748031462994, -0.1574803149606299191, -0.0003937007874015748519 ) ) ;
#3532 = FILL_AREA_STYLE_COLOUR ( '', #2207 ) ;
#3533 = AXIS2_PLACEMENT_3D ( 'NONE', #2916, #785, #4194 ) ;
#3534 = ORIENTED_EDGE ( 'NONE', *, *, #1296, .F. ) ;
#3535 = EDGE_CURVE ( 'NONE', #1846, #5334, #365, .T. ) ;
#3536 = CIRCLE ( 'NONE', #4327, 0.0003937007874015747977 ) ;
#3537 = AXIS2_PLACEMENT_3D ( 'NONE', #5070, #4537, #2513 ) ;
#3538 = DIRECTION ( 'NONE',  ( 0.000000000000000000, 4.336808689942017736E-15, -1.000000000000000000 ) ) ;
#3539 = DIMENSIONAL_EXPONENTS ( 1.000000000000000000, 0.000000000000000000, 0.000000000000000000, 0.000000000000000000, 0.000000000000000000, 0.000000000000000000, 0.000000000000000000 ) ;
#3540 = DIRECTION ( 'NONE',  ( 0.000000000000000000, 0.000000000000000000, -1.000000000000000000 ) ) ;
#3541 = SURFACE_SIDE_STYLE ('',( #4798 ) ) ;
#3542 = AXIS2_PLACEMENT_3D ( 'NONE', #4529, #1131, #2932 ) ;
#3543 = EDGE_CURVE ( 'NONE', #3240, #696, #4314, .T. ) ;
#3544 = ORIENTED_EDGE ( 'NONE', *, *, #4167, .T. ) ;
#3545 = DIMENSIONAL_EXPONENTS ( 1.000000000000000000, 0.000000000000000000, 0.000000000000000000, 0.000000000000000000, 0.000000000000000000, 0.000000000000000000, 0.000000000000000000 ) ;
#3546 = CARTESIAN_POINT ( 'NONE',  ( -0.007874015748031480341, -0.09354463915094016202, -0.1466202109555881927 ) ) ;
#3547 = FACE_OUTER_BOUND ( 'NONE', #1449, .T. ) ;
#3548 = EDGE_LOOP ( 'NONE', ( #41, #315, #1046, #5477 ) ) ;
#3549 = PRESENTATION_STYLE_ASSIGNMENT (( #4476 ) ) ;
#3550 = UNCERTAINTY_MEASURE_WITH_UNIT (LENGTH_MEASURE( 1.000000000000000082E-05 ), #4441, 'distance_accuracy_value', 'NONE');
#3551 = CARTESIAN_POINT ( 'NONE',  ( 0.008917688527567921644, -0.1745709879853520052, 0.09728267025776479726 ) ) ;
#3552 = DIRECTION ( 'NONE',  ( -2.710505431213753985E-15, 1.000000000000000000, 0.000000000000000000 ) ) ;
#3553 = PRESENTATION_LAYER_ASSIGNMENT (  '', '', ( #5448 ) ) ;
#3554 = ORIENTED_EDGE ( 'NONE', *, *, #1296, .T. ) ;
#3555 = FACE_OUTER_BOUND ( 'NONE', #4179, .T. ) ;
#3556 =( LENGTH_UNIT ( ) NAMED_UNIT ( * ) SI_UNIT ( $, .METRE. ) );
#3557 = SURFACE_SIDE_STYLE ('',( #4396 ) ) ;
#3558 = ORIENTED_EDGE ( 'NONE', *, *, #3699, .F. ) ;
#3559 = DIRECTION ( 'NONE',  ( 0.000000000000000000, -1.000000000000000000, 0.000000000000000000 ) ) ;
#3560 = AXIS2_PLACEMENT_3D ( 'NONE', #4854, #2298, #4797 ) ;
#3561 = ADVANCED_FACE ( 'NONE', ( #1363 ), #3282, .T. ) ;
#3562 = CARTESIAN_POINT ( 'NONE',  ( -0.007480314960629960187, 0.09803149606299210728, -0.2082677165354326898 ) ) ;
#3563 = CARTESIAN_POINT ( 'NONE',  ( -0.004330708661417362673, 0.09803149606299214891, -0.2082677165354326898 ) ) ;
#3564 = AXIS2_PLACEMENT_3D ( 'NONE', #206, #1026, #4419 ) ;
#3565 = FILL_AREA_STYLE_COLOUR ( '', #1937 ) ;
#3566 = ORIENTED_EDGE ( 'NONE', *, *, #2425, .T. ) ;
#3567 = AXIS2_PLACEMENT_3D ( 'NONE', #1619, #5048, #3387 ) ;
#3568 = SURFACE_STYLE_USAGE ( .BOTH. , #85 ) ;
#3569 = FACE_OUTER_BOUND ( 'NONE', #4554, .T. ) ;
#3570 = CARTESIAN_POINT ( 'NONE',  ( -0.007480314960629922023, -0.09315093836353857681, -0.1462265101681866075 ) ) ;
#3571 = EDGE_CURVE ( 'NONE', #5018, #54, #4143, .T. ) ;
#3572 = ORIENTED_EDGE ( 'NONE', *, *, #127, .T. ) ;
#3573 =( NAMED_UNIT ( * ) SI_UNIT ( $, .STERADIAN. ) SOLID_ANGLE_UNIT ( ) );
#3574 = DIMENSIONAL_EXPONENTS ( 1.000000000000000000, 0.000000000000000000, 0.000000000000000000, 0.000000000000000000, 0.000000000000000000, 0.000000000000000000, 0.000000000000000000 ) ;
#3575 = LENGTH_MEASURE_WITH_UNIT ( LENGTH_MEASURE( 0.02539999999999999897 ), #2763 );
#3576 = PRODUCT_DEFINITION_CONTEXT ( 'detailed design', #3476, 'design' ) ;
#3577 = DIRECTION ( 'NONE',  ( -7.395570986447019613E-32, -9.972401800951160715E-32, 1.000000000000000000 ) ) ;
#3578 = ORIENTED_EDGE ( 'NONE', *, *, #3019, .T. ) ;
#3579 = LENGTH_MEASURE_WITH_UNIT ( LENGTH_MEASURE( 0.02539999999999999897 ), #1876 );
#3580 = CARTESIAN_POINT ( 'NONE',  ( 0.01031682853441572359, 0.03642258879016185141, 0.09464879384807016460 ) ) ;
#3581 = CYLINDRICAL_SURFACE ( 'NONE', #1397, 0.001968503937007879193 ) ;
#3582 = FILL_AREA_STYLE ('',( #3532 ) ) ;
#3583 = STYLED_ITEM ( 'NONE', ( #3483 ), #4213 ) ;
#3584 = ORIENTED_EDGE ( 'NONE', *, *, #3358, .F. ) ;
#3585 = DIRECTION ( 'NONE',  ( -1.000000000000000000, 0.000000000000000000, 0.000000000000000000 ) ) ;
#3586 = CIRCLE ( 'NONE', #4373, 0.0003937007874015741472 ) ;
#3587 = DIRECTION ( 'NONE',  ( 0.000000000000000000, 0.000000000000000000, -1.000000000000000000 ) ) ;
#3588 = CARTESIAN_POINT ( 'NONE',  ( -0.004428761803701684874, 0.09816166371217699416, -0.1462618225149341367 ) ) ;
#3589 = ORIENTED_EDGE ( 'NONE', *, *, #2787, .T. ) ;
#3590 = ADVANCED_FACE ( 'NONE', ( #4993 ), #2860, .T. ) ;
#3591 = CARTESIAN_POINT ( 'NONE',  ( 0.03911088640309544340, -0.1615837203664607924, -0.2085878145962665187 ) ) ;
#3592 =( NAMED_UNIT ( * ) SI_UNIT ( $, .STERADIAN. ) SOLID_ANGLE_UNIT ( ) );
#3593 = ADVANCED_FACE ( 'NONE', ( #1563 ), #5088, .T. ) ;
#3594 = ORIENTED_EDGE ( 'NONE', *, *, #4309, .F. ) ;
#3595 = CARTESIAN_POINT ( 'NONE',  ( 3.414809992080329023E-17, -0.1649606299212598437, -0.0003937007874015748519 ) ) ;
#3596 = FILL_AREA_STYLE ('',( #3154 ) ) ;
#3597 = FILL_AREA_STYLE_COLOUR ( '', #2911 ) ;
#3598 = DIRECTION ( 'NONE',  ( 4.297971597196270222E-16, -1.000000000000000000, -3.422365305298960131E-16 ) ) ;
#3599 = FACE_OUTER_BOUND ( 'NONE', #2117, .T. ) ;
#3600 =( LENGTH_UNIT ( ) NAMED_UNIT ( * ) SI_UNIT ( $, .METRE. ) );
#3601 = EDGE_CURVE ( 'NONE', #4899, #477, #1239, .T. ) ;
#3602 = ORIENTED_EDGE ( 'NONE', *, *, #2738, .T. ) ;
#3603 = COLOUR_RGB ( '',0.8313725490196077761, 0.8313725490196077761, 0.8313725490196077761 ) ;
#3604 = CARTESIAN_POINT ( 'NONE',  ( -0.007497514681104254855, 0.09839885748383651876, -0.06223348693790577146 ) ) ;
#3605 = SURFACE_STYLE_FILL_AREA ( #1030 ) ;
#3606 = FILL_AREA_STYLE_COLOUR ( '', #970 ) ;
#3607 =( NAMED_UNIT ( * ) PLANE_ANGLE_UNIT ( ) SI_UNIT ( $, .RADIAN. ) );
#3608 = CARTESIAN_POINT ( 'NONE',  ( -0.007118735147566760194, 0.09812635783286742519, -0.1459629899648455242 ) ) ;
#3609 = AXIS2_PLACEMENT_3D ( 'NONE', #4160, #2512, #3323 ) ;
#3610 = ORIENTED_EDGE ( 'NONE', *, *, #4796, .T. ) ;
#3611 = SURFACE_SIDE_STYLE ('',( #1035 ) ) ;
#3612 = CARTESIAN_POINT ( 'NONE',  ( 0.01080392253833596314, 0.03497329094067094107, 0.001882505334636515358 ) ) ;
#3613 = AXIS2_PLACEMENT_3D ( 'NONE', #2611, #11, #854 ) ;
#3614 =( NAMED_UNIT ( * ) PLANE_ANGLE_UNIT ( ) SI_UNIT ( $, .RADIAN. ) );
#3615 = MECHANICAL_DESIGN_GEOMETRIC_PRESENTATION_REPRESENTATION (  '', ( #2904 ), #2360 ) ;
#3616 =( BOUNDED_SURFACE ( )  B_SPLINE_SURFACE ( 3, 3, ( 
 ( #1523, #2285, #5301, #2254 ),
 ( #610, #209, #1903, #5359 ),
 ( #3604, #4931, #5273, #5329 ),
 ( #1469, #1054, #1497, #2767 ) ),
 .UNSPECIFIED., .F., .F., .F. ) 
 B_SPLINE_SURFACE_WITH_KNOTS ( ( 4, 4 ),
 ( 4, 4 ),
 ( 0.000000000000000000, 1.000000000000000000 ),
 ( 0.000000000000000000, 1.000000000000000000 ),
 .UNSPECIFIED. ) 
 GEOMETRIC_REPRESENTATION_ITEM ( )  RATIONAL_B_SPLINE_SURFACE ( (
 ( 1.000000000000000000, 0.3333333333333387549, 0.3333333333333387549, 1.000000000000000000),
 ( 0.9245018060306363639, 0.3081672686768838210, 0.3081672686768838210, 0.9245018060306363639),
 ( 0.9245018060306363639, 0.3081672686768838210, 0.3081672686768838210, 0.9245018060306363639),
 ( 1.000000000000000000, 0.3333333333333387549, 0.3333333333333387549, 1.000000000000000000) ) ) 
 REPRESENTATION_ITEM ( '' )  SURFACE ( )  );
#3617 = ORIENTED_EDGE ( 'NONE', *, *, #3535, .T. ) ;
#3618 = COLOUR_RGB ( '',0.7490196078431372584, 0.7490196078431372584, 0.7490196078431372584 ) ;
#3619 = DIRECTION ( 'NONE',  ( 0.4082482904638330412, -0.4082482904638330412, -0.8164965809277561215 ) ) ;
#3620 = CARTESIAN_POINT ( 'NONE',  ( 0.009842519685039369942, 0.03313648383644914042, 0.001968503937007873988 ) ) ;
#3621 = ORIENTED_EDGE ( 'NONE', *, *, #4388, .T. ) ;
#3622 = DIRECTION ( 'NONE',  ( -1.000000000000000000, -1.836970198721029688E-16, 0.000000000000000000 ) ) ;
#3623 =( NAMED_UNIT ( * ) SI_UNIT ( $, .STERADIAN. ) SOLID_ANGLE_UNIT ( ) );
#3624 = CARTESIAN_POINT ( 'NONE',  ( -0.06889763779527557919, 0.1043307086614173457, 0.001968503937007873988 ) ) ;
#3625 = EDGE_CURVE ( 'NONE', #4397, #4535, #4276, .T. ) ;
#3626 = PRODUCT_DEFINITION_CONTEXT ( 'detailed design', #2510, 'design' ) ;
#3627 = DIRECTION ( 'NONE',  ( -1.000000000000000000, -2.775557561562900029E-15, -4.179547636683340349E-31 ) ) ;
#3628 = CARTESIAN_POINT ( 'NONE',  ( -1.941094747098945113E-32, -5.003925032530393672E-33, 0.06692913385826811112 ) ) ;
#3629 =( GEOMETRIC_REPRESENTATION_CONTEXT ( 3 ) GLOBAL_UNCERTAINTY_ASSIGNED_CONTEXT ( ( #4869 ) ) GLOBAL_UNIT_ASSIGNED_CONTEXT ( ( #2721, #4310, #566 ) ) REPRESENTATION_CONTEXT ( 'NONE', 'WORKASPACE' ) );
#3630 = ORIENTED_EDGE ( 'NONE', *, *, #1089, .T. ) ;
#3631 = CARTESIAN_POINT ( 'NONE',  ( -0.007480314960629922023, -0.09315093836353857681, -0.03121745357732397599 ) ) ;
#3632 = EDGE_CURVE ( 'NONE', #3679, #5018, #3998, .T. ) ;
#3633 = CARTESIAN_POINT ( 'NONE',  ( 0.03918932580201188454, -0.1649879881600219700, 4.790289133968078503E-05 ) ) ;
#3634 = CIRCLE ( 'NONE', #1391, 0.0003937007874015758277 ) ;
#3635 = UNCERTAINTY_MEASURE_WITH_UNIT (LENGTH_MEASURE( 1.000000000000000082E-05 ), #4739, 'distance_accuracy_value', 'NONE');
#3636 = EDGE_LOOP ( 'NONE', ( #339, #2169, #457, #4946 ) ) ;
#3637 = LINE ( 'NONE', #4509, #3853 ) ;
#3638 = PRESENTATION_LAYER_ASSIGNMENT (  '', '', ( #1486 ) ) ;
#3639 = DIRECTION ( 'NONE',  ( -4.297971597196270222E-16, 1.000000000000000000, 0.000000000000000000 ) ) ;
#3640 = SURFACE_STYLE_FILL_AREA ( #2351 ) ;
#3641 = CARTESIAN_POINT ( 'NONE',  ( 0.03897637795275595007, -0.1649606299212598437, -0.2082677165354331061 ) ) ;
#3642 = AXIS2_PLACEMENT_3D ( 'NONE', #5339, #2265, #4465 ) ;
#3643 = CARTESIAN_POINT ( 'NONE',  ( 6.262252531743684816E-17, -0.1618110236220472731, -0.2086614173228343860 ) ) ;
#3644 = ORIENTED_EDGE ( 'NONE', *, *, #377, .F. ) ;
#3645 = PRESENTATION_LAYER_ASSIGNMENT (  '', '', ( #2577 ) ) ;
#3646 = CARTESIAN_POINT ( 'NONE',  ( -0.007480314960629962789, 0.09842519685039372024, -0.1466202109555881927 ) ) ;
#3647 = SURFACE_STYLE_FILL_AREA ( #2357 ) ;
#3648 = DIRECTION ( 'NONE',  ( 1.000000000000000000, 0.000000000000000000, 0.000000000000000000 ) ) ;
#3649 = AXIS2_PLACEMENT_3D ( 'NONE', #1939, #1995, #2749 ) ;
#3650 = ORIENTED_EDGE ( 'NONE', *, *, #718, .T. ) ;
#3651 = DIRECTION ( 'NONE',  ( 0.000000000000000000, 1.000000000000000000, 3.557538378468206574E-15 ) ) ;
#3652 =( CONVERSION_BASED_UNIT ( 'INCH', #1516 ) LENGTH_UNIT ( ) NAMED_UNIT ( #2600 ) );
#3653 = SURFACE_STYLE_USAGE ( .BOTH. , #5353 ) ;
#3654 = CARTESIAN_POINT ( 'NONE',  ( -0.007614823410969508155, 0.09835159412382553368, -0.1463929077000017398 ) ) ;
#3655 = LINE ( 'NONE', #1104, #4473 ) ;
#3656 = DIRECTION ( 'NONE',  ( -7.930190395284769740E-32, -1.000000000000000000, 4.928718885472649893E-32 ) ) ;
#3657 = COLOUR_RGB ( '',0.8313725490196077761, 0.8313725490196077761, 0.8313725490196077761 ) ;
#3658 = EDGE_CURVE ( 'NONE', #3187, #642, #5248, .T. ) ;
#3659 = VERTEX_POINT ( 'NONE', #2715 ) ;
#3660 = CARTESIAN_POINT ( 'NONE',  ( -0.03444881889763779653, -0.1023622047244094613, 0.001968503937007873988 ) ) ;
#3661 = LENGTH_MEASURE_WITH_UNIT ( LENGTH_MEASURE( 0.02539999999999999897 ), #2829 );
#3662 = PRESENTATION_LAYER_ASSIGNMENT (  '', '', ( #532 ) ) ;
#3663 = SURFACE_SIDE_STYLE ('',( #699 ) ) ;
#3664 = LINE ( 'NONE', #2855, #3820 ) ;
#3665 = EDGE_LOOP ( 'NONE', ( #5327, #3412, #1012, #1086 ) ) ;
#3666 = COLOUR_RGB ( '',0.8313725490196077761, 0.8313725490196077761, 0.8313725490196077761 ) ;
#3667 = EDGE_CURVE ( 'NONE', #5233, #4676, #5299, .T. ) ;
#3668 = CARTESIAN_POINT ( 'NONE',  ( 0.03920368120834245851, -0.1615837203664609034, -0.2084950197910196978 ) ) ;
#3669 = CARTESIAN_POINT ( 'NONE',  ( 0.03900373619151793064, -0.1654022336000012805, -0.2084806643846890684 ) ) ;
#3670 = CARTESIAN_POINT ( 'NONE',  ( -0.004196200211077796491, 0.09825879931857862959, -0.06236130442807987645 ) ) ;
#3671 = SURFACE_STYLE_USAGE ( .BOTH. , #4568 ) ;
#3672 = SURFACE_STYLE_FILL_AREA ( #2379 ) ;
#3673 = CARTESIAN_POINT ( 'NONE',  ( -0.03543307086614173179, 0.03313648383644913348, 0.000000000000000000 ) ) ;
#3674 = FILL_AREA_STYLE_COLOUR ( '', #4282 ) ;
#3675 = ORIENTED_EDGE ( 'NONE', *, *, #649, .T. ) ;
#3676 = LENGTH_MEASURE_WITH_UNIT ( LENGTH_MEASURE( 0.02539999999999999897 ), #650 );
#3677 =( NAMED_UNIT ( * ) SI_UNIT ( $, .STERADIAN. ) SOLID_ANGLE_UNIT ( ) );
#3678 = EDGE_LOOP ( 'NONE', ( #4856, #5349, #438, #3893 ) ) ;
#3679 = VERTEX_POINT ( 'NONE', #3969 ) ;
#3680 = CARTESIAN_POINT ( 'NONE',  ( 0.03897637795275595007, -0.1649606299212598437, -0.0003937007874015748519 ) ) ;
#3681 = CARTESIAN_POINT ( 'NONE',  ( 0.03920368120834240300, -0.1615837203664608479, -0.0001663975318151163446 ) ) ;
#3682 = FILL_AREA_STYLE_COLOUR ( '', #849 ) ;
#3683 = CARTESIAN_POINT ( 'NONE',  ( -0.007699680633072789049, 0.09860102343580501305, -0.1468322622888660056 ) ) ;
#3684 = UNCERTAINTY_MEASURE_WITH_UNIT (LENGTH_MEASURE( 1.000000000000000082E-05 ), #4372, 'distance_accuracy_value', 'NONE');
#3685 = FILL_AREA_STYLE_COLOUR ( '', #1240 ) ;
#3686 = ORIENTED_EDGE ( 'NONE', *, *, #2922, .T. ) ;
#3687 = PRESENTATION_LAYER_ASSIGNMENT (  '', '', ( #132 ) ) ;
#3688 = CARTESIAN_POINT ( 'NONE',  ( 0.03920368120834238218, -0.1651879331768462689, -0.0001663975318151281624 ) ) ;
#3689 = EDGE_CURVE ( 'NONE', #462, #1502, #1060, .T. ) ;
#3690 = PLANE ( 'NONE',  #2655 ) ;
#3691 = UNCERTAINTY_MEASURE_WITH_UNIT (LENGTH_MEASURE( 1.000000000000000082E-05 ), #2969, 'distance_accuracy_value', 'NONE');
#3692 = EDGE_LOOP ( 'NONE', ( #3858, #5060, #4619, #573, #1139 ) ) ;
#3693 = MECHANICAL_DESIGN_GEOMETRIC_PRESENTATION_REPRESENTATION (  '', ( #4139 ), #835 ) ;
#3694 = SURFACE_SIDE_STYLE ('',( #2459 ) ) ;
#3695 = LINE ( 'NONE', #2461, #2627 ) ;
#3696 = LINE ( 'NONE', #3200, #317 ) ;
#3697 =( BOUNDED_SURFACE ( )  B_SPLINE_SURFACE ( 3, 3, ( 
 ( #4083, #2717, #5399, #1531 ),
 ( #4968, #2295, #215, #3971 ),
 ( #160, #3999, #183, #3612 ),
 ( #1474, #3199, #4909, #2775 ) ),
 .UNSPECIFIED., .F., .F., .F. ) 
 B_SPLINE_SURFACE_WITH_KNOTS ( ( 4, 4 ),
 ( 4, 4 ),
 ( 0.000000000000000000, 1.000000000000000000 ),
 ( 0.000000000000000000, 1.000000000000000000 ),
 .UNSPECIFIED. ) 
 GEOMETRIC_REPRESENTATION_ITEM ( )  RATIONAL_B_SPLINE_SURFACE ( (
 ( 1.000000000000000000, 0.3333333333333318715, 0.3333333333333318715, 1.000000000000000000),
 ( 0.9245018060306371410, 0.3081672686768777147, 0.3081672686768777147, 0.9245018060306371410),
 ( 0.9245018060306371410, 0.3081672686768777147, 0.3081672686768777147, 0.9245018060306371410),
 ( 1.000000000000000000, 0.3333333333333318715, 0.3333333333333318715, 1.000000000000000000) ) ) 
 REPRESENTATION_ITEM ( '' )  SURFACE ( )  );
#3698 = DIRECTION ( 'NONE',  ( -0.5773502691896383876, 0.5773502691896086336, -0.5773502691896302830 ) ) ;
#3699 = EDGE_CURVE ( 'NONE', #4535, #4487, #3637, .T. ) ;
#3700 = CARTESIAN_POINT ( 'NONE',  ( 0.03920368120834243075, -0.1651879331768462134, -0.2084950197910196146 ) ) ;
#3701 = CARTESIAN_POINT ( 'NONE',  ( -0.004330708661417262059, -0.1574803149606299191, -0.2086614173228342750 ) ) ;
#3702 = MECHANICAL_DESIGN_GEOMETRIC_PRESENTATION_REPRESENTATION (  '', ( #4056 ), #5148 ) ;
#3703 = COLOUR_RGB ( '',0.7490196078431372584, 0.7490196078431372584, 0.7490196078431372584 ) ;
#3704 = FILL_AREA_STYLE_COLOUR ( '', #3409 ) ;
#3705 = LENGTH_MEASURE_WITH_UNIT ( LENGTH_MEASURE( 0.02539999999999999897 ), #2894 );
#3706 = EDGE_CURVE ( 'NONE', #5186, #5154, #1434, .T. ) ;
#3707 = CARTESIAN_POINT ( 'NONE',  ( -0.007874015748031457790, -0.1614173228346456601, 0.000000000000000000 ) ) ;
#3708 = MECHANICAL_DESIGN_GEOMETRIC_PRESENTATION_REPRESENTATION (  '', ( #2550 ), #936 ) ;
#3709 = VERTEX_POINT ( 'NONE', #2350 ) ;
#3710 = ORIENTED_EDGE ( 'NONE', *, *, #5113, .F. ) ;
#3711 =( LENGTH_UNIT ( ) NAMED_UNIT ( * ) SI_UNIT ( $, .METRE. ) );
#3712 = CARTESIAN_POINT ( 'NONE',  ( -0.004330708661417283743, -0.09298786215787989418, -0.06243490715464801444 ) ) ;
#3713 = FILL_AREA_STYLE ('',( #3321 ) ) ;
#3714 = DIRECTION ( 'NONE',  ( 1.000000000000000000, -4.625929269271489858E-16, 1.321694076934689941E-16 ) ) ;
#3715 = CONTEXT_DEPENDENT_SHAPE_REPRESENTATION ( #5277, #553 ) ;
#3716 = EDGE_LOOP ( 'NONE', ( #505, #5379, #5030, #3610, #326 ) ) ;
#3717 = LENGTH_MEASURE_WITH_UNIT ( LENGTH_MEASURE( 0.02539999999999999897 ), #3272 );
#3718 = ORIENTED_EDGE ( 'NONE', *, *, #4074, .T. ) ;
#3719 = CARTESIAN_POINT ( 'NONE',  ( 0.003937007874015747977, -0.1618110236220472731, -0.2082677165354331061 ) ) ;
#3720 = SURFACE_STYLE_FILL_AREA ( #679 ) ;
#3721 = VECTOR ( 'NONE', #252, 39.37007874015748143 ) ;
#3722 =( NAMED_UNIT ( * ) SI_UNIT ( $, .STERADIAN. ) SOLID_ANGLE_UNIT ( ) );
#3723 =( LENGTH_UNIT ( ) NAMED_UNIT ( * ) SI_UNIT ( $, .METRE. ) );
#3724 = SURFACE_STYLE_FILL_AREA ( #1067 ) ;
#3725 = LINE ( 'NONE', #276, #3404 ) ;
#3726 = AXIS2_PLACEMENT_3D ( 'NONE', #3965, #1336, #2202 ) ;
#3727 = EDGE_CURVE ( 'NONE', #4229, #486, #5128, .T. ) ;
#3728 =( NAMED_UNIT ( * ) PLANE_ANGLE_UNIT ( ) SI_UNIT ( $, .RADIAN. ) );
#3729 = CIRCLE ( 'NONE', #5090, 0.0003937007874015713282 ) ;
#3730 = CARTESIAN_POINT ( 'NONE',  ( 0.01072286140846446037, -0.1715879256123697127, 0.0002078204901576432054 ) ) ;
#3731 = MECHANICAL_DESIGN_GEOMETRIC_PRESENTATION_REPRESENTATION (  '', ( #343 ), #2934 ) ;
#3732 = CARTESIAN_POINT ( 'NONE',  ( -0.007493317793061580155, 0.09827315472490912029, 3.354748500923949897E-05 ) ) ;
#3733 = ORIENTED_EDGE ( 'NONE', *, *, #4586, .T. ) ;
#3734 = VECTOR ( 'NONE', #475, 39.37007874015748143 ) ;
#3735 = ADVANCED_FACE ( 'NONE', ( #979 ), #2325, .T. ) ;
#3736 = ORIENTED_EDGE ( 'NONE', *, *, #928, .F. ) ;
#3737 = CARTESIAN_POINT ( 'NONE',  ( 0.01312862463875208614, 0.03361079268582545243, 0.003776403002323540890 ) ) ;
#3738 =( CONVERSION_BASED_UNIT ( 'INCH', #2008 ) LENGTH_UNIT ( ) NAMED_UNIT ( #2100 ) );
#3739 = VECTOR ( 'NONE', #647, 39.37007874015748143 ) ;
#3740 = UNCERTAINTY_MEASURE_WITH_UNIT (LENGTH_MEASURE( 1.000000000000000082E-05 ), #2411, 'distance_accuracy_value', 'NONE');
#3741 =( CONVERSION_BASED_UNIT ( 'INCH', #1658 ) LENGTH_UNIT ( ) NAMED_UNIT ( #5485 ) );
#3742 = ORIENTED_EDGE ( 'NONE', *, *, #5315, .F. ) ;
#3743 = SURFACE_SIDE_STYLE ('',( #3303 ) ) ;
#3744 = DIMENSIONAL_EXPONENTS ( 1.000000000000000000, 0.000000000000000000, 0.000000000000000000, 0.000000000000000000, 0.000000000000000000, 0.000000000000000000, 0.000000000000000000 ) ;
#3745 = LINE ( 'NONE', #809, #1773 ) ;
#3746 = ORIENTED_EDGE ( 'NONE', *, *, #1096, .F. ) ;
#3747 = DIRECTION ( 'NONE',  ( 1.000000000000000000, 0.000000000000000000, 0.000000000000000000 ) ) ;
#3748 = CIRCLE ( 'NONE', #3393, 0.0003937007874015747977 ) ;
#3749 = PRESENTATION_STYLE_ASSIGNMENT (( #1642 ) ) ;
#3750 = LENGTH_MEASURE_WITH_UNIT ( LENGTH_MEASURE( 0.02539999999999999897 ), #3001 );
#3751 =( NAMED_UNIT ( * ) PLANE_ANGLE_UNIT ( ) SI_UNIT ( $, .RADIAN. ) );
#3752 =( CONVERSION_BASED_UNIT ( 'INCH', #1284 ) LENGTH_UNIT ( ) NAMED_UNIT ( #46 ) );
#3753 = AXIS2_PLACEMENT_3D ( 'NONE', #5036, #5415, #3299 ) ;
#3754 = CARTESIAN_POINT ( 'NONE',  ( -0.002401773647003229047, -0.1615803990403044121, -0.2086614173228343305 ) ) ;
#3755 = CARTESIAN_POINT ( 'NONE',  ( 6.829619984160658046E-17, -0.1618110236220472453, -0.0003937007874015748519 ) ) ;
#3756 =( GEOMETRIC_REPRESENTATION_CONTEXT ( 3 ) GLOBAL_UNCERTAINTY_ASSIGNED_CONTEXT ( ( #2801 ) ) GLOBAL_UNIT_ASSIGNED_CONTEXT ( ( #1778, #93, #3046 ) ) REPRESENTATION_CONTEXT ( 'NONE', 'WORKASPACE' ) );
#3757 =( REPRESENTATION_RELATIONSHIP ('NONE','NONE', #4999, #806 ) REPRESENTATION_RELATIONSHIP_WITH_TRANSFORMATION ( #3270 )SHAPE_REPRESENTATION_RELATIONSHIP( ) );
#3758 = CARTESIAN_POINT ( 'NONE',  ( -0.004010610600583935405, 0.09825879931857862959, -0.06217571481758599194 ) ) ;
#3759 =( NAMED_UNIT ( * ) SI_UNIT ( $, .STERADIAN. ) SOLID_ANGLE_UNIT ( ) );
#3760 = EDGE_CURVE ( 'NONE', #117, #4676, #817, .T. ) ;
#3761 = ORIENTED_EDGE ( 'NONE', *, *, #3011, .T. ) ;
#3762 =( BOUNDED_SURFACE ( )  B_SPLINE_SURFACE ( 3, 3, ( 
 ( #763, #4169, #2052, #3331 ),
 ( #1646, #1223, #2656, #2257 ),
 ( #4300, #100, #4332, #3942 ),
 ( #2624, #4270, #3450, #2151 ) ),
 .UNSPECIFIED., .F., .F., .F. ) 
 B_SPLINE_SURFACE_WITH_KNOTS ( ( 4, 4 ),
 ( 4, 4 ),
 ( 0.000000000000000000, 1.000000000000000000 ),
 ( 0.000000000000000000, 1.000000000000000000 ),
 .UNSPECIFIED. ) 
 GEOMETRIC_REPRESENTATION_ITEM ( )  RATIONAL_B_SPLINE_SURFACE ( (
 ( 1.000000000000000000, 0.3333333333333253767, 0.3333333333333253767, 1.000000000000000000),
 ( 0.9245018060306118279, 0.3081672686768632263, 0.3081672686768632263, 0.9245018060306118279),
 ( 0.9245018060306118279, 0.3081672686768632263, 0.3081672686768632263, 0.9245018060306118279),
 ( 1.000000000000000000, 0.3333333333333253767, 0.3333333333333253767, 1.000000000000000000) ) ) 
 REPRESENTATION_ITEM ( '' )  SURFACE ( )  );
#3763 = CARTESIAN_POINT ( 'NONE',  ( 0.03920368120834243075, -0.1615837203664608479, -0.2084950197910196423 ) ) ;
#3764 = SURFACE_STYLE_FILL_AREA ( #2061 ) ;
#3765 = PLANE ( 'NONE',  #1931 ) ;
#3766 = CARTESIAN_POINT ( 'NONE',  ( -0.003937007874015708078, -0.09354463915094014814, -0.06282860794204959964 ) ) ;
#3767 = ADVANCED_FACE ( 'NONE', ( #589 ), #3168, .T. ) ;
#3768 = ITEM_DEFINED_TRANSFORMATION ( 'NONE', 'NONE', #3912,  #1220 ) ;
#3769 = EDGE_LOOP ( 'NONE', ( #1653, #2344, #1428, #1193 ) ) ;
#3770 = SURFACE_SIDE_STYLE ('',( #2015 ) ) ;
#3771 = SURFACE_SIDE_STYLE ('',( #2016 ) ) ;
#3772 =( NAMED_UNIT ( * ) SI_UNIT ( $, .STERADIAN. ) SOLID_ANGLE_UNIT ( ) );
#3773 = PRESENTATION_STYLE_ASSIGNMENT (( #2043 ) ) ;
#3774 = EDGE_CURVE ( 'NONE', #4126, #4848, #341, .T. ) ;
#3775 = CARTESIAN_POINT ( 'NONE',  ( -0.02362204724409444970, -0.1735564295493775833, 0.09645669291338584972 ) ) ;
#3776 = ORIENTED_EDGE ( 'NONE', *, *, #3011, .F. ) ;
#3777 = LENGTH_MEASURE_WITH_UNIT ( LENGTH_MEASURE( 0.02539999999999999897 ), #1142 );
#3778 = CARTESIAN_POINT ( 'NONE',  ( -0.004330708661417361806, 0.09803149606299216279, -0.06204120636724646393 ) ) ;
#3779 = PRESENTATION_STYLE_ASSIGNMENT (( #5457 ) ) ;
#3780 = DIMENSIONAL_EXPONENTS ( 1.000000000000000000, 0.000000000000000000, 0.000000000000000000, 0.000000000000000000, 0.000000000000000000, 0.000000000000000000, 0.000000000000000000 ) ;
#3781 =( LENGTH_UNIT ( ) NAMED_UNIT ( * ) SI_UNIT ( $, .METRE. ) );
#3782 = CARTESIAN_POINT ( 'NONE',  ( 0.03932851464212597237, -0.1649606299212598437, -0.0002176324427165440812 ) ) ;
#3783 = SURFACE_SIDE_STYLE ('',( #424 ) ) ;
#3784 = CARTESIAN_POINT ( 'NONE',  ( -0.007382261818345620639, 0.09838988450364627436, -0.1464900433064033058 ) ) ;
#3785 = ORIENTED_EDGE ( 'NONE', *, *, #860, .F. ) ;
#3786 = CARTESIAN_POINT ( 'NONE',  ( 0.03920368120834241688, -0.1615837203664608479, -0.2084950197910196423 ) ) ;
#3787 = DIRECTION ( 'NONE',  ( 0.5773502691896358341, -0.5773502691895924244, 0.5773502691896490457 ) ) ;
#3788 = DIRECTION ( 'NONE',  ( 0.5773502691896263972, 0.5773502691896263972, -0.5773502691896245098 ) ) ;
#3789 = PRESENTATION_LAYER_ASSIGNMENT (  '', '', ( #665 ) ) ;
#3790 = CARTESIAN_POINT ( 'NONE',  ( 0.01031682853441582073, -0.1748740305660824723, 0.09464879384807016460 ) ) ;
#3791 = STYLED_ITEM ( 'NONE', ( #3228 ), #4516 ) ;
#3792 = FACE_OUTER_BOUND ( 'NONE', #296, .T. ) ;
#3793 = CONTEXT_DEPENDENT_SHAPE_REPRESENTATION ( #2907, #2604 ) ;
#3794 =( BOUNDED_SURFACE ( )  B_SPLINE_SURFACE ( 3, 3, ( 
 ( #3786, #2533, #404, #2107 ),
 ( #3591, #5229, #2270, #4967 ),
 ( #4007, #1370, #2242, #1864 ),
 ( #1115, #1432, #1456, #4404 ) ),
 .UNSPECIFIED., .F., .F., .F. ) 
 B_SPLINE_SURFACE_WITH_KNOTS ( ( 4, 4 ),
 ( 4, 4 ),
 ( 0.000000000000000000, 1.000000000000000000 ),
 ( 0.000000000000000000, 1.000000000000000000 ),
 .UNSPECIFIED. ) 
 GEOMETRIC_REPRESENTATION_ITEM ( )  RATIONAL_B_SPLINE_SURFACE ( (
 ( 1.000000000000000000, 0.3333333333333240445, 0.3333333333333240445, 1.000000000000000000),
 ( 0.9245018060306225971, 0.3081672686768656133, 0.3081672686768656133, 0.9245018060306225971),
 ( 0.9245018060306225971, 0.3081672686768656133, 0.3081672686768656133, 0.9245018060306225971),
 ( 1.000000000000000000, 0.3333333333333240445, 0.3333333333333240445, 1.000000000000000000) ) ) 
 REPRESENTATION_ITEM ( '' )  SURFACE ( )  );
#3795 = ORIENTED_EDGE ( 'NONE', *, *, #5085, .F. ) ;
#3796 = STYLED_ITEM ( 'NONE', ( #4622 ), #4802 ) ;
#3797 = CARTESIAN_POINT ( 'NONE',  ( -0.003937007874015688996, -0.1574803149606299191, -0.2082677165354327176 ) ) ;
#3798 = EDGE_CURVE ( 'NONE', #4214, #1941, #2677, .T. ) ;
#3799 = SURFACE_SIDE_STYLE ('',( #2569 ) ) ;
#3800 = PRESENTATION_LAYER_ASSIGNMENT (  '', '', ( #677 ) ) ;
#3801 = CARTESIAN_POINT ( 'NONE',  ( -0.004381867053114609292, -0.1649606299212598437, -0.2086614173228342473 ) ) ;
#3802 = ORIENTED_EDGE ( 'NONE', *, *, #656, .F. ) ;
#3803 = DIRECTION ( 'NONE',  ( 1.000000000000000000, 0.000000000000000000, 0.000000000000000000 ) ) ;
#3804 = SURFACE_STYLE_FILL_AREA ( #2097 ) ;
#3805 = EDGE_CURVE ( 'NONE', #5247, #3048, #3586, .T. ) ;
#3806 = SURFACE_SIDE_STYLE ('',( #703 ) ) ;
#3807 = FILL_AREA_STYLE_COLOUR ( '', #3618 ) ;
#3808 = CARTESIAN_POINT ( 'NONE',  ( 0.008782263018650243031, -0.1726847539745839100, -0.0008791329270568176224 ) ) ;
#3809 = DIRECTION ( 'NONE',  ( 1.000000000000000000, 0.000000000000000000, 1.761828530288944114E-15 ) ) ;
#3810 = ORIENTED_EDGE ( 'NONE', *, *, #964, .F. ) ;
#3811 = CARTESIAN_POINT ( 'NONE',  ( 6.822387818023960929E-17, -0.1614173228346456879, -0.2082677165354326898 ) ) ;
#3812 = FACE_OUTER_BOUND ( 'NONE', #2275, .T. ) ;
#3813 = DIRECTION ( 'NONE',  ( 3.106967419659950017E-16, -1.000000000000000000, 0.000000000000000000 ) ) ;
#3814 = DIRECTION ( 'NONE',  ( 0.000000000000000000, 1.000000000000000000, 4.991641978379239941E-16 ) ) ;
#3815 = COLOUR_RGB ( '',0.8313725490196077761, 0.8313725490196077761, 0.8313725490196077761 ) ;
#3816 = ORIENTED_EDGE ( 'NONE', *, *, #2704, .T. ) ;
#3817 = DIMENSIONAL_EXPONENTS ( 1.000000000000000000, 0.000000000000000000, 0.000000000000000000, 0.000000000000000000, 0.000000000000000000, 0.000000000000000000, 0.000000000000000000 ) ;
#3818 = CARTESIAN_POINT ( 'NONE',  ( 0.01097903596297171089, 0.03427300011438147442, 0.0008319876590755419330 ) ) ;
#3819 = FACE_OUTER_BOUND ( 'NONE', #1812, .T. ) ;
#3820 = VECTOR ( 'NONE', #4079, 39.37007874015748143 ) ;
#3821 = PRESENTATION_STYLE_ASSIGNMENT (( #3088 ) ) ;
#3822 = ORIENTED_EDGE ( 'NONE', *, *, #894, .T. ) ;
#3823 = FILL_AREA_STYLE ('',( #1242 ) ) ;
#3824 = DIRECTION ( 'NONE',  ( 1.000000000000000000, 0.000000000000000000, 0.000000000000000000 ) ) ;
#3825 = FILL_AREA_STYLE ('',( #5043 ) ) ;
#3826 = CARTESIAN_POINT ( 'NONE',  ( 0.06889763779527557919, 0.1043307086614173318, 0.001968503937007873988 ) ) ;
#3827 = ORIENTED_EDGE ( 'NONE', *, *, #3992, .F. ) ;
#3828 = AXIS2_PLACEMENT_3D ( 'NONE', #4338, #4308, #2181 ) ;
#3829 = ADVANCED_FACE ( 'NONE', ( #298 ), #4458, .T. ) ;
#3830 = UNCERTAINTY_MEASURE_WITH_UNIT (LENGTH_MEASURE( 1.000000000000000082E-05 ), #3433, 'distance_accuracy_value', 'NONE');
#3831 = CARTESIAN_POINT ( 'NONE',  ( -0.002216649995440904408, -0.1613802632958298289, -0.000000000000000000 ) ) ;
#3832 = SURFACE_SIDE_STYLE ('',( #1380 ) ) ;
#3833 =( LENGTH_UNIT ( ) NAMED_UNIT ( * ) SI_UNIT ( $, .METRE. ) );
#3834 =( LENGTH_UNIT ( ) NAMED_UNIT ( * ) SI_UNIT ( $, .METRE. ) );
#3835 = EDGE_CURVE ( 'NONE', #3506, #4311, #4564, .T. ) ;
#3836 = MECHANICAL_DESIGN_GEOMETRIC_PRESENTATION_REPRESENTATION (  '', ( #801 ), #1236 ) ;
#3837 =( NAMED_UNIT ( * ) PLANE_ANGLE_UNIT ( ) SI_UNIT ( $, .RADIAN. ) );
#3838 =( NAMED_UNIT ( * ) SI_UNIT ( $, .STERADIAN. ) SOLID_ANGLE_UNIT ( ) );
#3839 = PRESENTATION_STYLE_ASSIGNMENT (( #2127 ) ) ;
#3840 =( LENGTH_UNIT ( ) NAMED_UNIT ( * ) SI_UNIT ( $, .METRE. ) );
#3841 = MECHANICAL_DESIGN_GEOMETRIC_PRESENTATION_REPRESENTATION (  '', ( #5380 ), #2769 ) ;
#3842 = FILL_AREA_STYLE_COLOUR ( '', #595 ) ;
#3843 = ORIENTED_EDGE ( 'NONE', *, *, #4033, .F. ) ;
#3844 = CIRCLE ( 'NONE', #4478, 0.0003937007874015587515 ) ;
#3845 = AXIS2_PLACEMENT_3D ( 'NONE', #4087, #303, #3235 ) ;
#3846 =( CONVERSION_BASED_UNIT ( 'INCH', #1292 ) LENGTH_UNIT ( ) NAMED_UNIT ( #2497 ) );
#3847 = CARTESIAN_POINT ( 'NONE',  ( 0.01080392253833596661, 0.03497329094067092026, 0.001882505334636503649 ) ) ;
#3848 = DIRECTION ( 'NONE',  ( 1.000000000000000000, 1.586032892321650017E-16, -0.000000000000000000 ) ) ;
#3849 = SURFACE_STYLE_USAGE ( .BOTH. , #86 ) ;
#3850 = STYLED_ITEM ( 'NONE', ( #3976 ), #4235 ) ;
#3851 = PRESENTATION_LAYER_ASSIGNMENT (  '', '', ( #3233 ) ) ;
#3852 = ORIENTED_EDGE ( 'NONE', *, *, #1059, .T. ) ;
#3853 = VECTOR ( 'NONE', #2294, 39.37007874015748143 ) ;
#3854 = DIMENSIONAL_EXPONENTS ( 1.000000000000000000, 0.000000000000000000, 0.000000000000000000, 0.000000000000000000, 0.000000000000000000, 0.000000000000000000, 0.000000000000000000 ) ;
#3855 =( CONVERSION_BASED_UNIT ( 'INCH', #834 ) LENGTH_UNIT ( ) NAMED_UNIT ( #4438 ) );
#3856 = FACE_OUTER_BOUND ( 'NONE', #1019, .T. ) ;
#3857 =( NAMED_UNIT ( * ) PLANE_ANGLE_UNIT ( ) SI_UNIT ( $, .RADIAN. ) );
#3858 = ORIENTED_EDGE ( 'NONE', *, *, #4301, .F. ) ;
#3859 = SURFACE_SIDE_STYLE ('',( #3420 ) ) ;
#3860 = EDGE_CURVE ( 'NONE', #2608, #4411, #544, .T. ) ;
#3861 = SURFACE_STYLE_USAGE ( .BOTH. , #1673 ) ;
#3862 = CARTESIAN_POINT ( 'NONE',  ( 0.06889763779527559306, 6.556435184794213728E-17, 0.09842519685039370636 ) ) ;
#3863 = SURFACE_SIDE_STYLE ('',( #4360 ) ) ;
#3864 = DIRECTION ( 'NONE',  ( -1.000000000000000000, -4.625929269271489858E-16, -1.321694076934689941E-16 ) ) ;
#3865 = ADVANCED_FACE ( 'NONE', ( #4757 ), #4835, .T. ) ;
#3866 = CARTESIAN_POINT ( 'NONE',  ( -0.007707618216216431326, 0.09825879931857861571, -0.0001663975318151194617 ) ) ;
#3867 = CARTESIAN_POINT ( 'NONE',  ( -0.003903460389006463416, 0.09804449889542367347, -0.1463785522936712491 ) ) ;
#3868 =( LENGTH_UNIT ( ) NAMED_UNIT ( * ) SI_UNIT ( $, .METRE. ) );
#3869 = EDGE_LOOP ( 'NONE', ( #1750, #3068, #2935, #1001, #2349, #1265 ) ) ;
#3870 = PRESENTATION_LAYER_ASSIGNMENT (  '', '', ( #5046 ) ) ;
#3871 = CARTESIAN_POINT ( 'NONE',  ( -0.004103405405830908882, 0.09825879931857860183, -0.0001663975318151163446 ) ) ;
#3872 = CARTESIAN_POINT ( 'NONE',  ( 0.03916865852341524373, -0.1614436622012029032, -0.0003765010669273082650 ) ) ;
#3873 = EDGE_CURVE ( 'NONE', #4126, #4214, #2192, .T. ) ;
#3874 = CIRCLE ( 'NONE', #660, 0.0003937007874015747977 ) ;
#3875 = CARTESIAN_POINT ( 'NONE',  ( 0.009842519685039369942, -0.1715879256123697127, 0.09645669291338584972 ) ) ;
#3876 = VERTEX_POINT ( 'NONE', #3491 ) ;
#3877 = UNCERTAINTY_MEASURE_WITH_UNIT (LENGTH_MEASURE( 1.000000000000000082E-05 ), #3738, 'distance_accuracy_value', 'NONE');
#3878 =( GEOMETRIC_REPRESENTATION_CONTEXT ( 3 ) GLOBAL_UNCERTAINTY_ASSIGNED_CONTEXT ( ( #2395 ) ) GLOBAL_UNIT_ASSIGNED_CONTEXT ( ( #2805, #4029, #1423 ) ) REPRESENTATION_CONTEXT ( 'NONE', 'WORKASPACE' ) );
#3879 = CARTESIAN_POINT ( 'NONE',  ( 0.01205053807874601444, -0.1717247168061801776, 0.0009037646907280167102 ) ) ;
#3880 = CARTESIAN_POINT ( 'NONE',  ( -0.007874015748031508097, -0.09321848673962247755, -0.06204120636724627658 ) ) ;
#3881 = CARTESIAN_POINT ( 'NONE',  ( 0.01066988732751195275, -0.1696034971505058775, 0.09956626847055051466 ) ) ;
#3882 = ORIENTED_EDGE ( 'NONE', *, *, #4274, .F. ) ;
#3883 = COLOUR_RGB ( '',0.7490196078431372584, 0.7490196078431372584, 0.7490196078431372584 ) ;
#3884 = CARTESIAN_POINT ( 'NONE',  ( 0.009352253973617810981, 0.03378732208237360257, 0.09824863511665631044 ) ) ;
#3885 = COLOUR_RGB ( '',0.7490196078431372584, 0.7490196078431372584, 0.7490196078431372584 ) ;
#3886 = CARTESIAN_POINT ( 'NONE',  ( 0.01097903596297169528, -0.1727244418903020606, 0.0008319876590755250195 ) ) ;
#3887 = DIMENSIONAL_EXPONENTS ( 1.000000000000000000, 0.000000000000000000, 0.000000000000000000, 0.000000000000000000, 0.000000000000000000, 0.000000000000000000, 0.000000000000000000 ) ;
#3888 = FACE_OUTER_BOUND ( 'NONE', #3548, .T. ) ;
#3889 = FILL_AREA_STYLE_COLOUR ( '', #1341 ) ;
#3890 = DIRECTION ( 'NONE',  ( -0.000000000000000000, -1.000000000000000000, -0.000000000000000000 ) ) ;
#3891 = CARTESIAN_POINT ( 'NONE',  ( 0.03937007874015750059, -0.1618110236220472731, -0.0003937007874015748519 ) ) ;
#3892 = CARTESIAN_POINT ( 'NONE',  ( -0.004138428090758108045, 0.09839885748383644937, -0.2082849162559068934 ) ) ;
#3893 = ORIENTED_EDGE ( 'NONE', *, *, #290, .F. ) ;
#3894 = EDGE_CURVE ( 'NONE', #5067, #1720, #721, .T. ) ;
#3895 = CARTESIAN_POINT ( 'NONE',  ( -0.007707618216216438264, 0.09825879931857860183, -0.06226850962283292379 ) ) ;
#3896 =( NAMED_UNIT ( * ) PLANE_ANGLE_UNIT ( ) SI_UNIT ( $, .RADIAN. ) );
#3897 = LINE ( 'NONE', #2962, #2718 ) ;
#3898 = DIRECTION ( 'NONE',  ( 0.000000000000000000, 0.000000000000000000, 1.000000000000000000 ) ) ;
#3899 = PRODUCT ( 'body', 'body', '', ( #2539 ) ) ;
#3900 =( GEOMETRIC_REPRESENTATION_CONTEXT ( 3 ) GLOBAL_UNCERTAINTY_ASSIGNED_CONTEXT ( ( #5035 ) ) GLOBAL_UNIT_ASSIGNED_CONTEXT ( ( #445, #3751, #5116 ) ) REPRESENTATION_CONTEXT ( 'NONE', 'WORKASPACE' ) );
#3901 = ORIENTED_EDGE ( 'NONE', *, *, #1156, .T. ) ;
#3902 = CARTESIAN_POINT ( 'NONE',  ( 0.03897637795275595007, -0.1649606299212598437, 0.000000000000000000 ) ) ;
#3903 = AXIS2_PLACEMENT_3D ( 'NONE', #4885, #1038, #1910 ) ;
#3904 =( NAMED_UNIT ( * ) SI_UNIT ( $, .STERADIAN. ) SOLID_ANGLE_UNIT ( ) );
#3905 = VECTOR ( 'NONE', #1527, 39.37007874015748143 ) ;
#3906 = ORIENTED_EDGE ( 'NONE', *, *, #727, .T. ) ;
#3907 =( GEOMETRIC_REPRESENTATION_CONTEXT ( 3 ) GLOBAL_UNCERTAINTY_ASSIGNED_CONTEXT ( ( #3307 ) ) GLOBAL_UNIT_ASSIGNED_CONTEXT ( ( #468, #2176, #5218 ) ) REPRESENTATION_CONTEXT ( 'NONE', 'WORKASPACE' ) );
#3908 = SURFACE_SIDE_STYLE ('',( #841 ) ) ;
#3909 = CARTESIAN_POINT ( 'NONE',  ( -0.004330708661417243845, -0.03346456692913393760, 0.000000000000000000 ) ) ;
#3910 = FILL_AREA_STYLE ('',( #75 ) ) ;
#3911 =( LENGTH_UNIT ( ) NAMED_UNIT ( * ) SI_UNIT ( $, .METRE. ) );
#3912 = AXIS2_PLACEMENT_3D ( 'NONE', #1930, #1442, #2706 ) ;
#3913 = LENGTH_MEASURE_WITH_UNIT ( LENGTH_MEASURE( 0.02539999999999999897 ), #5196 );
#3914 = CARTESIAN_POINT ( 'NONE',  ( -0.007707618216216468622, 0.09825879931857862959, -0.06226850962283292379 ) ) ;
#3915 = SURFACE_STYLE_FILL_AREA ( #2661 ) ;
#3916 = DIRECTION ( 'NONE',  ( 0.4082482904638688459, -0.4082482904638438104, -0.8164965809277326958 ) ) ;
#3917 = CARTESIAN_POINT ( 'NONE',  ( -0.004330708661417373082, 0.09803149606299216279, -0.1466202109555881927 ) ) ;
#3918 = PRESENTATION_LAYER_ASSIGNMENT (  '', '', ( #801 ) ) ;
#3919 = EDGE_LOOP ( 'NONE', ( #4679, #248, #4806, #5212 ) ) ;
#3920 = DIMENSIONAL_EXPONENTS ( 1.000000000000000000, 0.000000000000000000, 0.000000000000000000, 0.000000000000000000, 0.000000000000000000, 0.000000000000000000, 0.000000000000000000 ) ;
#3921 = SURFACE_STYLE_USAGE ( .BOTH. , #5230 ) ;
#3922 =( NAMED_UNIT ( * ) SI_UNIT ( $, .STERADIAN. ) SOLID_ANGLE_UNIT ( ) );
#3923 = AXIS2_PLACEMENT_3D ( 'NONE', #1874, #5386, #3246 ) ;
#3924 = DIRECTION ( 'NONE',  ( -0.000000000000000000, 1.000000000000000000, 1.711182652649480066E-16 ) ) ;
#3925 = EDGE_CURVE ( 'NONE', #4474, #3160, #2220, .T. ) ;
#3926 =( CONVERSION_BASED_UNIT ( 'INCH', #937 ) LENGTH_UNIT ( ) NAMED_UNIT ( #5129 ) );
#3927 = COLOUR_RGB ( '',0.8313725490196077761, 0.8313725490196077761, 0.8313725490196077761 ) ;
#3928 = MECHANICAL_DESIGN_GEOMETRIC_PRESENTATION_REPRESENTATION (  '', ( #2504 ), #722 ) ;
#3929 = ORIENTED_EDGE ( 'NONE', *, *, #2787, .F. ) ;
#3930 = LINE ( 'NONE', #3980, #3041 ) ;
#3931 = UNCERTAINTY_MEASURE_WITH_UNIT (LENGTH_MEASURE( 1.000000000000000082E-05 ), #875, 'distance_accuracy_value', 'NONE');
#3932 =( GEOMETRIC_REPRESENTATION_CONTEXT ( 3 ) GLOBAL_UNCERTAINTY_ASSIGNED_CONTEXT ( ( #330 ) ) GLOBAL_UNIT_ASSIGNED_CONTEXT ( ( #454, #3896, #4034 ) ) REPRESENTATION_CONTEXT ( 'NONE', 'WORKASPACE' ) );
#3933 = AXIS2_PLACEMENT_3D ( 'NONE', #1621, #3338, #2733 ) ;
#3934 = EDGE_CURVE ( 'NONE', #3145, #4872, #3930, .T. ) ;
#3935 = SURFACE_SIDE_STYLE ('',( #149 ) ) ;
#3936 = CARTESIAN_POINT ( 'NONE',  ( 0.03937007874015752834, -0.09744094488188977110, -0.2082677165354330506 ) ) ;
#3937 =( GEOMETRIC_REPRESENTATION_CONTEXT ( 3 ) GLOBAL_UNCERTAINTY_ASSIGNED_CONTEXT ( ( #775 ) ) GLOBAL_UNIT_ASSIGNED_CONTEXT ( ( #4966, #733, #4990 ) ) REPRESENTATION_CONTEXT ( 'NONE', 'WORKASPACE' ) );
#3938 = ORIENTED_EDGE ( 'NONE', *, *, #1893, .T. ) ;
#3939 = CYLINDRICAL_SURFACE ( 'NONE', #1629, 0.001968503937007879193 ) ;
#3940 = FILL_AREA_STYLE ('',( #2199 ) ) ;
#3941 = EDGE_CURVE ( 'NONE', #4311, #3033, #1013, .T. ) ;
#3942 = CARTESIAN_POINT ( 'NONE',  ( -0.004138428090758087229, 0.09839885748383643549, -0.2082849162559069212 ) ) ;
#3943 = SURFACE_STYLE_USAGE ( .BOTH. , #3863 ) ;
#3944 = SURFACE_STYLE_USAGE ( .BOTH. , #1389 ) ;
#3945 = VERTEX_POINT ( 'NONE', #3153 ) ;
#3946 = LINE ( 'NONE', #3005, #207 ) ;
#3947 = CARTESIAN_POINT ( 'NONE',  ( -0.007874015748031197581, -0.1574803149606299191, -0.2084983411171757450 ) ) ;
#3948 = CARTESIAN_POINT ( 'NONE',  ( -0.004103405405830916688, 0.09825879931857861571, -0.0001663975318151262651 ) ) ;
#3949 = DIRECTION ( 'NONE',  ( -2.710505431213753985E-15, 1.000000000000000000, 0.000000000000000000 ) ) ;
#3950 = EDGE_LOOP ( 'NONE', ( #955, #742, #1819, #851 ) ) ;
#3951 = DIRECTION ( 'NONE',  ( -1.000000000000000000, -2.775557561562900029E-15, -1.321694076934709909E-16 ) ) ;
#3952 = FACE_OUTER_BOUND ( 'NONE', #270, .T. ) ;
#3953 = AXIS2_PLACEMENT_3D ( 'NONE', #316, #2915, #2492 ) ;
#3954 = ORIENTED_EDGE ( 'NONE', *, *, #1677, .T. ) ;
#3955 =( CONVERSION_BASED_UNIT ( 'INCH', #966 ) LENGTH_UNIT ( ) NAMED_UNIT ( #3994 ) );
#3956 = DIMENSIONAL_EXPONENTS ( 1.000000000000000000, 0.000000000000000000, 0.000000000000000000, 0.000000000000000000, 0.000000000000000000, 0.000000000000000000, 0.000000000000000000 ) ;
#3957 = STYLED_ITEM ( 'NONE', ( #3549 ), #547 ) ;
#3958 = SURFACE_SIDE_STYLE ('',( #4416 ) ) ;
#3959 = UNCERTAINTY_MEASURE_WITH_UNIT (LENGTH_MEASURE( 1.000000000000000082E-05 ), #3955, 'distance_accuracy_value', 'NONE');
#3960 =( GEOMETRIC_REPRESENTATION_CONTEXT ( 3 ) GLOBAL_UNCERTAINTY_ASSIGNED_CONTEXT ( ( #3092 ) ) GLOBAL_UNIT_ASSIGNED_CONTEXT ( ( #739, #2384, #3677 ) ) REPRESENTATION_CONTEXT ( 'NONE', 'WORKASPACE' ) );
#3961 = EDGE_CURVE ( 'NONE', #1113, #4020, #1601, .T. ) ;
#3962 = ORIENTED_EDGE ( 'NONE', *, *, #4770, .T. ) ;
#3963 = CARTESIAN_POINT ( 'NONE',  ( 0.008034620619723705642, 0.03642258879016191386, 0.09693100176276221724 ) ) ;
#3964 = LINE ( 'NONE', #3862, #3211 ) ;
#3965 = CARTESIAN_POINT ( 'NONE',  ( 0.01673228346456696880, -0.1649606299212598437, -0.0003937007874015748519 ) ) ;
#3966 = AXIS2_PLACEMENT_3D ( 'NONE', #4141, #2493, #4596 ) ;
#3967 = EDGE_LOOP ( 'NONE', ( #1078, #4930, #1134, #4559 ) ) ;
#3968 = PRESENTATION_LAYER_ASSIGNMENT (  '', '', ( #1467 ) ) ;
#3969 = CARTESIAN_POINT ( 'NONE',  ( 0.03897637795275595007, -0.1618110236220472731, -0.2086614173228344138 ) ) ;
#3970 = CIRCLE ( 'NONE', #150, 0.001968503937007874856 ) ;
#3971 = CARTESIAN_POINT ( 'NONE',  ( 0.01097903596297171609, 0.03473697414061614752, 0.001295961685310211562 ) ) ;
#3972 = CARTESIAN_POINT ( 'NONE',  ( -0.007907563233040863782, 0.09827315472490907866, -0.06205420919967805787 ) ) ;
#3973 =( NAMED_UNIT ( * ) PLANE_ANGLE_UNIT ( ) SI_UNIT ( $, .RADIAN. ) );
#3974 = ORIENTED_EDGE ( 'NONE', *, *, #448, .F. ) ;
#3975 =( NAMED_UNIT ( * ) PLANE_ANGLE_UNIT ( ) SI_UNIT ( $, .RADIAN. ) );
#3976 = PRESENTATION_STYLE_ASSIGNMENT (( #3921 ) ) ;
#3977 = FACE_OUTER_BOUND ( 'NONE', #1782, .T. ) ;
#3978 = LINE ( 'NONE', #4803, #671 ) ;
#3979 = ORIENTED_EDGE ( 'NONE', *, *, #2023, .F. ) ;
#3980 = CARTESIAN_POINT ( 'NONE',  ( -0.003937007874015787875, 0.09803149606299214891, 0.000000000000000000 ) ) ;
#3981 = CARTESIAN_POINT ( 'NONE',  ( -0.007699680633072798590, 0.09860102343580499917, -0.2080556652021547104 ) ) ;
#3982 =( GEOMETRIC_REPRESENTATION_CONTEXT ( 3 ) GLOBAL_UNCERTAINTY_ASSIGNED_CONTEXT ( ( #2009 ) ) GLOBAL_UNIT_ASSIGNED_CONTEXT ( ( #741, #1917, #3263 ) ) REPRESENTATION_CONTEXT ( 'NONE', 'WORKASPACE' ) );
#3983 = LENGTH_MEASURE_WITH_UNIT ( LENGTH_MEASURE( 0.02539999999999999897 ), #4446 );
#3984 = DIRECTION ( 'NONE',  ( 0.000000000000000000, 0.000000000000000000, 1.000000000000000000 ) ) ;
#3985 =( GEOMETRIC_REPRESENTATION_CONTEXT ( 3 ) GLOBAL_UNCERTAINTY_ASSIGNED_CONTEXT ( ( #3740 ) ) GLOBAL_UNIT_ASSIGNED_CONTEXT ( ( #2411, #1145, #5431 ) ) REPRESENTATION_CONTEXT ( 'NONE', 'WORKASPACE' ) );
#3986 = VERTEX_POINT ( 'NONE', #200 ) ;
#3987 = PRODUCT_DEFINITION_SHAPE ( 'NONE', 'NONE',  #5531 ) ;
#3988 =( NAMED_UNIT ( * ) PLANE_ANGLE_UNIT ( ) SI_UNIT ( $, .RADIAN. ) );
#3989 = CIRCLE ( 'NONE', #3106, 0.0003937007874015719788 ) ;
#3990 = CARTESIAN_POINT ( 'NONE',  ( 0.009979310878849876471, 0.03534450223015584563, 0.09752143215966570244 ) ) ;
#3991 = VECTOR ( 'NONE', #4219, 39.37007874015748143 ) ;
#3992 = EDGE_CURVE ( 'NONE', #5373, #5272, #4831, .T. ) ;
#3993 = PRESENTATION_STYLE_ASSIGNMENT (( #4539 ) ) ;
#3994 = DIMENSIONAL_EXPONENTS ( 1.000000000000000000, 0.000000000000000000, 0.000000000000000000, 0.000000000000000000, 0.000000000000000000, 0.000000000000000000, 0.000000000000000000 ) ;
#3995 =( LENGTH_UNIT ( ) NAMED_UNIT ( * ) SI_UNIT ( $, .METRE. ) );
#3996 = ORIENTED_EDGE ( 'NONE', *, *, #4003, .T. ) ;
#3997 = VECTOR ( 'NONE', #3333, 39.37007874015748143 ) ;
#3998 = LINE ( 'NONE', #2262, #3140 ) ;
#3999 = CARTESIAN_POINT ( 'NONE',  ( 0.008782263018650291603, 0.03423331219866335151, -0.0008791329270567565819 ) ) ;
#4000 = CIRCLE ( 'NONE', #1491, 0.0003937007874015587515 ) ;
#4001 =( CONVERSION_BASED_UNIT ( 'INCH', #592 ) LENGTH_UNIT ( ) NAMED_UNIT ( #5156 ) );
#4002 = FACE_OUTER_BOUND ( 'NONE', #4403, .T. ) ;
#4003 = EDGE_CURVE ( 'NONE', #264, #3160, #3844, .T. ) ;
#4004 = PRODUCT_DEFINITION_FORMATION_WITH_SPECIFIED_SOURCE ( 'ANY', '', #2297, .NOT_KNOWN. ) ;
#4005 = ORIENTED_EDGE ( 'NONE', *, *, #2538, .F. ) ;
#4006 = CIRCLE ( 'NONE', #3649, 0.001968503937007874856 ) ;
#4007 = CARTESIAN_POINT ( 'NONE',  ( 0.03899357767323015367, -0.1616187430513879864, -0.2086350779562774760 ) ) ;
#4008 = CARTESIAN_POINT ( 'NONE',  ( -0.007480314960629961055, 0.09803149606299214891, -0.0003937007874015748519 ) ) ;
#4009 = CARTESIAN_POINT ( 'NONE',  ( -0.007710939542372801173, -0.09315093836353860457, -0.1462265101681866353 ) ) ;
#4010 = PRESENTATION_STYLE_ASSIGNMENT (( #2337 ) ) ;
#4011 =( GEOMETRIC_REPRESENTATION_CONTEXT ( 3 ) GLOBAL_UNCERTAINTY_ASSIGNED_CONTEXT ( ( #4486 ) ) GLOBAL_UNIT_ASSIGNED_CONTEXT ( ( #5332, #1470, #3191 ) ) REPRESENTATION_CONTEXT ( 'NONE', 'WORKASPACE' ) );
#4012 = ORIENTED_EDGE ( 'NONE', *, *, #4274, .T. ) ;
#4013 = FACE_OUTER_BOUND ( 'NONE', #1479, .T. ) ;
#4014 = CARTESIAN_POINT ( 'NONE',  ( -0.007497514681104212354, 0.09839885748383643549, -0.2084599971060919488 ) ) ;
#4015 = LENGTH_MEASURE_WITH_UNIT ( LENGTH_MEASURE( 0.02539999999999999897 ), #1025 );
#4016 = UNCERTAINTY_MEASURE_WITH_UNIT (LENGTH_MEASURE( 1.000000000000000082E-05 ), #4252, 'distance_accuracy_value', 'NONE');
#4017 = AXIS2_PLACEMENT_3D ( 'NONE', #380, #853, #1655 ) ;
#4018 = SURFACE_STYLE_USAGE ( .BOTH. , #3126 ) ;
#4019 = CARTESIAN_POINT ( 'NONE',  ( 0.000000000000000000, 0.000000000000000000, 0.000000000000000000 ) ) ;
#4020 = VERTEX_POINT ( 'NONE', #3294 ) ;
#4021 = MECHANICAL_DESIGN_GEOMETRIC_PRESENTATION_REPRESENTATION (  '', ( #2595 ), #2062 ) ;
#4022 = DIRECTION ( 'NONE',  ( -0.000000000000000000, 0.000000000000000000, -1.000000000000000000 ) ) ;
#4023 = CARTESIAN_POINT ( 'NONE',  ( 0.03879141172126162468, -0.1651258253901356499, 0.0002029116871947823431 ) ) ;
#4024 = FILL_AREA_STYLE_COLOUR ( '', #954 ) ;
#4025 = CARTESIAN_POINT ( 'NONE',  ( -0.007645510429505800176, 0.09784652983149783045, -0.1460235984809916954 ) ) ;
#4026 = ORIENTED_EDGE ( 'NONE', *, *, #5177, .T. ) ;
#4027 = STYLED_ITEM ( 'NONE', ( #3839 ), #3460 ) ;
#4028 = DIRECTION ( 'NONE',  ( 0.5773502691896520433, 0.5773502691895802119, -0.5773502691896452710 ) ) ;
#4029 =( NAMED_UNIT ( * ) PLANE_ANGLE_UNIT ( ) SI_UNIT ( $, .RADIAN. ) );
#4030 = CARTESIAN_POINT ( 'NONE',  ( 0.03920368120834238218, -0.1615837203664608479, -0.0001663975318151800686 ) ) ;
#4031 = CARTESIAN_POINT ( 'NONE',  ( -0.003937007874015694200, -0.1574803149606299191, -0.0003937007874015747977 ) ) ;
#4032 = ORIENTED_EDGE ( 'NONE', *, *, #1811, .F. ) ;
#4033 = EDGE_CURVE ( 'NONE', #2819, #4474, #3129, .T. ) ;
#4034 =( NAMED_UNIT ( * ) SI_UNIT ( $, .STERADIAN. ) SOLID_ANGLE_UNIT ( ) );
#4035 = FILL_AREA_STYLE ('',( #1895 ) ) ;
#4036 =( CONVERSION_BASED_UNIT ( 'INCH', #2896 ) LENGTH_UNIT ( ) NAMED_UNIT ( #155 ) );
#4037 = ORIENTED_EDGE ( 'NONE', *, *, #4074, .F. ) ;
#4038 = APPLICATION_CONTEXT ( 'automotive_design' ) ;
#4039 = AXIS2_PLACEMENT_3D ( 'NONE', #471, #903, #3538 ) ;
#4040 = ADVANCED_FACE ( 'NONE', ( #4013 ), #2310, .T. ) ;
#4041 = ORIENTED_EDGE ( 'NONE', *, *, #2394, .F. ) ;
#4042 = SURFACE_STYLE_USAGE ( .BOTH. , #691 ) ;
#4043 = CARTESIAN_POINT ( 'NONE',  ( -0.007907563233040841230, 0.09827315472490896764, -0.2082807193678642421 ) ) ;
#4044 = CARTESIAN_POINT ( 'NONE',  ( 0.03897637795275595007, -0.03346456692913393760, 0.000000000000000000 ) ) ;
#4045 = SURFACE_SIDE_STYLE ('',( #1441 ) ) ;
#4046 =( NAMED_UNIT ( * ) PLANE_ANGLE_UNIT ( ) SI_UNIT ( $, .RADIAN. ) );
#4047 = ORIENTED_EDGE ( 'NONE', *, *, #1785, .F. ) ;
#4048 =( GEOMETRIC_REPRESENTATION_CONTEXT ( 3 ) GLOBAL_UNCERTAINTY_ASSIGNED_CONTEXT ( ( #2650 ) ) GLOBAL_UNIT_ASSIGNED_CONTEXT ( ( #896, #1755, #5214 ) ) REPRESENTATION_CONTEXT ( 'NONE', 'WORKASPACE' ) );
#4049 = CARTESIAN_POINT ( 'NONE',  ( 0.01160320313188963927, -0.1724682673357948448, 0.09645669291338584972 ) ) ;
#4050 = CARTESIAN_POINT ( 'NONE',  ( 0.01167932678926118101, 0.03409788668974573361, 0.09654269151575722852 ) ) ;
#4051 = CARTESIAN_POINT ( 'NONE',  ( 0.03920368120834235443, -0.1651879331768462689, -0.0001663975318151406037 ) ) ;
#4052 = PRESENTATION_LAYER_ASSIGNMENT (  '', '', ( #3957 ) ) ;
#4053 = VERTEX_POINT ( 'NONE', #1924 ) ;
#4054 = CARTESIAN_POINT ( 'NONE',  ( -0.007480314960629961055, 0.09803149606299214891, -0.06204120636724646393 ) ) ;
#4055 = CARTESIAN_POINT ( 'NONE',  ( 0.03911088640309542258, -0.1651879331768462966, -0.2085878145962665464 ) ) ;
#4056 = STYLED_ITEM ( 'NONE', ( #800 ), #629 ) ;
#4057 = DIRECTION ( 'NONE',  ( -1.000000000000000000, -0.000000000000000000, -0.000000000000000000 ) ) ;
#4058 = SURFACE_SIDE_STYLE ('',( #3640 ) ) ;
#4059 = AXIS2_PLACEMENT_3D ( 'NONE', #5249, #3451, #4365 ) ;
#4060 = FILL_AREA_STYLE ('',( #1507 ) ) ;
#4061 = CARTESIAN_POINT ( 'NONE',  ( 0.03940362622516692392, -0.1649736327536912017, -0.2085093751973501885 ) ) ;
#4062 = ORIENTED_EDGE ( 'NONE', *, *, #1884, .T. ) ;
#4063 = COLOUR_RGB ( '',0.7490196078431372584, 0.7490196078431372584, 0.7490196078431372584 ) ;
#4064 = PRESENTATION_LAYER_ASSIGNMENT (  '', '', ( #1463 ) ) ;
#4065 =( NAMED_UNIT ( * ) PLANE_ANGLE_UNIT ( ) SI_UNIT ( $, .RADIAN. ) );
#4066 = CARTESIAN_POINT ( 'NONE',  ( 0.06889763779527559306, 0.1023622047244094613, 0.001968503937007873988 ) ) ;
#4067 = EDGE_CURVE ( 'NONE', #2160, #4397, #3403, .T. ) ;
#4068 = ORIENTED_EDGE ( 'NONE', *, *, #4765, .T. ) ;
#4069 = LINE ( 'NONE', #306, #743 ) ;
#4070 = CARTESIAN_POINT ( 'NONE',  ( -0.007480314960629953248, 0.09803149606299213503, -0.1466202109555881095 ) ) ;
#4071 =( LENGTH_UNIT ( ) NAMED_UNIT ( * ) SI_UNIT ( $, .METRE. ) );
#4072 = UNCERTAINTY_MEASURE_WITH_UNIT (LENGTH_MEASURE( 1.000000000000000082E-05 ), #2435, 'distance_accuracy_value', 'NONE');
#4073 = DIRECTION ( 'NONE',  ( 0.5773502691896280625, -0.5773502691896172934, -0.5773502691896319483 ) ) ;
#4074 = EDGE_CURVE ( 'NONE', #5272, #2997, #1244, .T. ) ;
#4075 = LENGTH_MEASURE_WITH_UNIT ( LENGTH_MEASURE( 0.02539999999999999897 ), #3600 );
#4076 = STYLED_ITEM ( 'NONE', ( #877 ), #5002 ) ;
#4077 = FACE_OUTER_BOUND ( 'NONE', #189, .T. ) ;
#4078 = STYLED_ITEM ( 'NONE', ( #3779 ), #5152 ) ;
#4079 = DIRECTION ( 'NONE',  ( 1.000000000000000000, 2.775557561562900029E-15, -0.000000000000000000 ) ) ;
#4080 = UNCERTAINTY_MEASURE_WITH_UNIT (LENGTH_MEASURE( 1.000000000000000082E-05 ), #5144, 'distance_accuracy_value', 'NONE');
#4081 = ORIENTED_EDGE ( 'NONE', *, *, #2065, .F. ) ;
#4082 = CARTESIAN_POINT ( 'NONE',  ( -0.03543307086614173873, 0.03510498777345701094, 0.000000000000000000 ) ) ;
#4083 = CARTESIAN_POINT ( 'NONE',  ( 0.01097903596297170568, 0.03427300011438147442, 0.0008319876590755419330 ) ) ;
#4084 =( BOUNDED_SURFACE ( )  B_SPLINE_SURFACE ( 3, 3, ( 
 ( #5027, #1976, #5407, #708 ),
 ( #1071, #1597, #5000, #2415 ),
 ( #4124, #1147, #1176, #1570 ),
 ( #4150, #5089, #2978, #5054 ) ),
 .UNSPECIFIED., .F., .F., .F. ) 
 B_SPLINE_SURFACE_WITH_KNOTS ( ( 4, 4 ),
 ( 4, 4 ),
 ( 0.000000000000000000, 1.000000000000000000 ),
 ( 0.000000000000000000, 1.000000000000000000 ),
 .UNSPECIFIED. ) 
 GEOMETRIC_REPRESENTATION_ITEM ( )  RATIONAL_B_SPLINE_SURFACE ( (
 ( 1.000000000000000000, 0.3333333333333434734, 0.3333333333333434734, 1.000000000000000000),
 ( 0.9245018060306204877, 0.3081672686768828773, 0.3081672686768828773, 0.9245018060306204877),
 ( 0.9245018060306204877, 0.3081672686768828773, 0.3081672686768828773, 0.9245018060306204877),
 ( 1.000000000000000000, 0.3333333333333434734, 0.3333333333333434734, 1.000000000000000000) ) ) 
 REPRESENTATION_ITEM ( '' )  SURFACE ( )  );
#4085 = CARTESIAN_POINT ( 'NONE',  ( -0.06889763779527559306, -0.1023622047244094613, 0.09842519685039370636 ) ) ;
#4086 = CIRCLE ( 'NONE', #1949, 0.0003937007874015621125 ) ;
#4087 = CARTESIAN_POINT ( 'NONE',  ( -0.004330708661417362673, 0.09803149606299214891, -0.2082677165354326898 ) ) ;
#4088 = DIMENSIONAL_EXPONENTS ( 1.000000000000000000, 0.000000000000000000, 0.000000000000000000, 0.000000000000000000, 0.000000000000000000, 0.000000000000000000, 0.000000000000000000 ) ;
#4089 = ORIENTED_EDGE ( 'NONE', *, *, #5427, .T. ) ;
#4090 = SURFACE_STYLE_USAGE ( .BOTH. , #2356 ) ;
#4091 = DIRECTION ( 'NONE',  ( -1.000000000000000000, 1.586032892321650017E-16, -0.000000000000000000 ) ) ;
#4092 = CARTESIAN_POINT ( 'NONE',  ( -0.004692288474480495013, 0.09868871705373469250, -0.06213606813712171939 ) ) ;
#4093 = CARTESIAN_POINT ( 'NONE',  ( -0.007610482609814865282, 0.09838988450364623273, -0.0004917539296859049129 ) ) ;
#4094 = AXIS2_PLACEMENT_3D ( 'NONE', #3778, #4224, #4630 ) ;
#4095 = ORIENTED_EDGE ( 'NONE', *, *, #5436, .T. ) ;
#4096 = FILL_AREA_STYLE_COLOUR ( '', #4307 ) ;
#4097 = CARTESIAN_POINT ( 'NONE',  ( -0.004330708661417283743, -0.09315093836353857681, -0.06259798336030672483 ) ) ;
#4098 = EDGE_CURVE ( 'NONE', #1472, #5067, #808, .T. ) ;
#4099 = DIRECTION ( 'NONE',  ( -1.000000000000000000, 0.000000000000000000, 0.000000000000000000 ) ) ;
#4100 =( NAMED_UNIT ( * ) PLANE_ANGLE_UNIT ( ) SI_UNIT ( $, .RADIAN. ) );
#4101 = DIRECTION ( 'NONE',  ( -0.000000000000000000, -0.000000000000000000, 1.000000000000000000 ) ) ;
#4102 = LENGTH_MEASURE_WITH_UNIT ( LENGTH_MEASURE( 0.02539999999999999897 ), #4871 );
#4103 = PRESENTATION_LAYER_ASSIGNMENT (  '', '', ( #1599 ) ) ;
#4104 = EDGE_LOOP ( 'NONE', ( #4906, #408, #1040, #3470, #1965 ) ) ;
#4105 = FILL_AREA_STYLE ('',( #4536 ) ) ;
#4106 = ADVANCED_FACE ( 'NONE', ( #4528 ), #1575, .F. ) ;
#4107 = LENGTH_MEASURE_WITH_UNIT ( LENGTH_MEASURE( 0.02539999999999999897 ), #4588 );
#4108 = MECHANICAL_DESIGN_GEOMETRIC_PRESENTATION_REPRESENTATION (  '', ( #5108 ), #1158 ) ;
#4109 = DIRECTION ( 'NONE',  ( -1.000000000000000000, 0.000000000000000000, 0.000000000000000000 ) ) ;
#4110 = FACE_OUTER_BOUND ( 'NONE', #3919, .T. ) ;
#4111 = VERTEX_POINT ( 'NONE', #4182 ) ;
#4112 = STYLED_ITEM ( 'NONE', ( #1183 ), #4207 ) ;
#4113 = DIRECTION ( 'NONE',  ( 0.5773502691896080785, 0.5773502691896514882, 0.5773502691896177375 ) ) ;
#4114 = DIRECTION ( 'NONE',  ( 4.297971597196270222E-16, -1.000000000000000000, -3.422365305298960131E-16 ) ) ;
#4115 = FILL_AREA_STYLE_COLOUR ( '', #2095 ) ;
#4116 = CARTESIAN_POINT ( 'NONE',  ( -0.003972320220763278856, 0.09816166371217704967, -0.06194315322496216081 ) ) ;
#4117 = DIRECTION ( 'NONE',  ( -4.297971597196270222E-16, 1.000000000000000000, 4.991641978379239941E-16 ) ) ;
#4118 = CIRCLE ( 'NONE', #2147, 0.0003937007874015784298 ) ;
#4119 = PRESENTATION_STYLE_ASSIGNMENT (( #1039 ) ) ;
#4120 =( REPRESENTATION_RELATIONSHIP ('NONE','NONE', #4999, #981 ) REPRESENTATION_RELATIONSHIP_WITH_TRANSFORMATION ( #4618 )SHAPE_REPRESENTATION_RELATIONSHIP( ) );
#4121 = DIRECTION ( 'NONE',  ( -0.000000000000000000, -0.000000000000000000, 1.000000000000000000 ) ) ;
#4122 = CIRCLE ( 'NONE', #3139, 0.0003937007874015587515 ) ;
#4123 =( GEOMETRIC_REPRESENTATION_CONTEXT ( 3 ) GLOBAL_UNCERTAINTY_ASSIGNED_CONTEXT ( ( #2676 ) ) GLOBAL_UNIT_ASSIGNED_CONTEXT ( ( #5483, #737, #793 ) ) REPRESENTATION_CONTEXT ( 'NONE', 'WORKASPACE' ) );
#4124 = CARTESIAN_POINT ( 'NONE',  ( -0.007497514681104215824, 0.09839885748383653263, -0.2084599971060919210 ) ) ;
#4125 = CARTESIAN_POINT ( 'NONE',  ( -0.004196200211077817308, 0.09825879931857861571, -0.06236130442807987645 ) ) ;
#4126 = VERTEX_POINT ( 'NONE', #5518 ) ;
#4127 = CARTESIAN_POINT ( 'NONE',  ( -0.004330708661417391296, 0.09803149606299214891, -0.2082677165354326621 ) ) ;
#4128 = UNCERTAINTY_MEASURE_WITH_UNIT (LENGTH_MEASURE( 1.000000000000000082E-05 ), #4036, 'distance_accuracy_value', 'NONE');
#4129 = CARTESIAN_POINT ( 'NONE',  ( -2.185478394931409404E-17, 0.1023622047244094613, 0.09842519685039370636 ) ) ;
#4130 = CONTEXT_DEPENDENT_SHAPE_REPRESENTATION ( #4405, #2517 ) ;
#4131 = PRODUCT_RELATED_PRODUCT_CATEGORY ( 'part', '', ( #125 ) ) ;
#4132 = CARTESIAN_POINT ( 'NONE',  ( 0.03897637795275595007, -0.09744094488188977110, -0.2082677165354326898 ) ) ;
#4133 =( CONVERSION_BASED_UNIT ( 'INCH', #4107 ) LENGTH_UNIT ( ) NAMED_UNIT ( #3574 ) );
#4134 = CARTESIAN_POINT ( 'NONE',  ( 3.624623463139045974E-17, -0.1649606299212598437, -0.2086614173228342750 ) ) ;
#4135 =( NAMED_UNIT ( * ) PLANE_ANGLE_UNIT ( ) SI_UNIT ( $, .RADIAN. ) );
#4136 = UNCERTAINTY_MEASURE_WITH_UNIT (LENGTH_MEASURE( 1.000000000000000082E-05 ), #3741, 'distance_accuracy_value', 'NONE');
#4137 = ORIENTED_EDGE ( 'NONE', *, *, #3254, .T. ) ;
#4138 = EDGE_CURVE ( 'NONE', #3876, #1113, #2682, .T. ) ;
#4139 = STYLED_ITEM ( 'NONE', ( #3419 ), #297 ) ;
#4140 = SURFACE_STYLE_FILL_AREA ( #1559 ) ;
#4141 = CARTESIAN_POINT ( 'NONE',  ( -0.06889763779527559306, 0.1043307086614173318, 0.000000000000000000 ) ) ;
#4142 = CARTESIAN_POINT ( 'NONE',  ( -0.004428761803701646710, 0.09816166371217704967, -0.06239959480790057550 ) ) ;
#4143 = LINE ( 'NONE', #1064, #5206 ) ;
#4144 = STYLED_ITEM ( 'NONE', ( #807 ), #439 ) ;
#4145 = LINE ( 'NONE', #4492, #3739 ) ;
#4146 =( CONVERSION_BASED_UNIT ( 'INCH', #3257 ) LENGTH_UNIT ( ) NAMED_UNIT ( #2035 ) );
#4147 = EDGE_CURVE ( 'NONE', #724, #4280, #288, .T. ) ;
#4148 = COLOUR_RGB ( '',0.8313725490196077761, 0.8313725490196077761, 0.8313725490196077761 ) ;
#4149 = DIRECTION ( 'NONE',  ( -1.000000000000000000, -2.775557561562900029E-15, 0.000000000000000000 ) ) ;
#4150 = CARTESIAN_POINT ( 'NONE',  ( -0.007382261818345618037, 0.09838988450364623273, -0.2083978841846175212 ) ) ;
#4151 = CARTESIAN_POINT ( 'NONE',  ( 0.03897637795275595007, -0.1651366982659449034, -0.2086198532248031423 ) ) ;
#4152 = CARTESIAN_POINT ( 'NONE',  ( -0.007268263627352178520, 0.09860102343580509632, -0.0001743351149587700055 ) ) ;
#4153 = CIRCLE ( 'NONE', #2269, 0.0003937007874015758277 ) ;
#4154 = ORIENTED_EDGE ( 'NONE', *, *, #4765, .F. ) ;
#4155 = VERTEX_POINT ( 'NONE', #4209 ) ;
#4156 = PRESENTATION_STYLE_ASSIGNMENT (( #1208 ) ) ;
#4157 = SURFACE_STYLE_FILL_AREA ( #3269 ) ;
#4158 = PRODUCT_CONTEXT ( 'NONE', #2979, 'mechanical' ) ;
#4159 = ORIENTED_EDGE ( 'NONE', *, *, #1534, .F. ) ;
#4160 = CARTESIAN_POINT ( 'NONE',  ( -0.007874015748031535852, 0.09842519685039370636, 0.000000000000000000 ) ) ;
#4161 = MECHANICAL_DESIGN_GEOMETRIC_PRESENTATION_REPRESENTATION (  '', ( #4335 ), #72 ) ;
#4162 = DIMENSIONAL_EXPONENTS ( 1.000000000000000000, 0.000000000000000000, 0.000000000000000000, 0.000000000000000000, 0.000000000000000000, 0.000000000000000000, 0.000000000000000000 ) ;
#4163 = CARTESIAN_POINT ( 'NONE',  ( -0.004330708661417391296, 0.09803149606299214891, -0.0003937007874015748519 ) ) ;
#4164 = CARTESIAN_POINT ( 'NONE',  ( 0.01181102362204724567, -0.1715879256123697127, 0.001968503937007873988 ) ) ;
#4165 = EDGE_LOOP ( 'NONE', ( #2163, #1897, #3481, #756 ) ) ;
#4166 =( NAMED_UNIT ( * ) SI_UNIT ( $, .STERADIAN. ) SOLID_ANGLE_UNIT ( ) );
#4167 = EDGE_CURVE ( 'NONE', #907, #965, #2323, .T. ) ;
#4168 = STYLED_ITEM ( 'NONE', ( #3113 ), #5008 ) ;
#4169 = CARTESIAN_POINT ( 'NONE',  ( -0.004103405405830907147, 0.09825879931857861571, -0.2084950197910190872 ) ) ;
#4170 =( LENGTH_UNIT ( ) NAMED_UNIT ( * ) SI_UNIT ( $, .METRE. ) );
#4171 = DIMENSIONAL_EXPONENTS ( 1.000000000000000000, 0.000000000000000000, 0.000000000000000000, 0.000000000000000000, 0.000000000000000000, 0.000000000000000000, 0.000000000000000000 ) ;
#4172 =( NAMED_UNIT ( * ) PLANE_ANGLE_UNIT ( ) SI_UNIT ( $, .RADIAN. ) );
#4173 = AXIS2_PLACEMENT_3D ( 'NONE', #529, #5275, #467 ) ;
#4174 =( LENGTH_UNIT ( ) NAMED_UNIT ( * ) SI_UNIT ( $, .METRE. ) );
#4175 = CARTESIAN_POINT ( 'NONE',  ( 0.03920368120834240994, -0.1651879331768462966, -0.0001663975318151119265 ) ) ;
#4176 = COLOUR_RGB ( '',0.8313725490196077761, 0.8313725490196077761, 0.8313725490196077761 ) ;
#4177 = EDGE_CURVE ( 'NONE', #4487, #1720, #826, .T. ) ;
#4178 = CARTESIAN_POINT ( 'NONE',  ( -0.004330708661417362673, 0.09803149606299214891, -0.1466202109555881927 ) ) ;
#4179 = EDGE_LOOP ( 'NONE', ( #2571, #4669, #3602, #4719 ) ) ;
#4180 = MECHANICAL_DESIGN_GEOMETRIC_PRESENTATION_REPRESENTATION (  '', ( #2393 ), #5456 ) ;
#4181 = DIRECTION ( 'NONE',  ( -1.000000000000000000, -2.775557561562900029E-15, 0.000000000000000000 ) ) ;
#4182 = CARTESIAN_POINT ( 'NONE',  ( 0.03897637795275595007, -0.1616349552773622689, -0.2086198532248031978 ) ) ;
#4183 = SURFACE_SIDE_STYLE ('',( #2479 ) ) ;
#4184 = CYLINDRICAL_SURFACE ( 'NONE', #978, 0.001968503937007879193 ) ;
#4185 = AXIS2_PLACEMENT_3D ( 'NONE', #3159, #5388, #4958 ) ;
#4186 = STYLED_ITEM ( 'NONE', ( #1358 ), #2466 ) ;
#4187 = ORIENTED_EDGE ( 'NONE', *, *, #5047, .T. ) ;
#4188 = DIRECTION ( 'NONE',  ( 3.106967419659950017E-16, -1.000000000000000000, 0.000000000000000000 ) ) ;
#4189 = CIRCLE ( 'NONE', #2670, 0.001968503937007879626 ) ;
#4190 = CARTESIAN_POINT ( 'NONE',  ( 0.01574803149606299191, 0.09803149606299214891, -0.2086614173228342195 ) ) ;
#4191 = ORIENTED_EDGE ( 'NONE', *, *, #3080, .T. ) ;
#4192 = SURFACE_SIDE_STYLE ('',( #4140 ) ) ;
#4193 = CIRCLE ( 'NONE', #5110, 0.0003937007874015747977 ) ;
#4194 = DIRECTION ( 'NONE',  ( 0.000000000000000000, 0.000000000000000000, 1.000000000000000000 ) ) ;
#4195 = DIRECTION ( 'NONE',  ( 4.297971597196270222E-16, -1.000000000000000000, -0.000000000000000000 ) ) ;
#4196 = SURFACE_STYLE_FILL_AREA ( #1255 ) ;
#4197 = DIRECTION ( 'NONE',  ( 0.000000000000000000, 0.000000000000000000, 1.000000000000000000 ) ) ;
#4198 = AXIS2_PLACEMENT_3D ( 'NONE', #1020, #1047, #658 ) ;
#4199 = AXIS2_PLACEMENT_3D ( 'NONE', #3459, #4726, #884 ) ;
#4200 = PRESENTATION_STYLE_ASSIGNMENT (( #4715 ) ) ;
#4201 = VECTOR ( 'NONE', #1793, 39.37007874015748143 ) ;
#4202 =( CONVERSION_BASED_UNIT ( 'INCH', #3705 ) LENGTH_UNIT ( ) NAMED_UNIT ( #3430 ) );
#4203 = DIRECTION ( 'NONE',  ( 0.000000000000000000, 0.000000000000000000, -1.000000000000000000 ) ) ;
#4204 = DIRECTION ( 'NONE',  ( 0.000000000000000000, 0.000000000000000000, 1.000000000000000000 ) ) ;
#4205 = EDGE_LOOP ( 'NONE', ( #4834, #667, #5396, #5119 ) ) ;
#4206 = AXIS2_PLACEMENT_3D ( 'NONE', #3198, #4881, #4028 ) ;
#4207 = ADVANCED_FACE ( 'NONE', ( #5032 ), #774, .T. ) ;
#4208 = DIMENSIONAL_EXPONENTS ( 1.000000000000000000, 0.000000000000000000, 0.000000000000000000, 0.000000000000000000, 0.000000000000000000, 0.000000000000000000, 0.000000000000000000 ) ;
#4209 = CARTESIAN_POINT ( 'NONE',  ( -0.004103405405830908015, 0.09825879931857860183, -0.2084950197910190872 ) ) ;
#4210 = CARTESIAN_POINT ( 'NONE',  ( 0.03916865852341534088, -0.1617938239015730695, -2.633936655724901783E-05 ) ) ;
#4211 = CARTESIAN_POINT ( 'NONE',  ( 6.214954185586180826E-17, -0.1574803149606299191, -0.2082677165354326898 ) ) ;
#4212 = APPLICATION_PROTOCOL_DEFINITION ( 'draft international standard', 'automotive_design', 1998, #2939 ) ;
#4213 = ADVANCED_FACE ( 'NONE', ( #933 ), #1919, .T. ) ;
#4214 = VERTEX_POINT ( 'NONE', #1745 ) ;
#4215 = SURFACE_STYLE_USAGE ( .BOTH. , #1988 ) ;
#4216 =( LENGTH_UNIT ( ) NAMED_UNIT ( * ) SI_UNIT ( $, .METRE. ) );
#4217 =( BOUNDED_SURFACE ( )  B_SPLINE_SURFACE ( 3, 3, ( 
 ( #2573, #840, #1304, #4330 ),
 ( #4297, #492, #97, #4736 ),
 ( #1357, #463, #1330, #2171 ),
 ( #3884, #3050, #21, #3070 ) ),
 .UNSPECIFIED., .F., .F., .F. ) 
 B_SPLINE_SURFACE_WITH_KNOTS ( ( 4, 4 ),
 ( 4, 4 ),
 ( 0.000000000000000000, 1.000000000000000000 ),
 ( 0.000000000000000000, 1.000000000000000000 ),
 .UNSPECIFIED. ) 
 GEOMETRIC_REPRESENTATION_ITEM ( )  RATIONAL_B_SPLINE_SURFACE ( (
 ( 1.000000000000000000, 0.3333333333333311499, 0.3333333333333311499, 1.000000000000000000),
 ( 0.9245018060306368080, 0.3081672686768769376, 0.3081672686768769376, 0.9245018060306368080),
 ( 0.9245018060306368080, 0.3081672686768769376, 0.3081672686768769376, 0.9245018060306368080),
 ( 1.000000000000000000, 0.3333333333333311499, 0.3333333333333311499, 1.000000000000000000) ) ) 
 REPRESENTATION_ITEM ( '' )  SURFACE ( )  );
#4218 = CARTESIAN_POINT ( 'NONE',  ( -0.007480314960629893400, -0.1574803149606299191, -0.2086614173228344693 ) ) ;
#4219 = DIRECTION ( 'NONE',  ( 0.000000000000000000, 0.000000000000000000, -1.000000000000000000 ) ) ;
#4220 = EDGE_LOOP ( 'NONE', ( #811, #5178, #4591, #2890, #2309 ) ) ;
#4221 = CARTESIAN_POINT ( 'NONE',  ( -0.003937007874015708946, -0.09354463915094016202, -0.06236735877856384308 ) ) ;
#4222 =( NAMED_UNIT ( * ) SI_UNIT ( $, .STERADIAN. ) SOLID_ANGLE_UNIT ( ) );
#4223 = CARTESIAN_POINT ( 'NONE',  ( 0.01097903596297161548, -0.1727244418903019774, 0.0008319876590754318865 ) ) ;
#4224 = DIRECTION ( 'NONE',  ( -1.000000000000000000, -2.775557561562900029E-15, -4.179547636683340349E-31 ) ) ;
#4225 = DIRECTION ( 'NONE',  ( 0.4082482904637578791, -0.8164965809278037501, -0.4082482904638128907 ) ) ;
#4226 = CIRCLE ( 'NONE', #565, 0.0003937007874015747977 ) ;
#4227 = SURFACE_STYLE_USAGE ( .BOTH. , #1596 ) ;
#4228 = SURFACE_STYLE_USAGE ( .BOTH. , #1288 ) ;
#4229 = VERTEX_POINT ( 'NONE', #1293 ) ;
#4230 = AXIS2_PLACEMENT_3D ( 'NONE', #2335, #1372, #3119 ) ;
#4231 =( BOUNDED_SURFACE ( )  B_SPLINE_SURFACE ( 3, 3, ( 
 ( #1180, #3239, #1148, #2870 ),
 ( #4578, #3732, #4950, #5409 ),
 ( #2441, #223, #4152, #1097 ),
 ( #2032, #5463, #2814, #4093 ) ),
 .UNSPECIFIED., .F., .F., .F. ) 
 B_SPLINE_SURFACE_WITH_KNOTS ( ( 4, 4 ),
 ( 4, 4 ),
 ( 0.000000000000000000, 1.000000000000000000 ),
 ( 0.000000000000000000, 1.000000000000000000 ),
 .UNSPECIFIED. ) 
 GEOMETRIC_REPRESENTATION_ITEM ( )  RATIONAL_B_SPLINE_SURFACE ( (
 ( 1.000000000000000000, 0.3333333333333335369, 0.3333333333333335369, 1.000000000000000000),
 ( 0.9245018060306369190, 0.3081672686768791580, 0.3081672686768791580, 0.9245018060306369190),
 ( 0.9245018060306369190, 0.3081672686768791580, 0.3081672686768791580, 0.9245018060306369190),
 ( 1.000000000000000000, 0.3333333333333335369, 0.3333333333333335369, 1.000000000000000000) ) ) 
 REPRESENTATION_ITEM ( '' )  SURFACE ( )  );
#4232 = CARTESIAN_POINT ( 'NONE',  ( 3.419046496917870228E-17, -0.1651912545030027324, -1.412168279180550890E-20 ) ) ;
#4233 = CARTESIAN_POINT ( 'NONE',  ( -0.007480314960629882125, -0.1574803149606299191, 0.000000000000000000 ) ) ;
#4234 = PRESENTATION_LAYER_ASSIGNMENT (  '', '', ( #3264 ) ) ;
#4235 = ADVANCED_FACE ( 'NONE', ( #2214 ), #1799, .F. ) ;
#4236 = DIRECTION ( 'NONE',  ( -4.625929269271742294E-16, -1.000000000000000000, 0.000000000000000000 ) ) ;
#4237 = SHAPE_DEFINITION_REPRESENTATION ( #865, #806 ) ;
#4238 = ORIENTED_EDGE ( 'NONE', *, *, #4424, .T. ) ;
#4239 = DIMENSIONAL_EXPONENTS ( 1.000000000000000000, 0.000000000000000000, 0.000000000000000000, 0.000000000000000000, 0.000000000000000000, 0.000000000000000000, 0.000000000000000000 ) ;
#4240 =( NAMED_UNIT ( * ) SI_UNIT ( $, .STERADIAN. ) SOLID_ANGLE_UNIT ( ) );
#4241 = EDGE_CURVE ( 'NONE', #1098, #2131, #725, .T. ) ;
#4242 = EDGE_CURVE ( 'NONE', #907, #264, #5390, .T. ) ;
#4243 = DIRECTION ( 'NONE',  ( -1.000000000000000000, -4.625929269271489858E-16, -0.000000000000000000 ) ) ;
#4244 = ORIENTED_EDGE ( 'NONE', *, *, #2667, .F. ) ;
#4245 = CARTESIAN_POINT ( 'NONE',  ( -0.004154640316732352394, 0.09803149606299214891, -0.2086198532248026982 ) ) ;
#4246 = PLANE ( 'NONE',  #1106 ) ;
#4247 = FILL_AREA_STYLE_COLOUR ( '', #2591 ) ;
#4248 =( CONVERSION_BASED_UNIT ( 'INCH', #869 ) LENGTH_UNIT ( ) NAMED_UNIT ( #1199 ) );
#4249 = SURFACE_STYLE_FILL_AREA ( #3310 ) ;
#4250 = CARTESIAN_POINT ( 'NONE',  ( -0.004103405405830887198, 0.09825879931857860183, -0.1463929077000017398 ) ) ;
#4251 =( GEOMETRIC_REPRESENTATION_CONTEXT ( 3 ) GLOBAL_UNCERTAINTY_ASSIGNED_CONTEXT ( ( #2449 ) ) GLOBAL_UNIT_ASSIGNED_CONTEXT ( ( #3855, #5103, #4240 ) ) REPRESENTATION_CONTEXT ( 'NONE', 'WORKASPACE' ) );
#4252 =( CONVERSION_BASED_UNIT ( 'INCH', #2581 ) LENGTH_UNIT ( ) NAMED_UNIT ( #2203 ) );
#4253 = CARTESIAN_POINT ( 'NONE',  ( -0.007921918639371279894, 0.09824444391224811113, -0.0003663425486394710092 ) ) ;
#4254 = DIRECTION ( 'NONE',  ( 0.5773502691896257311, 0.5773502691896279515, 0.5773502691896236216 ) ) ;
#4255 = FILL_AREA_STYLE_COLOUR ( '', #4813 ) ;
#4256 = FACE_OUTER_BOUND ( 'NONE', #1327, .T. ) ;
#4257 = MECHANICAL_DESIGN_GEOMETRIC_PRESENTATION_REPRESENTATION (  '', ( #4078 ), #3900 ) ;
#4258 = ORIENTED_EDGE ( 'NONE', *, *, #3158, .F. ) ;
#4259 = FILL_AREA_STYLE_COLOUR ( '', #830 ) ;
#4260 = CARTESIAN_POINT ( 'NONE',  ( 0.03876432661947804698, -0.1615916579496045336, 0.0001758265854115484677 ) ) ;
#4261 =( GEOMETRIC_REPRESENTATION_CONTEXT ( 3 ) GLOBAL_UNCERTAINTY_ASSIGNED_CONTEXT ( ( #4417 ) ) GLOBAL_UNIT_ASSIGNED_CONTEXT ( ( #4356, #3857, #2680 ) ) REPRESENTATION_CONTEXT ( 'NONE', 'WORKASPACE' ) );
#4262 = CARTESIAN_POINT ( 'NONE',  ( -0.01181102362204724393, -0.06922572088796025147, 0.000000000000000000 ) ) ;
#4263 =( GEOMETRIC_REPRESENTATION_CONTEXT ( 3 ) GLOBAL_UNCERTAINTY_ASSIGNED_CONTEXT ( ( #5395 ) ) GLOBAL_UNIT_ASSIGNED_CONTEXT ( ( #1938, #2835, #4970 ) ) REPRESENTATION_CONTEXT ( 'NONE', 'WORKASPACE' ) );
#4264 = EDGE_LOOP ( 'NONE', ( #3007, #584, #4089, #4761 ) ) ;
#4265 = AXIS2_PLACEMENT_3D ( 'NONE', #899, #130, #4742 ) ;
#4266 =( LENGTH_UNIT ( ) NAMED_UNIT ( * ) SI_UNIT ( $, .METRE. ) );
#4267 = ORIENTED_EDGE ( 'NONE', *, *, #3151, .F. ) ;
#4268 = EDGE_CURVE ( 'NONE', #4214, #3375, #192, .T. ) ;
#4269 = FACE_OUTER_BOUND ( 'NONE', #832, .T. ) ;
#4270 = CARTESIAN_POINT ( 'NONE',  ( -0.004727594353790107347, 0.09819696959148664639, -0.2088896316468655256 ) ) ;
#4271 = DIRECTION ( 'NONE',  ( 1.000000000000000000, 0.000000000000000000, 0.000000000000000000 ) ) ;
#4272 = DIMENSIONAL_EXPONENTS ( 1.000000000000000000, 0.000000000000000000, 0.000000000000000000, 0.000000000000000000, 0.000000000000000000, 0.000000000000000000, 0.000000000000000000 ) ;
#4273 =( GEOMETRIC_REPRESENTATION_CONTEXT ( 3 ) GLOBAL_UNCERTAINTY_ASSIGNED_CONTEXT ( ( #295 ) ) GLOBAL_UNIT_ASSIGNED_CONTEXT ( ( #5420, #4505, #4455 ) ) REPRESENTATION_CONTEXT ( 'NONE', 'WORKASPACE' ) );
#4274 = EDGE_CURVE ( 'NONE', #657, #623, #1539, .T. ) ;
#4275 = CARTESIAN_POINT ( 'NONE',  ( 0.03897637795275595007, -0.1618110236220472731, -0.0003937007874015748519 ) ) ;
#4276 = CIRCLE ( 'NONE', #4670, 0.001968503937007874856 ) ;
#4277 = FACE_OUTER_BOUND ( 'NONE', #4612, .T. ) ;
#4278 = CIRCLE ( 'NONE', #1329, 0.0003937007874015758277 ) ;
#4279 = DIRECTION ( 'NONE',  ( 1.321694076934689941E-16, 4.991641978379239941E-16, -1.000000000000000000 ) ) ;
#4280 = VERTEX_POINT ( 'NONE', #3646 ) ;
#4281 = VECTOR ( 'NONE', #2276, 39.37007874015748143 ) ;
#4282 = COLOUR_RGB ( '',0.8313725490196077761, 0.8313725490196077761, 0.8313725490196077761 ) ;
#4283 = LENGTH_MEASURE_WITH_UNIT ( LENGTH_MEASURE( 0.02539999999999999897 ), #4723 );
#4284 = FILL_AREA_STYLE_COLOUR ( '', #3071 ) ;
#4285 = CARTESIAN_POINT ( 'NONE',  ( -0.007480314960629922023, -0.09275723757613661691, -0.06204120636724643617 ) ) ;
#4286 = COLOUR_RGB ( '',0.8313725490196077761, 0.8313725490196077761, 0.8313725490196077761 ) ;
#4287 = CARTESIAN_POINT ( 'NONE',  ( 0.03932851464212603482, -0.1616349552773622966, -0.2082677165354331061 ) ) ;
#4288 = STYLED_ITEM ( 'NONE', ( #1592 ), #3561 ) ;
#4289 = ORIENTED_EDGE ( 'NONE', *, *, #1884, .F. ) ;
#4290 = FACE_OUTER_BOUND ( 'NONE', #916, .T. ) ;
#4291 = FILL_AREA_STYLE ('',( #3439 ) ) ;
#4292 =( BOUNDED_SURFACE ( )  B_SPLINE_SURFACE ( 3, 3, ( 
 ( #1065, #1008, #4030, #1477 ),
 ( #136, #3202, #4337, #2693 ),
 ( #4367, #1452, #1856, #564 ),
 ( #502, #3142, #2237, #4853 ) ),
 .UNSPECIFIED., .F., .F., .F. ) 
 B_SPLINE_SURFACE_WITH_KNOTS ( ( 4, 4 ),
 ( 4, 4 ),
 ( 0.000000000000000000, 1.000000000000000000 ),
 ( 0.000000000000000000, 1.000000000000000000 ),
 .UNSPECIFIED. ) 
 GEOMETRIC_REPRESENTATION_ITEM ( )  RATIONAL_B_SPLINE_SURFACE ( (
 ( 1.000000000000000000, 0.3333333333333880488, 0.3333333333333880488, 1.000000000000000000),
 ( 0.9245018060306403607, 0.3081672686769307279, 0.3081672686769307279, 0.9245018060306403607),
 ( 0.9245018060306403607, 0.3081672686769307279, 0.3081672686769307279, 0.9245018060306403607),
 ( 1.000000000000000000, 0.3333333333333880488, 0.3333333333333880488, 1.000000000000000000) ) ) 
 REPRESENTATION_ITEM ( '' )  SURFACE ( )  );
#4293 = SURFACE_STYLE_USAGE ( .BOTH. , #546 ) ;
#4294 = CARTESIAN_POINT ( 'NONE',  ( -0.007710939542372884439, -0.09315093836353821599, -0.06259798336030672483 ) ) ;
#4295 = DIRECTION ( 'NONE',  ( 1.000000000000000000, 0.000000000000000000, 0.000000000000000000 ) ) ;
#4296 = ORIENTED_EDGE ( 'NONE', *, *, #3798, .T. ) ;
#4297 = CARTESIAN_POINT ( 'NONE',  ( 0.01051506193673703779, 0.03427300011438147442, 0.09805718321755284295 ) ) ;
#4298 =( CONVERSION_BASED_UNIT ( 'INCH', #1756 ) LENGTH_UNIT ( ) NAMED_UNIT ( #4395 ) );
#4299 = CARTESIAN_POINT ( 'NONE',  ( 0.009907533847197416005, -0.1737241669744238604, 0.0007602106274230386413 ) ) ;
#4300 = CARTESIAN_POINT ( 'NONE',  ( -0.004138428090758056004, 0.09804869578346640802, -0.2086350779562770041 ) ) ;
#4301 = EDGE_CURVE ( 'NONE', #2387, #2094, #1512, .T. ) ;
#4302 = LENGTH_MEASURE_WITH_UNIT ( LENGTH_MEASURE( 0.02539999999999999897 ), #3995 );
#4303 = ORIENTED_EDGE ( 'NONE', *, *, #2293, .T. ) ;
#4304 = CARTESIAN_POINT ( 'NONE',  ( 0.03937007874015752834, -0.1649606299212598437, -0.2082677165354329119 ) ) ;
#4305 = CARTESIAN_POINT ( 'NONE',  ( -0.007672595531289283337, 0.09839885748383649100, -0.0003765010669273030608 ) ) ;
#4306 = SURFACE_STYLE_FILL_AREA ( #1262 ) ;
#4307 = COLOUR_RGB ( '',0.8313725490196077761, 0.8313725490196077761, 0.8313725490196077761 ) ;
#4308 = DIRECTION ( 'NONE',  ( 3.106967419659950017E-16, -1.000000000000000000, 0.000000000000000000 ) ) ;
#4309 = EDGE_CURVE ( 'NONE', #901, #1405, #900, .T. ) ;
#4310 =( NAMED_UNIT ( * ) PLANE_ANGLE_UNIT ( ) SI_UNIT ( $, .RADIAN. ) );
#4311 = VERTEX_POINT ( 'NONE', #3259 ) ;
#4312 = DIMENSIONAL_EXPONENTS ( 1.000000000000000000, 0.000000000000000000, 0.000000000000000000, 0.000000000000000000, 0.000000000000000000, 0.000000000000000000, 0.000000000000000000 ) ;
#4313 = STYLED_ITEM ( 'NONE', ( #1933 ), #325 ) ;
#4314 = B_SPLINE_CURVE_WITH_KNOTS ( 'NONE', 3,
 ( #3077, #4366, #1118, #1172 ),
 .UNSPECIFIED., .F., .F.,
 ( 4, 4 ),
 ( 0.000000000000000000, 1.000000000000000000 ),
 .UNSPECIFIED. ) ;
#4315 = FILL_AREA_STYLE ('',( #4284 ) ) ;
#4316 = LENGTH_MEASURE_WITH_UNIT ( LENGTH_MEASURE( 0.02539999999999999897 ), #3486 );
#4317 = COLOUR_RGB ( '',0.8313725490196077761, 0.8313725490196077761, 0.8313725490196077761 ) ;
#4318 = DIRECTION ( 'NONE',  ( 0.000000000000000000, 0.000000000000000000, 1.000000000000000000 ) ) ;
#4319 = ORIENTED_EDGE ( 'NONE', *, *, #3080, .F. ) ;
#4320 = DIRECTION ( 'NONE',  ( -3.106967419659950017E-16, 1.000000000000000000, 3.422365305298960131E-16 ) ) ;
#4321 =( NAMED_UNIT ( * ) PLANE_ANGLE_UNIT ( ) SI_UNIT ( $, .RADIAN. ) );
#4322 = UNCERTAINTY_MEASURE_WITH_UNIT (LENGTH_MEASURE( 1.000000000000000082E-05 ), #1546, 'distance_accuracy_value', 'NONE');
#4323 = MECHANICAL_DESIGN_GEOMETRIC_PRESENTATION_REPRESENTATION (  '', ( #3791 ), #3878 ) ;
#4324 = CARTESIAN_POINT ( 'NONE',  ( 0.01097903596297168140, -0.1727244418903020329, 0.0008319876590755274047 ) ) ;
#4325 = DIRECTION ( 'NONE',  ( -0.4082482904638660148, -0.8164965809277250353, -0.4082482904638620180 ) ) ;
#4326 = DIRECTION ( 'NONE',  ( -1.000000000000000000, -0.000000000000000000, -0.000000000000000000 ) ) ;
#4327 = AXIS2_PLACEMENT_3D ( 'NONE', #519, #4195, #2221 ) ;
#4328 = ORIENTED_EDGE ( 'NONE', *, *, #88, .T. ) ;
#4329 = STYLED_ITEM ( 'NONE', ( #2113 ), #4876 ) ;
#4330 = CARTESIAN_POINT ( 'NONE',  ( 0.01097903596297172824, 0.03427300011438148830, 0.09759320919131816985 ) ) ;
#4331 =( LENGTH_UNIT ( ) NAMED_UNIT ( * ) SI_UNIT ( $, .METRE. ) );
#4332 = CARTESIAN_POINT ( 'NONE',  ( -0.004542759994695167759, 0.09860102343580501305, -0.2084870822078754293 ) ) ;
#4333 = DIRECTION ( 'NONE',  ( -0.000000000000000000, -0.000000000000000000, 1.000000000000000000 ) ) ;
#4334 = EDGE_CURVE ( 'NONE', #2565, #863, #2813, .T. ) ;
#4335 = STYLED_ITEM ( 'NONE', ( #4606 ), #1526 ) ;
#4336 =( NAMED_UNIT ( * ) SI_UNIT ( $, .STERADIAN. ) SOLID_ANGLE_UNIT ( ) );
#4337 = CARTESIAN_POINT ( 'NONE',  ( 0.03941798163149722728, -0.1615980757727913664, -0.0003663425486395005537 ) ) ;
#4338 = CARTESIAN_POINT ( 'NONE',  ( -0.007480314960629922023, -0.09940944881889764162, -0.0003937007874015748519 ) ) ;
#4339 = FILL_AREA_STYLE ('',( #929 ) ) ;
#4340 = ORIENTED_EDGE ( 'NONE', *, *, #5149, .T. ) ;
#4341 = AXIS2_PLACEMENT_3D ( 'NONE', #953, #1366, #3144 ) ;
#4342 = ADVANCED_FACE ( 'NONE', ( #2413 ), #4469, .T. ) ;
#4343 = DIRECTION ( 'NONE',  ( -0.000000000000000000, -1.000000000000000000, -4.991641978379239941E-16 ) ) ;
#4344 = ADVANCED_FACE ( 'NONE', ( #3569 ), #4858, .T. ) ;
#4345 = CARTESIAN_POINT ( 'NONE',  ( -0.004103405405830897607, 0.09825879931857860183, -0.0001663975318150999461 ) ) ;
#4346 = CIRCLE ( 'NONE', #4173, 0.0003937007874015747977 ) ;
#4347 = LENGTH_MEASURE_WITH_UNIT ( LENGTH_MEASURE( 0.02539999999999999897 ), #38 );
#4348 = VECTOR ( 'NONE', #550, 39.37007874015748143 ) ;
#4349 = ORIENTED_EDGE ( 'NONE', *, *, #2812, .T. ) ;
#4350 = PRESENTATION_STYLE_ASSIGNMENT (( #1776 ) ) ;
#4351 = DIMENSIONAL_EXPONENTS ( 1.000000000000000000, 0.000000000000000000, 0.000000000000000000, 0.000000000000000000, 0.000000000000000000, 0.000000000000000000, 0.000000000000000000 ) ;
#4352 = DIRECTION ( 'NONE',  ( -4.297971597196270222E-16, 1.000000000000000000, 0.000000000000000000 ) ) ;
#4353 = CARTESIAN_POINT ( 'NONE',  ( 0.01049335793096383904, -0.1733798678156401318, 0.002458769648429388281 ) ) ;
#4354 =( GEOMETRIC_REPRESENTATION_CONTEXT ( 3 ) GLOBAL_UNCERTAINTY_ASSIGNED_CONTEXT ( ( #1964 ) ) GLOBAL_UNIT_ASSIGNED_CONTEXT ( ( #4001, #3078, #951 ) ) REPRESENTATION_CONTEXT ( 'NONE', 'WORKASPACE' ) );
#4355 = CARTESIAN_POINT ( 'NONE',  ( -0.007480314960629922023, -0.09275723757613661691, -0.06243490715464802138 ) ) ;
#4356 =( CONVERSION_BASED_UNIT ( 'INCH', #4760 ) LENGTH_UNIT ( ) NAMED_UNIT ( #4526 ) );
#4357 = ORIENTED_EDGE ( 'NONE', *, *, #1568, .T. ) ;
#4358 = COLOUR_RGB ( '',0.8313725490196077761, 0.8313725490196077761, 0.8313725490196077761 ) ;
#4359 = AXIS2_PLACEMENT_3D ( 'NONE', #2380, #1970, #301 ) ;
#4360 = SURFACE_STYLE_FILL_AREA ( #101 ) ;
#4361 = CARTESIAN_POINT ( 'NONE',  ( -0.007874015748031457790, -0.1614173228346456601, -0.0003937007874015748519 ) ) ;
#4362 = EDGE_LOOP ( 'NONE', ( #4062, #2594, #4244, #403, #4641 ) ) ;
#4363 =( BOUNDED_CURVE ( )  B_SPLINE_CURVE ( 3, ( #3546, #1015, #4009, #3570 ),
 .UNSPECIFIED., .F., .T. ) 
 B_SPLINE_CURVE_WITH_KNOTS ( ( 4, 4 ),
 ( 1.570796326794853481, 3.141592653589755813 ),
 .UNSPECIFIED. ) 
 CURVE ( )  GEOMETRIC_REPRESENTATION_ITEM ( )  RATIONAL_B_SPLINE_CURVE ( ( 1.000000000000000000, 0.8047378541243636052, 0.8047378541243636052, 1.000000000000000000 ) ) 
 REPRESENTATION_ITEM ( '' )  );
#4364 = PRESENTATION_LAYER_ASSIGNMENT (  '', '', ( #4186 ) ) ;
#4365 = DIRECTION ( 'NONE',  ( 1.000000000000000000, 0.000000000000000000, 0.000000000000000000 ) ) ;
#4366 = CARTESIAN_POINT ( 'NONE',  ( -0.007874015748031480341, -0.09325492755505496167, -0.06206845077153017032 ) ) ;
#4367 = CARTESIAN_POINT ( 'NONE',  ( 0.03916865852341530618, -0.1617938239015730695, -2.633936655725792184E-05 ) ) ;
#4368 = FILL_AREA_STYLE_COLOUR ( '', #1140 ) ;
#4369 = CARTESIAN_POINT ( 'NONE',  ( 0.01072286140846449159, 0.03489716728329936291, 0.001968503937007873988 ) ) ;
#4370 = EDGE_LOOP ( 'NONE', ( #3974, #144, #3177, #911 ) ) ;
#4371 =( NAMED_UNIT ( * ) SI_UNIT ( $, .STERADIAN. ) SOLID_ANGLE_UNIT ( ) );
#4372 =( CONVERSION_BASED_UNIT ( 'INCH', #480 ) LENGTH_UNIT ( ) NAMED_UNIT ( #3504 ) );
#4373 = AXIS2_PLACEMENT_3D ( 'NONE', #5452, #1219, #4113 ) ;
#4374 = CARTESIAN_POINT ( 'NONE',  ( 0.01097903596297170395, 0.03427300011438148136, 0.09759320919131816985 ) ) ;
#4375 = CIRCLE ( 'NONE', #1602, 0.001968503937007873988 ) ;
#4376 = CARTESIAN_POINT ( 'NONE',  ( -0.004330708661417242977, -0.1586681831192253422, -0.2086614173228343028 ) ) ;
#4377 = ADVANCED_FACE ( 'NONE', ( #2951 ), #624, .T. ) ;
#4378 = AXIS2_PLACEMENT_3D ( 'NONE', #1377, #997, #2700 ) ;
#4379 = CIRCLE ( 'NONE', #902, 0.0003937007874015747977 ) ;
#4380 = ORIENTED_EDGE ( 'NONE', *, *, #3873, .T. ) ;
#4381 = CARTESIAN_POINT ( 'NONE',  ( 0.009842519685039369942, -0.1715879256123697127, 0.001968503937007873988 ) ) ;
#4382 = CARTESIAN_POINT ( 'NONE',  ( -0.007707618216216439132, 0.09825879931857854632, -0.2084950197910190595 ) ) ;
#4383 = UNCERTAINTY_MEASURE_WITH_UNIT (LENGTH_MEASURE( 1.000000000000000082E-05 ), #3183, 'distance_accuracy_value', 'NONE');
#4384 =( NAMED_UNIT ( * ) SI_UNIT ( $, .STERADIAN. ) SOLID_ANGLE_UNIT ( ) );
#4385 = FACE_OUTER_BOUND ( 'NONE', #1339, .T. ) ;
#4386 = AXIS2_PLACEMENT_3D ( 'NONE', #4852, #950, #2631 ) ;
#4387 = CARTESIAN_POINT ( 'NONE',  ( -0.007874015748031606976, -0.09275723757613661691, -0.06227183094898923466 ) ) ;
#4388 = EDGE_CURVE ( 'NONE', #594, #3022, #5202, .T. ) ;
#4389 = LINE ( 'NONE', #3936, #1760 ) ;
#4390 = ORIENTED_EDGE ( 'NONE', *, *, #757, .F. ) ;
#4391 = SURFACE_STYLE_USAGE ( .BOTH. , #4900 ) ;
#4392 = CARTESIAN_POINT ( 'NONE',  ( -0.004330708661417362673, 0.09842519685039372024, 0.000000000000000000 ) ) ;
#4393 = DIRECTION ( 'NONE',  ( 0.8164965809277060504, -0.4082482904638829457, 0.4082482904638831123 ) ) ;
#4394 = CARTESIAN_POINT ( 'NONE',  ( 0.03897637795275595007, -0.1618110236220472731, -0.0003937007874015748519 ) ) ;
#4395 = DIMENSIONAL_EXPONENTS ( 1.000000000000000000, 0.000000000000000000, 0.000000000000000000, 0.000000000000000000, 0.000000000000000000, 0.000000000000000000, 0.000000000000000000 ) ;
#4396 = SURFACE_STYLE_FILL_AREA ( #3582 ) ;
#4397 = VERTEX_POINT ( 'NONE', #2500 ) ;
#4398 = CARTESIAN_POINT ( 'NONE',  ( 0.03934373937360035461, -0.1651529104919191304, -0.2082849162559073097 ) ) ;
#4399 = CARTESIAN_POINT ( 'NONE',  ( -0.007847676381474315288, 0.09804869578346639414, -0.06223348693790582004 ) ) ;
#4400 = CARTESIAN_POINT ( 'NONE',  ( -0.007480314960629882992, -0.1618621820137445544, -0.2086614173228341917 ) ) ;
#4401 = CARTESIAN_POINT ( 'NONE',  ( -0.01181102362204724393, -0.1715879256123697127, 0.09842519685039370636 ) ) ;
#4402 = CARTESIAN_POINT ( 'NONE',  ( -0.004515674892911627353, 0.09862810853758849361, -0.1464550154867123588 ) ) ;
#4403 = EDGE_LOOP ( 'NONE', ( #2516, #1161, #1609, #531, #2802 ) ) ;
#4404 = CARTESIAN_POINT ( 'NONE',  ( 0.03933476639341010328, -0.1616808559728624695, -0.2081696633931487683 ) ) ;
#4405 =( REPRESENTATION_RELATIONSHIP ('NONE','NONE', #4999, #1334 ) REPRESENTATION_RELATIONSHIP_WITH_TRANSFORMATION ( #4558 )SHAPE_REPRESENTATION_RELATIONSHIP( ) );
#4406 =( NAMED_UNIT ( * ) SI_UNIT ( $, .STERADIAN. ) SOLID_ANGLE_UNIT ( ) );
#4407 = CARTESIAN_POINT ( 'NONE',  ( 0.03914185148125047531, -0.1655825450326927628, -0.0007905864797743126409 ) ) ;
#4408 = DIRECTION ( 'NONE',  ( -1.000000000000000000, 0.000000000000000000, 0.000000000000000000 ) ) ;
#4409 = CARTESIAN_POINT ( 'NONE',  ( -0.002224598588462242850, -0.1613882118888520234, -0.2086614173228343583 ) ) ;
#4410 = CIRCLE ( 'NONE', #2532, 0.0003937007874015747977 ) ;
#4411 = VERTEX_POINT ( 'NONE', #4794 ) ;
#4412 = SURFACE_STYLE_FILL_AREA ( #2246 ) ;
#4413 = PRESENTATION_STYLE_ASSIGNMENT (( #3520 ) ) ;
#4414 = EDGE_CURVE ( 'NONE', #1468, #1846, #4122, .T. ) ;
#4415 = AXIS2_PLACEMENT_3D ( 'NONE', #3902, #1351, #858 ) ;
#4416 = SURFACE_STYLE_FILL_AREA ( #5296 ) ;
#4417 = UNCERTAINTY_MEASURE_WITH_UNIT (LENGTH_MEASURE( 1.000000000000000082E-05 ), #4356, 'distance_accuracy_value', 'NONE');
#4418 = LINE ( 'NONE', #1928, #4747 ) ;
#4419 = DIRECTION ( 'NONE',  ( -1.000000000000000000, 1.321694076934700048E-16, 6.952615590837529323E-18 ) ) ;
#4420 = ORIENTED_EDGE ( 'NONE', *, *, #2, .F. ) ;
#4421 = AXIS2_PLACEMENT_3D ( 'NONE', #2603, #3507, #5167 ) ;
#4422 = FACE_OUTER_BOUND ( 'NONE', #3152, .T. ) ;
#4423 = EDGE_CURVE ( 'NONE', #2184, #4430, #3946, .T. ) ;
#4424 = EDGE_CURVE ( 'NONE', #4848, #2245, #551, .T. ) ;
#4425 = LINE ( 'NONE', #611, #64 ) ;
#4426 = AXIS2_PLACEMENT_3D ( 'NONE', #5235, #3094, #1700 ) ;
#4427 = FACE_OUTER_BOUND ( 'NONE', #2339, .T. ) ;
#4428 = DIRECTION ( 'NONE',  ( 1.000000000000000000, -4.625929269271489858E-16, -0.000000000000000000 ) ) ;
#4429 = PRESENTATION_LAYER_ASSIGNMENT (  '', '', ( #2550 ) ) ;
#4430 = VERTEX_POINT ( 'NONE', #5143 ) ;
#4431 = FILL_AREA_STYLE_COLOUR ( '', #2966 ) ;
#4432 = FILL_AREA_STYLE_COLOUR ( '', #3703 ) ;
#4433 =( CONVERSION_BASED_UNIT ( 'INCH', #5251 ) LENGTH_UNIT ( ) NAMED_UNIT ( #1862 ) );
#4434 = PRESENTATION_STYLE_ASSIGNMENT (( #2719 ) ) ;
#4435 = CARTESIAN_POINT ( 'NONE',  ( -0.004138428090758078555, 0.09839885748383649100, -0.0003765010669272893999 ) ) ;
#4436 = CARTESIAN_POINT ( 'NONE',  ( -0.004330708661417362673, 0.09803149606299214891, -0.06204120636724646393 ) ) ;
#4437 = ORIENTED_EDGE ( 'NONE', *, *, #1225, .F. ) ;
#4438 = DIMENSIONAL_EXPONENTS ( 1.000000000000000000, 0.000000000000000000, 0.000000000000000000, 0.000000000000000000, 0.000000000000000000, 0.000000000000000000, 0.000000000000000000 ) ;
#4439 = SURFACE_STYLE_FILL_AREA ( #5312 ) ;
#4440 = DIRECTION ( 'NONE',  ( 2.094760423821050104E-16, -1.000000000000000000, 0.000000000000000000 ) ) ;
#4441 =( CONVERSION_BASED_UNIT ( 'INCH', #961 ) LENGTH_UNIT ( ) NAMED_UNIT ( #4611 ) );
#4442 = ORIENTED_EDGE ( 'NONE', *, *, #506, .F. ) ;
#4443 = FILL_AREA_STYLE_COLOUR ( '', #3488 ) ;
#4444 = FACE_OUTER_BOUND ( 'NONE', #3490, .T. ) ;
#4445 = STYLED_ITEM ( 'NONE', ( #4497 ), #4943 ) ;
#4446 =( LENGTH_UNIT ( ) NAMED_UNIT ( * ) SI_UNIT ( $, .METRE. ) );
#4447 = CARTESIAN_POINT ( 'NONE',  ( 0.009842519685039369942, 0.03313648383644914042, 0.09645669291338584972 ) ) ;
#4448 = CARTESIAN_POINT ( 'NONE',  ( 0.1043307086614173318, -0.06922572088796025147, 0.1653543307086614567 ) ) ;
#4449 = EDGE_CURVE ( 'NONE', #2819, #2458, #1018, .T. ) ;
#4450 = PRESENTATION_LAYER_ASSIGNMENT (  '', '', ( #4078 ) ) ;
#4451 = EDGE_LOOP ( 'NONE', ( #2584, #3630, #4502, #4965 ) ) ;
#4452 = DIRECTION ( 'NONE',  ( -1.000000000000000000, -1.586032892321650017E-16, 0.000000000000000000 ) ) ;
#4453 = LINE ( 'NONE', #4392, #2178 ) ;
#4454 = AXIS2_PLACEMENT_3D ( 'NONE', #2347, #1110, #614 ) ;
#4455 =( NAMED_UNIT ( * ) SI_UNIT ( $, .STERADIAN. ) SOLID_ANGLE_UNIT ( ) );
#4456 = CARTESIAN_POINT ( 'NONE',  ( -0.004330708661417283743, -0.09315093836353847967, -0.06282860794204959964 ) ) ;
#4457 = CARTESIAN_POINT ( 'NONE',  ( -0.007838703401284081301, 0.09793344292070781110, -0.1464900433064033336 ) ) ;
#4458 =( BOUNDED_SURFACE ( )  B_SPLINE_SURFACE ( 3, 3, ( 
 ( #784, #758, #3668, #5398 ),
 ( #1530, #3252, #1114, #1775 ),
 ( #1869, #5263, #1867, #2096 ),
 ( #2518, #1670, #3044, #3382 ) ),
 .UNSPECIFIED., .F., .F., .F. ) 
 B_SPLINE_SURFACE_WITH_KNOTS ( ( 4, 4 ),
 ( 4, 4 ),
 ( 0.000000000000000000, 1.000000000000000000 ),
 ( 0.000000000000000000, 1.000000000000000000 ),
 .UNSPECIFIED. ) 
 GEOMETRIC_REPRESENTATION_ITEM ( )  RATIONAL_B_SPLINE_SURFACE ( (
 ( 1.000000000000000000, 0.3333333333333286519, 0.3333333333333286519, 1.000000000000000000),
 ( 0.9245018060305836283, 0.3081672686768568981, 0.3081672686768568981, 0.9245018060305836283),
 ( 0.9245018060305836283, 0.3081672686768568981, 0.3081672686768568981, 0.9245018060305836283),
 ( 1.000000000000000000, 0.3333333333333286519, 0.3333333333333286519, 1.000000000000000000) ) ) 
 REPRESENTATION_ITEM ( '' )  SURFACE ( )  );
#4459 = ORIENTED_EDGE ( 'NONE', *, *, #2879, .F. ) ;
#4460 = PRESENTATION_LAYER_ASSIGNMENT (  '', '', ( #1311 ) ) ;
#4461 = EDGE_CURVE ( 'NONE', #3057, #291, #5509, .T. ) ;
#4462 = DIRECTION ( 'NONE',  ( 0.000000000000000000, 0.000000000000000000, 1.000000000000000000 ) ) ;
#4463 = CARTESIAN_POINT ( 'NONE',  ( 0.03861479813969256880, -0.1656178509120024567, -0.2083625783053083269 ) ) ;
#4464 = VECTOR ( 'NONE', #3472, 39.37007874015748143 ) ;
#4465 = DIRECTION ( 'NONE',  ( -0.5773502691896547079, 0.5773502691896547079, 0.5773502691895678884 ) ) ;
#4466 = CARTESIAN_POINT ( 'NONE',  ( -0.007480314960629961055, 0.09838363275236217120, -0.2084437848801176940 ) ) ;
#4467 = CARTESIAN_POINT ( 'NONE',  ( 0.03920368120834238218, -0.1651879331768463521, -0.2084950197910195591 ) ) ;
#4468 = VERTEX_POINT ( 'NONE', #4304 ) ;
#4469 = PLANE ( 'NONE',  #631 ) ;
#4470 =( NAMED_UNIT ( * ) PLANE_ANGLE_UNIT ( ) SI_UNIT ( $, .RADIAN. ) );
#4471 = CIRCLE ( 'NONE', #2218, 0.0003937007874015747977 ) ;
#4472 = ORIENTED_EDGE ( 'NONE', *, *, #5360, .T. ) ;
#4473 = VECTOR ( 'NONE', #2824, 39.37007874015748143 ) ;
#4474 = VERTEX_POINT ( 'NONE', #2629 ) ;
#4475 = DIRECTION ( 'NONE',  ( -0.5773502691896348349, 0.5773502691896429395, 0.5773502691895996408 ) ) ;
#4476 = SURFACE_STYLE_USAGE ( .BOTH. , #3215 ) ;
#4477 = UNCERTAINTY_MEASURE_WITH_UNIT (LENGTH_MEASURE( 1.000000000000000082E-05 ), #766, 'distance_accuracy_value', 'NONE');
#4478 = AXIS2_PLACEMENT_3D ( 'NONE', #3680, #1898, #3651 ) ;
#4479 = DIRECTION ( 'NONE',  ( -1.000000000000000000, 0.000000000000000000, 0.000000000000000000 ) ) ;
#4480 = MECHANICAL_DESIGN_GEOMETRIC_PRESENTATION_REPRESENTATION (  '', ( #532 ), #4656 ) ;
#4481 = ORIENTED_EDGE ( 'NONE', *, *, #3934, .F. ) ;
#4482 = STYLED_ITEM ( 'NONE', ( #1648 ), #4344 ) ;
#4483 = FILL_AREA_STYLE_COLOUR ( '', #3603 ) ;
#4484 = PRESENTATION_STYLE_ASSIGNMENT (( #4962 ) ) ;
#4485 = LINE ( 'NONE', #2800, #2301 ) ;
#4486 = UNCERTAINTY_MEASURE_WITH_UNIT (LENGTH_MEASURE( 1.000000000000000082E-05 ), #5332, 'distance_accuracy_value', 'NONE');
#4487 = VERTEX_POINT ( 'NONE', #874 ) ;
#4488 = CARTESIAN_POINT ( 'NONE',  ( -0.06889763779527557919, 0.1023622047244094752, 0.09645669291338584972 ) ) ;
#4489 = FACE_OUTER_BOUND ( 'NONE', #4362, .T. ) ;
#4490 = CARTESIAN_POINT ( 'NONE',  ( -0.01181102362204724393, 0.03313648383644913348, 0.000000000000000000 ) ) ;
#4491 = ADVANCED_FACE ( 'NONE', ( #4820 ), #1735, .T. ) ;
#4492 = CARTESIAN_POINT ( 'NONE',  ( 0.009842519685039368207, -0.06922572088796025147, 0.000000000000000000 ) ) ;
#4493 = ORIENTED_EDGE ( 'NONE', *, *, #949, .T. ) ;
#4494 = CARTESIAN_POINT ( 'NONE',  ( -0.06889763779527559306, 0.1043307086614173318, 0.000000000000000000 ) ) ;
#4495 = ADVANCED_FACE ( 'NONE', ( #3888 ), #4812, .T. ) ;
#4496 = CYLINDRICAL_SURFACE ( 'NONE', #2826, 0.001968503937007873988 ) ;
#4497 = PRESENTATION_STYLE_ASSIGNMENT (( #4523 ) ) ;
#4498 = ORIENTED_EDGE ( 'NONE', *, *, #3081, .T. ) ;
#4499 = ORIENTED_EDGE ( 'NONE', *, *, #2283, .T. ) ;
#4500 = SURFACE_SIDE_STYLE ('',( #118 ) ) ;
#4501 = CARTESIAN_POINT ( 'NONE',  ( -0.007382261818345662273, 0.09838988450364623273, -0.1464900433064033058 ) ) ;
#4502 = ORIENTED_EDGE ( 'NONE', *, *, #4424, .F. ) ;
#4503 = CIRCLE ( 'NONE', #4957, 0.0003937007874015587515 ) ;
#4504 = DIRECTION ( 'NONE',  ( -0.000000000000000000, -0.000000000000000000, -1.000000000000000000 ) ) ;
#4505 =( NAMED_UNIT ( * ) PLANE_ANGLE_UNIT ( ) SI_UNIT ( $, .RADIAN. ) );
#4506 = LENGTH_MEASURE_WITH_UNIT ( LENGTH_MEASURE( 0.02539999999999999897 ), #4963 );
#4507 =( GEOMETRIC_REPRESENTATION_CONTEXT ( 3 ) GLOBAL_UNCERTAINTY_ASSIGNED_CONTEXT ( ( #2249 ) ) GLOBAL_UNIT_ASSIGNED_CONTEXT ( ( #3091, #4836, #4582 ) ) REPRESENTATION_CONTEXT ( 'NONE', 'WORKASPACE' ) );
#4508 = ORIENTED_EDGE ( 'NONE', *, *, #225, .T. ) ;
#4509 = CARTESIAN_POINT ( 'NONE',  ( 0.01181102362204724567, -0.1213910752186689035, 0.09645669291338584972 ) ) ;
#4510 = AXIS2_PLACEMENT_3D ( 'NONE', #350, #3238, #4948 ) ;
#4511 = FACE_OUTER_BOUND ( 'NONE', #4104, .T. ) ;
#4512 = SURFACE_STYLE_USAGE ( .BOTH. , #5428 ) ;
#4513 = CARTESIAN_POINT ( 'NONE',  ( 0.03444881889763776184, 0.1023622047244094613, 0.001968503937007873988 ) ) ;
#4514 = ORIENTED_EDGE ( 'NONE', *, *, #5220, .T. ) ;
#4515 = CIRCLE ( 'NONE', #3348, 0.001968503937007879193 ) ;
#4516 = ADVANCED_FACE ( 'NONE', ( #1062 ), #3697, .T. ) ;
#4517 = AXIS2_PLACEMENT_3D ( 'NONE', #670, #210, #2372 ) ;
#4518 = CARTESIAN_POINT ( 'NONE',  ( 0.06889763779527556531, 0.1043307086614173318, 0.000000000000000000 ) ) ;
#4519 =( BOUNDED_SURFACE ( )  B_SPLINE_SURFACE ( 3, 3, ( 
 ( #1254, #3449, #1645, #394 ),
 ( #2974, #1757, #1727, #5139 ),
 ( #2172, #3360, #1281, #2150 ),
 ( #3002, #2597, #1222, #4682 ) ),
 .UNSPECIFIED., .F., .F., .F. ) 
 B_SPLINE_SURFACE_WITH_KNOTS ( ( 4, 4 ),
 ( 4, 4 ),
 ( 0.000000000000000000, 1.000000000000000000 ),
 ( 0.000000000000000000, 1.000000000000000000 ),
 .UNSPECIFIED. ) 
 GEOMETRIC_REPRESENTATION_ITEM ( )  RATIONAL_B_SPLINE_SURFACE ( (
 ( 1.000000000000000000, 0.8047378541243647154, 0.8047378541243647154, 1.000000000000000000),
 ( 0.8047378541243699335, 0.6476030138606915232, 0.6476030138606915232, 0.8047378541243699335),
 ( 0.8047378541243699335, 0.6476030138606915232, 0.6476030138606915232, 0.8047378541243699335),
 ( 1.000000000000000000, 0.8047378541243647154, 0.8047378541243647154, 1.000000000000000000) ) ) 
 REPRESENTATION_ITEM ( '' )  SURFACE ( )  );
#4520 =( LENGTH_UNIT ( ) NAMED_UNIT ( * ) SI_UNIT ( $, .METRE. ) );
#4521 =( GEOMETRIC_REPRESENTATION_CONTEXT ( 3 ) GLOBAL_UNCERTAINTY_ASSIGNED_CONTEXT ( ( #2590 ) ) GLOBAL_UNIT_ASSIGNED_CONTEXT ( ( #431, #2136, #37 ) ) REPRESENTATION_CONTEXT ( 'NONE', 'WORKASPACE' ) );
#4522 =( NAMED_UNIT ( * ) SI_UNIT ( $, .STERADIAN. ) SOLID_ANGLE_UNIT ( ) );
#4523 = SURFACE_STYLE_USAGE ( .BOTH. , #630 ) ;
#4524 = ORIENTED_EDGE ( 'NONE', *, *, #2709, .F. ) ;
#4525 = ADVANCED_FACE ( 'NONE', ( #4489 ), #5078, .T. ) ;
#4526 = DIMENSIONAL_EXPONENTS ( 1.000000000000000000, 0.000000000000000000, 0.000000000000000000, 0.000000000000000000, 0.000000000000000000, 0.000000000000000000, 0.000000000000000000 ) ;
#4527 = ORIENTED_EDGE ( 'NONE', *, *, #4907, .F. ) ;
#4528 = FACE_OUTER_BOUND ( 'NONE', #4370, .T. ) ;
#4529 = CARTESIAN_POINT ( 'NONE',  ( 8.195543980992796435E-18, 0.03313648383644914042, 0.09645669291338584972 ) ) ;
#4530 =( CONVERSION_BASED_UNIT ( 'INCH', #3575 ) LENGTH_UNIT ( ) NAMED_UNIT ( #568 ) );
#4531 = UNCERTAINTY_MEASURE_WITH_UNIT (LENGTH_MEASURE( 1.000000000000000082E-05 ), #1999, 'distance_accuracy_value', 'NONE');
#4532 = LINE ( 'NONE', #693, #1421 ) ;
#4533 = EDGE_CURVE ( 'NONE', #5405, #4535, #3695, .T. ) ;
#4534 = STYLED_ITEM ( 'NONE', ( #4119 ), #5081 ) ;
#4535 = VERTEX_POINT ( 'NONE', #5504 ) ;
#4536 = FILL_AREA_STYLE_COLOUR ( '', #2443 ) ;
#4537 = DIRECTION ( 'NONE',  ( 0.000000000000000000, 1.000000000000000000, 0.000000000000000000 ) ) ;
#4538 = CARTESIAN_POINT ( 'NONE',  ( 0.03900373619151802085, -0.1651735777705157782, 4.790289133973052958E-05 ) ) ;
#4539 = SURFACE_STYLE_USAGE ( .BOTH. , #1056 ) ;
#4540 = UNCERTAINTY_MEASURE_WITH_UNIT (LENGTH_MEASURE( 1.000000000000000082E-05 ), #4846, 'distance_accuracy_value', 'NONE');
#4541 = ORIENTED_EDGE ( 'NONE', *, *, #1495, .F. ) ;
#4542 = DIRECTION ( 'NONE',  ( -0.000000000000000000, -0.000000000000000000, -1.000000000000000000 ) ) ;
#4543 = CARTESIAN_POINT ( 'NONE',  ( -0.06889763779527557919, 0.1023622047244094752, 0.000000000000000000 ) ) ;
#4544 = VECTOR ( 'NONE', #4243, 39.37007874015748143 ) ;
#4545 =( NAMED_UNIT ( * ) SI_UNIT ( $, .STERADIAN. ) SOLID_ANGLE_UNIT ( ) );
#4546 = DIRECTION ( 'NONE',  ( 1.000000000000000000, -1.586032892321650017E-16, 0.000000000000000000 ) ) ;
#4547 = AXIS2_PLACEMENT_3D ( 'NONE', #3391, #871, #47 ) ;
#4548 = CARTESIAN_POINT ( 'NONE',  ( -0.004330708661417283743, -0.09275723757613661691, -0.06282860794204959964 ) ) ;
#4549 = DIRECTION ( 'NONE',  ( -1.000000000000000000, -4.336808689942017736E-14, 0.000000000000000000 ) ) ;
#4550 = CIRCLE ( 'NONE', #2121, 0.0003937007874015297491 ) ;
#4551 =( CONVERSION_BASED_UNIT ( 'INCH', #3676 ) LENGTH_UNIT ( ) NAMED_UNIT ( #3545 ) );
#4552 = CARTESIAN_POINT ( 'NONE',  ( -0.003972320220763258906, 0.09816166371217704967, -0.06194315322496216081 ) ) ;
#4553 = CIRCLE ( 'NONE', #2046, 0.0003937007874015781587 ) ;
#4554 = EDGE_LOOP ( 'NONE', ( #1695, #4704, #1083, #976 ) ) ;
#4555 = SURFACE_STYLE_USAGE ( .BOTH. , #2846 ) ;
#4556 = ADVANCED_FACE ( 'NONE', ( #1116 ), #2432, .T. ) ;
#4557 = CARTESIAN_POINT ( 'NONE',  ( 6.029273892266830508E-17, -0.1618110236220472731, -0.2082677165354331061 ) ) ;
#4558 = ITEM_DEFINED_TRANSFORMATION ( 'NONE', 'NONE', #5087,  #1220 ) ;
#4559 = ORIENTED_EDGE ( 'NONE', *, *, #3081, .F. ) ;
#4560 = DIRECTION ( 'NONE',  ( 4.297971597196270222E-16, -1.000000000000000000, -1.711182652649480066E-16 ) ) ;
#4561 =( GEOMETRIC_REPRESENTATION_CONTEXT ( 3 ) GLOBAL_UNCERTAINTY_ASSIGNED_CONTEXT ( ( #287 ) ) GLOBAL_UNIT_ASSIGNED_CONTEXT ( ( #2807, #646, #3722 ) ) REPRESENTATION_CONTEXT ( 'NONE', 'WORKASPACE' ) );
#4562 = DIRECTION ( 'NONE',  ( 0.8164965809277229258, 0.4082482904638817245, 0.4082482904638511378 ) ) ;
#4563 = ORIENTED_EDGE ( 'NONE', *, *, #1573, .F. ) ;
#4564 = CIRCLE ( 'NONE', #5474, 0.0003937007874015758277 ) ;
#4565 = CARTESIAN_POINT ( 'NONE',  ( 0.009842519685039369942, 0.03313648383644914042, 0.09645669291338584972 ) ) ;
#4566 = LENGTH_MEASURE_WITH_UNIT ( LENGTH_MEASURE( 0.02539999999999999897 ), #344 );
#4567 = LINE ( 'NONE', #4490, #4787 ) ;
#4568 = SURFACE_SIDE_STYLE ('',( #1618 ) ) ;
#4569 = PRESENTATION_STYLE_ASSIGNMENT (( #345 ) ) ;
#4570 = MECHANICAL_DESIGN_GEOMETRIC_PRESENTATION_REPRESENTATION (  '', ( #2685 ), #449 ) ;
#4571 = CARTESIAN_POINT ( 'NONE',  ( -0.007480314960629972330, 0.09803149606299214891, -0.06204120636724645699 ) ) ;
#4572 =( GEOMETRIC_REPRESENTATION_CONTEXT ( 3 ) GLOBAL_UNCERTAINTY_ASSIGNED_CONTEXT ( ( #720 ) ) GLOBAL_UNIT_ASSIGNED_CONTEXT ( ( #4839, #635, #230 ) ) REPRESENTATION_CONTEXT ( 'NONE', 'WORKASPACE' ) );
#4573 = DIRECTION ( 'NONE',  ( -1.000000000000000000, -3.330669073875470114E-16, -0.000000000000000000 ) ) ;
#4574 = DIRECTION ( 'NONE',  ( 3.106967419659950017E-16, -1.000000000000000000, -4.991641978379239941E-16 ) ) ;
#4575 = CARTESIAN_POINT ( 'NONE',  ( -0.004330708661417302825, -0.1600171853598015281, -0.2086614173228342195 ) ) ;
#4576 = DIRECTION ( 'NONE',  ( -0.000000000000000000, 0.000000000000000000, -1.000000000000000000 ) ) ;
#4577 = CARTESIAN_POINT ( 'NONE',  ( -0.004103405405830876790, 0.09825879931857860183, -0.06226850962283293767 ) ) ;
#4578 = CARTESIAN_POINT ( 'NONE',  ( -0.007707618216216432193, 0.09816600451333169775, -7.360272656817466144E-05 ) ) ;
#4579 = ORIENTED_EDGE ( 'NONE', *, *, #765, .T. ) ;
#4580 = ORIENTED_EDGE ( 'NONE', *, *, #2425, .F. ) ;
#4581 = CARTESIAN_POINT ( 'NONE',  ( 0.01080392253833595620, 0.03322248243882051227, 0.0001316968327860785896 ) ) ;
#4582 =( NAMED_UNIT ( * ) SI_UNIT ( $, .STERADIAN. ) SOLID_ANGLE_UNIT ( ) );
#4583 = UNCERTAINTY_MEASURE_WITH_UNIT (LENGTH_MEASURE( 1.000000000000000082E-05 ), #2768, 'distance_accuracy_value', 'NONE');
#4584 = DIRECTION ( 'NONE',  ( 1.000000000000000000, 8.673617379884032317E-15, 0.000000000000000000 ) ) ;
#4585 = APPLICATION_PROTOCOL_DEFINITION ( 'draft international standard', 'automotive_design', 1998, #2510 ) ;
#4586 = EDGE_CURVE ( 'NONE', #54, #2034, #2816, .T. ) ;
#4587 = ORIENTED_EDGE ( 'NONE', *, *, #320, .T. ) ;
#4588 =( LENGTH_UNIT ( ) NAMED_UNIT ( * ) SI_UNIT ( $, .METRE. ) );
#4589 =( LENGTH_UNIT ( ) NAMED_UNIT ( * ) SI_UNIT ( $, .METRE. ) );
#4590 =( NAMED_UNIT ( * ) SI_UNIT ( $, .STERADIAN. ) SOLID_ANGLE_UNIT ( ) );
#4591 = ORIENTED_EDGE ( 'NONE', *, *, #2248, .T. ) ;
#4592 = COLOUR_RGB ( '',0.8313725490196077761, 0.8313725490196077761, 0.8313725490196077761 ) ;
#4593 = EDGE_CURVE ( 'NONE', #3679, #3167, #3440, .T. ) ;
#4594 =( NAMED_UNIT ( * ) PLANE_ANGLE_UNIT ( ) SI_UNIT ( $, .RADIAN. ) );
#4595 = SURFACE_SIDE_STYLE ('',( #3804 ) ) ;
#4596 = DIRECTION ( 'NONE',  ( 2.094760423821050104E-16, -1.000000000000000000, 0.000000000000000000 ) ) ;
#4597 = DIRECTION ( 'NONE',  ( 0.000000000000000000, 0.000000000000000000, 1.000000000000000000 ) ) ;
#4598 = STYLED_ITEM ( 'NONE', ( #4350 ), #513 ) ;
#4599 = FILL_AREA_STYLE ('',( #4632 ) ) ;
#4600 =( CONVERSION_BASED_UNIT ( 'INCH', #820 ) LENGTH_UNIT ( ) NAMED_UNIT ( #4272 ) );
#4601 = ADVANCED_FACE ( 'NONE', ( #368 ), #5137, .T. ) ;
#4602 = VECTOR ( 'NONE', #2560, 39.37007874015748143 ) ;
#4603 = AXIS2_PLACEMENT_3D ( 'NONE', #3719, #5454, #2520 ) ;
#4604 = CARTESIAN_POINT ( 'NONE',  ( -0.002306245817428697817, -0.1614173228346456879, -0.2084983411171755230 ) ) ;
#4605 = CARTESIAN_POINT ( 'NONE',  ( 0.06889763779527559306, -0.1043307086614173318, 0.000000000000000000 ) ) ;
#4606 = PRESENTATION_STYLE_ASSIGNMENT (( #1178 ) ) ;
#4607 = SURFACE_SIDE_STYLE ('',( #1711 ) ) ;
#4608 = PRESENTATION_LAYER_ASSIGNMENT (  '', '', ( #760 ) ) ;
#4609 = PRESENTATION_LAYER_ASSIGNMENT (  '', '', ( #3796 ) ) ;
#4610 = ORIENTED_EDGE ( 'NONE', *, *, #4423, .F. ) ;
#4611 = DIMENSIONAL_EXPONENTS ( 1.000000000000000000, 0.000000000000000000, 0.000000000000000000, 0.000000000000000000, 0.000000000000000000, 0.000000000000000000, 0.000000000000000000 ) ;
#4612 = EDGE_LOOP ( 'NONE', ( #4081, #2419, #633, #2878, #2558 ) ) ;
#4613 =( LENGTH_UNIT ( ) NAMED_UNIT ( * ) SI_UNIT ( $, .METRE. ) );
#4614 = STYLED_ITEM ( 'NONE', ( #4700 ), #1403 ) ;
#4615 = CARTESIAN_POINT ( 'NONE',  ( -0.003937007874015708946, -0.09275723757613701936, -0.06204120636724646393 ) ) ;
#4616 = SURFACE_SIDE_STYLE ('',( #307 ) ) ;
#4617 = CARTESIAN_POINT ( 'NONE',  ( -0.004330708661417362673, 0.09803149606299214891, -0.1466202109555881927 ) ) ;
#4618 = ITEM_DEFINED_TRANSFORMATION ( 'NONE', 'NONE', #2579,  #1220 ) ;
#4619 = ORIENTED_EDGE ( 'NONE', *, *, #2190, .F. ) ;
#4620 = FILL_AREA_STYLE_COLOUR ( '', #224 ) ;
#4621 = CIRCLE ( 'NONE', #2919, 0.001968503937007877024 ) ;
#4622 = PRESENTATION_STYLE_ASSIGNMENT (( #1612 ) ) ;
#4623 = LINE ( 'NONE', #2487, #892 ) ;
#4624 = DIRECTION ( 'NONE',  ( 1.000000000000000000, 1.586032892321650017E-16, 0.000000000000000000 ) ) ;
#4625 = VERTEX_POINT ( 'NONE', #4245 ) ;
#4626 = DIRECTION ( 'NONE',  ( 1.000000000000000000, 4.336808689942016158E-15, 0.000000000000000000 ) ) ;
#4627 = LENGTH_MEASURE_WITH_UNIT ( LENGTH_MEASURE( 0.02539999999999999897 ), #2050 );
#4628 = CIRCLE ( 'NONE', #2198, 0.0003937007874015758277 ) ;
#4629 = CARTESIAN_POINT ( 'NONE',  ( 0.01080392253833595100, -0.1734247327165915342, 0.001882505334636485434 ) ) ;
#4630 = DIRECTION ( 'NONE',  ( 2.710505431213753985E-15, -1.000000000000000000, 0.000000000000000000 ) ) ;
#4631 = EDGE_CURVE ( 'NONE', #2045, #3709, #5429, .T. ) ;
#4632 = FILL_AREA_STYLE_COLOUR ( '', #5259 ) ;
#4633 = FACE_OUTER_BOUND ( 'NONE', #514, .T. ) ;
#4634 = CIRCLE ( 'NONE', #2038, 0.0003937007874015758277 ) ;
#4635 = LENGTH_MEASURE_WITH_UNIT ( LENGTH_MEASURE( 0.02539999999999999897 ), #3335 );
#4636 = PRESENTATION_LAYER_ASSIGNMENT (  '', '', ( #872 ) ) ;
#4637 = CARTESIAN_POINT ( 'NONE',  ( -0.004117760812161409129, 0.09847309974173353020, -0.06206856460600859715 ) ) ;
#4638 = PRESENTATION_STYLE_ASSIGNMENT (( #3398 ) ) ;
#4639 = EDGE_CURVE ( 'NONE', #3659, #4487, #3970, .T. ) ;
#4640 = COLOUR_RGB ( '',0.6274509803921568540, 0.3137254901960784270, 0.000000000000000000 ) ;
#4641 = ORIENTED_EDGE ( 'NONE', *, *, #5360, .F. ) ;
#4642 =( BOUNDED_SURFACE ( )  B_SPLINE_SURFACE ( 3, 3, ( 
 ( #164, #2210, #987, #1890 ),
 ( #2664, #4748, #5284, #2182 ),
 ( #3892, #1796, #1427, #3513 ),
 ( #1011, #3032, #81, #906 ) ),
 .UNSPECIFIED., .F., .F., .F. ) 
 B_SPLINE_SURFACE_WITH_KNOTS ( ( 4, 4 ),
 ( 4, 4 ),
 ( 0.000000000000000000, 1.000000000000000000 ),
 ( 0.000000000000000000, 1.000000000000000000 ),
 .UNSPECIFIED. ) 
 GEOMETRIC_REPRESENTATION_ITEM ( )  RATIONAL_B_SPLINE_SURFACE ( (
 ( 1.000000000000000000, 0.3333333333333077797, 0.3333333333333077797, 1.000000000000000000),
 ( 0.9245018060306291474, 0.3081672686768527347, 0.3081672686768527347, 0.9245018060306291474),
 ( 0.9245018060306291474, 0.3081672686768527347, 0.3081672686768527347, 0.9245018060306291474),
 ( 1.000000000000000000, 0.3333333333333077797, 0.3333333333333077797, 1.000000000000000000) ) ) 
 REPRESENTATION_ITEM ( '' )  SURFACE ( )  );
#4643 = AXIS2_PLACEMENT_3D ( 'NONE', #156, #2259, #2712 ) ;
#4644 = PRESENTATION_STYLE_ASSIGNMENT (( #1981 ) ) ;
#4645 =( CONVERSION_BASED_UNIT ( 'INCH', #2929 ) LENGTH_UNIT ( ) NAMED_UNIT ( #5193 ) );
#4646 = DIRECTION ( 'NONE',  ( -3.106967419659950017E-16, 1.000000000000000000, -0.000000000000000000 ) ) ;
#4647 = FACE_OUTER_BOUND ( 'NONE', #2695, .T. ) ;
#4648 = AXIS2_PLACEMENT_3D ( 'NONE', #129, #1335, #3072 ) ;
#4649 = CARTESIAN_POINT ( 'NONE',  ( 0.03897637795275595007, -0.1653543307086614567, -0.0003937007874015748519 ) ) ;
#4650 = PRODUCT_DEFINITION_FORMATION_WITH_SPECIFIED_SOURCE ( 'ANY', '', #3899, .NOT_KNOWN. ) ;
#4651 = VERTEX_POINT ( 'NONE', #1305 ) ;
#4652 = DIMENSIONAL_EXPONENTS ( 1.000000000000000000, 0.000000000000000000, 0.000000000000000000, 0.000000000000000000, 0.000000000000000000, 0.000000000000000000, 0.000000000000000000 ) ;
#4653 =( NAMED_UNIT ( * ) PLANE_ANGLE_UNIT ( ) SI_UNIT ( $, .RADIAN. ) );
#4654 = ORIENTED_EDGE ( 'NONE', *, *, #4796, .F. ) ;
#4655 =( LENGTH_UNIT ( ) NAMED_UNIT ( * ) SI_UNIT ( $, .METRE. ) );
#4656 =( GEOMETRIC_REPRESENTATION_CONTEXT ( 3 ) GLOBAL_UNCERTAINTY_ASSIGNED_CONTEXT ( ( #4136 ) ) GLOBAL_UNIT_ASSIGNED_CONTEXT ( ( #3741, #5470, #2905 ) ) REPRESENTATION_CONTEXT ( 'NONE', 'WORKASPACE' ) );
#4657 = FILL_AREA_STYLE ('',( #4115 ) ) ;
#4658 = PRESENTATION_STYLE_ASSIGNMENT (( #4808 ) ) ;
#4659 = CARTESIAN_POINT ( 'NONE',  ( 0.009842519685039373412, -0.1715879256123697127, 0.001968503937007873988 ) ) ;
#4660 = CARTESIAN_POINT ( 'NONE',  ( 0.03937007874015752834, -0.09744094488188977110, -0.0003937007874015748519 ) ) ;
#4661 = AXIS2_PLACEMENT_3D ( 'NONE', #2559, #1207, #1627 ) ;
#4662 = COLOUR_RGB ( '',0.8313725490196077761, 0.8313725490196077761, 0.8313725490196077761 ) ;
#4663 = EDGE_CURVE ( 'NONE', #5438, #5317, #2307, .T. ) ;
#4664 = COLOUR_RGB ( '',0.7490196078431372584, 0.7490196078431372584, 0.7490196078431372584 ) ;
#4665 = CARTESIAN_POINT ( 'NONE',  ( -0.007707618216216488571, 0.09825879931857856020, -0.06226850962283294461 ) ) ;
#4666 = DIRECTION ( 'NONE',  ( 1.586032892321650017E-16, 1.000000000000000000, 0.000000000000000000 ) ) ;
#4667 = CARTESIAN_POINT ( 'NONE',  ( -0.003708793549984319531, 0.09763461037061928194, -0.1464547374270937785 ) ) ;
#4668 = FILL_AREA_STYLE ('',( #2474 ) ) ;
#4669 = ORIENTED_EDGE ( 'NONE', *, *, #2505, .T. ) ;
#4670 = AXIS2_PLACEMENT_3D ( 'NONE', #2376, #2744, #5278 ) ;
#4671 = EDGE_CURVE ( 'NONE', #1689, #1231, #2724, .T. ) ;
#4672 = CARTESIAN_POINT ( 'NONE',  ( -0.003937007874015747977, 0.002637129243427653678, -0.1466202109555881927 ) ) ;
#4673 =( NAMED_UNIT ( * ) SI_UNIT ( $, .STERADIAN. ) SOLID_ANGLE_UNIT ( ) );
#4674 = DIRECTION ( 'NONE',  ( -1.000000000000000000, 1.586032892321650017E-16, 0.000000000000000000 ) ) ;
#4675 = ITEM_DEFINED_TRANSFORMATION ( 'NONE', 'NONE', #4185,  #1220 ) ;
#4676 = VERTEX_POINT ( 'NONE', #464 ) ;
#4677 =( NAMED_UNIT ( * ) SI_UNIT ( $, .STERADIAN. ) SOLID_ANGLE_UNIT ( ) );
#4678 = DIRECTION ( 'NONE',  ( 0.000000000000000000, 0.000000000000000000, -1.000000000000000000 ) ) ;
#4679 = ORIENTED_EDGE ( 'NONE', *, *, #4423, .T. ) ;
#4680 = PRESENTATION_LAYER_ASSIGNMENT (  '', '', ( #1537 ) ) ;
#4681 = CARTESIAN_POINT ( 'NONE',  ( 6.416107836682180443E-17, -0.1618110236220472731, 0.000000000000000000 ) ) ;
#4682 = CARTESIAN_POINT ( 'NONE',  ( 6.829619984160658046E-17, -0.1618110236220472453, 0.000000000000000000 ) ) ;
#4683 = DIMENSIONAL_EXPONENTS ( 1.000000000000000000, 0.000000000000000000, 0.000000000000000000, 0.000000000000000000, 0.000000000000000000, 0.000000000000000000, 0.000000000000000000 ) ;
#4684 = DIRECTION ( 'NONE',  ( 0.000000000000000000, 0.000000000000000000, 1.000000000000000000 ) ) ;
#4685 = COLOUR_RGB ( '',0.7490196078431372584, 0.7490196078431372584, 0.7490196078431372584 ) ;
#4686 = EDGE_LOOP ( 'NONE', ( #4340, #2817, #2636, #89, #4879 ) ) ;
#4687 = CARTESIAN_POINT ( 'NONE',  ( -0.003937007874015689864, -0.1574803149606298913, -0.2082677165354326621 ) ) ;
#4688 = PRESENTATION_LAYER_ASSIGNMENT (  '', '', ( #4144 ) ) ;
#4689 = FILL_AREA_STYLE_COLOUR ( '', #204 ) ;
#4690 =( NAMED_UNIT ( * ) SI_UNIT ( $, .STERADIAN. ) SOLID_ANGLE_UNIT ( ) );
#4691 = SURFACE_STYLE_FILL_AREA ( #1287 ) ;
#4692 = CARTESIAN_POINT ( 'NONE',  ( -0.004103405405830887198, 0.09825879931857857408, -0.1463929077000017676 ) ) ;
#4693 = ADVANCED_FACE ( 'NONE', ( #5187 ), #1188, .T. ) ;
#4694 = ORIENTED_EDGE ( 'NONE', *, *, #3254, .F. ) ;
#4695 = VECTOR ( 'NONE', #3344, 39.37007874015748143 ) ;
#4696 = PRESENTATION_STYLE_ASSIGNMENT (( #880 ) ) ;
#4697 =( NAMED_UNIT ( * ) PLANE_ANGLE_UNIT ( ) SI_UNIT ( $, .RADIAN. ) );
#4698 = CARTESIAN_POINT ( 'NONE',  ( -0.06889763779527559306, -0.1023622047244094613, 0.001968503937007873988 ) ) ;
#4699 = MECHANICAL_DESIGN_GEOMETRIC_PRESENTATION_REPRESENTATION (  '', ( #3264 ), #241 ) ;
#4700 = PRESENTATION_STYLE_ASSIGNMENT (( #3849 ) ) ;
#4701 =( GEOMETRIC_REPRESENTATION_CONTEXT ( 3 ) GLOBAL_UNCERTAINTY_ASSIGNED_CONTEXT ( ( #1605 ) ) GLOBAL_UNIT_ASSIGNED_CONTEXT ( ( #4298, #5162, #3447 ) ) REPRESENTATION_CONTEXT ( 'NONE', 'WORKASPACE' ) );
#4702 = DIRECTION ( 'NONE',  ( 1.000000000000000000, 1.586032892321650017E-16, 0.000000000000000000 ) ) ;
#4703 = ADVANCED_FACE ( 'NONE', ( #3555 ), #1499, .T. ) ;
#4704 = ORIENTED_EDGE ( 'NONE', *, *, #1059, .F. ) ;
#4705 = STYLED_ITEM ( 'NONE', ( #2880 ), #4861 ) ;
#4706 = DIRECTION ( 'NONE',  ( -1.000000000000000000, 4.336808689942017736E-14, 0.000000000000000000 ) ) ;
#4707 = SURFACE_SIDE_STYLE ('',( #2993 ) ) ;
#4708 = CARTESIAN_POINT ( 'NONE',  ( -0.007480314960629921156, -0.09315093836353818824, -0.06259798336030672483 ) ) ;
#4709 = ORIENTED_EDGE ( 'NONE', *, *, #3019, .F. ) ;
#4710 = CARTESIAN_POINT ( 'NONE',  ( -0.003907896928221975957, -0.1597049135490931360, -0.000000000000000000 ) ) ;
#4711 = PRESENTATION_STYLE_ASSIGNMENT (( #5083 ) ) ;
#4712 = DIRECTION ( 'NONE',  ( 5.699383140931809635E-32, -1.711182652649480066E-16, 1.000000000000000000 ) ) ;
#4713 =( NAMED_UNIT ( * ) PLANE_ANGLE_UNIT ( ) SI_UNIT ( $, .RADIAN. ) );
#4714 = MECHANICAL_DESIGN_GEOMETRIC_PRESENTATION_REPRESENTATION (  '', ( #4445 ), #3982 ) ;
#4715 = SURFACE_STYLE_USAGE ( .BOTH. , #78 ) ;
#4716 = SURFACE_STYLE_USAGE ( .BOTH. , #4767 ) ;
#4717 = CARTESIAN_POINT ( 'NONE',  ( -0.004089049999500410371, 0.09804449889542374286, -0.1461929626831773299 ) ) ;
#4718 = CARTESIAN_POINT ( 'NONE',  ( -0.007480314960629922023, -0.09354463915094014814, -0.06282860794204959964 ) ) ;
#4719 = ORIENTED_EDGE ( 'NONE', *, *, #5075, .F. ) ;
#4720 = DIMENSIONAL_EXPONENTS ( 1.000000000000000000, 0.000000000000000000, 0.000000000000000000, 0.000000000000000000, 0.000000000000000000, 0.000000000000000000, 0.000000000000000000 ) ;
#4721 = CIRCLE ( 'NONE', #1135, 0.0003937007874016163226 ) ;
#4722 = CARTESIAN_POINT ( 'NONE',  ( -0.007480314960629908146, -0.1618621820137444989, 0.000000000000000000 ) ) ;
#4723 =( LENGTH_UNIT ( ) NAMED_UNIT ( * ) SI_UNIT ( $, .METRE. ) );
#4724 = PRODUCT_RELATED_PRODUCT_CATEGORY ( 'part', '', ( #600 ) ) ;
#4725 = AXIS2_PLACEMENT_3D ( 'NONE', #1167, #1587, #2070 ) ;
#4726 = DIRECTION ( 'NONE',  ( 0.000000000000000000, 0.000000000000000000, 1.000000000000000000 ) ) ;
#4727 = EDGE_LOOP ( 'NONE', ( #83, #4756, #3518, #1906, #4499, #5208 ) ) ;
#4728 =( NAMED_UNIT ( * ) SI_UNIT ( $, .STERADIAN. ) SOLID_ANGLE_UNIT ( ) );
#4729 = MECHANICAL_DESIGN_GEOMETRIC_PRESENTATION_REPRESENTATION (  '', ( #1224 ), #963 ) ;
#4730 = EDGE_CURVE ( 'NONE', #4020, #5405, #2014, .T. ) ;
#4731 = PRESENTATION_STYLE_ASSIGNMENT (( #2618 ) ) ;
#4732 = CYLINDRICAL_SURFACE ( 'NONE', #3923, 0.007874015748031495954 ) ;
#4733 = LINE ( 'NONE', #1326, #4348 ) ;
#4734 = ORIENTED_EDGE ( 'NONE', *, *, #3798, .F. ) ;
#4735 = CIRCLE ( 'NONE', #2756, 0.0003937007874015377722 ) ;
#4736 = CARTESIAN_POINT ( 'NONE',  ( 0.01144300998920638399, 0.03427300011438148136, 0.09712923516508352451 ) ) ;
#4737 = EDGE_CURVE ( 'NONE', #4651, #4053, #4453, .T. ) ;
#4738 = COLOUR_RGB ( '',0.8313725490196077761, 0.8313725490196077761, 0.8313725490196077761 ) ;
#4739 =( CONVERSION_BASED_UNIT ( 'INCH', #1701 ) LENGTH_UNIT ( ) NAMED_UNIT ( #2888 ) );
#4740 = DIRECTION ( 'NONE',  ( 0.5773502691896411632, 0.5773502691896180705, -0.5773502691896180705 ) ) ;
#4741 =( CONVERSION_BASED_UNIT ( 'INCH', #1730 ) LENGTH_UNIT ( ) NAMED_UNIT ( #3104 ) );
#4742 = DIRECTION ( 'NONE',  ( 1.000000000000000000, 0.000000000000000000, 0.000000000000000000 ) ) ;
#4743 = CARTESIAN_POINT ( 'NONE',  ( -0.06889763779527559306, -0.1043307086614173318, 0.000000000000000000 ) ) ;
#4744 =( CONVERSION_BASED_UNIT ( 'INCH', #4 ) LENGTH_UNIT ( ) NAMED_UNIT ( #5304 ) );
#4745 = CARTESIAN_POINT ( 'NONE',  ( -0.007874015748031457790, -0.1653543307086614567, 0.000000000000000000 ) ) ;
#4746 = AXIS2_PLACEMENT_3D ( 'NONE', #2080, #3319, #5005 ) ;
#4747 = VECTOR ( 'NONE', #4101, 39.37007874015748143 ) ;
#4748 = CARTESIAN_POINT ( 'NONE',  ( -0.003889104982676078529, 0.09824444391224805562, -0.2082950747741947328 ) ) ;
#4749 = ORIENTED_EDGE ( 'NONE', *, *, #2641, .T. ) ;
#4750 = AXIS2_PLACEMENT_3D ( 'NONE', #845, #4149, #2923 ) ;
#4751 = PRESENTATION_LAYER_ASSIGNMENT (  '', '', ( #1607 ) ) ;
#4752 = CARTESIAN_POINT ( 'NONE',  ( -0.007874015748031466463, -0.1620928065954873598, -0.0001630762056586988469 ) ) ;
#4753 = CARTESIAN_POINT ( 'NONE',  ( -0.004200541012232480997, 0.09838988450364623273, -0.0004917539296858769405 ) ) ;
#4754 =( LENGTH_UNIT ( ) NAMED_UNIT ( * ) SI_UNIT ( $, .METRE. ) );
#4755 = DIRECTION ( 'NONE',  ( 0.000000000000000000, 0.000000000000000000, 1.000000000000000000 ) ) ;
#4756 = ORIENTED_EDGE ( 'NONE', *, *, #5254, .T. ) ;
#4757 = FACE_OUTER_BOUND ( 'NONE', #4771, .T. ) ;
#4758 = DIRECTION ( 'NONE',  ( -0.000000000000000000, -0.000000000000000000, 1.000000000000000000 ) ) ;
#4759 = DIMENSIONAL_EXPONENTS ( 1.000000000000000000, 0.000000000000000000, 0.000000000000000000, 0.000000000000000000, 0.000000000000000000, 0.000000000000000000, 0.000000000000000000 ) ;
#4760 = LENGTH_MEASURE_WITH_UNIT ( LENGTH_MEASURE( 0.02539999999999999897 ), #1844 );
#4761 = ORIENTED_EDGE ( 'NONE', *, *, #2812, .F. ) ;
#4762 =( CONVERSION_BASED_UNIT ( 'INCH', #442 ) LENGTH_UNIT ( ) NAMED_UNIT ( #2241 ) );
#4763 = FACE_OUTER_BOUND ( 'NONE', #1522, .T. ) ;
#4764 =( NAMED_UNIT ( * ) SI_UNIT ( $, .STERADIAN. ) SOLID_ANGLE_UNIT ( ) );
#4765 = EDGE_CURVE ( 'NONE', #770, #1810, #4425, .T. ) ;
#4766 = CARTESIAN_POINT ( 'NONE',  ( -0.007645788489124522719, 0.09865341117442508190, -0.06164432067487361083 ) ) ;
#4767 = SURFACE_SIDE_STYLE ('',( #5511 ) ) ;
#4768 = CARTESIAN_POINT ( 'NONE',  ( -0.003673487670674780922, 0.09766991624992898968, -0.0002988390175263086002 ) ) ;
#4769 = LENGTH_MEASURE_WITH_UNIT ( LENGTH_MEASURE( 0.02539999999999999897 ), #2606 );
#4770 = EDGE_CURVE ( 'NONE', #2124, #427, #266, .T. ) ;
#4771 = EDGE_LOOP ( 'NONE', ( #1797, #3534, #5444, #1631, #1638, #2757 ) ) ;
#4772 = STYLED_ITEM ( 'NONE', ( #2936 ), #349 ) ;
#4773 = DIRECTION ( 'NONE',  ( -1.000000000000000000, 0.000000000000000000, 0.000000000000000000 ) ) ;
#4774 = CARTESIAN_POINT ( 'NONE',  ( -0.004317705828985761787, 0.09845874433540297010, -0.0001520421254845952274 ) ) ;
#4775 = DIRECTION ( 'NONE',  ( 0.000000000000000000, 0.000000000000000000, 1.000000000000000000 ) ) ;
#4776 = DIRECTION ( 'NONE',  ( 0.000000000000000000, 0.000000000000000000, -1.000000000000000000 ) ) ;
#4777 = MECHANICAL_DESIGN_GEOMETRIC_PRESENTATION_REPRESENTATION (  '', ( #5051 ), #2012 ) ;
#4778 = SURFACE_STYLE_USAGE ( .BOTH. , #3059 ) ;
#4779 = ORIENTED_EDGE ( 'NONE', *, *, #4979, .T. ) ;
#4780 = CARTESIAN_POINT ( 'NONE',  ( -0.005905511811023621965, -0.1649606299212598437, 0.000000000000000000 ) ) ;
#4781 = AXIS2_PLACEMENT_3D ( 'NONE', #1316, #3484, #2108 ) ;
#4782 = ADVANCED_BREP_SHAPE_REPRESENTATION ( '', ( #5081, #1220 ), #1946 ) ;
#4783 = CARTESIAN_POINT ( 'NONE',  ( 0.06889763779527560694, -0.1023622047244094474, 0.09645669291338584972 ) ) ;
#4784 = UNCERTAINTY_MEASURE_WITH_UNIT (LENGTH_MEASURE( 1.000000000000000082E-05 ), #304, 'distance_accuracy_value', 'NONE');
#4785 = COLOUR_RGB ( '',0.6274509803921568540, 0.3137254901960784270, 0.000000000000000000 ) ;
#4786 = CARTESIAN_POINT ( 'NONE',  ( 0.03920368120834240994, -0.1651879331768462966, -0.2084950197910195591 ) ) ;
#4787 = VECTOR ( 'NONE', #2433, 39.37007874015748143 ) ;
#4788 = ORIENTED_EDGE ( 'NONE', *, *, #384, .F. ) ;
#4789 = AXIS2_PLACEMENT_3D ( 'NONE', #3162, #2256, #2740 ) ;
#4790 = CARTESIAN_POINT ( 'NONE',  ( -0.007480314960629982739, 0.09803149606299214891, -0.0003937007874015748519 ) ) ;
#4791 = CARTESIAN_POINT ( 'NONE',  ( -0.007707618216216429591, 0.09825879931857862959, -0.0001663975318151176999 ) ) ;
#4792 = CARTESIAN_POINT ( 'NONE',  ( -0.007874015748031495954, -0.09315093836353859069, -0.06282860794204959964 ) ) ;
#4793 = DIMENSIONAL_EXPONENTS ( 1.000000000000000000, 0.000000000000000000, 0.000000000000000000, 0.000000000000000000, 0.000000000000000000, 0.000000000000000000, 0.000000000000000000 ) ;
#4794 = CARTESIAN_POINT ( 'NONE',  ( -0.007480314960629955851, 0.09803149606299213503, -0.1462265101681865520 ) ) ;
#4795 =( NAMED_UNIT ( * ) SI_UNIT ( $, .STERADIAN. ) SOLID_ANGLE_UNIT ( ) );
#4796 = EDGE_CURVE ( 'NONE', #452, #3057, #3267, .T. ) ;
#4797 = DIRECTION ( 'NONE',  ( 2.710505431213753985E-15, -1.000000000000000000, 0.000000000000000000 ) ) ;
#4798 = SURFACE_STYLE_FILL_AREA ( #4339 ) ;
#4799 = ORIENTED_EDGE ( 'NONE', *, *, #1634, .T. ) ;
#4800 = MECHANICAL_DESIGN_GEOMETRIC_PRESENTATION_REPRESENTATION (  '', ( #4168 ), #3629 ) ;
#4801 = CARTESIAN_POINT ( 'NONE',  ( 0.03921803661467292146, -0.1653878781936706788, -0.0003806979549699769476 ) ) ;
#4802 = ADVANCED_FACE ( 'NONE', ( #4077 ), #5330, .T. ) ;
#4803 = CARTESIAN_POINT ( 'NONE',  ( 0.009842519685039368207, -0.06922572088796025147, 0.09842519685039370636 ) ) ;
#4804 = COLOUR_RGB ( '',0.8313725490196077761, 0.8313725490196077761, 0.8313725490196077761 ) ;
#4805 = MECHANICAL_DESIGN_GEOMETRIC_PRESENTATION_REPRESENTATION (  '', ( #2205 ), #695 ) ;
#4806 = ORIENTED_EDGE ( 'NONE', *, *, #2963, .T. ) ;
#4807 = CARTESIAN_POINT ( 'NONE',  ( -0.003937007874015708946, -0.09321848673962275511, -0.06204120636724646393 ) ) ;
#4808 = SURFACE_STYLE_USAGE ( .BOTH. , #3385 ) ;
#4809 = CARTESIAN_POINT ( 'NONE',  ( -0.06889763779527556531, -0.1023622047244094613, 0.000000000000000000 ) ) ;
#4810 = UNCERTAINTY_MEASURE_WITH_UNIT (LENGTH_MEASURE( 1.000000000000000082E-05 ), #269, 'distance_accuracy_value', 'NONE');
#4811 = CARTESIAN_POINT ( 'NONE',  ( 0.009842519685039369942, -0.1715879256123697127, 0.09645669291338584972 ) ) ;
#4812 =( BOUNDED_SURFACE ( )  B_SPLINE_SURFACE ( 3, 3, ( 
 ( #1087, #5307, #3169, #678 ),
 ( #5280, #1967, #3669, #4055 ),
 ( #4398, #2689, #1854, #1885 ),
 ( #243, #1936, #4463, #561 ) ),
 .UNSPECIFIED., .F., .F., .F. ) 
 B_SPLINE_SURFACE_WITH_KNOTS ( ( 4, 4 ),
 ( 4, 4 ),
 ( 0.000000000000000000, 1.000000000000000000 ),
 ( 0.000000000000000000, 1.000000000000000000 ),
 .UNSPECIFIED. ) 
 GEOMETRIC_REPRESENTATION_ITEM ( )  RATIONAL_B_SPLINE_SURFACE ( (
 ( 1.000000000000000000, 0.3333333333332774151, 0.3333333333332774151, 1.000000000000000000),
 ( 0.9245018060305826291, 0.3081672686768091585, 0.3081672686768091585, 0.9245018060305826291),
 ( 0.9245018060305826291, 0.3081672686768091585, 0.3081672686768091585, 0.9245018060305826291),
 ( 1.000000000000000000, 0.3333333333332774151, 0.3333333333332774151, 1.000000000000000000) ) ) 
 REPRESENTATION_ITEM ( '' )  SURFACE ( )  );
#4813 = COLOUR_RGB ( '',0.8313725490196077761, 0.8313725490196077761, 0.8313725490196077761 ) ;
#4814 = VERTEX_POINT ( 'NONE', #3354 ) ;
#4815 =( CONVERSION_BASED_UNIT ( 'INCH', #3131 ) LENGTH_UNIT ( ) NAMED_UNIT ( #1308 ) );
#4816 = CIRCLE ( 'NONE', #2308, 0.0003937007874015747977 ) ;
#4817 = CARTESIAN_POINT ( 'NONE',  ( -0.004103405405830897607, 0.09825879931857860183, -0.0001663975318151011929 ) ) ;
#4818 = ORIENTED_EDGE ( 'NONE', *, *, #2738, .F. ) ;
#4819 = DIRECTION ( 'NONE',  ( 2.710505431213753985E-15, -1.000000000000000000, 0.000000000000000000 ) ) ;
#4820 = FACE_OUTER_BOUND ( 'NONE', #4205, .T. ) ;
#4821 = CARTESIAN_POINT ( 'NONE',  ( -0.007480314960629970596, 0.09803149606299213503, -0.2086614173228343860 ) ) ;
#4822 = CARTESIAN_POINT ( 'NONE',  ( -0.003673487670674805642, 0.09812635783286743907, -0.0007552806004647509390 ) ) ;
#4823 = STYLED_ITEM ( 'NONE', ( #1808 ), #2771 ) ;
#4824 = ORIENTED_EDGE ( 'NONE', *, *, #2354, .T. ) ;
#4825 = EDGE_CURVE ( 'NONE', #653, #3945, #5392, .T. ) ;
#4826 = DIMENSIONAL_EXPONENTS ( 1.000000000000000000, 0.000000000000000000, 0.000000000000000000, 0.000000000000000000, 0.000000000000000000, 0.000000000000000000, 0.000000000000000000 ) ;
#4827 = FILL_AREA_STYLE_COLOUR ( '', #2439 ) ;
#4828 = STYLED_ITEM ( 'NONE', ( #3227 ), #3735 ) ;
#4829 = SURFACE_STYLE_USAGE ( .BOTH. , #5231 ) ;
#4830 = CARTESIAN_POINT ( 'NONE',  ( -0.06889763779527556531, -0.1043307086614173318, 0.001968503937007873988 ) ) ;
#4831 = CIRCLE ( 'NONE', #5198, 0.0003937007874015799476 ) ;
#4832 = PRESENTATION_LAYER_ASSIGNMENT (  '', '', ( #2504 ) ) ;
#4833 = EDGE_CURVE ( 'NONE', #2131, #1741, #1734, .T. ) ;
#4834 = ORIENTED_EDGE ( 'NONE', *, *, #3108, .F. ) ;
#4835 = CYLINDRICAL_SURFACE ( 'NONE', #4378, 0.0003937007874015758277 ) ;
#4836 =( NAMED_UNIT ( * ) PLANE_ANGLE_UNIT ( ) SI_UNIT ( $, .RADIAN. ) );
#4837 = UNCERTAINTY_MEASURE_WITH_UNIT (LENGTH_MEASURE( 1.000000000000000082E-05 ), #3652, 'distance_accuracy_value', 'NONE');
#4838 =( GEOMETRIC_REPRESENTATION_CONTEXT ( 3 ) GLOBAL_UNCERTAINTY_ASSIGNED_CONTEXT ( ( #4982 ) ) GLOBAL_UNIT_ASSIGNED_CONTEXT ( ( #4645, #799, #1268 ) ) REPRESENTATION_CONTEXT ( 'NONE', 'WORKASPACE' ) );
#4839 =( CONVERSION_BASED_UNIT ( 'INCH', #5266 ) LENGTH_UNIT ( ) NAMED_UNIT ( #5227 ) );
#4840 = PRESENTATION_LAYER_ASSIGNMENT (  '', '', ( #1431 ) ) ;
#4841 = DIRECTION ( 'NONE',  ( 1.000000000000000000, -7.930190395284771930E-32, -4.297971597196250007E-16 ) ) ;
#4842 = AXIS2_PLACEMENT_3D ( 'NONE', #617, #1821, #643 ) ;
#4843 = ORIENTED_EDGE ( 'NONE', *, *, #2083, .T. ) ;
#4844 =( NAMED_UNIT ( * ) PLANE_ANGLE_UNIT ( ) SI_UNIT ( $, .RADIAN. ) );
#4845 =( NAMED_UNIT ( * ) SI_UNIT ( $, .STERADIAN. ) SOLID_ANGLE_UNIT ( ) );
#4846 =( CONVERSION_BASED_UNIT ( 'INCH', #3502 ) LENGTH_UNIT ( ) NAMED_UNIT ( #2568 ) );
#4847 = SURFACE_STYLE_USAGE ( .BOTH. , #1817 ) ;
#4848 = VERTEX_POINT ( 'NONE', #1136 ) ;
#4849 = CARTESIAN_POINT ( 'NONE',  ( -0.004330708661417362673, 0.09803149606299214891, -0.0003937007874015748519 ) ) ;
#4850 =( NAMED_UNIT ( * ) PLANE_ANGLE_UNIT ( ) SI_UNIT ( $, .RADIAN. ) );
#4851 = SURFACE_SIDE_STYLE ('',( #184 ) ) ;
#4852 = CARTESIAN_POINT ( 'NONE',  ( -0.007480314960629961055, 0.09803149606299214891, 0.000000000000000000 ) ) ;
#4853 = CARTESIAN_POINT ( 'NONE',  ( 0.03910654560194080226, -0.1614526351813932170, -0.0004917539296859220433 ) ) ;
#4854 = CARTESIAN_POINT ( 'NONE',  ( -0.004330708661417361806, 0.09803149606299216279, -0.06204120636724646393 ) ) ;
#4855 = DIRECTION ( 'NONE',  ( -0.000000000000000000, -0.000000000000000000, -1.000000000000000000 ) ) ;
#4856 = ORIENTED_EDGE ( 'NONE', *, *, #2529, .F. ) ;
#4857 = CARTESIAN_POINT ( 'NONE',  ( 0.01072286140846447945, 0.03313648383644912654, 0.0002078204901576453467 ) ) ;
#4858 = CYLINDRICAL_SURFACE ( 'NONE', #4750, 0.0003937007874015758277 ) ;
#4859 = CIRCLE ( 'NONE', #2077, 0.001968503937007874856 ) ;
#4860 = CARTESIAN_POINT ( 'NONE',  ( 0.03940362622516680596, -0.1652022885831767318, -0.0003806979549700105036 ) ) ;
#4861 = ADVANCED_FACE ( 'NONE', ( #5473 ), #4961, .T. ) ;
#4862 =( GEOMETRIC_REPRESENTATION_CONTEXT ( 3 ) GLOBAL_UNCERTAINTY_ASSIGNED_CONTEXT ( ( #1845 ) ) GLOBAL_UNIT_ASSIGNED_CONTEXT ( ( #3058, #3975, #4371 ) ) REPRESENTATION_CONTEXT ( 'NONE', 'WORKASPACE' ) );
#4863 = EDGE_LOOP ( 'NONE', ( #3429, #4420, #354, #3558 ) ) ;
#4864 = DIRECTION ( 'NONE',  ( 0.000000000000000000, 0.000000000000000000, -1.000000000000000000 ) ) ;
#4865 = CARTESIAN_POINT ( 'NONE',  ( -0.007800413021463285107, 0.09816600451333162836, -0.2084950197910191427 ) ) ;
#4866 = DIMENSIONAL_EXPONENTS ( 1.000000000000000000, 0.000000000000000000, 0.000000000000000000, 0.000000000000000000, 0.000000000000000000, 0.000000000000000000, 0.000000000000000000 ) ;
#4867 = CIRCLE ( 'NONE', #2170, 0.0003937007874015587515 ) ;
#4868 = EDGE_CURVE ( 'NONE', #2458, #1241, #698, .T. ) ;
#4869 = UNCERTAINTY_MEASURE_WITH_UNIT (LENGTH_MEASURE( 1.000000000000000082E-05 ), #2721, 'distance_accuracy_value', 'NONE');
#4870 =( LENGTH_UNIT ( ) NAMED_UNIT ( * ) SI_UNIT ( $, .METRE. ) );
#4871 =( LENGTH_UNIT ( ) NAMED_UNIT ( * ) SI_UNIT ( $, .METRE. ) );
#4872 = VERTEX_POINT ( 'NONE', #5497 ) ;
#4873 = PRESENTATION_LAYER_ASSIGNMENT (  '', '', ( #2904 ) ) ;
#4874 = DIRECTION ( 'NONE',  ( 0.000000000000000000, 0.000000000000000000, -1.000000000000000000 ) ) ;
#4875 = PRESENTATION_STYLE_ASSIGNMENT (( #234 ) ) ;
#4876 = ADVANCED_FACE ( 'NONE', ( #2968 ), #1298, .T. ) ;
#4877 =( GEOMETRIC_REPRESENTATION_CONTEXT ( 3 ) GLOBAL_UNCERTAINTY_ASSIGNED_CONTEXT ( ( #518 ) ) GLOBAL_UNIT_ASSIGNED_CONTEXT ( ( #2296, #2235, #4795 ) ) REPRESENTATION_CONTEXT ( 'NONE', 'WORKASPACE' ) );
#4878 = CARTESIAN_POINT ( 'NONE',  ( -0.007707618216216441734, 0.09825879931857865734, -0.1463929077000017398 ) ) ;
#4879 = ORIENTED_EDGE ( 'NONE', *, *, #2368, .F. ) ;
#4880 = VECTOR ( 'NONE', #1954, 39.37007874015748143 ) ;
#4881 = DIRECTION ( 'NONE',  ( -0.4082482904638439769, 0.8164965809277429099, 0.4082482904638488064 ) ) ;
#4882 = SURFACE_STYLE_USAGE ( .BOTH. , #644 ) ;
#4883 = PRESENTATION_STYLE_ASSIGNMENT (( #1791 ) ) ;
#4884 = CARTESIAN_POINT ( 'NONE',  ( -0.007874015748031457790, -0.1620928065954874431, -0.2082677165354330784 ) ) ;
#4885 = CARTESIAN_POINT ( 'NONE',  ( -0.01181102362204724393, -0.06922572088796025147, 0.09842519685039370636 ) ) ;
#4886 = PLANE ( 'NONE',  #3301 ) ;
#4887 = LENGTH_MEASURE_WITH_UNIT ( LENGTH_MEASURE( 0.02539999999999999897 ), #1535 );
#4888 = VERTEX_POINT ( 'NONE', #17 ) ;
#4889 = DIRECTION ( 'NONE',  ( 0.000000000000000000, 1.000000000000000000, 0.000000000000000000 ) ) ;
#4890 = CARTESIAN_POINT ( 'NONE',  ( 0.03934373937360029216, -0.1649778296417340473, -0.0002014202167422607013 ) ) ;
#4891 = SURFACE_SIDE_STYLE ('',( #3181 ) ) ;
#4892 = PRODUCT_DEFINITION ( 'UNKNOWN', '', #4004, #5323 ) ;
#4893 = ORIENTED_EDGE ( 'NONE', *, *, #919, .F. ) ;
#4894 = DIRECTION ( 'NONE',  ( 0.000000000000000000, 0.000000000000000000, -1.000000000000000000 ) ) ;
#4895 = CARTESIAN_POINT ( 'NONE',  ( -0.007838703401283956401, 0.09793344292070781110, -0.2083978841846176322 ) ) ;
#4896 = PRESENTATION_LAYER_ASSIGNMENT (  '', '', ( #254 ) ) ;
#4897 = CARTESIAN_POINT ( 'NONE',  ( -0.007707618216216440866, 0.09825879931857861571, -0.1463929077000017398 ) ) ;
#4898 = ADVANCED_FACE ( 'NONE', ( #1691 ), #2002, .T. ) ;
#4899 = VERTEX_POINT ( 'NONE', #305 ) ;
#4900 = SURFACE_SIDE_STYLE ('',( #2317 ) ) ;
#4901 = PRESENTATION_LAYER_ASSIGNMENT (  '', '', ( #340 ) ) ;
#4902 = CARTESIAN_POINT ( 'NONE',  ( 0.01163446188830985148, 0.03378732208237360951, 0.09596642720196429943 ) ) ;
#4903 = AXIS2_PLACEMENT_3D ( 'NONE', #1809, #4326, #942 ) ;
#4904 = SURFACE_SIDE_STYLE ('',( #3193 ) ) ;
#4905 = CARTESIAN_POINT ( 'NONE',  ( -0.007295348729135641731, 0.09819669153186795507, -0.1460235984809916399 ) ) ;
#4906 = ORIENTED_EDGE ( 'NONE', *, *, #3706, .F. ) ;
#4907 = EDGE_CURVE ( 'NONE', #3375, #930, #2194, .T. ) ;
#4908 = LENGTH_MEASURE_WITH_UNIT ( LENGTH_MEASURE( 0.02539999999999999897 ), #5336 );
#4909 = CARTESIAN_POINT ( 'NONE',  ( 0.007858091223175552031, 0.03624605939361376372, 0.001141136294535313083 ) ) ;
#4910 = CIRCLE ( 'NONE', #1591, 0.0003937007874015587515 ) ;
#4911 = CARTESIAN_POINT ( 'NONE',  ( -0.004330708661417283743, -0.09275723757613690834, -0.06243490715464804219 ) ) ;
#4912 = PLANE ( 'NONE',  #4359 ) ;
#4913 = AXIS2_PLACEMENT_3D ( 'NONE', #4448, #1466, #2825 ) ;
#4914 = LINE ( 'NONE', #302, #4987 ) ;
#4915 = VERTEX_POINT ( 'NONE', #2788 ) ;
#4916 = DIRECTION ( 'NONE',  ( 1.000000000000000000, 0.000000000000000000, 0.000000000000000000 ) ) ;
#4917 = LINE ( 'NONE', #4494, #5508 ) ;
#4918 = SURFACE_STYLE_USAGE ( .BOTH. , #962 ) ;
#4919 = MECHANICAL_DESIGN_GEOMETRIC_PRESENTATION_REPRESENTATION (  '', ( #1061 ), #4011 ) ;
#4920 = AXIS2_PLACEMENT_3D ( 'NONE', #1748, #433, #1772 ) ;
#4921 = CARTESIAN_POINT ( 'NONE',  ( 0.009842519685039361269, 0.03313648383644912654, 0.001968503937007873988 ) ) ;
#4922 = FILL_AREA_STYLE ('',( #4443 ) ) ;
#4923 = DIRECTION ( 'NONE',  ( -1.047380211910519998E-16, 1.000000000000000000, 0.000000000000000000 ) ) ;
#4924 = CARTESIAN_POINT ( 'NONE',  ( 0.01097903596297176120, -0.1727244418903020606, 0.09759320919131821148 ) ) ;
#4925 = DIRECTION ( 'NONE',  ( 0.5773502691896235106, 0.5773502691896451600, 0.5773502691896084116 ) ) ;
#4926 = UNCERTAINTY_MEASURE_WITH_UNIT (LENGTH_MEASURE( 1.000000000000000082E-05 ), #4551, 'distance_accuracy_value', 'NONE');
#4927 = AXIS2_PLACEMENT_3D ( 'NONE', #2820, #283, #1488 ) ;
#4928 = SURFACE_STYLE_FILL_AREA ( #1412 ) ;
#4929 = CARTESIAN_POINT ( 'NONE',  ( -0.1043307086614173318, -0.06922572088796025147, 0.1653543307086618175 ) ) ;
#4930 = ORIENTED_EDGE ( 'NONE', *, *, #4241, .T. ) ;
#4931 = CARTESIAN_POINT ( 'NONE',  ( -0.007295348729135653874, 0.09819669153186798283, -0.06263781884184289883 ) ) ;
#4932 = CARTESIAN_POINT ( 'NONE',  ( -0.007480314960629961055, 0.09803149606299214891, 0.000000000000000000 ) ) ;
#4933 = SURFACE_SIDE_STYLE ('',( #1525 ) ) ;
#4934 = EDGE_CURVE ( 'NONE', #1297, #427, #1123, .T. ) ;
#4935 = UNCERTAINTY_MEASURE_WITH_UNIT (LENGTH_MEASURE( 1.000000000000000082E-05 ), #2465, 'distance_accuracy_value', 'NONE');
#4936 = ORIENTED_EDGE ( 'NONE', *, *, #795, .T. ) ;
#4937 = STYLED_ITEM ( 'NONE', ( #5479 ), #3767 ) ;
#4938 =( CONVERSION_BASED_UNIT ( 'INCH', #4908 ) LENGTH_UNIT ( ) NAMED_UNIT ( #998 ) );
#4939 = CARTESIAN_POINT ( 'NONE',  ( -0.004089049999500352257, 0.09804449889542375673, -0.06246845463965728512 ) ) ;
#4940 = FILL_AREA_STYLE_COLOUR ( '', #371 ) ;
#4941 = SURFACE_SIDE_STYLE ('',( #3672 ) ) ;
#4942 = CARTESIAN_POINT ( 'NONE',  ( -0.005905511811023621965, 0.09803149606299216279, 0.000000000000000000 ) ) ;
#4943 = ADVANCED_FACE ( 'NONE', ( #1947 ), #4231, .T. ) ;
#4944 = CARTESIAN_POINT ( 'NONE',  ( 0.03934373937360037543, -0.1651529104919192137, -0.2082849162559073652 ) ) ;
#4945 =( NAMED_UNIT ( * ) PLANE_ANGLE_UNIT ( ) SI_UNIT ( $, .RADIAN. ) );
#4946 = ORIENTED_EDGE ( 'NONE', *, *, #5325, .T. ) ;
#4947 = DIRECTION ( 'NONE',  ( -0.8164965809277227038, -0.4082482904638818355, -0.4082482904638508603 ) ) ;
#4948 = DIRECTION ( 'NONE',  ( 0.000000000000000000, 1.000000000000000000, 0.000000000000000000 ) ) ;
#4949 = EDGE_CURVE ( 'NONE', #4468, #5018, #864, .T. ) ;
#4950 = CARTESIAN_POINT ( 'NONE',  ( -0.007493317793061580155, 0.09845874433540301174, -0.0001520421254846262627 ) ) ;
#4951 = ORIENTED_EDGE ( 'NONE', *, *, #4934, .F. ) ;
#4952 = CARTESIAN_POINT ( 'NONE',  ( -0.03543307086614169710, -0.1735564295493775833, 0.000000000000000000 ) ) ;
#4953 = DIRECTION ( 'NONE',  ( 3.106967419659950017E-16, -1.000000000000000000, -3.422365305298960131E-16 ) ) ;
#4954 =( NAMED_UNIT ( * ) PLANE_ANGLE_UNIT ( ) SI_UNIT ( $, .RADIAN. ) );
#4955 = CARTESIAN_POINT ( 'NONE',  ( 0.009979310878849869532, -0.1737959440060763416, 0.09752143215966568857 ) ) ;
#4956 = FILL_AREA_STYLE_COLOUR ( '', #636 ) ;
#4957 = AXIS2_PLACEMENT_3D ( 'NONE', #702, #991, #1798 ) ;
#4958 = DIRECTION ( 'NONE',  ( 1.000000000000000000, 3.261280134836389942E-16, -1.245530905419400051E-16 ) ) ;
#4959 = ORIENTED_EDGE ( 'NONE', *, *, #1503, .F. ) ;
#4960 = SURFACE_STYLE_USAGE ( .BOTH. , #3770 ) ;
#4961 = CYLINDRICAL_SURFACE ( 'NONE', #5514, 0.0003937007874015747977 ) ;
#4962 = SURFACE_STYLE_USAGE ( .BOTH. , #4933 ) ;
#4963 =( LENGTH_UNIT ( ) NAMED_UNIT ( * ) SI_UNIT ( $, .METRE. ) );
#4964 = VECTOR ( 'NONE', #4646, 39.37007874015748143 ) ;
#4965 = ORIENTED_EDGE ( 'NONE', *, *, #1503, .T. ) ;
#4966 =( CONVERSION_BASED_UNIT ( 'INCH', #2020 ) LENGTH_UNIT ( ) NAMED_UNIT ( #3064 ) );
#4967 = CARTESIAN_POINT ( 'NONE',  ( 0.03929647601358941117, -0.1615837203664607924, -0.2084022249857726272 ) ) ;
#4968 = CARTESIAN_POINT ( 'NONE',  ( 0.01097903596297170915, 0.03380902608814681520, 0.0003680136328408765327 ) ) ;
#4969 =( CONVERSION_BASED_UNIT ( 'INCH', #2024 ) LENGTH_UNIT ( ) NAMED_UNIT ( #2637 ) );
#4970 =( NAMED_UNIT ( * ) SI_UNIT ( $, .STERADIAN. ) SOLID_ANGLE_UNIT ( ) );
#4971 = DIRECTION ( 'NONE',  ( 0.5773502691896293948, 0.5773502691896021943, 0.5773502691896456041 ) ) ;
#4972 = PRESENTATION_STYLE_ASSIGNMENT (( #1566 ) ) ;
#4973 = PRESENTATION_STYLE_ASSIGNMENT (( #3284 ) ) ;
#4974 = EDGE_LOOP ( 'NONE', ( #4258, #3882, #3223, #567 ) ) ;
#4975 = PRESENTATION_LAYER_ASSIGNMENT (  '', '', ( #5153 ) ) ;
#4976 = VECTOR ( 'NONE', #2427, 39.37007874015748143 ) ;
#4977 = ADVANCED_FACE ( 'NONE', ( #4256 ), #1739, .T. ) ;
#4978 = ORIENTED_EDGE ( 'NONE', *, *, #24, .F. ) ;
#4979 = EDGE_CURVE ( 'NONE', #696, #1405, #1124, .T. ) ;
#4980 = ORIENTED_EDGE ( 'NONE', *, *, #4833, .F. ) ;
#4981 = FILL_AREA_STYLE ('',( #3214 ) ) ;
#4982 = UNCERTAINTY_MEASURE_WITH_UNIT (LENGTH_MEASURE( 1.000000000000000082E-05 ), #4645, 'distance_accuracy_value', 'NONE');
#4983 = DIRECTION ( 'NONE',  ( 1.000000000000000000, 0.000000000000000000, 0.000000000000000000 ) ) ;
#4984 = AXIS2_PLACEMENT_3D ( 'NONE', #3707, #2386, #2338 ) ;
#4985 =( NAMED_UNIT ( * ) SI_UNIT ( $, .STERADIAN. ) SOLID_ANGLE_UNIT ( ) );
#4986 = CARTESIAN_POINT ( 'NONE',  ( -0.007874015748031457790, -0.1653543307086614567, -0.0003937007874015748519 ) ) ;
#4987 = VECTOR ( 'NONE', #4997, 39.37007874015748143 ) ;
#4988 = UNCERTAINTY_MEASURE_WITH_UNIT (LENGTH_MEASURE( 1.000000000000000082E-05 ), #3926, 'distance_accuracy_value', 'NONE');
#4989 = ORIENTED_EDGE ( 'NONE', *, *, #3188, .F. ) ;
#4990 =( NAMED_UNIT ( * ) SI_UNIT ( $, .STERADIAN. ) SOLID_ANGLE_UNIT ( ) );
#4991 = SURFACE_SIDE_STYLE ('',( #3279 ) ) ;
#4992 = CARTESIAN_POINT ( 'NONE',  ( -0.004103405405830829085, 0.09825879931857860183, -0.06226850962283292379 ) ) ;
#4993 = FACE_OUTER_BOUND ( 'NONE', #988, .T. ) ;
#4994 = LENGTH_MEASURE_WITH_UNIT ( LENGTH_MEASURE( 0.02539999999999999897 ), #2464 );
#4995 = DIRECTION ( 'NONE',  ( -1.000000000000000000, -0.000000000000000000, 0.000000000000000000 ) ) ;
#4996 = CIRCLE ( 'NONE', #4547, 0.001968503937007879193 ) ;
#4997 = DIRECTION ( 'NONE',  ( -0.000000000000000000, 0.000000000000000000, 1.000000000000000000 ) ) ;
#4998 = SURFACE_SIDE_STYLE ('',( #2436 ) ) ;
#4999 = SHAPE_REPRESENTATION ( 'KCM55WR71H476MH13L', ( #2758, #5087, #3912, #1498, #2047, #4185, #3564, #2579, #4913 ), #3027 ) ;
#5000 = CARTESIAN_POINT ( 'NONE',  ( -0.007693262809885874701, 0.09805885430175426132, -0.2087093202141740433 ) ) ;
#5001 =( GEOMETRIC_REPRESENTATION_CONTEXT ( 3 ) GLOBAL_UNCERTAINTY_ASSIGNED_CONTEXT ( ( #1057 ) ) GLOBAL_UNIT_ASSIGNED_CONTEXT ( ( #4248, #5484, #5140 ) ) REPRESENTATION_CONTEXT ( 'NONE', 'WORKASPACE' ) );
#5002 = ADVANCED_FACE ( 'NONE', ( #5146 ), #1955, .T. ) ;
#5003 = ORIENTED_EDGE ( 'NONE', *, *, #1126, .F. ) ;
#5004 = ORIENTED_EDGE ( 'NONE', *, *, #506, .T. ) ;
#5005 = DIRECTION ( 'NONE',  ( 0.000000000000000000, 1.000000000000000000, 3.422365305298960131E-16 ) ) ;
#5006 = LINE ( 'NONE', #1153, #4695 ) ;
#5007 = SURFACE_SIDE_STYLE ('',( #4157 ) ) ;
#5008 = ADVANCED_FACE ( 'NONE', ( #188 ), #4642, .T. ) ;
#5009 =( NAMED_UNIT ( * ) SI_UNIT ( $, .STERADIAN. ) SOLID_ANGLE_UNIT ( ) );
#5010 = VECTOR ( 'NONE', #2940, 39.37007874015748143 ) ;
#5011 = ORIENTED_EDGE ( 'NONE', *, *, #5522, .F. ) ;
#5012 =( NAMED_UNIT ( * ) PLANE_ANGLE_UNIT ( ) SI_UNIT ( $, .RADIAN. ) );
#5013 = FILL_AREA_STYLE ('',( #1585 ) ) ;
#5014 =( GEOMETRIC_REPRESENTATION_CONTEXT ( 3 ) GLOBAL_UNCERTAINTY_ASSIGNED_CONTEXT ( ( #3959 ) ) GLOBAL_UNIT_ASSIGNED_CONTEXT ( ( #3955, #145, #3573 ) ) REPRESENTATION_CONTEXT ( 'NONE', 'WORKASPACE' ) );
#5015 =( GEOMETRIC_REPRESENTATION_CONTEXT ( 3 ) GLOBAL_UNCERTAINTY_ASSIGNED_CONTEXT ( ( #730 ) ) GLOBAL_UNIT_ASSIGNED_CONTEXT ( ( #1051, #1000, #2282 ) ) REPRESENTATION_CONTEXT ( 'NONE', 'WORKASPACE' ) );
#5016 = SURFACE_STYLE_FILL_AREA ( #1137 ) ;
#5017 = LINE ( 'NONE', #3775, #1860 ) ;
#5018 = VERTEX_POINT ( 'NONE', #1396 ) ;
#5019 = AXIS2_PLACEMENT_3D ( 'NONE', #5209, #1350, #3062 ) ;
#5020 = STYLED_ITEM ( 'NONE', ( #4973 ), #3155 ) ;
#5021 =( REPRESENTATION_RELATIONSHIP ('NONE','NONE', #4999, #806 ) REPRESENTATION_RELATIONSHIP_WITH_TRANSFORMATION ( #4675 )SHAPE_REPRESENTATION_RELATIONSHIP( ) );
#5022 = CARTESIAN_POINT ( 'NONE',  ( -0.004103405405830901943, 0.09825879931857862959, -0.06226850962283293073 ) ) ;
#5023 = CARTESIAN_POINT ( 'NONE',  ( -0.007874015748031535852, 0.09842519685039370636, 0.000000000000000000 ) ) ;
#5024 = MECHANICAL_DESIGN_GEOMETRIC_PRESENTATION_REPRESENTATION (  '', ( #4288 ), #1610 ) ;
#5025 = SURFACE_SIDE_STYLE ('',( #4249 ) ) ;
#5026 = LENGTH_MEASURE_WITH_UNIT ( LENGTH_MEASURE( 0.02539999999999999897 ), #321 );
#5027 = CARTESIAN_POINT ( 'NONE',  ( -0.007707618216216439132, 0.09825879931857862959, -0.2084950197910191150 ) ) ;
#5028 = FACE_OUTER_BOUND ( 'NONE', #893, .T. ) ;
#5029 =( NAMED_UNIT ( * ) SI_UNIT ( $, .STERADIAN. ) SOLID_ANGLE_UNIT ( ) );
#5030 = ORIENTED_EDGE ( 'NONE', *, *, #3400, .T. ) ;
#5031 = ORIENTED_EDGE ( 'NONE', *, *, #1893, .F. ) ;
#5032 = FACE_OUTER_BOUND ( 'NONE', #1302, .T. ) ;
#5033 = CARTESIAN_POINT ( 'NONE',  ( -0.003937007874015708946, -0.09354463915094013426, -0.06236735877856387084 ) ) ;
#5034 = FACE_OUTER_BOUND ( 'NONE', #2476, .T. ) ;
#5035 = UNCERTAINTY_MEASURE_WITH_UNIT (LENGTH_MEASURE( 1.000000000000000082E-05 ), #445, 'distance_accuracy_value', 'NONE');
#5036 = CARTESIAN_POINT ( 'NONE',  ( 0.009842519685039369942, -0.1715879256123697127, 0.001968503937007873988 ) ) ;
#5037 = CONTEXT_DEPENDENT_SHAPE_REPRESENTATION ( #332, #1002 ) ;
#5038 = ORIENTED_EDGE ( 'NONE', *, *, #5149, .F. ) ;
#5039 = SURFACE_STYLE_USAGE ( .BOTH. , #3743 ) ;
#5040 = EDGE_CURVE ( 'NONE', #151, #3265, #4628, .T. ) ;
#5041 = DIMENSIONAL_EXPONENTS ( 1.000000000000000000, 0.000000000000000000, 0.000000000000000000, 0.000000000000000000, 0.000000000000000000, 0.000000000000000000, 0.000000000000000000 ) ;
#5042 = CARTESIAN_POINT ( 'NONE',  ( -0.007480314960629960187, 0.09803149606299210728, -0.2082677165354326898 ) ) ;
#5043 = FILL_AREA_STYLE_COLOUR ( '', #1784 ) ;
#5044 = CARTESIAN_POINT ( 'NONE',  ( -0.004330708661417283743, -0.09354463915094014814, -0.06282860794204959964 ) ) ;
#5045 = ORIENTED_EDGE ( 'NONE', *, *, #5325, .F. ) ;
#5046 = STYLED_ITEM ( 'NONE', ( #958 ), #185 ) ;
#5047 = EDGE_CURVE ( 'NONE', #3265, #4651, #1209, .T. ) ;
#5048 = DIRECTION ( 'NONE',  ( -1.000000000000000000, -2.775557561562900029E-15, 0.000000000000000000 ) ) ;
#5049 = PRESENTATION_STYLE_ASSIGNMENT (( #418 ) ) ;
#5050 = DIRECTION ( 'NONE',  ( -0.000000000000000000, 0.000000000000000000, 1.000000000000000000 ) ) ;
#5051 = STYLED_ITEM ( 'NONE', ( #3087 ), #1435 ) ;
#5052 = MECHANICAL_DESIGN_GEOMETRIC_PRESENTATION_REPRESENTATION (  '', ( #2263 ), #1017 ) ;
#5053 = CARTESIAN_POINT ( 'NONE',  ( -0.002536870399171583905, -0.1618110236220472731, -0.2086614173228342473 ) ) ;
#5054 = CARTESIAN_POINT ( 'NONE',  ( -0.007838703401283999769, 0.09793344292070776946, -0.2083978841846175212 ) ) ;
#5055 =( NAMED_UNIT ( * ) SI_UNIT ( $, .STERADIAN. ) SOLID_ANGLE_UNIT ( ) );
#5056 = LINE ( 'NONE', #686, #327 ) ;
#5057 = CARTESIAN_POINT ( 'NONE',  ( -0.004010610600583952752, 0.09825879931857860183, -0.1464857025052486716 ) ) ;
#5058 = DIRECTION ( 'NONE',  ( 0.000000000000000000, 0.000000000000000000, -1.000000000000000000 ) ) ;
#5059 = PRESENTATION_LAYER_ASSIGNMENT (  '', '', ( #4705 ) ) ;
#5060 = ORIENTED_EDGE ( 'NONE', *, *, #2529, .T. ) ;
#5061 = CARTESIAN_POINT ( 'NONE',  ( -0.007710939542372789030, -0.1619972787659128555, -1.412168279180551191E-20 ) ) ;
#5062 = PRESENTATION_LAYER_ASSIGNMENT (  '', '', ( #4614 ) ) ;
#5063 = CARTESIAN_POINT ( 'NONE',  ( 0.03937007874015752834, -0.1649606299212598437, -0.0003937007874015748519 ) ) ;
#5064 = FILL_AREA_STYLE ('',( #2082 ) ) ;
#5065 = B_SPLINE_CURVE_WITH_KNOTS ( 'NONE', 3,
 ( #3701, #4376, #1836, #4409, #5260, #3643 ),
 .UNSPECIFIED., .F., .F.,
 ( 4, 2, 4 ),
 ( 0.000000000000000000, 0.5000000000000000000, 1.000000000000000000 ),
 .UNSPECIFIED. ) ;
#5066 = APPLICATION_PROTOCOL_DEFINITION ( 'draft international standard', 'automotive_design', 1998, #3189 ) ;
#5067 = VERTEX_POINT ( 'NONE', #4369 ) ;
#5068 = DIRECTION ( 'NONE',  ( 0.000000000000000000, 0.000000000000000000, 1.000000000000000000 ) ) ;
#5069 = CIRCLE ( 'NONE', #601, 0.0003937007874015748519 ) ;
#5070 = CARTESIAN_POINT ( 'NONE',  ( 0.03897637795275595007, -0.09744094488188977110, -0.0003937007874015748519 ) ) ;
#5071 = PRESENTATION_STYLE_ASSIGNMENT (( #779 ) ) ;
#5072 = CARTESIAN_POINT ( 'NONE',  ( 0.03897637795275595007, -0.1653543307086614567, 0.000000000000000000 ) ) ;
#5073 = DIRECTION ( 'NONE',  ( 1.000000000000000000, 0.000000000000000000, 0.000000000000000000 ) ) ;
#5074 = ORIENTED_EDGE ( 'NONE', *, *, #5404, .F. ) ;
#5075 = EDGE_CURVE ( 'NONE', #2997, #770, #1765, .T. ) ;
#5076 = MECHANICAL_DESIGN_GEOMETRIC_PRESENTATION_REPRESENTATION (  '', ( #254 ), #2475 ) ;
#5077 = DIRECTION ( 'NONE',  ( 1.000000000000000000, 0.000000000000000000, 0.000000000000000000 ) ) ;
#5078 = CYLINDRICAL_SURFACE ( 'NONE', #4603, 0.0003937007874015587515 ) ;
#5079 =( NAMED_UNIT ( * ) PLANE_ANGLE_UNIT ( ) SI_UNIT ( $, .RADIAN. ) );
#5080 = CIRCLE ( 'NONE', #258, 0.0003937007874015688888 ) ;
#5081 = MANIFOLD_SOLID_BREP ( 'Imported1', #2527 ) ;
#5082 = SURFACE_STYLE_FILL_AREA ( #2576 ) ;
#5083 = SURFACE_STYLE_USAGE ( .BOTH. , #1702 ) ;
#5084 = DIRECTION ( 'NONE',  ( -5.891513691996699874E-17, 1.000000000000000000, -0.000000000000000000 ) ) ;
#5085 = EDGE_CURVE ( 'NONE', #5186, #5226, #5080, .T. ) ;
#5086 = EDGE_CURVE ( 'NONE', #5342, #3506, #4634, .T. ) ;
#5087 = AXIS2_PLACEMENT_3D ( 'NONE', #2366, #3656, #4841 ) ;
#5088 = CYLINDRICAL_SURFACE ( 'NONE', #1703, 0.0003937007874015587515 ) ;
#5089 = CARTESIAN_POINT ( 'NONE',  ( -0.007118735147566789684, 0.09812635783286743907, -0.2089249375261752473 ) ) ;
#5090 = AXIS2_PLACEMENT_3D ( 'NONE', #2632, #2583, #80 ) ;
#5091 = CARTESIAN_POINT ( 'NONE',  ( -0.008076927435226406368, 0.09819669153186792732, -0.0005786670188958617034 ) ) ;
#5092 = CARTESIAN_POINT ( 'NONE',  ( 0.009842519685039369942, 0.03313648383644914736, 0.09645669291338586360 ) ) ;
#5093 = FILL_AREA_STYLE_COLOUR ( '', #512 ) ;
#5094 = VERTEX_POINT ( 'NONE', #2027 ) ;
#5095 =( NAMED_UNIT ( * ) PLANE_ANGLE_UNIT ( ) SI_UNIT ( $, .RADIAN. ) );
#5096 = LINE ( 'NONE', #827, #4602 ) ;
#5097 = FACE_OUTER_BOUND ( 'NONE', #4863, .T. ) ;
#5098 = PRESENTATION_LAYER_ASSIGNMENT (  '', '', ( #2943 ) ) ;
#5099 = LINE ( 'NONE', #4129, #804 ) ;
#5100 = APPLICATION_PROTOCOL_DEFINITION ( 'draft international standard', 'automotive_design', 1998, #59 ) ;
#5101 = ORIENTED_EDGE ( 'NONE', *, *, #2879, .T. ) ;
#5102 =( LENGTH_UNIT ( ) NAMED_UNIT ( * ) SI_UNIT ( $, .METRE. ) );
#5103 =( NAMED_UNIT ( * ) PLANE_ANGLE_UNIT ( ) SI_UNIT ( $, .RADIAN. ) );
#5104 = CARTESIAN_POINT ( 'NONE',  ( 0.06889763779527559306, 0.1043307086614173318, 0.001968503937007873988 ) ) ;
#5105 = MECHANICAL_DESIGN_GEOMETRIC_PRESENTATION_REPRESENTATION (  '', ( #1599 ), #4273 ) ;
#5106 = CARTESIAN_POINT ( 'NONE',  ( -0.03444881889763779653, -0.1023622047244094613, 0.09645669291338584972 ) ) ;
#5107 = ORIENTED_EDGE ( 'NONE', *, *, #1096, .T. ) ;
#5108 = STYLED_ITEM ( 'NONE', ( #367 ), #3829 ) ;
#5109 = SURFACE_STYLE_USAGE ( .BOTH. , #3519 ) ;
#5110 = AXIS2_PLACEMENT_3D ( 'NONE', #4617, #776, #1985 ) ;
#5111 = CARTESIAN_POINT ( 'NONE',  ( -0.004330708661417243845, -0.1586841557284826287, 0.000000000000000000 ) ) ;
#5112 = CARTESIAN_POINT ( 'NONE',  ( -0.004330708661417375684, 0.09803149606299213503, -0.2086614173228342195 ) ) ;
#5113 = EDGE_CURVE ( 'NONE', #1113, #165, #4914, .T. ) ;
#5114 = CARTESIAN_POINT ( 'NONE',  ( -0.004330708661417363541, 0.09820756440767716700, -0.1462680742662181566 ) ) ;
#5115 = PRESENTATION_STYLE_ASSIGNMENT (( #5525 ) ) ;
#5116 =( NAMED_UNIT ( * ) SI_UNIT ( $, .STERADIAN. ) SOLID_ANGLE_UNIT ( ) );
#5117 = SURFACE_STYLE_FILL_AREA ( #2975 ) ;
#5118 = STYLED_ITEM ( 'NONE', ( #1515 ), #4106 ) ;
#5119 = ORIENTED_EDGE ( 'NONE', *, *, #861, .F. ) ;
#5120 = COLOUR_RGB ( '',0.7490196078431372584, 0.7490196078431372584, 0.7490196078431372584 ) ;
#5121 = CARTESIAN_POINT ( 'NONE',  ( -0.002306245817428697817, -0.1614173228346456879, -0.2082677165354327176 ) ) ;
#5122 = FILL_AREA_STYLE_COLOUR ( '', #483 ) ;
#5123 = PRESENTATION_LAYER_ASSIGNMENT (  '', '', ( #2333 ) ) ;
#5124 = ADVANCED_FACE ( 'NONE', ( #622 ), #249, .T. ) ;
#5125 = DIRECTION ( 'NONE',  ( -0.4082482904638619070, 0.8164965809277240361, -0.4082482904638681243 ) ) ;
#5126 = CARTESIAN_POINT ( 'NONE',  ( -0.004010610600583967497, 0.09825879931857864347, -0.1464857025052486716 ) ) ;
#5127 = ORIENTED_EDGE ( 'NONE', *, *, #588, .F. ) ;
#5128 = CIRCLE ( 'NONE', #2691, 0.0003937007874015758277 ) ;
#5129 = DIMENSIONAL_EXPONENTS ( 1.000000000000000000, 0.000000000000000000, 0.000000000000000000, 0.000000000000000000, 0.000000000000000000, 0.000000000000000000, 0.000000000000000000 ) ;
#5130 = LINE ( 'NONE', #1744, #3334 ) ;
#5131 = CARTESIAN_POINT ( 'NONE',  ( 0.01097903596297171436, 0.03473697414061614058, 0.001295961685310206791 ) ) ;
#5132 = SURFACE_SIDE_STYLE ('',( #115 ) ) ;
#5133 = ORIENTED_EDGE ( 'NONE', *, *, #3961, .F. ) ;
#5134 = DIRECTION ( 'NONE',  ( 0.000000000000000000, 0.000000000000000000, -1.000000000000000000 ) ) ;
#5135 =( CONVERSION_BASED_UNIT ( 'INCH', #436 ) LENGTH_UNIT ( ) NAMED_UNIT ( #4239 ) );
#5136 = ORIENTED_EDGE ( 'NONE', *, *, #3961, .T. ) ;
#5137 = CYLINDRICAL_SURFACE ( 'NONE', #2998, 0.0003937007874015758277 ) ;
#5138 = FILL_AREA_STYLE_COLOUR ( '', #5238 ) ;
#5139 = CARTESIAN_POINT ( 'NONE',  ( 6.829619984160656814E-17, -0.1614173228346456879, -0.0001630762056587027771 ) ) ;
#5140 =( NAMED_UNIT ( * ) SI_UNIT ( $, .STERADIAN. ) SOLID_ANGLE_UNIT ( ) );
#5141 = AXIS2_PLACEMENT_3D ( 'NONE', #1347, #4343, #4773 ) ;
#5142 = PRODUCT_RELATED_PRODUCT_CATEGORY ( 'part', '', ( #3899 ) ) ;
#5143 = CARTESIAN_POINT ( 'NONE',  ( 0.06889763779527560694, -0.1023622047244094474, 0.09842519685039370636 ) ) ;
#5144 =( CONVERSION_BASED_UNIT ( 'INCH', #1710 ) LENGTH_UNIT ( ) NAMED_UNIT ( #1164 ) );
#5145 = SURFACE_STYLE_USAGE ( .BOTH. , #4607 ) ;
#5146 = FACE_OUTER_BOUND ( 'NONE', #5523, .T. ) ;
#5147 = ORIENTED_EDGE ( 'NONE', *, *, #757, .T. ) ;
#5148 =( GEOMETRIC_REPRESENTATION_CONTEXT ( 3 ) GLOBAL_UNCERTAINTY_ASSIGNED_CONTEXT ( ( #4837 ) ) GLOBAL_UNIT_ASSIGNED_CONTEXT ( ( #3652, #4954, #717 ) ) REPRESENTATION_CONTEXT ( 'NONE', 'WORKASPACE' ) );
#5149 = EDGE_CURVE ( 'NONE', #5317, #2124, #879, .T. ) ;
#5150 = SURFACE_STYLE_USAGE ( .BOTH. , #1269 ) ;
#5151 = MECHANICAL_DESIGN_GEOMETRIC_PRESENTATION_REPRESENTATION (  '', ( #4329 ), #4251 ) ;
#5152 = ADVANCED_FACE ( 'NONE', ( #347 ), #842, .T. ) ;
#5153 = STYLED_ITEM ( 'NONE', ( #4156 ), #1322 ) ;
#5154 = VERTEX_POINT ( 'NONE', #3389 ) ;
#5155 = CARTESIAN_POINT ( 'NONE',  ( -0.004330708661417362673, 0.09803149606299214891, -0.2082677165354326898 ) ) ;
#5156 = DIMENSIONAL_EXPONENTS ( 1.000000000000000000, 0.000000000000000000, 0.000000000000000000, 0.000000000000000000, 0.000000000000000000, 0.000000000000000000, 0.000000000000000000 ) ;
#5157 = CARTESIAN_POINT ( 'NONE',  ( 0.01097903596297166232, -0.1722604678640673459, 0.0003680136328408761533 ) ) ;
#5158 = DIRECTION ( 'NONE',  ( 0.5773502691896228445, -0.5773502691896315042, 0.5773502691896228445 ) ) ;
#5159 = CARTESIAN_POINT ( 'NONE',  ( 0.01093934804725367124, -0.1705276689459806205, 0.09930432977745053125 ) ) ;
#5160 = ORIENTED_EDGE ( 'NONE', *, *, #2947, .T. ) ;
#5161 = CIRCLE ( 'NONE', #2735, 0.0003937007874015587515 ) ;
#5162 =( NAMED_UNIT ( * ) PLANE_ANGLE_UNIT ( ) SI_UNIT ( $, .RADIAN. ) );
#5163 =( NAMED_UNIT ( * ) PLANE_ANGLE_UNIT ( ) SI_UNIT ( $, .RADIAN. ) );
#5164 = DIRECTION ( 'NONE',  ( 4.297971597196270222E-16, -1.000000000000000000, -4.991641978379239941E-16 ) ) ;
#5165 = FILL_AREA_STYLE_COLOUR ( '', #2299 ) ;
#5166 = MECHANICAL_DESIGN_GEOMETRIC_PRESENTATION_REPRESENTATION (  '', ( #2289 ), #1571 ) ;
#5167 = DIRECTION ( 'NONE',  ( -1.000000000000000000, 0.000000000000000000, 0.000000000000000000 ) ) ;
#5168 =( CONVERSION_BASED_UNIT ( 'INCH', #79 ) LENGTH_UNIT ( ) NAMED_UNIT ( #4826 ) );
#5169 = DIRECTION ( 'NONE',  ( 0.000000000000000000, 1.000000000000000000, 4.991641978379239941E-16 ) ) ;
#5170 = ORIENTED_EDGE ( 'NONE', *, *, #5287, .F. ) ;
#5171 = MECHANICAL_DESIGN_GEOMETRIC_PRESENTATION_REPRESENTATION (  '', ( #2843 ), #4354 ) ;
#5172 =( LENGTH_UNIT ( ) NAMED_UNIT ( * ) SI_UNIT ( $, .METRE. ) );
#5173 = CARTESIAN_POINT ( 'NONE',  ( -0.004200541012232487069, 0.09793344292070781110, -3.531234674750032470E-05 ) ) ;
#5174 = LENGTH_MEASURE_WITH_UNIT ( LENGTH_MEASURE( 0.02539999999999999897 ), #4754 );
#5175 =( GEOMETRIC_REPRESENTATION_CONTEXT ( 3 ) GLOBAL_UNCERTAINTY_ASSIGNED_CONTEXT ( ( #4810 ) ) GLOBAL_UNIT_ASSIGNED_CONTEXT ( ( #269, #3607, #237 ) ) REPRESENTATION_CONTEXT ( 'NONE', 'WORKASPACE' ) );
#5176 =( LENGTH_UNIT ( ) NAMED_UNIT ( * ) SI_UNIT ( $, .METRE. ) );
#5177 = EDGE_CURVE ( 'NONE', #165, #328, #1660, .T. ) ;
#5178 = ORIENTED_EDGE ( 'NONE', *, *, #1811, .T. ) ;
#5179 = CIRCLE ( 'NONE', #2212, 0.001968503937007864881 ) ;
#5180 = UNCERTAINTY_MEASURE_WITH_UNIT (LENGTH_MEASURE( 1.000000000000000082E-05 ), #815, 'distance_accuracy_value', 'NONE');
#5181 =( LENGTH_UNIT ( ) NAMED_UNIT ( * ) SI_UNIT ( $, .METRE. ) );
#5182 = ADVANCED_FACE ( 'NONE', ( #2075 ), #3003, .F. ) ;
#5183 = PRODUCT_DEFINITION_FORMATION_WITH_SPECIFIED_SOURCE ( 'ANY', '', #600, .NOT_KNOWN. ) ;
#5184 = EDGE_CURVE ( 'NONE', #5342, #1405, #45, .T. ) ;
#5185 = CARTESIAN_POINT ( 'NONE',  ( 0.01269015654910406882, -0.1705276689459805373, 0.09755352127560013020 ) ) ;
#5186 = VERTEX_POINT ( 'NONE', #3052 ) ;
#5187 = FACE_OUTER_BOUND ( 'NONE', #798, .T. ) ;
#5188 = PRESENTATION_LAYER_ASSIGNMENT (  '', '', ( #972 ) ) ;
#5189 = EDGE_CURVE ( 'NONE', #3160, #965, #867, .T. ) ;
#5190 = LINE ( 'NONE', #3051, #2143 ) ;
#5191 = CYLINDRICAL_SURFACE ( 'NONE', #1325, 0.0003937007874015587515 ) ;
#5192 = FACE_OUTER_BOUND ( 'NONE', #768, .T. ) ;
#5193 = DIMENSIONAL_EXPONENTS ( 1.000000000000000000, 0.000000000000000000, 0.000000000000000000, 0.000000000000000000, 0.000000000000000000, 0.000000000000000000, 0.000000000000000000 ) ;
#5194 = ORIENTED_EDGE ( 'NONE', *, *, #4461, .T. ) ;
#5195 = AXIS2_PLACEMENT_3D ( 'NONE', #3875, #4755, #65 ) ;
#5196 =( LENGTH_UNIT ( ) NAMED_UNIT ( * ) SI_UNIT ( $, .METRE. ) );
#5197 = DIRECTION ( 'NONE',  ( -0.000000000000000000, -0.000000000000000000, -1.000000000000000000 ) ) ;
#5198 = AXIS2_PLACEMENT_3D ( 'NONE', #1100, #227, #4475 ) ;
#5199 = CARTESIAN_POINT ( 'NONE',  ( 3.713344334590147283E-17, -0.1653543307086614012, -0.2082677165354329119 ) ) ;
#5200 = CARTESIAN_POINT ( 'NONE',  ( -0.004692288474480495880, 0.09868871705373459535, -0.1465253491857128887 ) ) ;
#5201 = ORIENTED_EDGE ( 'NONE', *, *, #3658, .T. ) ;
#5202 = CIRCLE ( 'NONE', #2779, 0.0003937007874015758277 ) ;
#5203 = CARTESIAN_POINT ( 'NONE',  ( -0.007874015748031539322, 0.09803149606299216279, -0.2082677165354328563 ) ) ;
#5204 = SURFACE_STYLE_USAGE ( .BOTH. , #3458 ) ;
#5205 = SURFACE_STYLE_FILL_AREA ( #2613 ) ;
#5206 = VECTOR ( 'NONE', #3330, 39.37007874015748143 ) ;
#5207 = PRODUCT_DEFINITION ( 'UNKNOWN', '', #5183, #1492 ) ;
#5208 = ORIENTED_EDGE ( 'NONE', *, *, #2217, .T. ) ;
#5209 = CARTESIAN_POINT ( 'NONE',  ( 0.009842519685039369942, 0.03313648383644914042, 0.001968503937007873988 ) ) ;
#5210 = DIRECTION ( 'NONE',  ( 0.000000000000000000, 1.000000000000000000, 0.000000000000000000 ) ) ;
#5211 = CARTESIAN_POINT ( 'NONE',  ( 0.01163446188830986709, -0.1722387638582941471, 0.09596642720196427168 ) ) ;
#5212 = ORIENTED_EDGE ( 'NONE', *, *, #5404, .T. ) ;
#5213 = ADVANCED_FACE ( 'NONE', ( #5192 ), #2625, .T. ) ;
#5214 =( NAMED_UNIT ( * ) SI_UNIT ( $, .STERADIAN. ) SOLID_ANGLE_UNIT ( ) );
#5215 =( NAMED_UNIT ( * ) PLANE_ANGLE_UNIT ( ) SI_UNIT ( $, .RADIAN. ) );
#5216 =( NAMED_UNIT ( * ) PLANE_ANGLE_UNIT ( ) SI_UNIT ( $, .RADIAN. ) );
#5217 = PRESENTATION_STYLE_ASSIGNMENT (( #4847 ) ) ;
#5218 =( NAMED_UNIT ( * ) SI_UNIT ( $, .STERADIAN. ) SOLID_ANGLE_UNIT ( ) );
#5219 = CIRCLE ( 'NONE', #5141, 0.0003937007874015747977 ) ;
#5220 = EDGE_CURVE ( 'NONE', #3048, #3945, #3634, .T. ) ;
#5221 =( LENGTH_UNIT ( ) NAMED_UNIT ( * ) SI_UNIT ( $, .METRE. ) );
#5222 = DIRECTION ( 'NONE',  ( -1.000000000000000000, 0.000000000000000000, 0.000000000000000000 ) ) ;
#5223 = SURFACE_STYLE_FILL_AREA ( #163 ) ;
#5224 = CARTESIAN_POINT ( 'NONE',  ( -0.003889104982676046436, 0.09824444391224811113, -0.0003663425486394975179 ) ) ;
#5225 = CARTESIAN_POINT ( 'NONE',  ( -0.004330708661417362673, 0.09803149606299216279, -0.1466202109555881927 ) ) ;
#5226 = VERTEX_POINT ( 'NONE', #947 ) ;
#5227 = DIMENSIONAL_EXPONENTS ( 1.000000000000000000, 0.000000000000000000, 0.000000000000000000, 0.000000000000000000, 0.000000000000000000, 0.000000000000000000, 0.000000000000000000 ) ;
#5228 = AXIS2_PLACEMENT_3D ( 'NONE', #4127, #772, #2390 ) ;
#5229 = CARTESIAN_POINT ( 'NONE',  ( 0.03900373619151802779, -0.1613694199433058918, -0.2084806643846890961 ) ) ;
#5230 = SURFACE_SIDE_STYLE ('',( #960 ) ) ;
#5231 = SURFACE_SIDE_STYLE ('',( #114 ) ) ;
#5232 = DIRECTION ( 'NONE',  ( 0.000000000000000000, 0.000000000000000000, 1.000000000000000000 ) ) ;
#5233 = VERTEX_POINT ( 'NONE', #4817 ) ;
#5234 = UNCERTAINTY_MEASURE_WITH_UNIT (LENGTH_MEASURE( 1.000000000000000082E-05 ), #3376, 'distance_accuracy_value', 'NONE');
#5235 = CARTESIAN_POINT ( 'NONE',  ( 0.009842519685039369942, -0.1213910752186689035, 0.001968503937007873988 ) ) ;
#5236 = DIRECTION ( 'NONE',  ( 4.625929269271489858E-16, -1.000000000000000000, 0.000000000000000000 ) ) ;
#5237 = CARTESIAN_POINT ( 'NONE',  ( 0.01144300998920644123, -0.1727244418903020606, 0.09712923516508349675 ) ) ;
#5238 = COLOUR_RGB ( '',0.8313725490196077761, 0.8313725490196077761, 0.8313725490196077761 ) ;
#5239 = ORIENTED_EDGE ( 'NONE', *, *, #3632, .T. ) ;
#5240 = MECHANICAL_DESIGN_GEOMETRIC_PRESENTATION_REPRESENTATION (  '', ( #4705 ), #1835 ) ;
#5241 = ORIENTED_EDGE ( 'NONE', *, *, #1785, .T. ) ;
#5242 =( GEOMETRIC_REPRESENTATION_CONTEXT ( 3 ) GLOBAL_UNCERTAINTY_ASSIGNED_CONTEXT ( ( #4383 ) ) GLOBAL_UNIT_ASSIGNED_CONTEXT ( ( #3183, #2342, #661 ) ) REPRESENTATION_CONTEXT ( 'NONE', 'WORKASPACE' ) );
#5243 = DIRECTION ( 'NONE',  ( 9.080193194566469453E-14, 0.000000000000000000, 1.000000000000000000 ) ) ;
#5244 = EDGE_CURVE ( 'NONE', #2997, #4280, #4346, .T. ) ;
#5245 = DIRECTION ( 'NONE',  ( 0.000000000000000000, 0.000000000000000000, 1.000000000000000000 ) ) ;
#5246 = PRESENTATION_STYLE_ASSIGNMENT (( #1850 ) ) ;
#5247 = VERTEX_POINT ( 'NONE', #3503 ) ;
#5248 = LINE ( 'NONE', #133, #116 ) ;
#5249 = CARTESIAN_POINT ( 'NONE',  ( -0.007480314960629972330, 0.09803149606299214891, -0.06204120636724645699 ) ) ;
#5250 = CARTESIAN_POINT ( 'NONE',  ( -0.007800413021463367506, 0.09816600451333166999, -0.06226850962283295848 ) ) ;
#5251 = LENGTH_MEASURE_WITH_UNIT ( LENGTH_MEASURE( 0.02539999999999999897 ), #563 );
#5252 = PLANE ( 'NONE',  #3903 ) ;
#5253 = SURFACE_SIDE_STYLE ('',( #952 ) ) ;
#5254 = EDGE_CURVE ( 'NONE', #139, #1720, #1942, .T. ) ;
#5255 = SURFACE_STYLE_FILL_AREA ( #1827 ) ;
#5256 = ORIENTED_EDGE ( 'NONE', *, *, #4730, .F. ) ;
#5257 = CARTESIAN_POINT ( 'NONE',  ( -0.004330708661417401704, 0.1942132644573594524, -0.06204120636724646393 ) ) ;
#5258 = CARTESIAN_POINT ( 'NONE',  ( -0.004103405405830894137, 0.09825879931857860183, -0.0001663975318151262109 ) ) ;
#5259 = COLOUR_RGB ( '',0.8313725490196077761, 0.8313725490196077761, 0.8313725490196077761 ) ;
#5260 = CARTESIAN_POINT ( 'NONE',  ( -0.001203840767851743418, -0.1618110236220473008, -0.2086614173228343583 ) ) ;
#5261 = CIRCLE ( 'NONE', #4903, 0.001968503937007879193 ) ;
#5262 = VERTEX_POINT ( 'NONE', #2231 ) ;
#5263 = CARTESIAN_POINT ( 'NONE',  ( 0.03954590532556897381, -0.1620230749553253635, -0.2084870822078759844 ) ) ;
#5264 = DIMENSIONAL_EXPONENTS ( 1.000000000000000000, 0.000000000000000000, 0.000000000000000000, 0.000000000000000000, 0.000000000000000000, 0.000000000000000000, 0.000000000000000000 ) ;
#5265 = CARTESIAN_POINT ( 'NONE',  ( 0.01066849702941842677, -0.1745709879853519775, 0.09553186175591439622 ) ) ;
#5266 = LENGTH_MEASURE_WITH_UNIT ( LENGTH_MEASURE( 0.02539999999999999897 ), #5181 );
#5267 = VECTOR ( 'NONE', #5050, 39.37007874015748143 ) ;
#5268 = UNCERTAINTY_MEASURE_WITH_UNIT (LENGTH_MEASURE( 1.000000000000000082E-05 ), #1712, 'distance_accuracy_value', 'NONE');
#5269 = DIRECTION ( 'NONE',  ( -1.000000000000000000, -2.775557561562900029E-15, -8.359095273366670188E-31 ) ) ;
#5270 = CARTESIAN_POINT ( 'NONE',  ( 0.000000000000000000, 0.000000000000000000, 0.000000000000000000 ) ) ;
#5271 = CIRCLE ( 'NONE', #3560, 0.0003937007874015758277 ) ;
#5272 = VERTEX_POINT ( 'NONE', #3026 ) ;
#5273 = CARTESIAN_POINT ( 'NONE',  ( -0.007645510429505700430, 0.09784652983149789984, -0.06263781884184291271 ) ) ;
#5274 = AXIS2_PLACEMENT_3D ( 'NONE', #4659, #2551, #3809 ) ;
#5275 = DIRECTION ( 'NONE',  ( 0.000000000000000000, 0.000000000000000000, -1.000000000000000000 ) ) ;
#5276 = ORIENTED_EDGE ( 'NONE', *, *, #656, .T. ) ;
#5277 =( REPRESENTATION_RELATIONSHIP ('NONE','NONE', #4999, #981 ) REPRESENTATION_RELATIONSHIP_WITH_TRANSFORMATION ( #2509 )SHAPE_REPRESENTATION_RELATIONSHIP( ) );
#5278 = DIRECTION ( 'NONE',  ( -1.000000000000000000, 0.000000000000000000, 0.000000000000000000 ) ) ;
#5279 = ADVANCED_FACE ( 'NONE', ( #4427 ), #1849, .T. ) ;
#5280 = CARTESIAN_POINT ( 'NONE',  ( 0.03929647601358939729, -0.1651879331768462966, -0.2084022249857725995 ) ) ;
#5281 = CARTESIAN_POINT ( 'NONE',  ( -0.007382261818345645793, 0.09838988450364623273, -0.06217137401643132999 ) ) ;
#5282 = CARTESIAN_POINT ( 'NONE',  ( -0.007874015748031457790, -0.1574803149606299191, -0.2082677165354331061 ) ) ;
#5283 = SURFACE_SIDE_STYLE ('',( #5223 ) ) ;
#5284 = CARTESIAN_POINT ( 'NONE',  ( -0.003889104982676095442, 0.09805885430175420581, -0.2084806643846885410 ) ) ;
#5285 =( GEOMETRIC_REPRESENTATION_CONTEXT ( 3 ) GLOBAL_UNCERTAINTY_ASSIGNED_CONTEXT ( ( #1557 ) ) GLOBAL_UNIT_ASSIGNED_CONTEXT ( ( #5135, #2196, #3904 ) ) REPRESENTATION_CONTEXT ( 'NONE', 'WORKASPACE' ) );
#5286 = ORIENTED_EDGE ( 'NONE', *, *, #1771, .F. ) ;
#5287 = EDGE_CURVE ( 'NONE', #1667, #5438, #4485, .T. ) ;
#5288 = FILL_AREA_STYLE_COLOUR ( '', #4286 ) ;
#5289 = PRESENTATION_LAYER_ASSIGNMENT (  '', '', ( #732 ) ) ;
#5290 = CARTESIAN_POINT ( 'NONE',  ( -0.007874015748031480341, -0.09354463915094014814, 0.000000000000000000 ) ) ;
#5291 =( NAMED_UNIT ( * ) SI_UNIT ( $, .STERADIAN. ) SOLID_ANGLE_UNIT ( ) );
#5292 =( GEOMETRIC_REPRESENTATION_CONTEXT ( 3 ) GLOBAL_UNCERTAINTY_ASSIGNED_CONTEXT ( ( #3635 ) ) GLOBAL_UNIT_ASSIGNED_CONTEXT ( ( #4739, #5163, #417 ) ) REPRESENTATION_CONTEXT ( 'NONE', 'WORKASPACE' ) );
#5293 = EDGE_CURVE ( 'NONE', #4111, #3679, #873, .T. ) ;
#5294 = ORIENTED_EDGE ( 'NONE', *, *, #540, .F. ) ;
#5295 = CARTESIAN_POINT ( 'NONE',  ( -0.007707618216216446071, 0.09825879931857853244, -0.2084950197910191427 ) ) ;
#5296 = FILL_AREA_STYLE ('',( #3597 ) ) ;
#5297 = AXIS2_PLACEMENT_3D ( 'NONE', #4008, #4947, #222 ) ;
#5298 = CARTESIAN_POINT ( 'NONE',  ( -0.007847676381474303145, 0.09804869578346640802, -0.1464279303849289060 ) ) ;
#5299 = CIRCLE ( 'NONE', #4842, 0.0003937007874015733882 ) ;
#5300 = ORIENTED_EDGE ( 'NONE', *, *, #3625, .F. ) ;
#5301 = CARTESIAN_POINT ( 'NONE',  ( -0.007707618216216444336, 0.09825879931857857408, -0.06226850962283292379 ) ) ;
#5302 = CARTESIAN_POINT ( 'NONE',  ( 0.01051506193673706034, 0.03427300011438150218, 0.09805718321755287070 ) ) ;
#5303 = FILL_AREA_STYLE_COLOUR ( '', #4640 ) ;
#5304 = DIMENSIONAL_EXPONENTS ( 1.000000000000000000, 0.000000000000000000, 0.000000000000000000, 0.000000000000000000, 0.000000000000000000, 0.000000000000000000, 0.000000000000000000 ) ;
#5305 = CARTESIAN_POINT ( 'NONE',  ( -0.007707618216216443469, 0.09825879931857864347, -0.1463929077000017120 ) ) ;
#5306 = ORIENTED_EDGE ( 'NONE', *, *, #5184, .T. ) ;
#5307 = CARTESIAN_POINT ( 'NONE',  ( 0.03920368120834241688, -0.1651879331768463244, -0.2084950197910195591 ) ) ;
#5308 = SURFACE_SIDE_STYLE ('',( #3915 ) ) ;
#5309 = DIRECTION ( 'NONE',  ( -1.000000000000000000, 0.000000000000000000, 0.000000000000000000 ) ) ;
#5310 = SURFACE_STYLE_USAGE ( .BOTH. , #3541 ) ;
#5311 = ORIENTED_EDGE ( 'NONE', *, *, #718, .F. ) ;
#5312 = FILL_AREA_STYLE ('',( #4827 ) ) ;
#5313 =( GEOMETRIC_REPRESENTATION_CONTEXT ( 3 ) GLOBAL_UNCERTAINTY_ASSIGNED_CONTEXT ( ( #3830 ) ) GLOBAL_UNIT_ASSIGNED_CONTEXT ( ( #3433, #1654, #2609 ) ) REPRESENTATION_CONTEXT ( 'NONE', 'WORKASPACE' ) );
#5314 =( NAMED_UNIT ( * ) PLANE_ANGLE_UNIT ( ) SI_UNIT ( $, .RADIAN. ) );
#5315 = EDGE_CURVE ( 'NONE', #2245, #4814, #2374, .T. ) ;
#5316 = VECTOR ( 'NONE', #1589, 39.37007874015748143 ) ;
#5317 = VERTEX_POINT ( 'NONE', #3164 ) ;
#5318 = LENGTH_MEASURE_WITH_UNIT ( LENGTH_MEASURE( 0.02539999999999999897 ), #3711 );
#5319 = CARTESIAN_POINT ( 'NONE',  ( -0.008102230072062963431, 0.09819696959148646598, -0.2078708308430599061 ) ) ;
#5320 = MECHANICAL_DESIGN_GEOMETRIC_PRESENTATION_REPRESENTATION (  '', ( #4598 ), #839 ) ;
#5321 = FACE_OUTER_BOUND ( 'NONE', #715, .T. ) ;
#5322 = DIRECTION ( 'NONE',  ( 1.000000000000000000, 0.000000000000000000, 0.000000000000000000 ) ) ;
#5323 = PRODUCT_DEFINITION_CONTEXT ( 'detailed design', #59, 'design' ) ;
#5324 = DIRECTION ( 'NONE',  ( 2.710505431213753985E-15, -1.000000000000000000, 0.000000000000000000 ) ) ;
#5325 = EDGE_CURVE ( 'NONE', #4280, #4651, #3664, .T. ) ;
#5326 = PRESENTATION_LAYER_ASSIGNMENT (  '', '', ( #2263 ) ) ;
#5327 = ORIENTED_EDGE ( 'NONE', *, *, #3543, .F. ) ;
#5328 = COLOUR_RGB ( '',0.6274509803921568540, 0.3137254901960784270, 0.000000000000000000 ) ;
#5329 = CARTESIAN_POINT ( 'NONE',  ( -0.007847676381474303145, 0.09804869578346639414, -0.06223348693790579922 ) ) ;
#5330 = CYLINDRICAL_SURFACE ( 'NONE', #3537, 0.0003937007874015748519 ) ;
#5331 = MECHANICAL_DESIGN_GEOMETRIC_PRESENTATION_REPRESENTATION (  '', ( #760 ), #402 ) ;
#5332 =( CONVERSION_BASED_UNIT ( 'INCH', #1963 ) LENGTH_UNIT ( ) NAMED_UNIT ( #5041 ) );
#5333 = FACE_OUTER_BOUND ( 'NONE', #5417, .T. ) ;
#5334 = VERTEX_POINT ( 'NONE', #2830 ) ;
#5335 = PRESENTATION_LAYER_ASSIGNMENT (  '', '', ( #1555 ) ) ;
#5336 =( LENGTH_UNIT ( ) NAMED_UNIT ( * ) SI_UNIT ( $, .METRE. ) );
#5337 = DIRECTION ( 'NONE',  ( 0.000000000000000000, 1.000000000000000000, 0.000000000000000000 ) ) ;
#5338 = CARTESIAN_POINT ( 'NONE',  ( -0.004516963805282821903, -0.1651912545030025103, -0.2086614173228342473 ) ) ;
#5339 = CARTESIAN_POINT ( 'NONE',  ( -0.007480314960629961055, 0.09803149606299214891, -0.1466202109555881927 ) ) ;
#5340 =( NAMED_UNIT ( * ) SI_UNIT ( $, .STERADIAN. ) SOLID_ANGLE_UNIT ( ) );
#5341 = DIRECTION ( 'NONE',  ( 0.5773502691896239547, 0.5773502691896158501, -0.5773502691896374994 ) ) ;
#5342 = VERTEX_POINT ( 'NONE', #4456 ) ;
#5343 = CARTESIAN_POINT ( 'NONE',  ( 0.03897637795275595007, -0.1649606299212598437, -0.0003937007874015748519 ) ) ;
#5344 = DIRECTION ( 'NONE',  ( 0.000000000000000000, 0.000000000000000000, 1.000000000000000000 ) ) ;
#5345 = FILL_AREA_STYLE_COLOUR ( '', #333 ) ;
#5346 = COLOUR_RGB ( '',0.8313725490196077761, 0.8313725490196077761, 0.8313725490196077761 ) ;
#5347 = VERTEX_POINT ( 'NONE', #5361 ) ;
#5348 =( BOUNDED_CURVE ( )  B_SPLINE_CURVE ( 3, ( #2535, #3009, #381, #4233 ),
 .UNSPECIFIED., .F., .T. ) 
 B_SPLINE_CURVE_WITH_KNOTS ( ( 4, 4 ),
 ( 0.000000000000000000, 1.000000000000000000 ),
 .UNSPECIFIED. ) 
 CURVE ( )  GEOMETRIC_REPRESENTATION_ITEM ( )  RATIONAL_B_SPLINE_CURVE ( ( 1.000000000000000000, 0.8047378541243649375, 0.8047378541243649375, 1.000000000000000000 ) ) 
 REPRESENTATION_ITEM ( '' )  );
#5349 = ORIENTED_EDGE ( 'NONE', *, *, #4301, .T. ) ;
#5350 = CARTESIAN_POINT ( 'NONE',  ( -0.007721973622546938511, 0.09845874433540292847, -0.2082807193678641311 ) ) ;
#5351 = ADVANCED_FACE ( 'NONE', ( #4110 ), #3690, .T. ) ;
#5352 = COLOUR_RGB ( '',0.8313725490196077761, 0.8313725490196077761, 0.8313725490196077761 ) ;
#5353 = SURFACE_SIDE_STYLE ('',( #2250 ) ) ;
#5354 = CARTESIAN_POINT ( 'NONE',  ( 0.03897637795275597783, -0.1618110236220472731, -0.0003937007874015929039 ) ) ;
#5355 = CARTESIAN_POINT ( 'NONE',  ( 3.907253919011313943E-17, -0.1653543307086614012, -0.0003937007874015748519 ) ) ;
#5356 = DIRECTION ( 'NONE',  ( -7.395570986447019613E-32, -9.972401800951160715E-32, 1.000000000000000000 ) ) ;
#5357 = AXIS2_PLACEMENT_3D ( 'NONE', #1307, #3473, #5245 ) ;
#5358 = ORIENTED_EDGE ( 'NONE', *, *, #4067, .F. ) ;
#5359 = CARTESIAN_POINT ( 'NONE',  ( -0.007800413021463356231, 0.09816600451333166999, -0.06226850962283294461 ) ) ;
#5360 = EDGE_CURVE ( 'NONE', #653, #1376, #1031, .T. ) ;
#5361 = CARTESIAN_POINT ( 'NONE',  ( -0.004330708661417317570, 0.09803149606299214891, 0.000000000000000000 ) ) ;
#5362 = ORIENTED_EDGE ( 'NONE', *, *, #2630, .T. ) ;
#5363 = VECTOR ( 'NONE', #4428, 39.37007874015748143 ) ;
#5364 = LENGTH_MEASURE_WITH_UNIT ( LENGTH_MEASURE( 0.02539999999999999897 ), #1036 );
#5365 =( BOUNDED_SURFACE ( )  B_SPLINE_SURFACE ( 3, 3, ( 
 ( #2570, #3524, #3469, #915 ),
 ( #5237, #1301, #122, #2620 ),
 ( #523, #5185, #5159, #2225 ),
 ( #5211, #461, #3881, #3097 ) ),
 .UNSPECIFIED., .F., .F., .F. ) 
 B_SPLINE_SURFACE_WITH_KNOTS ( ( 4, 4 ),
 ( 4, 4 ),
 ( 0.000000000000000000, 1.000000000000000000 ),
 ( 0.000000000000000000, 1.000000000000000000 ),
 .UNSPECIFIED. ) 
 GEOMETRIC_REPRESENTATION_ITEM ( )  RATIONAL_B_SPLINE_SURFACE ( (
 ( 1.000000000000000000, 0.3333333333333318715, 0.3333333333333318715, 1.000000000000000000),
 ( 0.9245018060306311458, 0.3081672686768757163, 0.3081672686768757163, 0.9245018060306311458),
 ( 0.9245018060306311458, 0.3081672686768757163, 0.3081672686768757163, 0.9245018060306311458),
 ( 1.000000000000000000, 0.3333333333333318715, 0.3333333333333318715, 1.000000000000000000) ) ) 
 REPRESENTATION_ITEM ( '' )  SURFACE ( )  );
#5366 = CARTESIAN_POINT ( 'NONE',  ( 0.06889763779527559306, 0.1023622047244094613, 0.09645669291338584972 ) ) ;
#5367 =( NAMED_UNIT ( * ) SI_UNIT ( $, .STERADIAN. ) SOLID_ANGLE_UNIT ( ) );
#5368 = DIRECTION ( 'NONE',  ( 0.5773502691896257311, -0.5773502691895824324, -0.5773502691896691408 ) ) ;
#5369 = DIRECTION ( 'NONE',  ( 1.000000000000000000, 0.000000000000000000, 0.000000000000000000 ) ) ;
#5370 = LINE ( 'NONE', #5072, #1966 ) ;
#5371 = CARTESIAN_POINT ( 'NONE',  ( 0.03887832481047148042, -0.1650907975704447306, -0.2086261049760871900 ) ) ;
#5372 = FILL_AREA_STYLE_COLOUR ( '', #1889 ) ;
#5373 = VERTEX_POINT ( 'NONE', #1879 ) ;
#5374 = AXIS2_PLACEMENT_3D ( 'NONE', #2598, #3102, #1306 ) ;
#5375 = DIRECTION ( 'NONE',  ( -0.5773502691896547079, 0.5773502691896547079, -0.5773502691895678884 ) ) ;
#5376 = PRESENTATION_STYLE_ASSIGNMENT (( #5434 ) ) ;
#5377 = FILL_AREA_STYLE ('',( #3315 ) ) ;
#5378 = SURFACE_STYLE_FILL_AREA ( #5437 ) ;
#5379 = ORIENTED_EDGE ( 'NONE', *, *, #2402, .T. ) ;
#5380 = STYLED_ITEM ( 'NONE', ( #3821 ), #3053 ) ;
#5381 = DIRECTION ( 'NONE',  ( 1.000000000000000000, 0.000000000000000000, 0.000000000000000000 ) ) ;
#5382 = PRESENTATION_STYLE_ASSIGNMENT (( #1489 ) ) ;
#5383 = FACE_OUTER_BOUND ( 'NONE', #3105, .T. ) ;
#5384 = UNCERTAINTY_MEASURE_WITH_UNIT (LENGTH_MEASURE( 1.000000000000000082E-05 ), #4741, 'distance_accuracy_value', 'NONE');
#5385 = COLOUR_RGB ( '',0.7490196078431372584, 0.7490196078431372584, 0.7490196078431372584 ) ;
#5386 = DIRECTION ( 'NONE',  ( 0.000000000000000000, 0.000000000000000000, -1.000000000000000000 ) ) ;
#5387 = MECHANICAL_DESIGN_GEOMETRIC_PRESENTATION_REPRESENTATION (  '', ( #447 ), #3756 ) ;
#5388 = DIRECTION ( 'NONE',  ( -1.245530905419400051E-16, 2.624523680837520194E-31, -1.000000000000000000 ) ) ;
#5389 = ORIENTED_EDGE ( 'NONE', *, *, #1668, .F. ) ;
#5390 = CIRCLE ( 'NONE', #2328, 0.0003937007874015542521 ) ;
#5391 = MECHANICAL_DESIGN_GEOMETRIC_PRESENTATION_REPRESENTATION (  '', ( #3233 ), #813 ) ;
#5392 = LINE ( 'NONE', #311, #1373 ) ;
#5393 = FACE_OUTER_BOUND ( 'NONE', #2621, .T. ) ;
#5394 = FILL_AREA_STYLE ('',( #4024 ) ) ;
#5395 = UNCERTAINTY_MEASURE_WITH_UNIT (LENGTH_MEASURE( 1.000000000000000082E-05 ), #1938, 'distance_accuracy_value', 'NONE');
#5396 = ORIENTED_EDGE ( 'NONE', *, *, #31, .T. ) ;
#5397 = ADVANCED_FACE ( 'NONE', ( #5333 ), #3581, .T. ) ;
#5398 = CARTESIAN_POINT ( 'NONE',  ( 0.03920368120834241688, -0.1615837203664608479, -0.2084950197910196701 ) ) ;
#5399 = CARTESIAN_POINT ( 'NONE',  ( 0.01097903596297169528, 0.03427300011438149524, 0.0008319876590755451856 ) ) ;
#5400 = FILL_AREA_STYLE_COLOUR ( '', #2039 ) ;
#5401 = LENGTH_MEASURE_WITH_UNIT ( LENGTH_MEASURE( 0.02539999999999999897 ), #2434 );
#5402 = FILL_AREA_STYLE_COLOUR ( '', #2652 ) ;
#5403 =( NAMED_UNIT ( * ) SI_UNIT ( $, .STERADIAN. ) SOLID_ANGLE_UNIT ( ) );
#5404 = EDGE_CURVE ( 'NONE', #4899, #2184, #729, .T. ) ;
#5405 = VERTEX_POINT ( 'NONE', #4164 ) ;
#5406 = CARTESIAN_POINT ( 'NONE',  ( -0.03543307086614173873, 0.03510498777345701094, 0.000000000000000000 ) ) ;
#5407 = CARTESIAN_POINT ( 'NONE',  ( -0.007707618216216326375, 0.09825879931857868510, -0.2084950197910191150 ) ) ;
#5408 =( NAMED_UNIT ( * ) SI_UNIT ( $, .STERADIAN. ) SOLID_ANGLE_UNIT ( ) );
#5409 = CARTESIAN_POINT ( 'NONE',  ( -0.007707618216216451275, 0.09835159412382554756, -0.0002591923370620466708 ) ) ;
#5410 = ORIENTED_EDGE ( 'NONE', *, *, #4593, .T. ) ;
#5411 = ORIENTED_EDGE ( 'NONE', *, *, #4147, .T. ) ;
#5412 = CARTESIAN_POINT ( 'NONE',  ( -0.004100084079674419339, -0.09298786215787990805, -0.06243490715464801444 ) ) ;
#5413 = SURFACE_STYLE_FILL_AREA ( #3713 ) ;
#5414 = CARTESIAN_POINT ( 'NONE',  ( -0.007838703401284050076, 0.09793344292070781110, -0.1464900433064033058 ) ) ;
#5415 = DIRECTION ( 'NONE',  ( -0.8164965809277273667, -0.4082482904638601862, -0.4082482904638631838 ) ) ;
#5416 = SHAPE_REPRESENTATION_RELATIONSHIP ( 'NONE' , 'NONE' ,  #806, #3367 ) ;
#5417 = EDGE_LOOP ( 'NONE', ( #8, #1420, #2191, #4610 ) ) ;
#5418 =( GEOMETRIC_REPRESENTATION_CONTEXT ( 3 ) GLOBAL_UNCERTAINTY_ASSIGNED_CONTEXT ( ( #1409 ) ) GLOBAL_UNIT_ASSIGNED_CONTEXT ( ( #2401, #5012, #4985 ) ) REPRESENTATION_CONTEXT ( 'NONE', 'WORKASPACE' ) );
#5419 =( CONVERSION_BASED_UNIT ( 'INCH', #3661 ) LENGTH_UNIT ( ) NAMED_UNIT ( #5264 ) );
#5420 =( CONVERSION_BASED_UNIT ( 'INCH', #2799 ) LENGTH_UNIT ( ) NAMED_UNIT ( #3390 ) );
#5421 = CARTESIAN_POINT ( 'NONE',  ( -2.185478394931409404E-17, 6.556435184794213728E-17, 0.09842519685039370636 ) ) ;
#5422 = VECTOR ( 'NONE', #2727, 39.37007874015748143 ) ;
#5423 = ORIENTED_EDGE ( 'NONE', *, *, #4639, .T. ) ;
#5424 = CARTESIAN_POINT ( 'NONE',  ( -0.02362204724409444970, -0.1715879256123697127, 0.09645669291338584972 ) ) ;
#5425 = MECHANICAL_DESIGN_GEOMETRIC_PRESENTATION_REPRESENTATION (  '', ( #3444 ), #2723 ) ;
#5426 = CARTESIAN_POINT ( 'NONE',  ( -0.003708793549984439660, 0.09763461037061939296, -0.06220667989574092671 ) ) ;
#5427 = EDGE_CURVE ( 'NONE', #3022, #2819, #781, .T. ) ;
#5428 = SURFACE_SIDE_STYLE ('',( #1969 ) ) ;
#5429 = CIRCLE ( 'NONE', #3351, 0.0003937007874015748519 ) ;
#5430 = CARTESIAN_POINT ( 'NONE',  ( 0.009842519685039448005, -0.1715879256123697405, 0.09645669291338587747 ) ) ;
#5431 =( NAMED_UNIT ( * ) SI_UNIT ( $, .STERADIAN. ) SOLID_ANGLE_UNIT ( ) );
#5432 = STYLED_ITEM ( 'NONE', ( #719 ), #1340 ) ;
#5433 = COLOUR_RGB ( '',0.7490196078431372584, 0.7490196078431372584, 0.7490196078431372584 ) ;
#5434 = SURFACE_STYLE_USAGE ( .BOTH. , #2029 ) ;
#5435 = EDGE_CURVE ( 'NONE', #1741, #1191, #3356, .T. ) ;
#5436 = EDGE_CURVE ( 'NONE', #886, #4872, #263, .T. ) ;
#5437 = FILL_AREA_STYLE ('',( #5345 ) ) ;
#5438 = VERTEX_POINT ( 'NONE', #1247 ) ;
#5439 = EDGE_LOOP ( 'NONE', ( #1414, #1948, #4459, #2405 ) ) ;
#5440 = CARTESIAN_POINT ( 'NONE',  ( -0.004330708661417362673, 0.09803149606299214891, 0.000000000000000000 ) ) ;
#5441 = CARTESIAN_POINT ( 'NONE',  ( -0.004330708661417283743, -0.09315093836353859069, -0.06282860794204959964 ) ) ;
#5442 = UNCERTAINTY_MEASURE_WITH_UNIT (LENGTH_MEASURE( 1.000000000000000082E-05 ), #1128, 'distance_accuracy_value', 'NONE');
#5443 = CARTESIAN_POINT ( 'NONE',  ( -0.007874015748031539322, 0.09803149606299214891, -0.1466202109555881650 ) ) ;
#5444 = ORIENTED_EDGE ( 'NONE', *, *, #2248, .F. ) ;
#5445 = DIRECTION ( 'NONE',  ( 3.106967419659950017E-16, -1.000000000000000000, -4.991641978379239941E-16 ) ) ;
#5446 = DIRECTION ( 'NONE',  ( -1.000000000000000000, -2.775557561562900029E-15, -1.321694076934709909E-16 ) ) ;
#5447 = DIRECTION ( 'NONE',  ( 1.000000000000000000, 3.330669073875470114E-16, 0.000000000000000000 ) ) ;
#5448 = STYLED_ITEM ( 'NONE', ( #5049 ), #5182 ) ;
#5449 = UNCERTAINTY_MEASURE_WITH_UNIT (LENGTH_MEASURE( 1.000000000000000082E-05 ), #4146, 'distance_accuracy_value', 'NONE');
#5450 = EDGE_LOOP ( 'NONE', ( #5194, #2831, #124, #1713, #131 ) ) ;
#5451 = CIRCLE ( 'NONE', #3642, 0.0003937007874015719788 ) ;
#5452 = CARTESIAN_POINT ( 'NONE',  ( 0.03897637795275595007, -0.1618110236220472731, -0.0003937007874015748519 ) ) ;
#5453 = COLOUR_RGB ( '',0.7490196078431372584, 0.7490196078431372584, 0.7490196078431372584 ) ;
#5454 = DIRECTION ( 'NONE',  ( -1.000000000000000000, 4.625929269271489858E-16, -1.321694076934689941E-16 ) ) ;
#5455 = CARTESIAN_POINT ( 'NONE',  ( -0.007707618216216438264, 0.09825879931857862959, -0.2084950197910191150 ) ) ;
#5456 =( GEOMETRIC_REPRESENTATION_CONTEXT ( 3 ) GLOBAL_UNCERTAINTY_ASSIGNED_CONTEXT ( ( #2404 ) ) GLOBAL_UNIT_ASSIGNED_CONTEXT ( ( #2925, #375, #1764 ) ) REPRESENTATION_CONTEXT ( 'NONE', 'WORKASPACE' ) );
#5457 = SURFACE_STYLE_USAGE ( .BOTH. , #790 ) ;
#5458 = CARTESIAN_POINT ( 'NONE',  ( 0.03937007874015750059, -0.1618110236220472731, -0.2082677165354329119 ) ) ;
#5459 = EDGE_CURVE ( 'NONE', #2857, #165, #5017, .T. ) ;
#5460 = AXIS2_PLACEMENT_3D ( 'NONE', #1564, #1066, #3698 ) ;
#5461 = CARTESIAN_POINT ( 'NONE',  ( -0.004330708661417322775, 0.09803149606299216279, -0.06243490715464805607 ) ) ;
#5462 = CARTESIAN_POINT ( 'NONE',  ( -0.007480314960629970596, 0.09803149606299216279, 0.000000000000000000 ) ) ;
#5463 = CARTESIAN_POINT ( 'NONE',  ( -0.007083429268257197299, 0.09819696959148670190, 0.0002282143240313346086 ) ) ;
#5464 = AXIS2_PLACEMENT_3D ( 'NONE', #556, #5164, #5243 ) ;
#5465 = ORIENTED_EDGE ( 'NONE', *, *, #3500, .T. ) ;
#5466 = EDGE_CURVE ( 'NONE', #3475, #1297, #2970, .T. ) ;
#5467 = DIRECTION ( 'NONE',  ( 1.000000000000000000, 1.586032892321650017E-16, 0.000000000000000000 ) ) ;
#5468 = CARTESIAN_POINT ( 'NONE',  ( -0.004100084079674419339, -0.09275723757613700549, -0.06243490715464802138 ) ) ;
#5469 =( BOUNDED_SURFACE ( )  B_SPLINE_SURFACE ( 3, 3, ( 
 ( #3194, #4878, #615, #5305 ),
 ( #1448, #1471, #1032, #2742 ),
 ( #2321, #4025, #4905, #3165 ),
 ( #4457, #213, #3608, #3784 ) ),
 .UNSPECIFIED., .F., .F., .F. ) 
 B_SPLINE_SURFACE_WITH_KNOTS ( ( 4, 4 ),
 ( 4, 4 ),
 ( 0.000000000000000000, 1.000000000000000000 ),
 ( 0.000000000000000000, 1.000000000000000000 ),
 .UNSPECIFIED. ) 
 GEOMETRIC_REPRESENTATION_ITEM ( )  RATIONAL_B_SPLINE_SURFACE ( (
 ( 1.000000000000000000, 0.3333333333333269866, 0.3333333333333269866, 1.000000000000000000),
 ( 0.9245018060306176011, 0.3081672686768666680, 0.3081672686768666680, 0.9245018060306176011),
 ( 0.9245018060306176011, 0.3081672686768666680, 0.3081672686768666680, 0.9245018060306176011),
 ( 1.000000000000000000, 0.3333333333333269866, 0.3333333333333269866, 1.000000000000000000) ) ) 
 REPRESENTATION_ITEM ( '' )  SURFACE ( )  );
#5470 =( NAMED_UNIT ( * ) PLANE_ANGLE_UNIT ( ) SI_UNIT ( $, .RADIAN. ) );
#5471 = ITEM_DEFINED_TRANSFORMATION ( 'NONE', 'NONE', #3564,  #1220 ) ;
#5472 = AXIS2_PLACEMENT_3D ( 'NONE', #312, #4562, #3305 ) ;
#5473 = FACE_OUTER_BOUND ( 'NONE', #3869, .T. ) ;
#5474 = AXIS2_PLACEMENT_3D ( 'NONE', #1804, #912, #1406 ) ;
#5475 = CIRCLE ( 'NONE', #3042, 0.001968503937007875723 ) ;
#5476 = DIRECTION ( 'NONE',  ( -1.000000000000000000, 0.000000000000000000, 2.710505431213761085E-15 ) ) ;
#5477 = ORIENTED_EDGE ( 'NONE', *, *, #4414, .F. ) ;
#5478 = VECTOR ( 'NONE', #3120, 39.37007874015748143 ) ;
#5479 = PRESENTATION_STYLE_ASSIGNMENT (( #2431 ) ) ;
#5480 = SURFACE_STYLE_USAGE ( .BOTH. , #3806 ) ;
#5481 = DIRECTION ( 'NONE',  ( 1.000000000000000000, 4.297971597196270222E-16, 0.000000000000000000 ) ) ;
#5482 = FILL_AREA_STYLE_COLOUR ( '', #1519 ) ;
#5483 =( CONVERSION_BASED_UNIT ( 'INCH', #4994 ) LENGTH_UNIT ( ) NAMED_UNIT ( #4351 ) );
#5484 =( NAMED_UNIT ( * ) PLANE_ANGLE_UNIT ( ) SI_UNIT ( $, .RADIAN. ) );
#5485 = DIMENSIONAL_EXPONENTS ( 1.000000000000000000, 0.000000000000000000, 0.000000000000000000, 0.000000000000000000, 0.000000000000000000, 0.000000000000000000, 0.000000000000000000 ) ;
#5486 = PLANE ( 'NONE',  #271 ) ;
#5487 = DIRECTION ( 'NONE',  ( -0.000000000000000000, -0.000000000000000000, -1.000000000000000000 ) ) ;
#5488 = CARTESIAN_POINT ( 'NONE',  ( -0.004103405405830875055, 0.09825879931857864347, -0.06226850962283295154 ) ) ;
#5489 = CARTESIAN_POINT ( 'NONE',  ( 0.01574803149606299191, -0.03346456692913390291, -0.2086614173228342750 ) ) ;
#5490 = ORIENTED_EDGE ( 'NONE', *, *, #831, .T. ) ;
#5491 = SURFACE_STYLE_USAGE ( .BOTH. , #2534 ) ;
#5492 = FILL_AREA_STYLE ('',( #3682 ) ) ;
#5493 = ADVANCED_FACE ( 'NONE', ( #1636 ), #5365, .T. ) ;
#5494 = LINE ( 'NONE', #2849, #2679 ) ;
#5495 = ORIENTED_EDGE ( 'NONE', *, *, #3632, .F. ) ;
#5496 = CARTESIAN_POINT ( 'NONE',  ( -0.03543307086614169710, -0.1735564295493775833, 0.001968503937007873988 ) ) ;
#5497 = CARTESIAN_POINT ( 'NONE',  ( -0.003937007874015786141, 0.09803149606299214891, -0.06204120636724647087 ) ) ;
#5498 = EDGE_CURVE ( 'NONE', #3167, #4468, #4389, .T. ) ;
#5499 = CARTESIAN_POINT ( 'NONE',  ( 0.03907123972263114309, -0.1645990501081967539, 0.0002635202033409402207 ) ) ;
#5500 = CARTESIAN_POINT ( 'NONE',  ( -0.003937007874015787875, 0.09803149606299214891, 0.000000000000000000 ) ) ;
#5501 = EDGE_LOOP ( 'NONE', ( #5107, #1588, #2853, #5011, #3206 ) ) ;
#5502 = PRESENTATION_LAYER_ASSIGNMENT (  '', '', ( #4772 ) ) ;
#5503 =( CONVERSION_BASED_UNIT ( 'INCH', #3777 ) LENGTH_UNIT ( ) NAMED_UNIT ( #1418 ) );
#5504 = CARTESIAN_POINT ( 'NONE',  ( 0.01181102362204724567, -0.1715879256123697127, 0.09645669291338584972 ) ) ;
#5505 =( CONVERSION_BASED_UNIT ( 'INCH', #4627 ) LENGTH_UNIT ( ) NAMED_UNIT ( #419 ) );
#5506 = PRESENTATION_LAYER_ASSIGNMENT (  '', '', ( #2536 ) ) ;
#5507 = SURFACE_SIDE_STYLE ('',( #5117 ) ) ;
#5508 = VECTOR ( 'NONE', #651, 39.37007874015748143 ) ;
#5509 = CIRCLE ( 'NONE', #4059, 0.0003937007874015747977 ) ;
#5510 = CARTESIAN_POINT ( 'NONE',  ( 0.03897637795275595007, -0.1649606299212598437, -0.0003937007874015748519 ) ) ;
#5511 = SURFACE_STYLE_FILL_AREA ( #1342 ) ;
#5512 = SURFACE_STYLE_FILL_AREA ( #3006 ) ;
#5513 = VECTOR ( 'NONE', #3639, 39.37007874015748143 ) ;
#5514 = AXIS2_PLACEMENT_3D ( 'NONE', #1554, #3324, #335 ) ;
#5515 = VERTEX_POINT ( 'NONE', #4786 ) ;
#5516 = DIMENSIONAL_EXPONENTS ( 1.000000000000000000, 0.000000000000000000, 0.000000000000000000, 0.000000000000000000, 0.000000000000000000, 0.000000000000000000, 0.000000000000000000 ) ;
#5517 =( LENGTH_UNIT ( ) NAMED_UNIT ( * ) SI_UNIT ( $, .METRE. ) );
#5518 = CARTESIAN_POINT ( 'NONE',  ( -0.03543307086614173873, 0.03510498777345701094, 0.09645669291338584972 ) ) ;
#5519 = AXIS2_PLACEMENT_3D ( 'NONE', #1872, #2793, #173 ) ;
#5520 = CARTESIAN_POINT ( 'NONE',  ( -0.007656383305314980875, 0.09803149606299214891, -4.156409803152110317E-05 ) ) ;
#5521 = PLANE ( 'NONE',  #1882 ) ;
#5522 = EDGE_CURVE ( 'NONE', #2857, #657, #5261, .T. ) ;
#5523 = EDGE_LOOP ( 'NONE', ( #4563, #971, #3302, #413 ) ) ;
#5524 = LINE ( 'NONE', #435, #3166 ) ;
#5525 = SURFACE_STYLE_USAGE ( .BOTH. , #2025 ) ;
#5526 = NEXT_ASSEMBLY_USAGE_OCCURRENCE ( 'NAUO1', ' ', ' ', #4892, #251, $ ) ;
#5527 = NEXT_ASSEMBLY_USAGE_OCCURRENCE ( 'NAUO2', ' ', ' ', #4892, #251, $ ) ;
#5528 = NEXT_ASSEMBLY_USAGE_OCCURRENCE ( 'NAUO3', ' ', ' ', #4892, #5207, $ ) ;
#5529 = NEXT_ASSEMBLY_USAGE_OCCURRENCE ( 'NAUO4', ' ', ' ', #4892, #1386, $ ) ;
#5530 = NEXT_ASSEMBLY_USAGE_OCCURRENCE ( 'NAUO5', ' ', ' ', #4892, #5207, $ ) ;
#5531 = NEXT_ASSEMBLY_USAGE_OCCURRENCE ( 'NAUO6', ' ', ' ', #4892, #5207, $ ) ;
#5532 = NEXT_ASSEMBLY_USAGE_OCCURRENCE ( 'NAUO7', ' ', ' ', #4892, #1386, $ ) ;
#5533 = NEXT_ASSEMBLY_USAGE_OCCURRENCE ( 'NAUO8', ' ', ' ', #4892, #5207, $ ) ;
ENDSEC;
END-ISO-10303-21;
