ISO-10303-21;
HEADER;
/* Generated by software containing ST-Developer
 * from STEP Tools, Inc. (www.steptools.com) 
 */
/* OPTION: strings as raw bytes, not using required /X/ escapes */

FILE_DESCRIPTION(
/* description */ ('Unknown'),
/* implementation_level */ '2;1');

FILE_NAME(
/* name */ 'OSTVN02A150',
/* time_stamp */ '2024-10-31T11:46:46+02:00',
/* author */ ('Unknown'),
/* organization */ ('Unknown'),
/* preprocessor_version */ 'ST-DEVELOPER v18.102',
/* originating_system */ 'Solid Edge',
/* authorisation */ 'Unknown');

FILE_SCHEMA (('AUTOMOTIVE_DESIGN {1 0 10303 214 3 1 1}'));
ENDSEC;

DATA;
#10=PROPERTY_DEFINITION_REPRESENTATION(#14,#12);
#11=PROPERTY_DEFINITION_REPRESENTATION(#15,#13);
#12=REPRESENTATION('',(#16),#3892);
#13=REPRESENTATION('',(#17),#3892);
#14=PROPERTY_DEFINITION('pmi validation property','',#3897);
#15=PROPERTY_DEFINITION('pmi validation property','',#3897);
#16=VALUE_REPRESENTATION_ITEM('number of annotations',COUNT_MEASURE(0.));
#17=VALUE_REPRESENTATION_ITEM('number of views',COUNT_MEASURE(0.));
#18=SHAPE_REPRESENTATION_RELATIONSHIP('','',#2668,#19);
#19=ADVANCED_BREP_SHAPE_REPRESENTATION('',(#2666),#3892);
#20=PLANE('',#2673);
#21=PLANE('',#2677);
#22=PLANE('',#2681);
#23=PLANE('',#2682);
#24=PLANE('',#2686);
#25=PLANE('',#2687);
#26=PLANE('',#2691);
#27=PLANE('',#2695);
#28=PLANE('',#2696);
#29=PLANE('',#2698);
#30=PLANE('',#2699);
#31=PLANE('',#2702);
#32=PLANE('',#2704);
#33=PLANE('',#2705);
#34=PLANE('',#2707);
#35=PLANE('',#2708);
#36=PLANE('',#2711);
#37=PLANE('',#2713);
#38=PLANE('',#2714);
#39=PLANE('',#2715);
#40=PLANE('',#2716);
#41=PLANE('',#2717);
#42=PLANE('',#2718);
#43=PLANE('',#2719);
#44=PLANE('',#2720);
#45=PLANE('',#2721);
#46=PLANE('',#2722);
#47=PLANE('',#2723);
#48=PLANE('',#2728);
#49=PLANE('',#2729);
#50=PLANE('',#2730);
#51=PLANE('',#2731);
#52=PLANE('',#2732);
#53=PLANE('',#2733);
#54=PLANE('',#2734);
#55=PLANE('',#2735);
#56=PLANE('',#2736);
#57=PLANE('',#2737);
#58=PLANE('',#2738);
#59=PLANE('',#2739);
#60=PLANE('',#2740);
#61=PLANE('',#2742);
#62=PLANE('',#2744);
#63=PLANE('',#2745);
#64=PLANE('',#2746);
#65=PLANE('',#2747);
#66=PLANE('',#2748);
#67=PLANE('',#2749);
#68=PLANE('',#2750);
#69=PLANE('',#2751);
#70=PLANE('',#2756);
#71=PLANE('',#2757);
#72=PLANE('',#2758);
#73=PLANE('',#2759);
#74=PLANE('',#2760);
#75=PLANE('',#2761);
#76=PLANE('',#2762);
#77=PLANE('',#2763);
#78=PLANE('',#2767);
#79=PLANE('',#2768);
#80=PLANE('',#2769);
#81=PLANE('',#2770);
#82=PLANE('',#2771);
#83=PLANE('',#2772);
#84=PLANE('',#2776);
#85=PLANE('',#2780);
#86=PLANE('',#2784);
#87=PLANE('',#2788);
#88=PLANE('',#2789);
#89=PLANE('',#2790);
#90=PLANE('',#2791);
#91=PLANE('',#2792);
#92=PLANE('',#2793);
#93=PLANE('',#2794);
#94=PLANE('',#2795);
#95=PLANE('',#2796);
#96=PLANE('',#2809);
#97=PLANE('',#2810);
#98=PLANE('',#2811);
#99=PLANE('',#2812);
#100=PLANE('',#2813);
#101=PLANE('',#2814);
#102=PLANE('',#2815);
#103=LINE('',#3341,#329);
#104=LINE('',#3345,#330);
#105=LINE('',#3347,#331);
#106=LINE('',#3349,#332);
#107=LINE('',#3351,#333);
#108=LINE('',#3356,#334);
#109=LINE('',#3360,#335);
#110=LINE('',#3362,#336);
#111=LINE('',#3364,#337);
#112=LINE('',#3366,#338);
#113=LINE('',#3372,#339);
#114=LINE('',#3374,#340);
#115=LINE('',#3375,#341);
#116=LINE('',#3377,#342);
#117=LINE('',#3379,#343);
#118=LINE('',#3381,#344);
#119=LINE('',#3386,#345);
#120=LINE('',#3390,#346);
#121=LINE('',#3392,#347);
#122=LINE('',#3394,#348);
#123=LINE('',#3396,#349);
#124=LINE('',#3398,#350);
#125=LINE('',#3400,#351);
#126=LINE('',#3402,#352);
#127=LINE('',#3407,#353);
#128=LINE('',#3411,#354);
#129=LINE('',#3413,#355);
#130=LINE('',#3415,#356);
#131=LINE('',#3417,#357);
#132=LINE('',#3423,#358);
#133=LINE('',#3425,#359);
#134=LINE('',#3426,#360);
#135=LINE('',#3431,#361);
#136=LINE('',#3433,#362);
#137=LINE('',#3435,#363);
#138=LINE('',#3437,#364);
#139=LINE('',#3441,#365);
#140=LINE('',#3448,#366);
#141=LINE('',#3450,#367);
#142=LINE('',#3451,#368);
#143=LINE('',#3456,#369);
#144=LINE('',#3458,#370);
#145=LINE('',#3460,#371);
#146=LINE('',#3462,#372);
#147=LINE('',#3466,#373);
#148=LINE('',#3473,#374);
#149=LINE('',#3475,#375);
#150=LINE('',#3476,#376);
#151=LINE('',#3478,#377);
#152=LINE('',#3480,#378);
#153=LINE('',#3482,#379);
#154=LINE('',#3484,#380);
#155=LINE('',#3486,#381);
#156=LINE('',#3488,#382);
#157=LINE('',#3490,#383);
#158=LINE('',#3492,#384);
#159=LINE('',#3494,#385);
#160=LINE('',#3496,#386);
#161=LINE('',#3498,#387);
#162=LINE('',#3499,#388);
#163=LINE('',#3501,#389);
#164=LINE('',#3503,#390);
#165=LINE('',#3505,#391);
#166=LINE('',#3507,#392);
#167=LINE('',#3509,#393);
#168=LINE('',#3511,#394);
#169=LINE('',#3513,#395);
#170=LINE('',#3515,#396);
#171=LINE('',#3517,#397);
#172=LINE('',#3519,#398);
#173=LINE('',#3521,#399);
#174=LINE('',#3523,#400);
#175=LINE('',#3525,#401);
#176=LINE('',#3527,#402);
#177=LINE('',#3529,#403);
#178=LINE('',#3530,#404);
#179=LINE('',#3538,#405);
#180=LINE('',#3541,#406);
#181=LINE('',#3543,#407);
#182=LINE('',#3545,#408);
#183=LINE('',#3547,#409);
#184=LINE('',#3549,#410);
#185=LINE('',#3551,#411);
#186=LINE('',#3553,#412);
#187=LINE('',#3556,#413);
#188=LINE('',#3557,#414);
#189=LINE('',#3559,#415);
#190=LINE('',#3561,#416);
#191=LINE('',#3563,#417);
#192=LINE('',#3565,#418);
#193=LINE('',#3567,#419);
#194=LINE('',#3569,#420);
#195=LINE('',#3571,#421);
#196=LINE('',#3573,#422);
#197=LINE('',#3575,#423);
#198=LINE('',#3577,#424);
#199=LINE('',#3580,#425);
#200=LINE('',#3582,#426);
#201=LINE('',#3584,#427);
#202=LINE('',#3586,#428);
#203=LINE('',#3588,#429);
#204=LINE('',#3590,#430);
#205=LINE('',#3592,#431);
#206=LINE('',#3594,#432);
#207=LINE('',#3596,#433);
#208=LINE('',#3598,#434);
#209=LINE('',#3600,#435);
#210=LINE('',#3602,#436);
#211=LINE('',#3604,#437);
#212=LINE('',#3606,#438);
#213=LINE('',#3608,#439);
#214=LINE('',#3610,#440);
#215=LINE('',#3612,#441);
#216=LINE('',#3614,#442);
#217=LINE('',#3622,#443);
#218=LINE('',#3624,#444);
#219=LINE('',#3626,#445);
#220=LINE('',#3628,#446);
#221=LINE('',#3630,#447);
#222=LINE('',#3632,#448);
#223=LINE('',#3634,#449);
#224=LINE('',#3636,#450);
#225=LINE('',#3638,#451);
#226=LINE('',#3640,#452);
#227=LINE('',#3642,#453);
#228=LINE('',#3644,#454);
#229=LINE('',#3646,#455);
#230=LINE('',#3648,#456);
#231=LINE('',#3650,#457);
#232=LINE('',#3652,#458);
#233=LINE('',#3654,#459);
#234=LINE('',#3656,#460);
#235=LINE('',#3658,#461);
#236=LINE('',#3660,#462);
#237=LINE('',#3662,#463);
#238=LINE('',#3664,#464);
#239=LINE('',#3666,#465);
#240=LINE('',#3668,#466);
#241=LINE('',#3676,#467);
#242=LINE('',#3679,#468);
#243=LINE('',#3680,#469);
#244=LINE('',#3682,#470);
#245=LINE('',#3684,#471);
#246=LINE('',#3686,#472);
#247=LINE('',#3688,#473);
#248=LINE('',#3690,#474);
#249=LINE('',#3692,#475);
#250=LINE('',#3694,#476);
#251=LINE('',#3696,#477);
#252=LINE('',#3698,#478);
#253=LINE('',#3700,#479);
#254=LINE('',#3702,#480);
#255=LINE('',#3704,#481);
#256=LINE('',#3706,#482);
#257=LINE('',#3711,#483);
#258=LINE('',#3715,#484);
#259=LINE('',#3717,#485);
#260=LINE('',#3719,#486);
#261=LINE('',#3721,#487);
#262=LINE('',#3723,#488);
#263=LINE('',#3725,#489);
#264=LINE('',#3727,#490);
#265=LINE('',#3729,#491);
#266=LINE('',#3731,#492);
#267=LINE('',#3733,#493);
#268=LINE('',#3735,#494);
#269=LINE('',#3737,#495);
#270=LINE('',#3739,#496);
#271=LINE('',#3741,#497);
#272=LINE('',#3743,#498);
#273=LINE('',#3745,#499);
#274=LINE('',#3747,#500);
#275=LINE('',#3749,#501);
#276=LINE('',#3751,#502);
#277=LINE('',#3756,#503);
#278=LINE('',#3760,#504);
#279=LINE('',#3762,#505);
#280=LINE('',#3764,#506);
#281=LINE('',#3766,#507);
#282=LINE('',#3770,#508);
#283=LINE('',#3774,#509);
#284=LINE('',#3776,#510);
#285=LINE('',#3778,#511);
#286=LINE('',#3782,#512);
#287=LINE('',#3786,#513);
#288=LINE('',#3788,#514);
#289=LINE('',#3790,#515);
#290=LINE('',#3794,#516);
#291=LINE('',#3798,#517);
#292=LINE('',#3800,#518);
#293=LINE('',#3802,#519);
#294=LINE('',#3804,#520);
#295=LINE('',#3806,#521);
#296=LINE('',#3808,#522);
#297=LINE('',#3810,#523);
#298=LINE('',#3812,#524);
#299=LINE('',#3814,#525);
#300=LINE('',#3816,#526);
#301=LINE('',#3818,#527);
#302=LINE('',#3820,#528);
#303=LINE('',#3822,#529);
#304=LINE('',#3824,#530);
#305=LINE('',#3826,#531);
#306=LINE('',#3828,#532);
#307=LINE('',#3830,#533);
#308=LINE('',#3833,#534);
#309=LINE('',#3835,#535);
#310=LINE('',#3837,#536);
#311=LINE('',#3842,#537);
#312=LINE('',#3846,#538);
#313=LINE('',#3851,#539);
#314=LINE('',#3855,#540);
#315=LINE('',#3860,#541);
#316=LINE('',#3864,#542);
#317=LINE('',#3869,#543);
#318=LINE('',#3873,#544);
#319=LINE('',#3875,#545);
#320=LINE('',#3876,#546);
#321=LINE('',#3878,#547);
#322=LINE('',#3879,#548);
#323=LINE('',#3881,#549);
#324=LINE('',#3882,#550);
#325=LINE('',#3883,#551);
#326=LINE('',#3885,#552);
#327=LINE('',#3887,#553);
#328=LINE('',#3888,#554);
#329=VECTOR('',#2822,1000.);
#330=VECTOR('',#2825,1000.);
#331=VECTOR('',#2828,1000.);
#332=VECTOR('',#2829,1000.);
#333=VECTOR('',#2830,1000.);
#334=VECTOR('',#2835,1000.);
#335=VECTOR('',#2838,1000.);
#336=VECTOR('',#2841,1000.);
#337=VECTOR('',#2842,1000.);
#338=VECTOR('',#2843,1000.);
#339=VECTOR('',#2850,1000.);
#340=VECTOR('',#2853,1000.);
#341=VECTOR('',#2854,1000.);
#342=VECTOR('',#2857,1000.);
#343=VECTOR('',#2858,1000.);
#344=VECTOR('',#2859,1000.);
#345=VECTOR('',#2864,1000.);
#346=VECTOR('',#2867,1000.);
#347=VECTOR('',#2870,1000.);
#348=VECTOR('',#2871,1000.);
#349=VECTOR('',#2872,1000.);
#350=VECTOR('',#2875,1000.);
#351=VECTOR('',#2876,1000.);
#352=VECTOR('',#2877,1000.);
#353=VECTOR('',#2882,1000.);
#354=VECTOR('',#2885,1000.);
#355=VECTOR('',#2888,1000.);
#356=VECTOR('',#2889,1000.);
#357=VECTOR('',#2890,1000.);
#358=VECTOR('',#2897,1000.);
#359=VECTOR('',#2900,1000.);
#360=VECTOR('',#2901,1000.);
#361=VECTOR('',#2906,1000.);
#362=VECTOR('',#2909,1000.);
#363=VECTOR('',#2910,1000.);
#364=VECTOR('',#2911,1000.);
#365=VECTOR('',#2916,1000.);
#366=VECTOR('',#2923,1000.);
#367=VECTOR('',#2926,1000.);
#368=VECTOR('',#2927,1000.);
#369=VECTOR('',#2932,1000.);
#370=VECTOR('',#2935,1000.);
#371=VECTOR('',#2936,1000.);
#372=VECTOR('',#2937,1000.);
#373=VECTOR('',#2942,1000.);
#374=VECTOR('',#2949,1000.);
#375=VECTOR('',#2952,1000.);
#376=VECTOR('',#2953,1000.);
#377=VECTOR('',#2956,1000.);
#378=VECTOR('',#2957,1000.);
#379=VECTOR('',#2958,1000.);
#380=VECTOR('',#2961,1000.);
#381=VECTOR('',#2962,1000.);
#382=VECTOR('',#2963,1000.);
#383=VECTOR('',#2964,1000.);
#384=VECTOR('',#2967,1000.);
#385=VECTOR('',#2968,1000.);
#386=VECTOR('',#2969,1000.);
#387=VECTOR('',#2972,1000.);
#388=VECTOR('',#2973,1000.);
#389=VECTOR('',#2974,1000.);
#390=VECTOR('',#2977,1000.);
#391=VECTOR('',#2980,1000.);
#392=VECTOR('',#2981,1000.);
#393=VECTOR('',#2982,1000.);
#394=VECTOR('',#2985,1000.);
#395=VECTOR('',#2986,1000.);
#396=VECTOR('',#2987,1000.);
#397=VECTOR('',#2988,1000.);
#398=VECTOR('',#2991,1000.);
#399=VECTOR('',#2992,1000.);
#400=VECTOR('',#2995,1000.);
#401=VECTOR('',#2996,1000.);
#402=VECTOR('',#2997,1000.);
#403=VECTOR('',#3000,1000.);
#404=VECTOR('',#3001,1000.);
#405=VECTOR('',#3012,1000.);
#406=VECTOR('',#3013,1000.);
#407=VECTOR('',#3014,1000.);
#408=VECTOR('',#3015,1000.);
#409=VECTOR('',#3018,1000.);
#410=VECTOR('',#3019,1000.);
#411=VECTOR('',#3020,1000.);
#412=VECTOR('',#3023,1000.);
#413=VECTOR('',#3024,1000.);
#414=VECTOR('',#3025,1000.);
#415=VECTOR('',#3028,1000.);
#416=VECTOR('',#3029,1000.);
#417=VECTOR('',#3030,1000.);
#418=VECTOR('',#3033,1000.);
#419=VECTOR('',#3034,1000.);
#420=VECTOR('',#3035,1000.);
#421=VECTOR('',#3038,1000.);
#422=VECTOR('',#3039,1000.);
#423=VECTOR('',#3040,1000.);
#424=VECTOR('',#3043,1000.);
#425=VECTOR('',#3044,1000.);
#426=VECTOR('',#3045,1000.);
#427=VECTOR('',#3046,1000.);
#428=VECTOR('',#3049,1000.);
#429=VECTOR('',#3050,1000.);
#430=VECTOR('',#3051,1000.);
#431=VECTOR('',#3054,1000.);
#432=VECTOR('',#3055,1000.);
#433=VECTOR('',#3056,1000.);
#434=VECTOR('',#3059,1000.);
#435=VECTOR('',#3060,1000.);
#436=VECTOR('',#3061,1000.);
#437=VECTOR('',#3064,1000.);
#438=VECTOR('',#3065,1000.);
#439=VECTOR('',#3066,1000.);
#440=VECTOR('',#3069,1000.);
#441=VECTOR('',#3070,1000.);
#442=VECTOR('',#3071,1000.);
#443=VECTOR('',#3082,1000.);
#444=VECTOR('',#3083,1000.);
#445=VECTOR('',#3084,1000.);
#446=VECTOR('',#3087,1000.);
#447=VECTOR('',#3088,1000.);
#448=VECTOR('',#3089,1000.);
#449=VECTOR('',#3090,1000.);
#450=VECTOR('',#3093,1000.);
#451=VECTOR('',#3094,1000.);
#452=VECTOR('',#3097,1000.);
#453=VECTOR('',#3098,1000.);
#454=VECTOR('',#3099,1000.);
#455=VECTOR('',#3102,1000.);
#456=VECTOR('',#3103,1000.);
#457=VECTOR('',#3104,1000.);
#458=VECTOR('',#3107,1000.);
#459=VECTOR('',#3108,1000.);
#460=VECTOR('',#3109,1000.);
#461=VECTOR('',#3110,1000.);
#462=VECTOR('',#3113,1000.);
#463=VECTOR('',#3114,1000.);
#464=VECTOR('',#3117,1000.);
#465=VECTOR('',#3118,1000.);
#466=VECTOR('',#3119,1000.);
#467=VECTOR('',#3130,1000.);
#468=VECTOR('',#3131,1000.);
#469=VECTOR('',#3132,1000.);
#470=VECTOR('',#3135,1000.);
#471=VECTOR('',#3136,1000.);
#472=VECTOR('',#3139,1000.);
#473=VECTOR('',#3140,1000.);
#474=VECTOR('',#3143,1000.);
#475=VECTOR('',#3146,1000.);
#476=VECTOR('',#3147,1000.);
#477=VECTOR('',#3148,1000.);
#478=VECTOR('',#3151,1000.);
#479=VECTOR('',#3152,1000.);
#480=VECTOR('',#3155,1000.);
#481=VECTOR('',#3156,1000.);
#482=VECTOR('',#3159,1000.);
#483=VECTOR('',#3164,1000.);
#484=VECTOR('',#3167,1000.);
#485=VECTOR('',#3170,1000.);
#486=VECTOR('',#3171,1000.);
#487=VECTOR('',#3172,1000.);
#488=VECTOR('',#3175,1000.);
#489=VECTOR('',#3176,1000.);
#490=VECTOR('',#3177,1000.);
#491=VECTOR('',#3180,1000.);
#492=VECTOR('',#3181,1000.);
#493=VECTOR('',#3182,1000.);
#494=VECTOR('',#3185,1000.);
#495=VECTOR('',#3186,1000.);
#496=VECTOR('',#3187,1000.);
#497=VECTOR('',#3190,1000.);
#498=VECTOR('',#3191,1000.);
#499=VECTOR('',#3192,1000.);
#500=VECTOR('',#3195,1000.);
#501=VECTOR('',#3196,1000.);
#502=VECTOR('',#3197,1000.);
#503=VECTOR('',#3202,1000.);
#504=VECTOR('',#3205,1000.);
#505=VECTOR('',#3208,1000.);
#506=VECTOR('',#3209,1000.);
#507=VECTOR('',#3210,1000.);
#508=VECTOR('',#3215,1000.);
#509=VECTOR('',#3220,1000.);
#510=VECTOR('',#3221,1000.);
#511=VECTOR('',#3222,1000.);
#512=VECTOR('',#3227,1000.);
#513=VECTOR('',#3232,1000.);
#514=VECTOR('',#3233,1000.);
#515=VECTOR('',#3234,1000.);
#516=VECTOR('',#3239,1000.);
#517=VECTOR('',#3244,1000.);
#518=VECTOR('',#3245,1000.);
#519=VECTOR('',#3246,1000.);
#520=VECTOR('',#3249,1000.);
#521=VECTOR('',#3250,1000.);
#522=VECTOR('',#3253,1000.);
#523=VECTOR('',#3254,1000.);
#524=VECTOR('',#3257,1000.);
#525=VECTOR('',#3260,1000.);
#526=VECTOR('',#3261,1000.);
#527=VECTOR('',#3262,1000.);
#528=VECTOR('',#3265,1000.);
#529=VECTOR('',#3266,1000.);
#530=VECTOR('',#3269,1000.);
#531=VECTOR('',#3270,1000.);
#532=VECTOR('',#3273,1000.);
#533=VECTOR('',#3276,1000.);
#534=VECTOR('',#3277,1000.);
#535=VECTOR('',#3278,1000.);
#536=VECTOR('',#3279,1000.);
#537=VECTOR('',#3284,1000.);
#538=VECTOR('',#3287,1000.);
#539=VECTOR('',#3292,1000.);
#540=VECTOR('',#3295,1000.);
#541=VECTOR('',#3300,1000.);
#542=VECTOR('',#3303,1000.);
#543=VECTOR('',#3308,1000.);
#544=VECTOR('',#3311,1000.);
#545=VECTOR('',#3314,1000.);
#546=VECTOR('',#3315,1000.);
#547=VECTOR('',#3318,1000.);
#548=VECTOR('',#3319,1000.);
#549=VECTOR('',#3322,1000.);
#550=VECTOR('',#3323,1000.);
#551=VECTOR('',#3324,1000.);
#552=VECTOR('',#3327,1000.);
#553=VECTOR('',#3330,1000.);
#554=VECTOR('',#3331,1000.);
#555=ORIENTED_EDGE('',*,*,#1095,.F.);
#556=ORIENTED_EDGE('',*,*,#1096,.F.);
#557=ORIENTED_EDGE('',*,*,#1097,.T.);
#558=ORIENTED_EDGE('',*,*,#1098,.T.);
#559=ORIENTED_EDGE('',*,*,#1099,.F.);
#560=ORIENTED_EDGE('',*,*,#1098,.F.);
#561=ORIENTED_EDGE('',*,*,#1100,.T.);
#562=ORIENTED_EDGE('',*,*,#1101,.T.);
#563=ORIENTED_EDGE('',*,*,#1102,.F.);
#564=ORIENTED_EDGE('',*,*,#1103,.F.);
#565=ORIENTED_EDGE('',*,*,#1104,.T.);
#566=ORIENTED_EDGE('',*,*,#1105,.T.);
#567=ORIENTED_EDGE('',*,*,#1106,.F.);
#568=ORIENTED_EDGE('',*,*,#1105,.F.);
#569=ORIENTED_EDGE('',*,*,#1107,.T.);
#570=ORIENTED_EDGE('',*,*,#1108,.T.);
#571=ORIENTED_EDGE('',*,*,#1109,.F.);
#572=ORIENTED_EDGE('',*,*,#1108,.F.);
#573=ORIENTED_EDGE('',*,*,#1110,.T.);
#574=ORIENTED_EDGE('',*,*,#1111,.T.);
#575=ORIENTED_EDGE('',*,*,#1112,.F.);
#576=ORIENTED_EDGE('',*,*,#1111,.F.);
#577=ORIENTED_EDGE('',*,*,#1113,.T.);
#578=ORIENTED_EDGE('',*,*,#1096,.T.);
#579=ORIENTED_EDGE('',*,*,#1114,.F.);
#580=ORIENTED_EDGE('',*,*,#1101,.F.);
#581=ORIENTED_EDGE('',*,*,#1115,.T.);
#582=ORIENTED_EDGE('',*,*,#1116,.T.);
#583=ORIENTED_EDGE('',*,*,#1117,.F.);
#584=ORIENTED_EDGE('',*,*,#1118,.F.);
#585=ORIENTED_EDGE('',*,*,#1119,.T.);
#586=ORIENTED_EDGE('',*,*,#1120,.T.);
#587=ORIENTED_EDGE('',*,*,#1121,.F.);
#588=ORIENTED_EDGE('',*,*,#1120,.F.);
#589=ORIENTED_EDGE('',*,*,#1122,.T.);
#590=ORIENTED_EDGE('',*,*,#1123,.T.);
#591=ORIENTED_EDGE('',*,*,#1124,.F.);
#592=ORIENTED_EDGE('',*,*,#1123,.F.);
#593=ORIENTED_EDGE('',*,*,#1125,.T.);
#594=ORIENTED_EDGE('',*,*,#1126,.T.);
#595=ORIENTED_EDGE('',*,*,#1127,.F.);
#596=ORIENTED_EDGE('',*,*,#1128,.F.);
#597=ORIENTED_EDGE('',*,*,#1129,.T.);
#598=ORIENTED_EDGE('',*,*,#1130,.T.);
#599=ORIENTED_EDGE('',*,*,#1131,.F.);
#600=ORIENTED_EDGE('',*,*,#1130,.F.);
#601=ORIENTED_EDGE('',*,*,#1132,.T.);
#602=ORIENTED_EDGE('',*,*,#1133,.T.);
#603=ORIENTED_EDGE('',*,*,#1134,.F.);
#604=ORIENTED_EDGE('',*,*,#1133,.F.);
#605=ORIENTED_EDGE('',*,*,#1135,.T.);
#606=ORIENTED_EDGE('',*,*,#1136,.T.);
#607=ORIENTED_EDGE('',*,*,#1137,.F.);
#608=ORIENTED_EDGE('',*,*,#1136,.F.);
#609=ORIENTED_EDGE('',*,*,#1138,.T.);
#610=ORIENTED_EDGE('',*,*,#1118,.T.);
#611=ORIENTED_EDGE('',*,*,#1139,.F.);
#612=ORIENTED_EDGE('',*,*,#1140,.T.);
#613=ORIENTED_EDGE('',*,*,#1141,.T.);
#614=ORIENTED_EDGE('',*,*,#1140,.F.);
#615=ORIENTED_EDGE('',*,*,#1142,.T.);
#616=ORIENTED_EDGE('',*,*,#1143,.T.);
#617=ORIENTED_EDGE('',*,*,#1144,.T.);
#618=ORIENTED_EDGE('',*,*,#1145,.T.);
#619=ORIENTED_EDGE('',*,*,#1146,.T.);
#620=ORIENTED_EDGE('',*,*,#1143,.F.);
#621=ORIENTED_EDGE('',*,*,#1147,.F.);
#622=ORIENTED_EDGE('',*,*,#1148,.T.);
#623=ORIENTED_EDGE('',*,*,#1149,.T.);
#624=ORIENTED_EDGE('',*,*,#1148,.F.);
#625=ORIENTED_EDGE('',*,*,#1150,.T.);
#626=ORIENTED_EDGE('',*,*,#1145,.F.);
#627=ORIENTED_EDGE('',*,*,#1151,.F.);
#628=ORIENTED_EDGE('',*,*,#1152,.T.);
#629=ORIENTED_EDGE('',*,*,#1153,.T.);
#630=ORIENTED_EDGE('',*,*,#1152,.F.);
#631=ORIENTED_EDGE('',*,*,#1154,.T.);
#632=ORIENTED_EDGE('',*,*,#1155,.T.);
#633=ORIENTED_EDGE('',*,*,#1156,.T.);
#634=ORIENTED_EDGE('',*,*,#1157,.T.);
#635=ORIENTED_EDGE('',*,*,#1158,.T.);
#636=ORIENTED_EDGE('',*,*,#1155,.F.);
#637=ORIENTED_EDGE('',*,*,#1159,.F.);
#638=ORIENTED_EDGE('',*,*,#1160,.T.);
#639=ORIENTED_EDGE('',*,*,#1161,.T.);
#640=ORIENTED_EDGE('',*,*,#1160,.F.);
#641=ORIENTED_EDGE('',*,*,#1162,.T.);
#642=ORIENTED_EDGE('',*,*,#1157,.F.);
#643=ORIENTED_EDGE('',*,*,#1163,.F.);
#644=ORIENTED_EDGE('',*,*,#1164,.F.);
#645=ORIENTED_EDGE('',*,*,#1165,.T.);
#646=ORIENTED_EDGE('',*,*,#1103,.T.);
#647=ORIENTED_EDGE('',*,*,#1112,.T.);
#648=ORIENTED_EDGE('',*,*,#1095,.T.);
#649=ORIENTED_EDGE('',*,*,#1099,.T.);
#650=ORIENTED_EDGE('',*,*,#1114,.T.);
#651=ORIENTED_EDGE('',*,*,#1166,.T.);
#652=ORIENTED_EDGE('',*,*,#1167,.T.);
#653=ORIENTED_EDGE('',*,*,#1168,.T.);
#654=ORIENTED_EDGE('',*,*,#1169,.T.);
#655=ORIENTED_EDGE('',*,*,#1163,.T.);
#656=ORIENTED_EDGE('',*,*,#1102,.T.);
#657=ORIENTED_EDGE('',*,*,#1106,.T.);
#658=ORIENTED_EDGE('',*,*,#1109,.T.);
#659=ORIENTED_EDGE('',*,*,#1168,.F.);
#660=ORIENTED_EDGE('',*,*,#1170,.F.);
#661=ORIENTED_EDGE('',*,*,#1171,.T.);
#662=ORIENTED_EDGE('',*,*,#1172,.T.);
#663=ORIENTED_EDGE('',*,*,#1113,.F.);
#664=ORIENTED_EDGE('',*,*,#1110,.F.);
#665=ORIENTED_EDGE('',*,*,#1107,.F.);
#666=ORIENTED_EDGE('',*,*,#1104,.F.);
#667=ORIENTED_EDGE('',*,*,#1165,.F.);
#668=ORIENTED_EDGE('',*,*,#1173,.F.);
#669=ORIENTED_EDGE('',*,*,#1171,.F.);
#670=ORIENTED_EDGE('',*,*,#1174,.F.);
#671=ORIENTED_EDGE('',*,*,#1175,.F.);
#672=ORIENTED_EDGE('',*,*,#1115,.F.);
#673=ORIENTED_EDGE('',*,*,#1100,.F.);
#674=ORIENTED_EDGE('',*,*,#1097,.F.);
#675=ORIENTED_EDGE('',*,*,#1166,.F.);
#676=ORIENTED_EDGE('',*,*,#1116,.F.);
#677=ORIENTED_EDGE('',*,*,#1175,.T.);
#678=ORIENTED_EDGE('',*,*,#1176,.T.);
#679=ORIENTED_EDGE('',*,*,#1177,.F.);
#680=ORIENTED_EDGE('',*,*,#1126,.F.);
#681=ORIENTED_EDGE('',*,*,#1178,.T.);
#682=ORIENTED_EDGE('',*,*,#1179,.T.);
#683=ORIENTED_EDGE('',*,*,#1137,.T.);
#684=ORIENTED_EDGE('',*,*,#1117,.T.);
#685=ORIENTED_EDGE('',*,*,#1121,.T.);
#686=ORIENTED_EDGE('',*,*,#1124,.T.);
#687=ORIENTED_EDGE('',*,*,#1177,.T.);
#688=ORIENTED_EDGE('',*,*,#1180,.T.);
#689=ORIENTED_EDGE('',*,*,#1181,.T.);
#690=ORIENTED_EDGE('',*,*,#1182,.T.);
#691=ORIENTED_EDGE('',*,*,#1183,.T.);
#692=ORIENTED_EDGE('',*,*,#1127,.T.);
#693=ORIENTED_EDGE('',*,*,#1131,.T.);
#694=ORIENTED_EDGE('',*,*,#1134,.T.);
#695=ORIENTED_EDGE('',*,*,#1183,.F.);
#696=ORIENTED_EDGE('',*,*,#1184,.F.);
#697=ORIENTED_EDGE('',*,*,#1185,.T.);
#698=ORIENTED_EDGE('',*,*,#1128,.T.);
#699=ORIENTED_EDGE('',*,*,#1138,.F.);
#700=ORIENTED_EDGE('',*,*,#1135,.F.);
#701=ORIENTED_EDGE('',*,*,#1132,.F.);
#702=ORIENTED_EDGE('',*,*,#1129,.F.);
#703=ORIENTED_EDGE('',*,*,#1185,.F.);
#704=ORIENTED_EDGE('',*,*,#1186,.F.);
#705=ORIENTED_EDGE('',*,*,#1187,.F.);
#706=ORIENTED_EDGE('',*,*,#1188,.F.);
#707=ORIENTED_EDGE('',*,*,#1178,.F.);
#708=ORIENTED_EDGE('',*,*,#1125,.F.);
#709=ORIENTED_EDGE('',*,*,#1122,.F.);
#710=ORIENTED_EDGE('',*,*,#1119,.F.);
#711=ORIENTED_EDGE('',*,*,#1181,.F.);
#712=ORIENTED_EDGE('',*,*,#1189,.F.);
#713=ORIENTED_EDGE('',*,*,#1187,.T.);
#714=ORIENTED_EDGE('',*,*,#1190,.T.);
#715=ORIENTED_EDGE('',*,*,#1150,.F.);
#716=ORIENTED_EDGE('',*,*,#1147,.T.);
#717=ORIENTED_EDGE('',*,*,#1149,.F.);
#718=ORIENTED_EDGE('',*,*,#1144,.F.);
#719=ORIENTED_EDGE('',*,*,#1142,.F.);
#720=ORIENTED_EDGE('',*,*,#1139,.T.);
#721=ORIENTED_EDGE('',*,*,#1141,.F.);
#722=ORIENTED_EDGE('',*,*,#1146,.F.);
#723=ORIENTED_EDGE('',*,*,#1191,.T.);
#724=ORIENTED_EDGE('',*,*,#1162,.F.);
#725=ORIENTED_EDGE('',*,*,#1159,.T.);
#726=ORIENTED_EDGE('',*,*,#1161,.F.);
#727=ORIENTED_EDGE('',*,*,#1156,.F.);
#728=ORIENTED_EDGE('',*,*,#1154,.F.);
#729=ORIENTED_EDGE('',*,*,#1151,.T.);
#730=ORIENTED_EDGE('',*,*,#1153,.F.);
#731=ORIENTED_EDGE('',*,*,#1158,.F.);
#732=ORIENTED_EDGE('',*,*,#1192,.T.);
#733=ORIENTED_EDGE('',*,*,#1193,.T.);
#734=ORIENTED_EDGE('',*,*,#1194,.F.);
#735=ORIENTED_EDGE('',*,*,#1195,.F.);
#736=ORIENTED_EDGE('',*,*,#1196,.T.);
#737=ORIENTED_EDGE('',*,*,#1172,.F.);
#738=ORIENTED_EDGE('',*,*,#1173,.T.);
#739=ORIENTED_EDGE('',*,*,#1164,.T.);
#740=ORIENTED_EDGE('',*,*,#1169,.F.);
#741=ORIENTED_EDGE('',*,*,#1197,.T.);
#742=ORIENTED_EDGE('',*,*,#1196,.F.);
#743=ORIENTED_EDGE('',*,*,#1198,.F.);
#744=ORIENTED_EDGE('',*,*,#1199,.F.);
#745=ORIENTED_EDGE('',*,*,#1200,.T.);
#746=ORIENTED_EDGE('',*,*,#1201,.T.);
#747=ORIENTED_EDGE('',*,*,#1199,.T.);
#748=ORIENTED_EDGE('',*,*,#1202,.T.);
#749=ORIENTED_EDGE('',*,*,#1176,.F.);
#750=ORIENTED_EDGE('',*,*,#1174,.T.);
#751=ORIENTED_EDGE('',*,*,#1170,.T.);
#752=ORIENTED_EDGE('',*,*,#1167,.F.);
#753=ORIENTED_EDGE('',*,*,#1203,.T.);
#754=ORIENTED_EDGE('',*,*,#1200,.F.);
#755=ORIENTED_EDGE('',*,*,#1204,.F.);
#756=ORIENTED_EDGE('',*,*,#1205,.T.);
#757=ORIENTED_EDGE('',*,*,#1206,.T.);
#758=ORIENTED_EDGE('',*,*,#1205,.F.);
#759=ORIENTED_EDGE('',*,*,#1207,.F.);
#760=ORIENTED_EDGE('',*,*,#1208,.T.);
#761=ORIENTED_EDGE('',*,*,#1209,.T.);
#762=ORIENTED_EDGE('',*,*,#1208,.F.);
#763=ORIENTED_EDGE('',*,*,#1210,.F.);
#764=ORIENTED_EDGE('',*,*,#1211,.T.);
#765=ORIENTED_EDGE('',*,*,#1212,.T.);
#766=ORIENTED_EDGE('',*,*,#1213,.F.);
#767=ORIENTED_EDGE('',*,*,#1214,.F.);
#768=ORIENTED_EDGE('',*,*,#1215,.T.);
#769=ORIENTED_EDGE('',*,*,#1216,.T.);
#770=ORIENTED_EDGE('',*,*,#1217,.F.);
#771=ORIENTED_EDGE('',*,*,#1218,.F.);
#772=ORIENTED_EDGE('',*,*,#1213,.T.);
#773=ORIENTED_EDGE('',*,*,#1179,.F.);
#774=ORIENTED_EDGE('',*,*,#1188,.T.);
#775=ORIENTED_EDGE('',*,*,#1189,.T.);
#776=ORIENTED_EDGE('',*,*,#1180,.F.);
#777=ORIENTED_EDGE('',*,*,#1219,.T.);
#778=ORIENTED_EDGE('',*,*,#1220,.F.);
#779=ORIENTED_EDGE('',*,*,#1221,.F.);
#780=ORIENTED_EDGE('',*,*,#1217,.T.);
#781=ORIENTED_EDGE('',*,*,#1220,.T.);
#782=ORIENTED_EDGE('',*,*,#1222,.T.);
#783=ORIENTED_EDGE('',*,*,#1223,.T.);
#784=ORIENTED_EDGE('',*,*,#1224,.T.);
#785=ORIENTED_EDGE('',*,*,#1190,.F.);
#786=ORIENTED_EDGE('',*,*,#1186,.T.);
#787=ORIENTED_EDGE('',*,*,#1184,.T.);
#788=ORIENTED_EDGE('',*,*,#1182,.F.);
#789=ORIENTED_EDGE('',*,*,#1225,.T.);
#790=ORIENTED_EDGE('',*,*,#1226,.F.);
#791=ORIENTED_EDGE('',*,*,#1227,.F.);
#792=ORIENTED_EDGE('',*,*,#1223,.F.);
#793=ORIENTED_EDGE('',*,*,#1228,.T.);
#794=ORIENTED_EDGE('',*,*,#1229,.F.);
#795=ORIENTED_EDGE('',*,*,#1230,.F.);
#796=ORIENTED_EDGE('',*,*,#1226,.T.);
#797=ORIENTED_EDGE('',*,*,#1191,.F.);
#798=ORIENTED_EDGE('',*,*,#1231,.T.);
#799=ORIENTED_EDGE('',*,*,#1192,.F.);
#800=ORIENTED_EDGE('',*,*,#1232,.T.);
#801=ORIENTED_EDGE('',*,*,#1233,.T.);
#802=ORIENTED_EDGE('',*,*,#1211,.F.);
#803=ORIENTED_EDGE('',*,*,#1234,.F.);
#804=ORIENTED_EDGE('',*,*,#1235,.T.);
#805=ORIENTED_EDGE('',*,*,#1236,.F.);
#806=ORIENTED_EDGE('',*,*,#1237,.T.);
#807=ORIENTED_EDGE('',*,*,#1238,.F.);
#808=ORIENTED_EDGE('',*,*,#1239,.F.);
#809=ORIENTED_EDGE('',*,*,#1193,.F.);
#810=ORIENTED_EDGE('',*,*,#1197,.F.);
#811=ORIENTED_EDGE('',*,*,#1201,.F.);
#812=ORIENTED_EDGE('',*,*,#1203,.F.);
#813=ORIENTED_EDGE('',*,*,#1206,.F.);
#814=ORIENTED_EDGE('',*,*,#1209,.F.);
#815=ORIENTED_EDGE('',*,*,#1233,.F.);
#816=ORIENTED_EDGE('',*,*,#1239,.T.);
#817=ORIENTED_EDGE('',*,*,#1240,.F.);
#818=ORIENTED_EDGE('',*,*,#1241,.F.);
#819=ORIENTED_EDGE('',*,*,#1194,.T.);
#820=ORIENTED_EDGE('',*,*,#1242,.T.);
#821=ORIENTED_EDGE('',*,*,#1243,.T.);
#822=ORIENTED_EDGE('',*,*,#1244,.T.);
#823=ORIENTED_EDGE('',*,*,#1234,.T.);
#824=ORIENTED_EDGE('',*,*,#1210,.T.);
#825=ORIENTED_EDGE('',*,*,#1207,.T.);
#826=ORIENTED_EDGE('',*,*,#1204,.T.);
#827=ORIENTED_EDGE('',*,*,#1202,.F.);
#828=ORIENTED_EDGE('',*,*,#1198,.T.);
#829=ORIENTED_EDGE('',*,*,#1195,.T.);
#830=ORIENTED_EDGE('',*,*,#1241,.T.);
#831=ORIENTED_EDGE('',*,*,#1245,.T.);
#832=ORIENTED_EDGE('',*,*,#1246,.F.);
#833=ORIENTED_EDGE('',*,*,#1247,.F.);
#834=ORIENTED_EDGE('',*,*,#1229,.T.);
#835=ORIENTED_EDGE('',*,*,#1248,.T.);
#836=ORIENTED_EDGE('',*,*,#1249,.T.);
#837=ORIENTED_EDGE('',*,*,#1250,.T.);
#838=ORIENTED_EDGE('',*,*,#1251,.T.);
#839=ORIENTED_EDGE('',*,*,#1214,.T.);
#840=ORIENTED_EDGE('',*,*,#1218,.T.);
#841=ORIENTED_EDGE('',*,*,#1221,.T.);
#842=ORIENTED_EDGE('',*,*,#1224,.F.);
#843=ORIENTED_EDGE('',*,*,#1227,.T.);
#844=ORIENTED_EDGE('',*,*,#1230,.T.);
#845=ORIENTED_EDGE('',*,*,#1247,.T.);
#846=ORIENTED_EDGE('',*,*,#1252,.T.);
#847=ORIENTED_EDGE('',*,*,#1215,.F.);
#848=ORIENTED_EDGE('',*,*,#1251,.F.);
#849=ORIENTED_EDGE('',*,*,#1253,.T.);
#850=ORIENTED_EDGE('',*,*,#1254,.F.);
#851=ORIENTED_EDGE('',*,*,#1255,.T.);
#852=ORIENTED_EDGE('',*,*,#1256,.F.);
#853=ORIENTED_EDGE('',*,*,#1245,.F.);
#854=ORIENTED_EDGE('',*,*,#1228,.F.);
#855=ORIENTED_EDGE('',*,*,#1225,.F.);
#856=ORIENTED_EDGE('',*,*,#1222,.F.);
#857=ORIENTED_EDGE('',*,*,#1219,.F.);
#858=ORIENTED_EDGE('',*,*,#1216,.F.);
#859=ORIENTED_EDGE('',*,*,#1212,.F.);
#860=ORIENTED_EDGE('',*,*,#1252,.F.);
#861=ORIENTED_EDGE('',*,*,#1257,.T.);
#862=ORIENTED_EDGE('',*,*,#1231,.F.);
#863=ORIENTED_EDGE('',*,*,#1258,.T.);
#864=ORIENTED_EDGE('',*,*,#1232,.F.);
#865=ORIENTED_EDGE('',*,*,#1259,.F.);
#866=ORIENTED_EDGE('',*,*,#1260,.T.);
#867=ORIENTED_EDGE('',*,*,#1236,.T.);
#868=ORIENTED_EDGE('',*,*,#1235,.F.);
#869=ORIENTED_EDGE('',*,*,#1244,.F.);
#870=ORIENTED_EDGE('',*,*,#1261,.T.);
#871=ORIENTED_EDGE('',*,*,#1262,.F.);
#872=ORIENTED_EDGE('',*,*,#1237,.F.);
#873=ORIENTED_EDGE('',*,*,#1260,.F.);
#874=ORIENTED_EDGE('',*,*,#1263,.T.);
#875=ORIENTED_EDGE('',*,*,#1242,.F.);
#876=ORIENTED_EDGE('',*,*,#1240,.T.);
#877=ORIENTED_EDGE('',*,*,#1238,.T.);
#878=ORIENTED_EDGE('',*,*,#1262,.T.);
#879=ORIENTED_EDGE('',*,*,#1264,.F.);
#880=ORIENTED_EDGE('',*,*,#1265,.T.);
#881=ORIENTED_EDGE('',*,*,#1265,.F.);
#882=ORIENTED_EDGE('',*,*,#1266,.T.);
#883=ORIENTED_EDGE('',*,*,#1261,.F.);
#884=ORIENTED_EDGE('',*,*,#1243,.F.);
#885=ORIENTED_EDGE('',*,*,#1248,.F.);
#886=ORIENTED_EDGE('',*,*,#1246,.T.);
#887=ORIENTED_EDGE('',*,*,#1256,.T.);
#888=ORIENTED_EDGE('',*,*,#1267,.T.);
#889=ORIENTED_EDGE('',*,*,#1268,.F.);
#890=ORIENTED_EDGE('',*,*,#1269,.T.);
#891=ORIENTED_EDGE('',*,*,#1269,.F.);
#892=ORIENTED_EDGE('',*,*,#1270,.T.);
#893=ORIENTED_EDGE('',*,*,#1271,.F.);
#894=ORIENTED_EDGE('',*,*,#1249,.F.);
#895=ORIENTED_EDGE('',*,*,#1272,.F.);
#896=ORIENTED_EDGE('',*,*,#1273,.T.);
#897=ORIENTED_EDGE('',*,*,#1254,.T.);
#898=ORIENTED_EDGE('',*,*,#1253,.F.);
#899=ORIENTED_EDGE('',*,*,#1250,.F.);
#900=ORIENTED_EDGE('',*,*,#1271,.T.);
#901=ORIENTED_EDGE('',*,*,#1267,.F.);
#902=ORIENTED_EDGE('',*,*,#1255,.F.);
#903=ORIENTED_EDGE('',*,*,#1273,.F.);
#904=ORIENTED_EDGE('',*,*,#1274,.T.);
#905=ORIENTED_EDGE('',*,*,#1275,.T.);
#906=ORIENTED_EDGE('',*,*,#1276,.F.);
#907=ORIENTED_EDGE('',*,*,#1277,.F.);
#908=ORIENTED_EDGE('',*,*,#1278,.T.);
#909=ORIENTED_EDGE('',*,*,#1279,.T.);
#910=ORIENTED_EDGE('',*,*,#1280,.F.);
#911=ORIENTED_EDGE('',*,*,#1281,.F.);
#912=ORIENTED_EDGE('',*,*,#1276,.T.);
#913=ORIENTED_EDGE('',*,*,#1282,.T.);
#914=ORIENTED_EDGE('',*,*,#1283,.F.);
#915=ORIENTED_EDGE('',*,*,#1284,.F.);
#916=ORIENTED_EDGE('',*,*,#1280,.T.);
#917=ORIENTED_EDGE('',*,*,#1258,.F.);
#918=ORIENTED_EDGE('',*,*,#1257,.F.);
#919=ORIENTED_EDGE('',*,*,#1285,.T.);
#920=ORIENTED_EDGE('',*,*,#1286,.F.);
#921=ORIENTED_EDGE('',*,*,#1287,.F.);
#922=ORIENTED_EDGE('',*,*,#1283,.T.);
#923=ORIENTED_EDGE('',*,*,#1288,.T.);
#924=ORIENTED_EDGE('',*,*,#1289,.F.);
#925=ORIENTED_EDGE('',*,*,#1290,.F.);
#926=ORIENTED_EDGE('',*,*,#1286,.T.);
#927=ORIENTED_EDGE('',*,*,#1291,.T.);
#928=ORIENTED_EDGE('',*,*,#1292,.F.);
#929=ORIENTED_EDGE('',*,*,#1293,.F.);
#930=ORIENTED_EDGE('',*,*,#1289,.T.);
#931=ORIENTED_EDGE('',*,*,#1294,.T.);
#932=ORIENTED_EDGE('',*,*,#1295,.F.);
#933=ORIENTED_EDGE('',*,*,#1296,.F.);
#934=ORIENTED_EDGE('',*,*,#1292,.T.);
#935=ORIENTED_EDGE('',*,*,#1297,.F.);
#936=ORIENTED_EDGE('',*,*,#1298,.F.);
#937=ORIENTED_EDGE('',*,*,#1299,.F.);
#938=ORIENTED_EDGE('',*,*,#1300,.F.);
#939=ORIENTED_EDGE('',*,*,#1301,.F.);
#940=ORIENTED_EDGE('',*,*,#1298,.T.);
#941=ORIENTED_EDGE('',*,*,#1302,.F.);
#942=ORIENTED_EDGE('',*,*,#1303,.T.);
#943=ORIENTED_EDGE('',*,*,#1304,.F.);
#944=ORIENTED_EDGE('',*,*,#1305,.F.);
#945=ORIENTED_EDGE('',*,*,#1306,.F.);
#946=ORIENTED_EDGE('',*,*,#1303,.F.);
#947=ORIENTED_EDGE('',*,*,#1307,.T.);
#948=ORIENTED_EDGE('',*,*,#1308,.T.);
#949=ORIENTED_EDGE('',*,*,#1309,.F.);
#950=ORIENTED_EDGE('',*,*,#1305,.T.);
#951=ORIENTED_EDGE('',*,*,#1310,.F.);
#952=ORIENTED_EDGE('',*,*,#1311,.F.);
#953=ORIENTED_EDGE('',*,*,#1312,.F.);
#954=ORIENTED_EDGE('',*,*,#1308,.F.);
#955=ORIENTED_EDGE('',*,*,#1313,.T.);
#956=ORIENTED_EDGE('',*,*,#1314,.T.);
#957=ORIENTED_EDGE('',*,*,#1315,.T.);
#958=ORIENTED_EDGE('',*,*,#1311,.T.);
#959=ORIENTED_EDGE('',*,*,#1316,.F.);
#960=ORIENTED_EDGE('',*,*,#1317,.F.);
#961=ORIENTED_EDGE('',*,*,#1318,.F.);
#962=ORIENTED_EDGE('',*,*,#1314,.F.);
#963=ORIENTED_EDGE('',*,*,#1274,.F.);
#964=ORIENTED_EDGE('',*,*,#1272,.T.);
#965=ORIENTED_EDGE('',*,*,#1270,.F.);
#966=ORIENTED_EDGE('',*,*,#1268,.T.);
#967=ORIENTED_EDGE('',*,*,#1319,.T.);
#968=ORIENTED_EDGE('',*,*,#1320,.F.);
#969=ORIENTED_EDGE('',*,*,#1321,.F.);
#970=ORIENTED_EDGE('',*,*,#1295,.T.);
#971=ORIENTED_EDGE('',*,*,#1266,.F.);
#972=ORIENTED_EDGE('',*,*,#1264,.T.);
#973=ORIENTED_EDGE('',*,*,#1263,.F.);
#974=ORIENTED_EDGE('',*,*,#1259,.T.);
#975=ORIENTED_EDGE('',*,*,#1321,.T.);
#976=ORIENTED_EDGE('',*,*,#1322,.T.);
#977=ORIENTED_EDGE('',*,*,#1323,.T.);
#978=ORIENTED_EDGE('',*,*,#1277,.T.);
#979=ORIENTED_EDGE('',*,*,#1281,.T.);
#980=ORIENTED_EDGE('',*,*,#1284,.T.);
#981=ORIENTED_EDGE('',*,*,#1287,.T.);
#982=ORIENTED_EDGE('',*,*,#1290,.T.);
#983=ORIENTED_EDGE('',*,*,#1293,.T.);
#984=ORIENTED_EDGE('',*,*,#1296,.T.);
#985=ORIENTED_EDGE('',*,*,#1324,.T.);
#986=ORIENTED_EDGE('',*,*,#1278,.F.);
#987=ORIENTED_EDGE('',*,*,#1323,.F.);
#988=ORIENTED_EDGE('',*,*,#1325,.T.);
#989=ORIENTED_EDGE('',*,*,#1319,.F.);
#990=ORIENTED_EDGE('',*,*,#1294,.F.);
#991=ORIENTED_EDGE('',*,*,#1291,.F.);
#992=ORIENTED_EDGE('',*,*,#1288,.F.);
#993=ORIENTED_EDGE('',*,*,#1285,.F.);
#994=ORIENTED_EDGE('',*,*,#1282,.F.);
#995=ORIENTED_EDGE('',*,*,#1279,.F.);
#996=ORIENTED_EDGE('',*,*,#1275,.F.);
#997=ORIENTED_EDGE('',*,*,#1324,.F.);
#998=ORIENTED_EDGE('',*,*,#1326,.F.);
#999=ORIENTED_EDGE('',*,*,#1315,.F.);
#1000=ORIENTED_EDGE('',*,*,#1318,.T.);
#1001=ORIENTED_EDGE('',*,*,#1327,.T.);
#1002=ORIENTED_EDGE('',*,*,#1328,.T.);
#1003=ORIENTED_EDGE('',*,*,#1329,.F.);
#1004=ORIENTED_EDGE('',*,*,#1299,.T.);
#1005=ORIENTED_EDGE('',*,*,#1301,.T.);
#1006=ORIENTED_EDGE('',*,*,#1306,.T.);
#1007=ORIENTED_EDGE('',*,*,#1309,.T.);
#1008=ORIENTED_EDGE('',*,*,#1312,.T.);
#1009=ORIENTED_EDGE('',*,*,#1330,.T.);
#1010=ORIENTED_EDGE('',*,*,#1300,.T.);
#1011=ORIENTED_EDGE('',*,*,#1329,.T.);
#1012=ORIENTED_EDGE('',*,*,#1331,.F.);
#1013=ORIENTED_EDGE('',*,*,#1332,.T.);
#1014=ORIENTED_EDGE('',*,*,#1316,.T.);
#1015=ORIENTED_EDGE('',*,*,#1313,.F.);
#1016=ORIENTED_EDGE('',*,*,#1310,.T.);
#1017=ORIENTED_EDGE('',*,*,#1307,.F.);
#1018=ORIENTED_EDGE('',*,*,#1304,.T.);
#1019=ORIENTED_EDGE('',*,*,#1302,.T.);
#1020=ORIENTED_EDGE('',*,*,#1297,.T.);
#1021=ORIENTED_EDGE('',*,*,#1330,.F.);
#1022=ORIENTED_EDGE('',*,*,#1333,.T.);
#1023=ORIENTED_EDGE('',*,*,#1327,.F.);
#1024=ORIENTED_EDGE('',*,*,#1317,.T.);
#1025=ORIENTED_EDGE('',*,*,#1332,.F.);
#1026=ORIENTED_EDGE('',*,*,#1334,.T.);
#1027=ORIENTED_EDGE('',*,*,#1334,.F.);
#1028=ORIENTED_EDGE('',*,*,#1333,.F.);
#1029=ORIENTED_EDGE('',*,*,#1331,.T.);
#1030=ORIENTED_EDGE('',*,*,#1328,.F.);
#1031=ORIENTED_EDGE('',*,*,#1326,.T.);
#1032=ORIENTED_EDGE('',*,*,#1325,.F.);
#1033=ORIENTED_EDGE('',*,*,#1322,.F.);
#1034=ORIENTED_EDGE('',*,*,#1320,.T.);
#1035=ORIENTED_EDGE('',*,*,#1335,.F.);
#1036=ORIENTED_EDGE('',*,*,#1336,.F.);
#1037=ORIENTED_EDGE('',*,*,#1337,.T.);
#1038=ORIENTED_EDGE('',*,*,#1338,.F.);
#1039=ORIENTED_EDGE('',*,*,#1339,.F.);
#1040=ORIENTED_EDGE('',*,*,#1340,.F.);
#1041=ORIENTED_EDGE('',*,*,#1341,.F.);
#1042=ORIENTED_EDGE('',*,*,#1342,.F.);
#1043=ORIENTED_EDGE('',*,*,#1343,.F.);
#1044=ORIENTED_EDGE('',*,*,#1344,.F.);
#1045=ORIENTED_EDGE('',*,*,#1345,.F.);
#1046=ORIENTED_EDGE('',*,*,#1346,.F.);
#1047=ORIENTED_EDGE('',*,*,#1347,.F.);
#1048=ORIENTED_EDGE('',*,*,#1348,.F.);
#1049=ORIENTED_EDGE('',*,*,#1349,.F.);
#1050=ORIENTED_EDGE('',*,*,#1350,.F.);
#1051=ORIENTED_EDGE('',*,*,#1351,.F.);
#1052=ORIENTED_EDGE('',*,*,#1352,.F.);
#1053=ORIENTED_EDGE('',*,*,#1353,.F.);
#1054=ORIENTED_EDGE('',*,*,#1354,.F.);
#1055=ORIENTED_EDGE('',*,*,#1355,.T.);
#1056=ORIENTED_EDGE('',*,*,#1342,.T.);
#1057=ORIENTED_EDGE('',*,*,#1356,.T.);
#1058=ORIENTED_EDGE('',*,*,#1348,.T.);
#1059=ORIENTED_EDGE('',*,*,#1357,.F.);
#1060=ORIENTED_EDGE('',*,*,#1344,.T.);
#1061=ORIENTED_EDGE('',*,*,#1358,.F.);
#1062=ORIENTED_EDGE('',*,*,#1354,.T.);
#1063=ORIENTED_EDGE('',*,*,#1359,.T.);
#1064=ORIENTED_EDGE('',*,*,#1339,.T.);
#1065=ORIENTED_EDGE('',*,*,#1355,.F.);
#1066=ORIENTED_EDGE('',*,*,#1347,.T.);
#1067=ORIENTED_EDGE('',*,*,#1360,.F.);
#1068=ORIENTED_EDGE('',*,*,#1351,.T.);
#1069=ORIENTED_EDGE('',*,*,#1358,.T.);
#1070=ORIENTED_EDGE('',*,*,#1343,.T.);
#1071=ORIENTED_EDGE('',*,*,#1361,.F.);
#1072=ORIENTED_EDGE('',*,*,#1336,.T.);
#1073=ORIENTED_EDGE('',*,*,#1360,.T.);
#1074=ORIENTED_EDGE('',*,*,#1350,.T.);
#1075=ORIENTED_EDGE('',*,*,#1362,.F.);
#1076=ORIENTED_EDGE('',*,*,#1352,.T.);
#1077=ORIENTED_EDGE('',*,*,#1356,.F.);
#1078=ORIENTED_EDGE('',*,*,#1341,.T.);
#1079=ORIENTED_EDGE('',*,*,#1363,.T.);
#1080=ORIENTED_EDGE('',*,*,#1338,.T.);
#1081=ORIENTED_EDGE('',*,*,#1364,.F.);
#1082=ORIENTED_EDGE('',*,*,#1345,.T.);
#1083=ORIENTED_EDGE('',*,*,#1357,.T.);
#1084=ORIENTED_EDGE('',*,*,#1353,.T.);
#1085=ORIENTED_EDGE('',*,*,#1362,.T.);
#1086=ORIENTED_EDGE('',*,*,#1349,.T.);
#1087=ORIENTED_EDGE('',*,*,#1363,.F.);
#1088=ORIENTED_EDGE('',*,*,#1340,.T.);
#1089=ORIENTED_EDGE('',*,*,#1359,.F.);
#1090=ORIENTED_EDGE('',*,*,#1335,.T.);
#1091=ORIENTED_EDGE('',*,*,#1361,.T.);
#1092=ORIENTED_EDGE('',*,*,#1346,.T.);
#1093=ORIENTED_EDGE('',*,*,#1364,.T.);
#1094=ORIENTED_EDGE('',*,*,#1337,.F.);
#1095=EDGE_CURVE('',#1365,#1366,#1547,.T.);
#1096=EDGE_CURVE('',#1367,#1365,#103,.T.);
#1097=EDGE_CURVE('',#1367,#1368,#1548,.T.);
#1098=EDGE_CURVE('',#1368,#1366,#104,.T.);
#1099=EDGE_CURVE('',#1366,#1369,#105,.T.);
#1100=EDGE_CURVE('',#1368,#1370,#106,.T.);
#1101=EDGE_CURVE('',#1370,#1369,#107,.T.);
#1102=EDGE_CURVE('',#1371,#1372,#1549,.T.);
#1103=EDGE_CURVE('',#1373,#1371,#108,.T.);
#1104=EDGE_CURVE('',#1373,#1374,#1550,.T.);
#1105=EDGE_CURVE('',#1374,#1372,#109,.T.);
#1106=EDGE_CURVE('',#1372,#1375,#110,.T.);
#1107=EDGE_CURVE('',#1374,#1376,#111,.T.);
#1108=EDGE_CURVE('',#1376,#1375,#112,.T.);
#1109=EDGE_CURVE('',#1375,#1377,#1551,.T.);
#1110=EDGE_CURVE('',#1376,#1378,#1552,.T.);
#1111=EDGE_CURVE('',#1378,#1377,#113,.T.);
#1112=EDGE_CURVE('',#1377,#1365,#114,.T.);
#1113=EDGE_CURVE('',#1378,#1367,#115,.T.);
#1114=EDGE_CURVE('',#1369,#1379,#116,.T.);
#1115=EDGE_CURVE('',#1370,#1380,#117,.T.);
#1116=EDGE_CURVE('',#1380,#1379,#118,.T.);
#1117=EDGE_CURVE('',#1381,#1382,#1553,.T.);
#1118=EDGE_CURVE('',#1383,#1381,#119,.T.);
#1119=EDGE_CURVE('',#1383,#1384,#1554,.T.);
#1120=EDGE_CURVE('',#1384,#1382,#120,.T.);
#1121=EDGE_CURVE('',#1382,#1385,#121,.T.);
#1122=EDGE_CURVE('',#1384,#1386,#122,.T.);
#1123=EDGE_CURVE('',#1386,#1385,#123,.T.);
#1124=EDGE_CURVE('',#1385,#1387,#124,.T.);
#1125=EDGE_CURVE('',#1386,#1388,#125,.T.);
#1126=EDGE_CURVE('',#1388,#1387,#126,.T.);
#1127=EDGE_CURVE('',#1389,#1390,#1555,.T.);
#1128=EDGE_CURVE('',#1391,#1389,#127,.T.);
#1129=EDGE_CURVE('',#1391,#1392,#1556,.T.);
#1130=EDGE_CURVE('',#1392,#1390,#128,.T.);
#1131=EDGE_CURVE('',#1390,#1393,#129,.T.);
#1132=EDGE_CURVE('',#1392,#1394,#130,.T.);
#1133=EDGE_CURVE('',#1394,#1393,#131,.T.);
#1134=EDGE_CURVE('',#1393,#1395,#1557,.T.);
#1135=EDGE_CURVE('',#1394,#1396,#1558,.T.);
#1136=EDGE_CURVE('',#1396,#1395,#132,.T.);
#1137=EDGE_CURVE('',#1395,#1381,#133,.T.);
#1138=EDGE_CURVE('',#1396,#1383,#134,.T.);
#1139=EDGE_CURVE('',#1397,#1398,#1559,.T.);
#1140=EDGE_CURVE('',#1397,#1398,#135,.T.);
#1141=EDGE_CURVE('',#1399,#1398,#136,.F.);
#1142=EDGE_CURVE('',#1397,#1400,#137,.T.);
#1143=EDGE_CURVE('',#1400,#1399,#138,.T.);
#1144=EDGE_CURVE('',#1400,#1401,#1560,.F.);
#1145=EDGE_CURVE('',#1401,#1402,#139,.T.);
#1146=EDGE_CURVE('',#1402,#1399,#1561,.F.);
#1147=EDGE_CURVE('',#1403,#1404,#1562,.T.);
#1148=EDGE_CURVE('',#1403,#1404,#140,.T.);
#1149=EDGE_CURVE('',#1401,#1404,#141,.F.);
#1150=EDGE_CURVE('',#1403,#1402,#142,.T.);
#1151=EDGE_CURVE('',#1405,#1406,#1563,.T.);
#1152=EDGE_CURVE('',#1405,#1406,#143,.T.);
#1153=EDGE_CURVE('',#1407,#1406,#144,.F.);
#1154=EDGE_CURVE('',#1405,#1408,#145,.T.);
#1155=EDGE_CURVE('',#1408,#1407,#146,.T.);
#1156=EDGE_CURVE('',#1408,#1409,#1564,.F.);
#1157=EDGE_CURVE('',#1409,#1410,#147,.T.);
#1158=EDGE_CURVE('',#1410,#1407,#1565,.F.);
#1159=EDGE_CURVE('',#1411,#1412,#1566,.T.);
#1160=EDGE_CURVE('',#1411,#1412,#148,.T.);
#1161=EDGE_CURVE('',#1409,#1412,#149,.F.);
#1162=EDGE_CURVE('',#1411,#1410,#150,.T.);
#1163=EDGE_CURVE('',#1413,#1371,#151,.T.);
#1164=EDGE_CURVE('',#1414,#1413,#152,.T.);
#1165=EDGE_CURVE('',#1414,#1373,#153,.T.);
#1166=EDGE_CURVE('',#1379,#1415,#154,.T.);
#1167=EDGE_CURVE('',#1415,#1416,#155,.T.);
#1168=EDGE_CURVE('',#1416,#1417,#156,.T.);
#1169=EDGE_CURVE('',#1417,#1413,#157,.T.);
#1170=EDGE_CURVE('',#1418,#1416,#158,.T.);
#1171=EDGE_CURVE('',#1418,#1419,#159,.T.);
#1172=EDGE_CURVE('',#1419,#1417,#160,.T.);
#1173=EDGE_CURVE('',#1419,#1414,#161,.T.);
#1174=EDGE_CURVE('',#1420,#1418,#162,.T.);
#1175=EDGE_CURVE('',#1380,#1420,#163,.T.);
#1176=EDGE_CURVE('',#1420,#1415,#164,.T.);
#1177=EDGE_CURVE('',#1387,#1421,#165,.T.);
#1178=EDGE_CURVE('',#1388,#1422,#166,.T.);
#1179=EDGE_CURVE('',#1422,#1421,#167,.T.);
#1180=EDGE_CURVE('',#1421,#1423,#168,.T.);
#1181=EDGE_CURVE('',#1423,#1424,#169,.T.);
#1182=EDGE_CURVE('',#1424,#1425,#170,.T.);
#1183=EDGE_CURVE('',#1425,#1389,#171,.T.);
#1184=EDGE_CURVE('',#1426,#1425,#172,.T.);
#1185=EDGE_CURVE('',#1426,#1391,#173,.T.);
#1186=EDGE_CURVE('',#1427,#1426,#174,.T.);
#1187=EDGE_CURVE('',#1428,#1427,#175,.T.);
#1188=EDGE_CURVE('',#1422,#1428,#176,.T.);
#1189=EDGE_CURVE('',#1428,#1423,#177,.T.);
#1190=EDGE_CURVE('',#1427,#1424,#178,.T.);
#1191=EDGE_CURVE('',#1429,#1429,#1567,.T.);
#1192=EDGE_CURVE('',#1430,#1430,#1568,.T.);
#1193=EDGE_CURVE('',#1431,#1432,#179,.T.);
#1194=EDGE_CURVE('',#1433,#1432,#180,.T.);
#1195=EDGE_CURVE('',#1434,#1433,#181,.T.);
#1196=EDGE_CURVE('',#1434,#1431,#182,.T.);
#1197=EDGE_CURVE('',#1435,#1431,#183,.T.);
#1198=EDGE_CURVE('',#1436,#1434,#184,.T.);
#1199=EDGE_CURVE('',#1435,#1436,#185,.T.);
#1200=EDGE_CURVE('',#1437,#1438,#186,.T.);
#1201=EDGE_CURVE('',#1438,#1435,#187,.T.);
#1202=EDGE_CURVE('',#1436,#1437,#188,.T.);
#1203=EDGE_CURVE('',#1439,#1438,#189,.T.);
#1204=EDGE_CURVE('',#1440,#1437,#190,.T.);
#1205=EDGE_CURVE('',#1440,#1439,#191,.T.);
#1206=EDGE_CURVE('',#1441,#1439,#192,.T.);
#1207=EDGE_CURVE('',#1442,#1440,#193,.T.);
#1208=EDGE_CURVE('',#1442,#1441,#194,.T.);
#1209=EDGE_CURVE('',#1443,#1441,#195,.T.);
#1210=EDGE_CURVE('',#1444,#1442,#196,.T.);
#1211=EDGE_CURVE('',#1444,#1443,#197,.T.);
#1212=EDGE_CURVE('',#1445,#1446,#198,.T.);
#1213=EDGE_CURVE('',#1447,#1446,#199,.T.);
#1214=EDGE_CURVE('',#1448,#1447,#200,.T.);
#1215=EDGE_CURVE('',#1448,#1445,#201,.T.);
#1216=EDGE_CURVE('',#1446,#1449,#202,.T.);
#1217=EDGE_CURVE('',#1450,#1449,#203,.T.);
#1218=EDGE_CURVE('',#1447,#1450,#204,.T.);
#1219=EDGE_CURVE('',#1449,#1451,#205,.T.);
#1220=EDGE_CURVE('',#1452,#1451,#206,.T.);
#1221=EDGE_CURVE('',#1450,#1452,#207,.T.);
#1222=EDGE_CURVE('',#1451,#1453,#208,.T.);
#1223=EDGE_CURVE('',#1453,#1454,#209,.T.);
#1224=EDGE_CURVE('',#1454,#1452,#210,.T.);
#1225=EDGE_CURVE('',#1453,#1455,#211,.T.);
#1226=EDGE_CURVE('',#1456,#1455,#212,.T.);
#1227=EDGE_CURVE('',#1454,#1456,#213,.T.);
#1228=EDGE_CURVE('',#1455,#1457,#214,.T.);
#1229=EDGE_CURVE('',#1458,#1457,#215,.T.);
#1230=EDGE_CURVE('',#1456,#1458,#216,.T.);
#1231=EDGE_CURVE('',#1459,#1459,#1569,.T.);
#1232=EDGE_CURVE('',#1460,#1460,#1570,.T.);
#1233=EDGE_CURVE('',#1461,#1443,#217,.T.);
#1234=EDGE_CURVE('',#1462,#1444,#218,.T.);
#1235=EDGE_CURVE('',#1462,#1461,#219,.T.);
#1236=EDGE_CURVE('',#1463,#1461,#220,.T.);
#1237=EDGE_CURVE('',#1463,#1464,#221,.T.);
#1238=EDGE_CURVE('',#1465,#1464,#222,.T.);
#1239=EDGE_CURVE('',#1432,#1465,#223,.T.);
#1240=EDGE_CURVE('',#1466,#1465,#224,.T.);
#1241=EDGE_CURVE('',#1433,#1466,#225,.T.);
#1242=EDGE_CURVE('',#1466,#1467,#226,.T.);
#1243=EDGE_CURVE('',#1467,#1468,#227,.T.);
#1244=EDGE_CURVE('',#1468,#1462,#228,.T.);
#1245=EDGE_CURVE('',#1457,#1469,#229,.T.);
#1246=EDGE_CURVE('',#1470,#1469,#230,.T.);
#1247=EDGE_CURVE('',#1458,#1470,#231,.T.);
#1248=EDGE_CURVE('',#1470,#1471,#232,.T.);
#1249=EDGE_CURVE('',#1471,#1472,#233,.T.);
#1250=EDGE_CURVE('',#1472,#1473,#234,.T.);
#1251=EDGE_CURVE('',#1473,#1448,#235,.T.);
#1252=EDGE_CURVE('',#1474,#1445,#236,.T.);
#1253=EDGE_CURVE('',#1473,#1474,#237,.T.);
#1254=EDGE_CURVE('',#1475,#1474,#238,.T.);
#1255=EDGE_CURVE('',#1475,#1476,#239,.T.);
#1256=EDGE_CURVE('',#1469,#1476,#240,.T.);
#1257=EDGE_CURVE('',#1477,#1477,#1571,.F.);
#1258=EDGE_CURVE('',#1478,#1478,#1572,.F.);
#1259=EDGE_CURVE('',#1479,#1480,#241,.T.);
#1260=EDGE_CURVE('',#1479,#1463,#242,.F.);
#1261=EDGE_CURVE('',#1468,#1480,#243,.T.);
#1262=EDGE_CURVE('',#1464,#1481,#244,.F.);
#1263=EDGE_CURVE('',#1479,#1481,#245,.F.);
#1264=EDGE_CURVE('',#1482,#1481,#246,.T.);
#1265=EDGE_CURVE('',#1482,#1467,#247,.T.);
#1266=EDGE_CURVE('',#1482,#1480,#248,.T.);
#1267=EDGE_CURVE('',#1476,#1483,#249,.F.);
#1268=EDGE_CURVE('',#1484,#1483,#250,.T.);
#1269=EDGE_CURVE('',#1484,#1471,#251,.T.);
#1270=EDGE_CURVE('',#1484,#1485,#252,.T.);
#1271=EDGE_CURVE('',#1472,#1485,#253,.T.);
#1272=EDGE_CURVE('',#1486,#1485,#254,.T.);
#1273=EDGE_CURVE('',#1486,#1475,#255,.F.);
#1274=EDGE_CURVE('',#1486,#1483,#256,.F.);
#1275=EDGE_CURVE('',#1487,#1488,#1573,.T.);
#1276=EDGE_CURVE('',#1489,#1488,#257,.T.);
#1277=EDGE_CURVE('',#1490,#1489,#1574,.T.);
#1278=EDGE_CURVE('',#1490,#1487,#258,.T.);
#1279=EDGE_CURVE('',#1488,#1491,#259,.T.);
#1280=EDGE_CURVE('',#1492,#1491,#260,.T.);
#1281=EDGE_CURVE('',#1489,#1492,#261,.T.);
#1282=EDGE_CURVE('',#1491,#1493,#262,.T.);
#1283=EDGE_CURVE('',#1494,#1493,#263,.T.);
#1284=EDGE_CURVE('',#1492,#1494,#264,.T.);
#1285=EDGE_CURVE('',#1493,#1495,#265,.T.);
#1286=EDGE_CURVE('',#1496,#1495,#266,.T.);
#1287=EDGE_CURVE('',#1494,#1496,#267,.T.);
#1288=EDGE_CURVE('',#1495,#1497,#268,.T.);
#1289=EDGE_CURVE('',#1498,#1497,#269,.T.);
#1290=EDGE_CURVE('',#1496,#1498,#270,.T.);
#1291=EDGE_CURVE('',#1497,#1499,#271,.T.);
#1292=EDGE_CURVE('',#1500,#1499,#272,.T.);
#1293=EDGE_CURVE('',#1498,#1500,#273,.T.);
#1294=EDGE_CURVE('',#1499,#1501,#274,.T.);
#1295=EDGE_CURVE('',#1502,#1501,#275,.T.);
#1296=EDGE_CURVE('',#1500,#1502,#276,.T.);
#1297=EDGE_CURVE('',#1503,#1504,#1575,.F.);
#1298=EDGE_CURVE('',#1505,#1503,#277,.F.);
#1299=EDGE_CURVE('',#1506,#1505,#1576,.F.);
#1300=EDGE_CURVE('',#1504,#1506,#278,.T.);
#1301=EDGE_CURVE('',#1505,#1507,#279,.T.);
#1302=EDGE_CURVE('',#1508,#1503,#280,.T.);
#1303=EDGE_CURVE('',#1508,#1507,#281,.T.);
#1304=EDGE_CURVE('',#1509,#1508,#1577,.F.);
#1305=EDGE_CURVE('',#1510,#1509,#282,.F.);
#1306=EDGE_CURVE('',#1507,#1510,#1578,.F.);
#1307=EDGE_CURVE('',#1509,#1511,#283,.T.);
#1308=EDGE_CURVE('',#1511,#1512,#284,.T.);
#1309=EDGE_CURVE('',#1510,#1512,#285,.T.);
#1310=EDGE_CURVE('',#1513,#1511,#1579,.F.);
#1311=EDGE_CURVE('',#1514,#1513,#286,.F.);
#1312=EDGE_CURVE('',#1512,#1514,#1580,.F.);
#1313=EDGE_CURVE('',#1513,#1515,#287,.T.);
#1314=EDGE_CURVE('',#1515,#1516,#288,.T.);
#1315=EDGE_CURVE('',#1516,#1514,#289,.T.);
#1316=EDGE_CURVE('',#1517,#1515,#1581,.F.);
#1317=EDGE_CURVE('',#1518,#1517,#290,.F.);
#1318=EDGE_CURVE('',#1516,#1518,#1582,.F.);
#1319=EDGE_CURVE('',#1501,#1519,#291,.T.);
#1320=EDGE_CURVE('',#1520,#1519,#292,.T.);
#1321=EDGE_CURVE('',#1502,#1520,#293,.T.);
#1322=EDGE_CURVE('',#1520,#1521,#294,.T.);
#1323=EDGE_CURVE('',#1521,#1490,#295,.T.);
#1324=EDGE_CURVE('',#1522,#1487,#296,.T.);
#1325=EDGE_CURVE('',#1521,#1522,#297,.T.);
#1326=EDGE_CURVE('',#1519,#1522,#298,.T.);
#1327=EDGE_CURVE('',#1518,#1523,#299,.T.);
#1328=EDGE_CURVE('',#1523,#1524,#300,.T.);
#1329=EDGE_CURVE('',#1506,#1524,#301,.T.);
#1330=EDGE_CURVE('',#1525,#1504,#302,.T.);
#1331=EDGE_CURVE('',#1525,#1524,#303,.T.);
#1332=EDGE_CURVE('',#1526,#1517,#304,.T.);
#1333=EDGE_CURVE('',#1525,#1526,#305,.T.);
#1334=EDGE_CURVE('',#1526,#1523,#306,.T.);
#1335=EDGE_CURVE('',#1527,#1528,#307,.T.);
#1336=EDGE_CURVE('',#1529,#1527,#308,.T.);
#1337=EDGE_CURVE('',#1529,#1530,#309,.T.);
#1338=EDGE_CURVE('',#1528,#1530,#310,.T.);
#1339=EDGE_CURVE('',#1531,#1532,#1583,.F.);
#1340=EDGE_CURVE('',#1533,#1531,#311,.F.);
#1341=EDGE_CURVE('',#1534,#1533,#1584,.F.);
#1342=EDGE_CURVE('',#1532,#1534,#312,.T.);
#1343=EDGE_CURVE('',#1535,#1536,#1585,.F.);
#1344=EDGE_CURVE('',#1537,#1535,#313,.F.);
#1345=EDGE_CURVE('',#1538,#1537,#1586,.F.);
#1346=EDGE_CURVE('',#1536,#1538,#314,.T.);
#1347=EDGE_CURVE('',#1539,#1540,#1587,.F.);
#1348=EDGE_CURVE('',#1541,#1539,#315,.F.);
#1349=EDGE_CURVE('',#1542,#1541,#1588,.F.);
#1350=EDGE_CURVE('',#1540,#1542,#316,.T.);
#1351=EDGE_CURVE('',#1543,#1544,#1589,.F.);
#1352=EDGE_CURVE('',#1545,#1543,#317,.F.);
#1353=EDGE_CURVE('',#1546,#1545,#1590,.F.);
#1354=EDGE_CURVE('',#1544,#1546,#318,.T.);
#1355=EDGE_CURVE('',#1539,#1532,#319,.T.);
#1356=EDGE_CURVE('',#1534,#1541,#320,.T.);
#1357=EDGE_CURVE('',#1537,#1546,#321,.T.);
#1358=EDGE_CURVE('',#1544,#1535,#322,.T.);
#1359=EDGE_CURVE('',#1527,#1531,#323,.T.);
#1360=EDGE_CURVE('',#1543,#1540,#324,.T.);
#1361=EDGE_CURVE('',#1529,#1536,#325,.T.);
#1362=EDGE_CURVE('',#1545,#1542,#326,.T.);
#1363=EDGE_CURVE('',#1533,#1528,#327,.T.);
#1364=EDGE_CURVE('',#1538,#1530,#328,.T.);
#1365=VERTEX_POINT('',#3339);
#1366=VERTEX_POINT('',#3340);
#1367=VERTEX_POINT('',#3342);
#1368=VERTEX_POINT('',#3344);
#1369=VERTEX_POINT('',#3348);
#1370=VERTEX_POINT('',#3350);
#1371=VERTEX_POINT('',#3354);
#1372=VERTEX_POINT('',#3355);
#1373=VERTEX_POINT('',#3357);
#1374=VERTEX_POINT('',#3359);
#1375=VERTEX_POINT('',#3363);
#1376=VERTEX_POINT('',#3365);
#1377=VERTEX_POINT('',#3369);
#1378=VERTEX_POINT('',#3371);
#1379=VERTEX_POINT('',#3378);
#1380=VERTEX_POINT('',#3380);
#1381=VERTEX_POINT('',#3384);
#1382=VERTEX_POINT('',#3385);
#1383=VERTEX_POINT('',#3387);
#1384=VERTEX_POINT('',#3389);
#1385=VERTEX_POINT('',#3393);
#1386=VERTEX_POINT('',#3395);
#1387=VERTEX_POINT('',#3399);
#1388=VERTEX_POINT('',#3401);
#1389=VERTEX_POINT('',#3405);
#1390=VERTEX_POINT('',#3406);
#1391=VERTEX_POINT('',#3408);
#1392=VERTEX_POINT('',#3410);
#1393=VERTEX_POINT('',#3414);
#1394=VERTEX_POINT('',#3416);
#1395=VERTEX_POINT('',#3420);
#1396=VERTEX_POINT('',#3422);
#1397=VERTEX_POINT('',#3429);
#1398=VERTEX_POINT('',#3430);
#1399=VERTEX_POINT('',#3434);
#1400=VERTEX_POINT('',#3436);
#1401=VERTEX_POINT('',#3440);
#1402=VERTEX_POINT('',#3442);
#1403=VERTEX_POINT('',#3446);
#1404=VERTEX_POINT('',#3447);
#1405=VERTEX_POINT('',#3454);
#1406=VERTEX_POINT('',#3455);
#1407=VERTEX_POINT('',#3459);
#1408=VERTEX_POINT('',#3461);
#1409=VERTEX_POINT('',#3465);
#1410=VERTEX_POINT('',#3467);
#1411=VERTEX_POINT('',#3471);
#1412=VERTEX_POINT('',#3472);
#1413=VERTEX_POINT('',#3479);
#1414=VERTEX_POINT('',#3481);
#1415=VERTEX_POINT('',#3485);
#1416=VERTEX_POINT('',#3487);
#1417=VERTEX_POINT('',#3489);
#1418=VERTEX_POINT('',#3493);
#1419=VERTEX_POINT('',#3495);
#1420=VERTEX_POINT('',#3500);
#1421=VERTEX_POINT('',#3506);
#1422=VERTEX_POINT('',#3508);
#1423=VERTEX_POINT('',#3512);
#1424=VERTEX_POINT('',#3514);
#1425=VERTEX_POINT('',#3516);
#1426=VERTEX_POINT('',#3520);
#1427=VERTEX_POINT('',#3524);
#1428=VERTEX_POINT('',#3526);
#1429=VERTEX_POINT('',#3533);
#1430=VERTEX_POINT('',#3536);
#1431=VERTEX_POINT('',#3539);
#1432=VERTEX_POINT('',#3540);
#1433=VERTEX_POINT('',#3542);
#1434=VERTEX_POINT('',#3544);
#1435=VERTEX_POINT('',#3548);
#1436=VERTEX_POINT('',#3550);
#1437=VERTEX_POINT('',#3554);
#1438=VERTEX_POINT('',#3555);
#1439=VERTEX_POINT('',#3560);
#1440=VERTEX_POINT('',#3562);
#1441=VERTEX_POINT('',#3566);
#1442=VERTEX_POINT('',#3568);
#1443=VERTEX_POINT('',#3572);
#1444=VERTEX_POINT('',#3574);
#1445=VERTEX_POINT('',#3578);
#1446=VERTEX_POINT('',#3579);
#1447=VERTEX_POINT('',#3581);
#1448=VERTEX_POINT('',#3583);
#1449=VERTEX_POINT('',#3587);
#1450=VERTEX_POINT('',#3589);
#1451=VERTEX_POINT('',#3593);
#1452=VERTEX_POINT('',#3595);
#1453=VERTEX_POINT('',#3599);
#1454=VERTEX_POINT('',#3601);
#1455=VERTEX_POINT('',#3605);
#1456=VERTEX_POINT('',#3607);
#1457=VERTEX_POINT('',#3611);
#1458=VERTEX_POINT('',#3613);
#1459=VERTEX_POINT('',#3617);
#1460=VERTEX_POINT('',#3620);
#1461=VERTEX_POINT('',#3623);
#1462=VERTEX_POINT('',#3625);
#1463=VERTEX_POINT('',#3629);
#1464=VERTEX_POINT('',#3631);
#1465=VERTEX_POINT('',#3633);
#1466=VERTEX_POINT('',#3637);
#1467=VERTEX_POINT('',#3641);
#1468=VERTEX_POINT('',#3643);
#1469=VERTEX_POINT('',#3647);
#1470=VERTEX_POINT('',#3649);
#1471=VERTEX_POINT('',#3653);
#1472=VERTEX_POINT('',#3655);
#1473=VERTEX_POINT('',#3657);
#1474=VERTEX_POINT('',#3661);
#1475=VERTEX_POINT('',#3665);
#1476=VERTEX_POINT('',#3667);
#1477=VERTEX_POINT('',#3671);
#1478=VERTEX_POINT('',#3674);
#1479=VERTEX_POINT('',#3677);
#1480=VERTEX_POINT('',#3678);
#1481=VERTEX_POINT('',#3683);
#1482=VERTEX_POINT('',#3687);
#1483=VERTEX_POINT('',#3693);
#1484=VERTEX_POINT('',#3695);
#1485=VERTEX_POINT('',#3699);
#1486=VERTEX_POINT('',#3703);
#1487=VERTEX_POINT('',#3709);
#1488=VERTEX_POINT('',#3710);
#1489=VERTEX_POINT('',#3712);
#1490=VERTEX_POINT('',#3714);
#1491=VERTEX_POINT('',#3718);
#1492=VERTEX_POINT('',#3720);
#1493=VERTEX_POINT('',#3724);
#1494=VERTEX_POINT('',#3726);
#1495=VERTEX_POINT('',#3730);
#1496=VERTEX_POINT('',#3732);
#1497=VERTEX_POINT('',#3736);
#1498=VERTEX_POINT('',#3738);
#1499=VERTEX_POINT('',#3742);
#1500=VERTEX_POINT('',#3744);
#1501=VERTEX_POINT('',#3748);
#1502=VERTEX_POINT('',#3750);
#1503=VERTEX_POINT('',#3754);
#1504=VERTEX_POINT('',#3755);
#1505=VERTEX_POINT('',#3757);
#1506=VERTEX_POINT('',#3759);
#1507=VERTEX_POINT('',#3763);
#1508=VERTEX_POINT('',#3765);
#1509=VERTEX_POINT('',#3769);
#1510=VERTEX_POINT('',#3771);
#1511=VERTEX_POINT('',#3775);
#1512=VERTEX_POINT('',#3777);
#1513=VERTEX_POINT('',#3781);
#1514=VERTEX_POINT('',#3783);
#1515=VERTEX_POINT('',#3787);
#1516=VERTEX_POINT('',#3789);
#1517=VERTEX_POINT('',#3793);
#1518=VERTEX_POINT('',#3795);
#1519=VERTEX_POINT('',#3799);
#1520=VERTEX_POINT('',#3801);
#1521=VERTEX_POINT('',#3805);
#1522=VERTEX_POINT('',#3809);
#1523=VERTEX_POINT('',#3815);
#1524=VERTEX_POINT('',#3817);
#1525=VERTEX_POINT('',#3821);
#1526=VERTEX_POINT('',#3825);
#1527=VERTEX_POINT('',#3831);
#1528=VERTEX_POINT('',#3832);
#1529=VERTEX_POINT('',#3834);
#1530=VERTEX_POINT('',#3836);
#1531=VERTEX_POINT('',#3840);
#1532=VERTEX_POINT('',#3841);
#1533=VERTEX_POINT('',#3843);
#1534=VERTEX_POINT('',#3845);
#1535=VERTEX_POINT('',#3849);
#1536=VERTEX_POINT('',#3850);
#1537=VERTEX_POINT('',#3852);
#1538=VERTEX_POINT('',#3854);
#1539=VERTEX_POINT('',#3858);
#1540=VERTEX_POINT('',#3859);
#1541=VERTEX_POINT('',#3861);
#1542=VERTEX_POINT('',#3863);
#1543=VERTEX_POINT('',#3867);
#1544=VERTEX_POINT('',#3868);
#1545=VERTEX_POINT('',#3870);
#1546=VERTEX_POINT('',#3872);
#1547=CIRCLE('',#2671,0.294405453183519);
#1548=CIRCLE('',#2672,0.294405453183519);
#1549=CIRCLE('',#2675,0.252817933287012);
#1550=CIRCLE('',#2676,0.252817933287012);
#1551=CIRCLE('',#2679,0.280453941573389);
#1552=CIRCLE('',#2680,0.280453941573389);
#1553=CIRCLE('',#2684,0.294405453183519);
#1554=CIRCLE('',#2685,0.294405453183519);
#1555=CIRCLE('',#2689,0.252817933287012);
#1556=CIRCLE('',#2690,0.252817933287012);
#1557=CIRCLE('',#2693,0.280453941573389);
#1558=CIRCLE('',#2694,0.280453941573389);
#1559=CIRCLE('',#2697,0.932504559394184);
#1560=CIRCLE('',#2700,0.932504559394184);
#1561=CIRCLE('',#2701,0.932504559394184);
#1562=CIRCLE('',#2703,0.932504559394184);
#1563=CIRCLE('',#2706,0.932504559394184);
#1564=CIRCLE('',#2709,0.932504559394184);
#1565=CIRCLE('',#2710,0.932504559394184);
#1566=CIRCLE('',#2712,0.932504559394184);
#1567=CIRCLE('',#2725,0.932504559394184);
#1568=CIRCLE('',#2727,0.932504559394184);
#1569=CIRCLE('',#2741,0.988284018704791);
#1570=CIRCLE('',#2743,0.988284018704791);
#1571=CIRCLE('',#2753,0.988284018704791);
#1572=CIRCLE('',#2755,0.988284018704791);
#1573=CIRCLE('',#2765,0.311561644170341);
#1574=CIRCLE('',#2766,0.311561644170341);
#1575=CIRCLE('',#2774,0.169751444371796);
#1576=CIRCLE('',#2775,0.169751444371796);
#1577=CIRCLE('',#2778,0.169751444371796);
#1578=CIRCLE('',#2779,0.169751444371796);
#1579=CIRCLE('',#2782,0.169751444371796);
#1580=CIRCLE('',#2783,0.169751444371796);
#1581=CIRCLE('',#2786,0.169751444371796);
#1582=CIRCLE('',#2787,0.169751444371796);
#1583=CIRCLE('',#2798,0.169751444371796);
#1584=CIRCLE('',#2799,0.169751444371796);
#1585=CIRCLE('',#2801,0.169751444371796);
#1586=CIRCLE('',#2802,0.169751444371796);
#1587=CIRCLE('',#2804,0.169751444371796);
#1588=CIRCLE('',#2805,0.169751444371796);
#1589=CIRCLE('',#2807,0.169751444371796);
#1590=CIRCLE('',#2808,0.169751444371796);
#1591=EDGE_LOOP('',(#555,#556,#557,#558));
#1592=EDGE_LOOP('',(#559,#560,#561,#562));
#1593=EDGE_LOOP('',(#563,#564,#565,#566));
#1594=EDGE_LOOP('',(#567,#568,#569,#570));
#1595=EDGE_LOOP('',(#571,#572,#573,#574));
#1596=EDGE_LOOP('',(#575,#576,#577,#578));
#1597=EDGE_LOOP('',(#579,#580,#581,#582));
#1598=EDGE_LOOP('',(#583,#584,#585,#586));
#1599=EDGE_LOOP('',(#587,#588,#589,#590));
#1600=EDGE_LOOP('',(#591,#592,#593,#594));
#1601=EDGE_LOOP('',(#595,#596,#597,#598));
#1602=EDGE_LOOP('',(#599,#600,#601,#602));
#1603=EDGE_LOOP('',(#603,#604,#605,#606));
#1604=EDGE_LOOP('',(#607,#608,#609,#610));
#1605=EDGE_LOOP('',(#611,#612));
#1606=EDGE_LOOP('',(#613,#614,#615,#616));
#1607=EDGE_LOOP('',(#617,#618,#619,#620));
#1608=EDGE_LOOP('',(#621,#622));
#1609=EDGE_LOOP('',(#623,#624,#625,#626));
#1610=EDGE_LOOP('',(#627,#628));
#1611=EDGE_LOOP('',(#629,#630,#631,#632));
#1612=EDGE_LOOP('',(#633,#634,#635,#636));
#1613=EDGE_LOOP('',(#637,#638));
#1614=EDGE_LOOP('',(#639,#640,#641,#642));
#1615=EDGE_LOOP('',(#643,#644,#645,#646));
#1616=EDGE_LOOP('',(#647,#648,#649,#650,#651,#652,#653,#654,#655,#656,#657,
#658));
#1617=EDGE_LOOP('',(#659,#660,#661,#662));
#1618=EDGE_LOOP('',(#663,#664,#665,#666,#667,#668,#669,#670,#671,#672,#673,
#674));
#1619=EDGE_LOOP('',(#675,#676,#677,#678));
#1620=EDGE_LOOP('',(#679,#680,#681,#682));
#1621=EDGE_LOOP('',(#683,#684,#685,#686,#687,#688,#689,#690,#691,#692,#693,
#694));
#1622=EDGE_LOOP('',(#695,#696,#697,#698));
#1623=EDGE_LOOP('',(#699,#700,#701,#702,#703,#704,#705,#706,#707,#708,#709,
#710));
#1624=EDGE_LOOP('',(#711,#712,#713,#714));
#1625=EDGE_LOOP('',(#715,#716,#717,#718,#719,#720,#721,#722));
#1626=EDGE_LOOP('',(#723));
#1627=EDGE_LOOP('',(#724,#725,#726,#727,#728,#729,#730,#731));
#1628=EDGE_LOOP('',(#732));
#1629=EDGE_LOOP('',(#733,#734,#735,#736));
#1630=EDGE_LOOP('',(#737,#738,#739,#740));
#1631=EDGE_LOOP('',(#741,#742,#743,#744));
#1632=EDGE_LOOP('',(#745,#746,#747,#748));
#1633=EDGE_LOOP('',(#749,#750,#751,#752));
#1634=EDGE_LOOP('',(#753,#754,#755,#756));
#1635=EDGE_LOOP('',(#757,#758,#759,#760));
#1636=EDGE_LOOP('',(#761,#762,#763,#764));
#1637=EDGE_LOOP('',(#765,#766,#767,#768));
#1638=EDGE_LOOP('',(#769,#770,#771,#772));
#1639=EDGE_LOOP('',(#773,#774,#775,#776));
#1640=EDGE_LOOP('',(#777,#778,#779,#780));
#1641=EDGE_LOOP('',(#781,#782,#783,#784));
#1642=EDGE_LOOP('',(#785,#786,#787,#788));
#1643=EDGE_LOOP('',(#789,#790,#791,#792));
#1644=EDGE_LOOP('',(#793,#794,#795,#796));
#1645=EDGE_LOOP('',(#797));
#1646=EDGE_LOOP('',(#798));
#1647=EDGE_LOOP('',(#799));
#1648=EDGE_LOOP('',(#800));
#1649=EDGE_LOOP('',(#801,#802,#803,#804));
#1650=EDGE_LOOP('',(#805,#806,#807,#808,#809,#810,#811,#812,#813,#814,#815));
#1651=EDGE_LOOP('',(#816,#817,#818,#819));
#1652=EDGE_LOOP('',(#820,#821,#822,#823,#824,#825,#826,#827,#828,#829,#830));
#1653=EDGE_LOOP('',(#831,#832,#833,#834));
#1654=EDGE_LOOP('',(#835,#836,#837,#838,#839,#840,#841,#842,#843,#844,#845));
#1655=EDGE_LOOP('',(#846,#847,#848,#849));
#1656=EDGE_LOOP('',(#850,#851,#852,#853,#854,#855,#856,#857,#858,#859,#860));
#1657=EDGE_LOOP('',(#861));
#1658=EDGE_LOOP('',(#862));
#1659=EDGE_LOOP('',(#863));
#1660=EDGE_LOOP('',(#864));
#1661=EDGE_LOOP('',(#865,#866,#867,#868,#869,#870));
#1662=EDGE_LOOP('',(#871,#872,#873,#874));
#1663=EDGE_LOOP('',(#875,#876,#877,#878,#879,#880));
#1664=EDGE_LOOP('',(#881,#882,#883,#884));
#1665=EDGE_LOOP('',(#885,#886,#887,#888,#889,#890));
#1666=EDGE_LOOP('',(#891,#892,#893,#894));
#1667=EDGE_LOOP('',(#895,#896,#897,#898,#899,#900));
#1668=EDGE_LOOP('',(#901,#902,#903,#904));
#1669=EDGE_LOOP('',(#905,#906,#907,#908));
#1670=EDGE_LOOP('',(#909,#910,#911,#912));
#1671=EDGE_LOOP('',(#913,#914,#915,#916));
#1672=EDGE_LOOP('',(#917));
#1673=EDGE_LOOP('',(#918));
#1674=EDGE_LOOP('',(#919,#920,#921,#922));
#1675=EDGE_LOOP('',(#923,#924,#925,#926));
#1676=EDGE_LOOP('',(#927,#928,#929,#930));
#1677=EDGE_LOOP('',(#931,#932,#933,#934));
#1678=EDGE_LOOP('',(#935,#936,#937,#938));
#1679=EDGE_LOOP('',(#939,#940,#941,#942));
#1680=EDGE_LOOP('',(#943,#944,#945,#946));
#1681=EDGE_LOOP('',(#947,#948,#949,#950));
#1682=EDGE_LOOP('',(#951,#952,#953,#954));
#1683=EDGE_LOOP('',(#955,#956,#957,#958));
#1684=EDGE_LOOP('',(#959,#960,#961,#962));
#1685=EDGE_LOOP('',(#963,#964,#965,#966));
#1686=EDGE_LOOP('',(#967,#968,#969,#970));
#1687=EDGE_LOOP('',(#971,#972,#973,#974));
#1688=EDGE_LOOP('',(#975,#976,#977,#978,#979,#980,#981,#982,#983,#984));
#1689=EDGE_LOOP('',(#985,#986,#987,#988));
#1690=EDGE_LOOP('',(#989,#990,#991,#992,#993,#994,#995,#996,#997,#998));
#1691=EDGE_LOOP('',(#999,#1000,#1001,#1002,#1003,#1004,#1005,#1006,#1007,
#1008));
#1692=EDGE_LOOP('',(#1009,#1010,#1011,#1012));
#1693=EDGE_LOOP('',(#1013,#1014,#1015,#1016,#1017,#1018,#1019,#1020,#1021,
#1022));
#1694=EDGE_LOOP('',(#1023,#1024,#1025,#1026));
#1695=EDGE_LOOP('',(#1027,#1028,#1029,#1030));
#1696=EDGE_LOOP('',(#1031,#1032,#1033,#1034));
#1697=EDGE_LOOP('',(#1035,#1036,#1037,#1038));
#1698=EDGE_LOOP('',(#1039,#1040,#1041,#1042));
#1699=EDGE_LOOP('',(#1043,#1044,#1045,#1046));
#1700=EDGE_LOOP('',(#1047,#1048,#1049,#1050));
#1701=EDGE_LOOP('',(#1051,#1052,#1053,#1054));
#1702=EDGE_LOOP('',(#1055,#1056,#1057,#1058));
#1703=EDGE_LOOP('',(#1059,#1060,#1061,#1062));
#1704=EDGE_LOOP('',(#1063,#1064,#1065,#1066,#1067,#1068,#1069,#1070,#1071,
#1072));
#1705=EDGE_LOOP('',(#1073,#1074,#1075,#1076));
#1706=EDGE_LOOP('',(#1077,#1078,#1079,#1080,#1081,#1082,#1083,#1084,#1085,
#1086));
#1707=EDGE_LOOP('',(#1087,#1088,#1089,#1090));
#1708=EDGE_LOOP('',(#1091,#1092,#1093,#1094));
#1709=FACE_BOUND('',#1591,.T.);
#1710=FACE_BOUND('',#1592,.T.);
#1711=FACE_BOUND('',#1593,.T.);
#1712=FACE_BOUND('',#1594,.T.);
#1713=FACE_BOUND('',#1595,.T.);
#1714=FACE_BOUND('',#1596,.T.);
#1715=FACE_BOUND('',#1597,.T.);
#1716=FACE_BOUND('',#1598,.T.);
#1717=FACE_BOUND('',#1599,.T.);
#1718=FACE_BOUND('',#1600,.T.);
#1719=FACE_BOUND('',#1601,.T.);
#1720=FACE_BOUND('',#1602,.T.);
#1721=FACE_BOUND('',#1603,.T.);
#1722=FACE_BOUND('',#1604,.T.);
#1723=FACE_BOUND('',#1605,.T.);
#1724=FACE_BOUND('',#1606,.T.);
#1725=FACE_BOUND('',#1607,.T.);
#1726=FACE_BOUND('',#1608,.T.);
#1727=FACE_BOUND('',#1609,.T.);
#1728=FACE_BOUND('',#1610,.T.);
#1729=FACE_BOUND('',#1611,.T.);
#1730=FACE_BOUND('',#1612,.T.);
#1731=FACE_BOUND('',#1613,.T.);
#1732=FACE_BOUND('',#1614,.T.);
#1733=FACE_BOUND('',#1615,.T.);
#1734=FACE_BOUND('',#1616,.T.);
#1735=FACE_BOUND('',#1617,.T.);
#1736=FACE_BOUND('',#1618,.T.);
#1737=FACE_BOUND('',#1619,.T.);
#1738=FACE_BOUND('',#1620,.T.);
#1739=FACE_BOUND('',#1621,.T.);
#1740=FACE_BOUND('',#1622,.T.);
#1741=FACE_BOUND('',#1623,.T.);
#1742=FACE_BOUND('',#1624,.T.);
#1743=FACE_BOUND('',#1625,.T.);
#1744=FACE_BOUND('',#1626,.T.);
#1745=FACE_BOUND('',#1627,.T.);
#1746=FACE_BOUND('',#1628,.T.);
#1747=FACE_BOUND('',#1629,.T.);
#1748=FACE_BOUND('',#1630,.T.);
#1749=FACE_BOUND('',#1631,.T.);
#1750=FACE_BOUND('',#1632,.T.);
#1751=FACE_BOUND('',#1633,.T.);
#1752=FACE_BOUND('',#1634,.T.);
#1753=FACE_BOUND('',#1635,.T.);
#1754=FACE_BOUND('',#1636,.T.);
#1755=FACE_BOUND('',#1637,.T.);
#1756=FACE_BOUND('',#1638,.T.);
#1757=FACE_BOUND('',#1639,.T.);
#1758=FACE_BOUND('',#1640,.T.);
#1759=FACE_BOUND('',#1641,.T.);
#1760=FACE_BOUND('',#1642,.T.);
#1761=FACE_BOUND('',#1643,.T.);
#1762=FACE_BOUND('',#1644,.T.);
#1763=FACE_BOUND('',#1645,.T.);
#1764=FACE_BOUND('',#1646,.T.);
#1765=FACE_BOUND('',#1647,.T.);
#1766=FACE_BOUND('',#1648,.T.);
#1767=FACE_BOUND('',#1649,.T.);
#1768=FACE_BOUND('',#1650,.T.);
#1769=FACE_BOUND('',#1651,.T.);
#1770=FACE_BOUND('',#1652,.T.);
#1771=FACE_BOUND('',#1653,.T.);
#1772=FACE_BOUND('',#1654,.T.);
#1773=FACE_BOUND('',#1655,.T.);
#1774=FACE_BOUND('',#1656,.T.);
#1775=FACE_BOUND('',#1657,.T.);
#1776=FACE_BOUND('',#1658,.T.);
#1777=FACE_BOUND('',#1659,.T.);
#1778=FACE_BOUND('',#1660,.T.);
#1779=FACE_BOUND('',#1661,.T.);
#1780=FACE_BOUND('',#1662,.T.);
#1781=FACE_BOUND('',#1663,.T.);
#1782=FACE_BOUND('',#1664,.T.);
#1783=FACE_BOUND('',#1665,.T.);
#1784=FACE_BOUND('',#1666,.T.);
#1785=FACE_BOUND('',#1667,.T.);
#1786=FACE_BOUND('',#1668,.T.);
#1787=FACE_BOUND('',#1669,.T.);
#1788=FACE_BOUND('',#1670,.T.);
#1789=FACE_BOUND('',#1671,.T.);
#1790=FACE_BOUND('',#1672,.T.);
#1791=FACE_BOUND('',#1673,.T.);
#1792=FACE_BOUND('',#1674,.T.);
#1793=FACE_BOUND('',#1675,.T.);
#1794=FACE_BOUND('',#1676,.T.);
#1795=FACE_BOUND('',#1677,.T.);
#1796=FACE_BOUND('',#1678,.T.);
#1797=FACE_BOUND('',#1679,.T.);
#1798=FACE_BOUND('',#1680,.T.);
#1799=FACE_BOUND('',#1681,.T.);
#1800=FACE_BOUND('',#1682,.T.);
#1801=FACE_BOUND('',#1683,.T.);
#1802=FACE_BOUND('',#1684,.T.);
#1803=FACE_BOUND('',#1685,.T.);
#1804=FACE_BOUND('',#1686,.T.);
#1805=FACE_BOUND('',#1687,.T.);
#1806=FACE_BOUND('',#1688,.T.);
#1807=FACE_BOUND('',#1689,.T.);
#1808=FACE_BOUND('',#1690,.T.);
#1809=FACE_BOUND('',#1691,.T.);
#1810=FACE_BOUND('',#1692,.T.);
#1811=FACE_BOUND('',#1693,.T.);
#1812=FACE_BOUND('',#1694,.T.);
#1813=FACE_BOUND('',#1695,.T.);
#1814=FACE_BOUND('',#1696,.T.);
#1815=FACE_BOUND('',#1697,.T.);
#1816=FACE_BOUND('',#1698,.T.);
#1817=FACE_BOUND('',#1699,.T.);
#1818=FACE_BOUND('',#1700,.T.);
#1819=FACE_BOUND('',#1701,.T.);
#1820=FACE_BOUND('',#1702,.T.);
#1821=FACE_BOUND('',#1703,.T.);
#1822=FACE_BOUND('',#1704,.T.);
#1823=FACE_BOUND('',#1705,.T.);
#1824=FACE_BOUND('',#1706,.T.);
#1825=FACE_BOUND('',#1707,.T.);
#1826=FACE_BOUND('',#1708,.T.);
#1827=CYLINDRICAL_SURFACE('',#2670,0.294405453183519);
#1828=CYLINDRICAL_SURFACE('',#2674,0.252817933287012);
#1829=CYLINDRICAL_SURFACE('',#2678,0.280453941573389);
#1830=CYLINDRICAL_SURFACE('',#2683,0.294405453183519);
#1831=CYLINDRICAL_SURFACE('',#2688,0.252817933287012);
#1832=CYLINDRICAL_SURFACE('',#2692,0.280453941573389);
#1833=CYLINDRICAL_SURFACE('',#2724,0.932504559394184);
#1834=CYLINDRICAL_SURFACE('',#2726,0.932504559394184);
#1835=CYLINDRICAL_SURFACE('',#2752,0.988284018704791);
#1836=CYLINDRICAL_SURFACE('',#2754,0.988284018704791);
#1837=CYLINDRICAL_SURFACE('',#2764,0.311561644170341);
#1838=CYLINDRICAL_SURFACE('',#2773,0.169751444371796);
#1839=CYLINDRICAL_SURFACE('',#2777,0.169751444371796);
#1840=CYLINDRICAL_SURFACE('',#2781,0.169751444371796);
#1841=CYLINDRICAL_SURFACE('',#2785,0.169751444371796);
#1842=CYLINDRICAL_SURFACE('',#2797,0.169751444371796);
#1843=CYLINDRICAL_SURFACE('',#2800,0.169751444371796);
#1844=CYLINDRICAL_SURFACE('',#2803,0.169751444371796);
#1845=CYLINDRICAL_SURFACE('',#2806,0.169751444371796);
#1846=STYLED_ITEM('',(#1948),#2563);
#1847=STYLED_ITEM('',(#1949),#2564);
#1848=STYLED_ITEM('',(#1950),#2565);
#1849=STYLED_ITEM('',(#1951),#2566);
#1850=STYLED_ITEM('',(#1952),#2567);
#1851=STYLED_ITEM('',(#1953),#2568);
#1852=STYLED_ITEM('',(#1954),#2569);
#1853=STYLED_ITEM('',(#1955),#2570);
#1854=STYLED_ITEM('',(#1956),#2571);
#1855=STYLED_ITEM('',(#1957),#2572);
#1856=STYLED_ITEM('',(#1958),#2573);
#1857=STYLED_ITEM('',(#1959),#2574);
#1858=STYLED_ITEM('',(#1960),#2575);
#1859=STYLED_ITEM('',(#1961),#2576);
#1860=STYLED_ITEM('',(#1962),#2577);
#1861=STYLED_ITEM('',(#1963),#2578);
#1862=STYLED_ITEM('',(#1964),#2579);
#1863=STYLED_ITEM('',(#1965),#2580);
#1864=STYLED_ITEM('',(#1966),#2581);
#1865=STYLED_ITEM('',(#1967),#2582);
#1866=STYLED_ITEM('',(#1968),#2583);
#1867=STYLED_ITEM('',(#1969),#2584);
#1868=STYLED_ITEM('',(#1970),#2585);
#1869=STYLED_ITEM('',(#1971),#2586);
#1870=STYLED_ITEM('',(#1972),#2587);
#1871=STYLED_ITEM('',(#1973),#2588);
#1872=STYLED_ITEM('',(#1974),#2589);
#1873=STYLED_ITEM('',(#1975),#2590);
#1874=STYLED_ITEM('',(#1976),#2591);
#1875=STYLED_ITEM('',(#1977),#2592);
#1876=STYLED_ITEM('',(#1978),#2593);
#1877=STYLED_ITEM('',(#1979),#2594);
#1878=STYLED_ITEM('',(#1980),#2595);
#1879=STYLED_ITEM('',(#1981),#2596);
#1880=STYLED_ITEM('',(#1982),#2597);
#1881=STYLED_ITEM('',(#1983),#2598);
#1882=STYLED_ITEM('',(#1984),#2599);
#1883=STYLED_ITEM('',(#1985),#2600);
#1884=STYLED_ITEM('',(#1986),#2601);
#1885=STYLED_ITEM('',(#1987),#2602);
#1886=STYLED_ITEM('',(#1988),#2603);
#1887=STYLED_ITEM('',(#1989),#2604);
#1888=STYLED_ITEM('',(#1990),#2605);
#1889=STYLED_ITEM('',(#1991),#2606);
#1890=STYLED_ITEM('',(#1992),#2607);
#1891=STYLED_ITEM('',(#1993),#2608);
#1892=STYLED_ITEM('',(#1994),#2609);
#1893=STYLED_ITEM('',(#1995),#2610);
#1894=STYLED_ITEM('',(#1996),#2611);
#1895=STYLED_ITEM('',(#1997),#2612);
#1896=STYLED_ITEM('',(#1998),#2613);
#1897=STYLED_ITEM('',(#1999),#2614);
#1898=STYLED_ITEM('',(#2000),#2615);
#1899=STYLED_ITEM('',(#2001),#2616);
#1900=STYLED_ITEM('',(#2002),#2617);
#1901=STYLED_ITEM('',(#2003),#2618);
#1902=STYLED_ITEM('',(#2004),#2619);
#1903=STYLED_ITEM('',(#2005),#2620);
#1904=STYLED_ITEM('',(#2006),#2621);
#1905=STYLED_ITEM('',(#2007),#2622);
#1906=STYLED_ITEM('',(#2008),#2623);
#1907=STYLED_ITEM('',(#2009),#2624);
#1908=STYLED_ITEM('',(#2010),#2625);
#1909=STYLED_ITEM('',(#2011),#2626);
#1910=STYLED_ITEM('',(#2012),#2627);
#1911=STYLED_ITEM('',(#2013),#2628);
#1912=STYLED_ITEM('',(#2014),#2629);
#1913=STYLED_ITEM('',(#2015),#2630);
#1914=STYLED_ITEM('',(#2016),#2631);
#1915=STYLED_ITEM('',(#2017),#2632);
#1916=STYLED_ITEM('',(#2018),#2633);
#1917=STYLED_ITEM('',(#2019),#2634);
#1918=STYLED_ITEM('',(#2020),#2635);
#1919=STYLED_ITEM('',(#2021),#2636);
#1920=STYLED_ITEM('',(#2022),#2637);
#1921=STYLED_ITEM('',(#2023),#2638);
#1922=STYLED_ITEM('',(#2024),#2639);
#1923=STYLED_ITEM('',(#2025),#2640);
#1924=STYLED_ITEM('',(#2026),#2641);
#1925=STYLED_ITEM('',(#2027),#2642);
#1926=STYLED_ITEM('',(#2028),#2643);
#1927=STYLED_ITEM('',(#2029),#2644);
#1928=STYLED_ITEM('',(#2030),#2645);
#1929=STYLED_ITEM('',(#2031),#2646);
#1930=STYLED_ITEM('',(#2032),#2647);
#1931=STYLED_ITEM('',(#2033),#2648);
#1932=STYLED_ITEM('',(#2034),#2649);
#1933=STYLED_ITEM('',(#2035),#2650);
#1934=STYLED_ITEM('',(#2036),#2651);
#1935=STYLED_ITEM('',(#2037),#2652);
#1936=STYLED_ITEM('',(#2038),#2653);
#1937=STYLED_ITEM('',(#2039),#2654);
#1938=STYLED_ITEM('',(#2040),#2655);
#1939=STYLED_ITEM('',(#2041),#2656);
#1940=STYLED_ITEM('',(#2042),#2657);
#1941=STYLED_ITEM('',(#2043),#2658);
#1942=STYLED_ITEM('',(#2044),#2659);
#1943=STYLED_ITEM('',(#2045),#2660);
#1944=STYLED_ITEM('',(#2046),#2661);
#1945=STYLED_ITEM('',(#2047),#2662);
#1946=STYLED_ITEM('',(#2048),#2663);
#1947=STYLED_ITEM('',(#2049),#2664);
#1948=PRESENTATION_STYLE_ASSIGNMENT((#2050));
#1949=PRESENTATION_STYLE_ASSIGNMENT((#2051));
#1950=PRESENTATION_STYLE_ASSIGNMENT((#2052));
#1951=PRESENTATION_STYLE_ASSIGNMENT((#2053));
#1952=PRESENTATION_STYLE_ASSIGNMENT((#2054));
#1953=PRESENTATION_STYLE_ASSIGNMENT((#2055));
#1954=PRESENTATION_STYLE_ASSIGNMENT((#2056));
#1955=PRESENTATION_STYLE_ASSIGNMENT((#2057));
#1956=PRESENTATION_STYLE_ASSIGNMENT((#2058));
#1957=PRESENTATION_STYLE_ASSIGNMENT((#2059));
#1958=PRESENTATION_STYLE_ASSIGNMENT((#2060));
#1959=PRESENTATION_STYLE_ASSIGNMENT((#2061));
#1960=PRESENTATION_STYLE_ASSIGNMENT((#2062));
#1961=PRESENTATION_STYLE_ASSIGNMENT((#2063));
#1962=PRESENTATION_STYLE_ASSIGNMENT((#2064));
#1963=PRESENTATION_STYLE_ASSIGNMENT((#2065));
#1964=PRESENTATION_STYLE_ASSIGNMENT((#2066));
#1965=PRESENTATION_STYLE_ASSIGNMENT((#2067));
#1966=PRESENTATION_STYLE_ASSIGNMENT((#2068));
#1967=PRESENTATION_STYLE_ASSIGNMENT((#2069));
#1968=PRESENTATION_STYLE_ASSIGNMENT((#2070));
#1969=PRESENTATION_STYLE_ASSIGNMENT((#2071));
#1970=PRESENTATION_STYLE_ASSIGNMENT((#2072));
#1971=PRESENTATION_STYLE_ASSIGNMENT((#2073));
#1972=PRESENTATION_STYLE_ASSIGNMENT((#2074));
#1973=PRESENTATION_STYLE_ASSIGNMENT((#2075));
#1974=PRESENTATION_STYLE_ASSIGNMENT((#2076));
#1975=PRESENTATION_STYLE_ASSIGNMENT((#2077));
#1976=PRESENTATION_STYLE_ASSIGNMENT((#2078));
#1977=PRESENTATION_STYLE_ASSIGNMENT((#2079));
#1978=PRESENTATION_STYLE_ASSIGNMENT((#2080));
#1979=PRESENTATION_STYLE_ASSIGNMENT((#2081));
#1980=PRESENTATION_STYLE_ASSIGNMENT((#2082));
#1981=PRESENTATION_STYLE_ASSIGNMENT((#2083));
#1982=PRESENTATION_STYLE_ASSIGNMENT((#2084));
#1983=PRESENTATION_STYLE_ASSIGNMENT((#2085));
#1984=PRESENTATION_STYLE_ASSIGNMENT((#2086));
#1985=PRESENTATION_STYLE_ASSIGNMENT((#2087));
#1986=PRESENTATION_STYLE_ASSIGNMENT((#2088));
#1987=PRESENTATION_STYLE_ASSIGNMENT((#2089));
#1988=PRESENTATION_STYLE_ASSIGNMENT((#2090));
#1989=PRESENTATION_STYLE_ASSIGNMENT((#2091));
#1990=PRESENTATION_STYLE_ASSIGNMENT((#2092));
#1991=PRESENTATION_STYLE_ASSIGNMENT((#2093));
#1992=PRESENTATION_STYLE_ASSIGNMENT((#2094));
#1993=PRESENTATION_STYLE_ASSIGNMENT((#2095));
#1994=PRESENTATION_STYLE_ASSIGNMENT((#2096));
#1995=PRESENTATION_STYLE_ASSIGNMENT((#2097));
#1996=PRESENTATION_STYLE_ASSIGNMENT((#2098));
#1997=PRESENTATION_STYLE_ASSIGNMENT((#2099));
#1998=PRESENTATION_STYLE_ASSIGNMENT((#2100));
#1999=PRESENTATION_STYLE_ASSIGNMENT((#2101));
#2000=PRESENTATION_STYLE_ASSIGNMENT((#2102));
#2001=PRESENTATION_STYLE_ASSIGNMENT((#2103));
#2002=PRESENTATION_STYLE_ASSIGNMENT((#2104));
#2003=PRESENTATION_STYLE_ASSIGNMENT((#2105));
#2004=PRESENTATION_STYLE_ASSIGNMENT((#2106));
#2005=PRESENTATION_STYLE_ASSIGNMENT((#2107));
#2006=PRESENTATION_STYLE_ASSIGNMENT((#2108));
#2007=PRESENTATION_STYLE_ASSIGNMENT((#2109));
#2008=PRESENTATION_STYLE_ASSIGNMENT((#2110));
#2009=PRESENTATION_STYLE_ASSIGNMENT((#2111));
#2010=PRESENTATION_STYLE_ASSIGNMENT((#2112));
#2011=PRESENTATION_STYLE_ASSIGNMENT((#2113));
#2012=PRESENTATION_STYLE_ASSIGNMENT((#2114));
#2013=PRESENTATION_STYLE_ASSIGNMENT((#2115));
#2014=PRESENTATION_STYLE_ASSIGNMENT((#2116));
#2015=PRESENTATION_STYLE_ASSIGNMENT((#2117));
#2016=PRESENTATION_STYLE_ASSIGNMENT((#2118));
#2017=PRESENTATION_STYLE_ASSIGNMENT((#2119));
#2018=PRESENTATION_STYLE_ASSIGNMENT((#2120));
#2019=PRESENTATION_STYLE_ASSIGNMENT((#2121));
#2020=PRESENTATION_STYLE_ASSIGNMENT((#2122));
#2021=PRESENTATION_STYLE_ASSIGNMENT((#2123));
#2022=PRESENTATION_STYLE_ASSIGNMENT((#2124));
#2023=PRESENTATION_STYLE_ASSIGNMENT((#2125));
#2024=PRESENTATION_STYLE_ASSIGNMENT((#2126));
#2025=PRESENTATION_STYLE_ASSIGNMENT((#2127));
#2026=PRESENTATION_STYLE_ASSIGNMENT((#2128));
#2027=PRESENTATION_STYLE_ASSIGNMENT((#2129));
#2028=PRESENTATION_STYLE_ASSIGNMENT((#2130));
#2029=PRESENTATION_STYLE_ASSIGNMENT((#2131));
#2030=PRESENTATION_STYLE_ASSIGNMENT((#2132));
#2031=PRESENTATION_STYLE_ASSIGNMENT((#2133));
#2032=PRESENTATION_STYLE_ASSIGNMENT((#2134));
#2033=PRESENTATION_STYLE_ASSIGNMENT((#2135));
#2034=PRESENTATION_STYLE_ASSIGNMENT((#2136));
#2035=PRESENTATION_STYLE_ASSIGNMENT((#2137));
#2036=PRESENTATION_STYLE_ASSIGNMENT((#2138));
#2037=PRESENTATION_STYLE_ASSIGNMENT((#2139));
#2038=PRESENTATION_STYLE_ASSIGNMENT((#2140));
#2039=PRESENTATION_STYLE_ASSIGNMENT((#2141));
#2040=PRESENTATION_STYLE_ASSIGNMENT((#2142));
#2041=PRESENTATION_STYLE_ASSIGNMENT((#2143));
#2042=PRESENTATION_STYLE_ASSIGNMENT((#2144));
#2043=PRESENTATION_STYLE_ASSIGNMENT((#2145));
#2044=PRESENTATION_STYLE_ASSIGNMENT((#2146));
#2045=PRESENTATION_STYLE_ASSIGNMENT((#2147));
#2046=PRESENTATION_STYLE_ASSIGNMENT((#2148));
#2047=PRESENTATION_STYLE_ASSIGNMENT((#2149));
#2048=PRESENTATION_STYLE_ASSIGNMENT((#2150));
#2049=PRESENTATION_STYLE_ASSIGNMENT((#2151));
#2050=SURFACE_STYLE_USAGE(.BOTH.,#2152);
#2051=SURFACE_STYLE_USAGE(.BOTH.,#2153);
#2052=SURFACE_STYLE_USAGE(.BOTH.,#2154);
#2053=SURFACE_STYLE_USAGE(.BOTH.,#2155);
#2054=SURFACE_STYLE_USAGE(.BOTH.,#2156);
#2055=SURFACE_STYLE_USAGE(.BOTH.,#2157);
#2056=SURFACE_STYLE_USAGE(.BOTH.,#2158);
#2057=SURFACE_STYLE_USAGE(.BOTH.,#2159);
#2058=SURFACE_STYLE_USAGE(.BOTH.,#2160);
#2059=SURFACE_STYLE_USAGE(.BOTH.,#2161);
#2060=SURFACE_STYLE_USAGE(.BOTH.,#2162);
#2061=SURFACE_STYLE_USAGE(.BOTH.,#2163);
#2062=SURFACE_STYLE_USAGE(.BOTH.,#2164);
#2063=SURFACE_STYLE_USAGE(.BOTH.,#2165);
#2064=SURFACE_STYLE_USAGE(.BOTH.,#2166);
#2065=SURFACE_STYLE_USAGE(.BOTH.,#2167);
#2066=SURFACE_STYLE_USAGE(.BOTH.,#2168);
#2067=SURFACE_STYLE_USAGE(.BOTH.,#2169);
#2068=SURFACE_STYLE_USAGE(.BOTH.,#2170);
#2069=SURFACE_STYLE_USAGE(.BOTH.,#2171);
#2070=SURFACE_STYLE_USAGE(.BOTH.,#2172);
#2071=SURFACE_STYLE_USAGE(.BOTH.,#2173);
#2072=SURFACE_STYLE_USAGE(.BOTH.,#2174);
#2073=SURFACE_STYLE_USAGE(.BOTH.,#2175);
#2074=SURFACE_STYLE_USAGE(.BOTH.,#2176);
#2075=SURFACE_STYLE_USAGE(.BOTH.,#2177);
#2076=SURFACE_STYLE_USAGE(.BOTH.,#2178);
#2077=SURFACE_STYLE_USAGE(.BOTH.,#2179);
#2078=SURFACE_STYLE_USAGE(.BOTH.,#2180);
#2079=SURFACE_STYLE_USAGE(.BOTH.,#2181);
#2080=SURFACE_STYLE_USAGE(.BOTH.,#2182);
#2081=SURFACE_STYLE_USAGE(.BOTH.,#2183);
#2082=SURFACE_STYLE_USAGE(.BOTH.,#2184);
#2083=SURFACE_STYLE_USAGE(.BOTH.,#2185);
#2084=SURFACE_STYLE_USAGE(.BOTH.,#2186);
#2085=SURFACE_STYLE_USAGE(.BOTH.,#2187);
#2086=SURFACE_STYLE_USAGE(.BOTH.,#2188);
#2087=SURFACE_STYLE_USAGE(.BOTH.,#2189);
#2088=SURFACE_STYLE_USAGE(.BOTH.,#2190);
#2089=SURFACE_STYLE_USAGE(.BOTH.,#2191);
#2090=SURFACE_STYLE_USAGE(.BOTH.,#2192);
#2091=SURFACE_STYLE_USAGE(.BOTH.,#2193);
#2092=SURFACE_STYLE_USAGE(.BOTH.,#2194);
#2093=SURFACE_STYLE_USAGE(.BOTH.,#2195);
#2094=SURFACE_STYLE_USAGE(.BOTH.,#2196);
#2095=SURFACE_STYLE_USAGE(.BOTH.,#2197);
#2096=SURFACE_STYLE_USAGE(.BOTH.,#2198);
#2097=SURFACE_STYLE_USAGE(.BOTH.,#2199);
#2098=SURFACE_STYLE_USAGE(.BOTH.,#2200);
#2099=SURFACE_STYLE_USAGE(.BOTH.,#2201);
#2100=SURFACE_STYLE_USAGE(.BOTH.,#2202);
#2101=SURFACE_STYLE_USAGE(.BOTH.,#2203);
#2102=SURFACE_STYLE_USAGE(.BOTH.,#2204);
#2103=SURFACE_STYLE_USAGE(.BOTH.,#2205);
#2104=SURFACE_STYLE_USAGE(.BOTH.,#2206);
#2105=SURFACE_STYLE_USAGE(.BOTH.,#2207);
#2106=SURFACE_STYLE_USAGE(.BOTH.,#2208);
#2107=SURFACE_STYLE_USAGE(.BOTH.,#2209);
#2108=SURFACE_STYLE_USAGE(.BOTH.,#2210);
#2109=SURFACE_STYLE_USAGE(.BOTH.,#2211);
#2110=SURFACE_STYLE_USAGE(.BOTH.,#2212);
#2111=SURFACE_STYLE_USAGE(.BOTH.,#2213);
#2112=SURFACE_STYLE_USAGE(.BOTH.,#2214);
#2113=SURFACE_STYLE_USAGE(.BOTH.,#2215);
#2114=SURFACE_STYLE_USAGE(.BOTH.,#2216);
#2115=SURFACE_STYLE_USAGE(.BOTH.,#2217);
#2116=SURFACE_STYLE_USAGE(.BOTH.,#2218);
#2117=SURFACE_STYLE_USAGE(.BOTH.,#2219);
#2118=SURFACE_STYLE_USAGE(.BOTH.,#2220);
#2119=SURFACE_STYLE_USAGE(.BOTH.,#2221);
#2120=SURFACE_STYLE_USAGE(.BOTH.,#2222);
#2121=SURFACE_STYLE_USAGE(.BOTH.,#2223);
#2122=SURFACE_STYLE_USAGE(.BOTH.,#2224);
#2123=SURFACE_STYLE_USAGE(.BOTH.,#2225);
#2124=SURFACE_STYLE_USAGE(.BOTH.,#2226);
#2125=SURFACE_STYLE_USAGE(.BOTH.,#2227);
#2126=SURFACE_STYLE_USAGE(.BOTH.,#2228);
#2127=SURFACE_STYLE_USAGE(.BOTH.,#2229);
#2128=SURFACE_STYLE_USAGE(.BOTH.,#2230);
#2129=SURFACE_STYLE_USAGE(.BOTH.,#2231);
#2130=SURFACE_STYLE_USAGE(.BOTH.,#2232);
#2131=SURFACE_STYLE_USAGE(.BOTH.,#2233);
#2132=SURFACE_STYLE_USAGE(.BOTH.,#2234);
#2133=SURFACE_STYLE_USAGE(.BOTH.,#2235);
#2134=SURFACE_STYLE_USAGE(.BOTH.,#2236);
#2135=SURFACE_STYLE_USAGE(.BOTH.,#2237);
#2136=SURFACE_STYLE_USAGE(.BOTH.,#2238);
#2137=SURFACE_STYLE_USAGE(.BOTH.,#2239);
#2138=SURFACE_STYLE_USAGE(.BOTH.,#2240);
#2139=SURFACE_STYLE_USAGE(.BOTH.,#2241);
#2140=SURFACE_STYLE_USAGE(.BOTH.,#2242);
#2141=SURFACE_STYLE_USAGE(.BOTH.,#2243);
#2142=SURFACE_STYLE_USAGE(.BOTH.,#2244);
#2143=SURFACE_STYLE_USAGE(.BOTH.,#2245);
#2144=SURFACE_STYLE_USAGE(.BOTH.,#2246);
#2145=SURFACE_STYLE_USAGE(.BOTH.,#2247);
#2146=SURFACE_STYLE_USAGE(.BOTH.,#2248);
#2147=SURFACE_STYLE_USAGE(.BOTH.,#2249);
#2148=SURFACE_STYLE_USAGE(.BOTH.,#2250);
#2149=SURFACE_STYLE_USAGE(.BOTH.,#2251);
#2150=SURFACE_STYLE_USAGE(.BOTH.,#2252);
#2151=SURFACE_STYLE_USAGE(.BOTH.,#2253);
#2152=SURFACE_SIDE_STYLE('',(#2254));
#2153=SURFACE_SIDE_STYLE('',(#2255));
#2154=SURFACE_SIDE_STYLE('',(#2256));
#2155=SURFACE_SIDE_STYLE('',(#2257));
#2156=SURFACE_SIDE_STYLE('',(#2258));
#2157=SURFACE_SIDE_STYLE('',(#2259));
#2158=SURFACE_SIDE_STYLE('',(#2260));
#2159=SURFACE_SIDE_STYLE('',(#2261));
#2160=SURFACE_SIDE_STYLE('',(#2262));
#2161=SURFACE_SIDE_STYLE('',(#2263));
#2162=SURFACE_SIDE_STYLE('',(#2264));
#2163=SURFACE_SIDE_STYLE('',(#2265));
#2164=SURFACE_SIDE_STYLE('',(#2266));
#2165=SURFACE_SIDE_STYLE('',(#2267));
#2166=SURFACE_SIDE_STYLE('',(#2268));
#2167=SURFACE_SIDE_STYLE('',(#2269));
#2168=SURFACE_SIDE_STYLE('',(#2270));
#2169=SURFACE_SIDE_STYLE('',(#2271));
#2170=SURFACE_SIDE_STYLE('',(#2272));
#2171=SURFACE_SIDE_STYLE('',(#2273));
#2172=SURFACE_SIDE_STYLE('',(#2274));
#2173=SURFACE_SIDE_STYLE('',(#2275));
#2174=SURFACE_SIDE_STYLE('',(#2276));
#2175=SURFACE_SIDE_STYLE('',(#2277));
#2176=SURFACE_SIDE_STYLE('',(#2278));
#2177=SURFACE_SIDE_STYLE('',(#2279));
#2178=SURFACE_SIDE_STYLE('',(#2280));
#2179=SURFACE_SIDE_STYLE('',(#2281));
#2180=SURFACE_SIDE_STYLE('',(#2282));
#2181=SURFACE_SIDE_STYLE('',(#2283));
#2182=SURFACE_SIDE_STYLE('',(#2284));
#2183=SURFACE_SIDE_STYLE('',(#2285));
#2184=SURFACE_SIDE_STYLE('',(#2286));
#2185=SURFACE_SIDE_STYLE('',(#2287));
#2186=SURFACE_SIDE_STYLE('',(#2288));
#2187=SURFACE_SIDE_STYLE('',(#2289));
#2188=SURFACE_SIDE_STYLE('',(#2290));
#2189=SURFACE_SIDE_STYLE('',(#2291));
#2190=SURFACE_SIDE_STYLE('',(#2292));
#2191=SURFACE_SIDE_STYLE('',(#2293));
#2192=SURFACE_SIDE_STYLE('',(#2294));
#2193=SURFACE_SIDE_STYLE('',(#2295));
#2194=SURFACE_SIDE_STYLE('',(#2296));
#2195=SURFACE_SIDE_STYLE('',(#2297));
#2196=SURFACE_SIDE_STYLE('',(#2298));
#2197=SURFACE_SIDE_STYLE('',(#2299));
#2198=SURFACE_SIDE_STYLE('',(#2300));
#2199=SURFACE_SIDE_STYLE('',(#2301));
#2200=SURFACE_SIDE_STYLE('',(#2302));
#2201=SURFACE_SIDE_STYLE('',(#2303));
#2202=SURFACE_SIDE_STYLE('',(#2304));
#2203=SURFACE_SIDE_STYLE('',(#2305));
#2204=SURFACE_SIDE_STYLE('',(#2306));
#2205=SURFACE_SIDE_STYLE('',(#2307));
#2206=SURFACE_SIDE_STYLE('',(#2308));
#2207=SURFACE_SIDE_STYLE('',(#2309));
#2208=SURFACE_SIDE_STYLE('',(#2310));
#2209=SURFACE_SIDE_STYLE('',(#2311));
#2210=SURFACE_SIDE_STYLE('',(#2312));
#2211=SURFACE_SIDE_STYLE('',(#2313));
#2212=SURFACE_SIDE_STYLE('',(#2314));
#2213=SURFACE_SIDE_STYLE('',(#2315));
#2214=SURFACE_SIDE_STYLE('',(#2316));
#2215=SURFACE_SIDE_STYLE('',(#2317));
#2216=SURFACE_SIDE_STYLE('',(#2318));
#2217=SURFACE_SIDE_STYLE('',(#2319));
#2218=SURFACE_SIDE_STYLE('',(#2320));
#2219=SURFACE_SIDE_STYLE('',(#2321));
#2220=SURFACE_SIDE_STYLE('',(#2322));
#2221=SURFACE_SIDE_STYLE('',(#2323));
#2222=SURFACE_SIDE_STYLE('',(#2324));
#2223=SURFACE_SIDE_STYLE('',(#2325));
#2224=SURFACE_SIDE_STYLE('',(#2326));
#2225=SURFACE_SIDE_STYLE('',(#2327));
#2226=SURFACE_SIDE_STYLE('',(#2328));
#2227=SURFACE_SIDE_STYLE('',(#2329));
#2228=SURFACE_SIDE_STYLE('',(#2330));
#2229=SURFACE_SIDE_STYLE('',(#2331));
#2230=SURFACE_SIDE_STYLE('',(#2332));
#2231=SURFACE_SIDE_STYLE('',(#2333));
#2232=SURFACE_SIDE_STYLE('',(#2334));
#2233=SURFACE_SIDE_STYLE('',(#2335));
#2234=SURFACE_SIDE_STYLE('',(#2336));
#2235=SURFACE_SIDE_STYLE('',(#2337));
#2236=SURFACE_SIDE_STYLE('',(#2338));
#2237=SURFACE_SIDE_STYLE('',(#2339));
#2238=SURFACE_SIDE_STYLE('',(#2340));
#2239=SURFACE_SIDE_STYLE('',(#2341));
#2240=SURFACE_SIDE_STYLE('',(#2342));
#2241=SURFACE_SIDE_STYLE('',(#2343));
#2242=SURFACE_SIDE_STYLE('',(#2344));
#2243=SURFACE_SIDE_STYLE('',(#2345));
#2244=SURFACE_SIDE_STYLE('',(#2346));
#2245=SURFACE_SIDE_STYLE('',(#2347));
#2246=SURFACE_SIDE_STYLE('',(#2348));
#2247=SURFACE_SIDE_STYLE('',(#2349));
#2248=SURFACE_SIDE_STYLE('',(#2350));
#2249=SURFACE_SIDE_STYLE('',(#2351));
#2250=SURFACE_SIDE_STYLE('',(#2352));
#2251=SURFACE_SIDE_STYLE('',(#2353));
#2252=SURFACE_SIDE_STYLE('',(#2354));
#2253=SURFACE_SIDE_STYLE('',(#2355));
#2254=SURFACE_STYLE_FILL_AREA(#2356);
#2255=SURFACE_STYLE_FILL_AREA(#2357);
#2256=SURFACE_STYLE_FILL_AREA(#2358);
#2257=SURFACE_STYLE_FILL_AREA(#2359);
#2258=SURFACE_STYLE_FILL_AREA(#2360);
#2259=SURFACE_STYLE_FILL_AREA(#2361);
#2260=SURFACE_STYLE_FILL_AREA(#2362);
#2261=SURFACE_STYLE_FILL_AREA(#2363);
#2262=SURFACE_STYLE_FILL_AREA(#2364);
#2263=SURFACE_STYLE_FILL_AREA(#2365);
#2264=SURFACE_STYLE_FILL_AREA(#2366);
#2265=SURFACE_STYLE_FILL_AREA(#2367);
#2266=SURFACE_STYLE_FILL_AREA(#2368);
#2267=SURFACE_STYLE_FILL_AREA(#2369);
#2268=SURFACE_STYLE_FILL_AREA(#2370);
#2269=SURFACE_STYLE_FILL_AREA(#2371);
#2270=SURFACE_STYLE_FILL_AREA(#2372);
#2271=SURFACE_STYLE_FILL_AREA(#2373);
#2272=SURFACE_STYLE_FILL_AREA(#2374);
#2273=SURFACE_STYLE_FILL_AREA(#2375);
#2274=SURFACE_STYLE_FILL_AREA(#2376);
#2275=SURFACE_STYLE_FILL_AREA(#2377);
#2276=SURFACE_STYLE_FILL_AREA(#2378);
#2277=SURFACE_STYLE_FILL_AREA(#2379);
#2278=SURFACE_STYLE_FILL_AREA(#2380);
#2279=SURFACE_STYLE_FILL_AREA(#2381);
#2280=SURFACE_STYLE_FILL_AREA(#2382);
#2281=SURFACE_STYLE_FILL_AREA(#2383);
#2282=SURFACE_STYLE_FILL_AREA(#2384);
#2283=SURFACE_STYLE_FILL_AREA(#2385);
#2284=SURFACE_STYLE_FILL_AREA(#2386);
#2285=SURFACE_STYLE_FILL_AREA(#2387);
#2286=SURFACE_STYLE_FILL_AREA(#2388);
#2287=SURFACE_STYLE_FILL_AREA(#2389);
#2288=SURFACE_STYLE_FILL_AREA(#2390);
#2289=SURFACE_STYLE_FILL_AREA(#2391);
#2290=SURFACE_STYLE_FILL_AREA(#2392);
#2291=SURFACE_STYLE_FILL_AREA(#2393);
#2292=SURFACE_STYLE_FILL_AREA(#2394);
#2293=SURFACE_STYLE_FILL_AREA(#2395);
#2294=SURFACE_STYLE_FILL_AREA(#2396);
#2295=SURFACE_STYLE_FILL_AREA(#2397);
#2296=SURFACE_STYLE_FILL_AREA(#2398);
#2297=SURFACE_STYLE_FILL_AREA(#2399);
#2298=SURFACE_STYLE_FILL_AREA(#2400);
#2299=SURFACE_STYLE_FILL_AREA(#2401);
#2300=SURFACE_STYLE_FILL_AREA(#2402);
#2301=SURFACE_STYLE_FILL_AREA(#2403);
#2302=SURFACE_STYLE_FILL_AREA(#2404);
#2303=SURFACE_STYLE_FILL_AREA(#2405);
#2304=SURFACE_STYLE_FILL_AREA(#2406);
#2305=SURFACE_STYLE_FILL_AREA(#2407);
#2306=SURFACE_STYLE_FILL_AREA(#2408);
#2307=SURFACE_STYLE_FILL_AREA(#2409);
#2308=SURFACE_STYLE_FILL_AREA(#2410);
#2309=SURFACE_STYLE_FILL_AREA(#2411);
#2310=SURFACE_STYLE_FILL_AREA(#2412);
#2311=SURFACE_STYLE_FILL_AREA(#2413);
#2312=SURFACE_STYLE_FILL_AREA(#2414);
#2313=SURFACE_STYLE_FILL_AREA(#2415);
#2314=SURFACE_STYLE_FILL_AREA(#2416);
#2315=SURFACE_STYLE_FILL_AREA(#2417);
#2316=SURFACE_STYLE_FILL_AREA(#2418);
#2317=SURFACE_STYLE_FILL_AREA(#2419);
#2318=SURFACE_STYLE_FILL_AREA(#2420);
#2319=SURFACE_STYLE_FILL_AREA(#2421);
#2320=SURFACE_STYLE_FILL_AREA(#2422);
#2321=SURFACE_STYLE_FILL_AREA(#2423);
#2322=SURFACE_STYLE_FILL_AREA(#2424);
#2323=SURFACE_STYLE_FILL_AREA(#2425);
#2324=SURFACE_STYLE_FILL_AREA(#2426);
#2325=SURFACE_STYLE_FILL_AREA(#2427);
#2326=SURFACE_STYLE_FILL_AREA(#2428);
#2327=SURFACE_STYLE_FILL_AREA(#2429);
#2328=SURFACE_STYLE_FILL_AREA(#2430);
#2329=SURFACE_STYLE_FILL_AREA(#2431);
#2330=SURFACE_STYLE_FILL_AREA(#2432);
#2331=SURFACE_STYLE_FILL_AREA(#2433);
#2332=SURFACE_STYLE_FILL_AREA(#2434);
#2333=SURFACE_STYLE_FILL_AREA(#2435);
#2334=SURFACE_STYLE_FILL_AREA(#2436);
#2335=SURFACE_STYLE_FILL_AREA(#2437);
#2336=SURFACE_STYLE_FILL_AREA(#2438);
#2337=SURFACE_STYLE_FILL_AREA(#2439);
#2338=SURFACE_STYLE_FILL_AREA(#2440);
#2339=SURFACE_STYLE_FILL_AREA(#2441);
#2340=SURFACE_STYLE_FILL_AREA(#2442);
#2341=SURFACE_STYLE_FILL_AREA(#2443);
#2342=SURFACE_STYLE_FILL_AREA(#2444);
#2343=SURFACE_STYLE_FILL_AREA(#2445);
#2344=SURFACE_STYLE_FILL_AREA(#2446);
#2345=SURFACE_STYLE_FILL_AREA(#2447);
#2346=SURFACE_STYLE_FILL_AREA(#2448);
#2347=SURFACE_STYLE_FILL_AREA(#2449);
#2348=SURFACE_STYLE_FILL_AREA(#2450);
#2349=SURFACE_STYLE_FILL_AREA(#2451);
#2350=SURFACE_STYLE_FILL_AREA(#2452);
#2351=SURFACE_STYLE_FILL_AREA(#2453);
#2352=SURFACE_STYLE_FILL_AREA(#2454);
#2353=SURFACE_STYLE_FILL_AREA(#2455);
#2354=SURFACE_STYLE_FILL_AREA(#2456);
#2355=SURFACE_STYLE_FILL_AREA(#2457);
#2356=FILL_AREA_STYLE('',(#2458));
#2357=FILL_AREA_STYLE('',(#2459));
#2358=FILL_AREA_STYLE('',(#2460));
#2359=FILL_AREA_STYLE('',(#2461));
#2360=FILL_AREA_STYLE('',(#2462));
#2361=FILL_AREA_STYLE('',(#2463));
#2362=FILL_AREA_STYLE('',(#2464));
#2363=FILL_AREA_STYLE('',(#2465));
#2364=FILL_AREA_STYLE('',(#2466));
#2365=FILL_AREA_STYLE('',(#2467));
#2366=FILL_AREA_STYLE('',(#2468));
#2367=FILL_AREA_STYLE('',(#2469));
#2368=FILL_AREA_STYLE('',(#2470));
#2369=FILL_AREA_STYLE('',(#2471));
#2370=FILL_AREA_STYLE('',(#2472));
#2371=FILL_AREA_STYLE('',(#2473));
#2372=FILL_AREA_STYLE('',(#2474));
#2373=FILL_AREA_STYLE('',(#2475));
#2374=FILL_AREA_STYLE('',(#2476));
#2375=FILL_AREA_STYLE('',(#2477));
#2376=FILL_AREA_STYLE('',(#2478));
#2377=FILL_AREA_STYLE('',(#2479));
#2378=FILL_AREA_STYLE('',(#2480));
#2379=FILL_AREA_STYLE('',(#2481));
#2380=FILL_AREA_STYLE('',(#2482));
#2381=FILL_AREA_STYLE('',(#2483));
#2382=FILL_AREA_STYLE('',(#2484));
#2383=FILL_AREA_STYLE('',(#2485));
#2384=FILL_AREA_STYLE('',(#2486));
#2385=FILL_AREA_STYLE('',(#2487));
#2386=FILL_AREA_STYLE('',(#2488));
#2387=FILL_AREA_STYLE('',(#2489));
#2388=FILL_AREA_STYLE('',(#2490));
#2389=FILL_AREA_STYLE('',(#2491));
#2390=FILL_AREA_STYLE('',(#2492));
#2391=FILL_AREA_STYLE('',(#2493));
#2392=FILL_AREA_STYLE('',(#2494));
#2393=FILL_AREA_STYLE('',(#2495));
#2394=FILL_AREA_STYLE('',(#2496));
#2395=FILL_AREA_STYLE('',(#2497));
#2396=FILL_AREA_STYLE('',(#2498));
#2397=FILL_AREA_STYLE('',(#2499));
#2398=FILL_AREA_STYLE('',(#2500));
#2399=FILL_AREA_STYLE('',(#2501));
#2400=FILL_AREA_STYLE('',(#2502));
#2401=FILL_AREA_STYLE('',(#2503));
#2402=FILL_AREA_STYLE('',(#2504));
#2403=FILL_AREA_STYLE('',(#2505));
#2404=FILL_AREA_STYLE('',(#2506));
#2405=FILL_AREA_STYLE('',(#2507));
#2406=FILL_AREA_STYLE('',(#2508));
#2407=FILL_AREA_STYLE('',(#2509));
#2408=FILL_AREA_STYLE('',(#2510));
#2409=FILL_AREA_STYLE('',(#2511));
#2410=FILL_AREA_STYLE('',(#2512));
#2411=FILL_AREA_STYLE('',(#2513));
#2412=FILL_AREA_STYLE('',(#2514));
#2413=FILL_AREA_STYLE('',(#2515));
#2414=FILL_AREA_STYLE('',(#2516));
#2415=FILL_AREA_STYLE('',(#2517));
#2416=FILL_AREA_STYLE('',(#2518));
#2417=FILL_AREA_STYLE('',(#2519));
#2418=FILL_AREA_STYLE('',(#2520));
#2419=FILL_AREA_STYLE('',(#2521));
#2420=FILL_AREA_STYLE('',(#2522));
#2421=FILL_AREA_STYLE('',(#2523));
#2422=FILL_AREA_STYLE('',(#2524));
#2423=FILL_AREA_STYLE('',(#2525));
#2424=FILL_AREA_STYLE('',(#2526));
#2425=FILL_AREA_STYLE('',(#2527));
#2426=FILL_AREA_STYLE('',(#2528));
#2427=FILL_AREA_STYLE('',(#2529));
#2428=FILL_AREA_STYLE('',(#2530));
#2429=FILL_AREA_STYLE('',(#2531));
#2430=FILL_AREA_STYLE('',(#2532));
#2431=FILL_AREA_STYLE('',(#2533));
#2432=FILL_AREA_STYLE('',(#2534));
#2433=FILL_AREA_STYLE('',(#2535));
#2434=FILL_AREA_STYLE('',(#2536));
#2435=FILL_AREA_STYLE('',(#2537));
#2436=FILL_AREA_STYLE('',(#2538));
#2437=FILL_AREA_STYLE('',(#2539));
#2438=FILL_AREA_STYLE('',(#2540));
#2439=FILL_AREA_STYLE('',(#2541));
#2440=FILL_AREA_STYLE('',(#2542));
#2441=FILL_AREA_STYLE('',(#2543));
#2442=FILL_AREA_STYLE('',(#2544));
#2443=FILL_AREA_STYLE('',(#2545));
#2444=FILL_AREA_STYLE('',(#2546));
#2445=FILL_AREA_STYLE('',(#2547));
#2446=FILL_AREA_STYLE('',(#2548));
#2447=FILL_AREA_STYLE('',(#2549));
#2448=FILL_AREA_STYLE('',(#2550));
#2449=FILL_AREA_STYLE('',(#2551));
#2450=FILL_AREA_STYLE('',(#2552));
#2451=FILL_AREA_STYLE('',(#2553));
#2452=FILL_AREA_STYLE('',(#2554));
#2453=FILL_AREA_STYLE('',(#2555));
#2454=FILL_AREA_STYLE('',(#2556));
#2455=FILL_AREA_STYLE('',(#2557));
#2456=FILL_AREA_STYLE('',(#2558));
#2457=FILL_AREA_STYLE('',(#2559));
#2458=FILL_AREA_STYLE_COLOUR('',#2560);
#2459=FILL_AREA_STYLE_COLOUR('',#2560);
#2460=FILL_AREA_STYLE_COLOUR('',#2560);
#2461=FILL_AREA_STYLE_COLOUR('',#2560);
#2462=FILL_AREA_STYLE_COLOUR('',#2560);
#2463=FILL_AREA_STYLE_COLOUR('',#2560);
#2464=FILL_AREA_STYLE_COLOUR('',#2560);
#2465=FILL_AREA_STYLE_COLOUR('',#2560);
#2466=FILL_AREA_STYLE_COLOUR('',#2560);
#2467=FILL_AREA_STYLE_COLOUR('',#2560);
#2468=FILL_AREA_STYLE_COLOUR('',#2560);
#2469=FILL_AREA_STYLE_COLOUR('',#2560);
#2470=FILL_AREA_STYLE_COLOUR('',#2560);
#2471=FILL_AREA_STYLE_COLOUR('',#2560);
#2472=FILL_AREA_STYLE_COLOUR('',#2560);
#2473=FILL_AREA_STYLE_COLOUR('',#2560);
#2474=FILL_AREA_STYLE_COLOUR('',#2560);
#2475=FILL_AREA_STYLE_COLOUR('',#2560);
#2476=FILL_AREA_STYLE_COLOUR('',#2560);
#2477=FILL_AREA_STYLE_COLOUR('',#2560);
#2478=FILL_AREA_STYLE_COLOUR('',#2560);
#2479=FILL_AREA_STYLE_COLOUR('',#2560);
#2480=FILL_AREA_STYLE_COLOUR('',#2560);
#2481=FILL_AREA_STYLE_COLOUR('',#2560);
#2482=FILL_AREA_STYLE_COLOUR('',#2560);
#2483=FILL_AREA_STYLE_COLOUR('',#2560);
#2484=FILL_AREA_STYLE_COLOUR('',#2560);
#2485=FILL_AREA_STYLE_COLOUR('',#2560);
#2486=FILL_AREA_STYLE_COLOUR('',#2560);
#2487=FILL_AREA_STYLE_COLOUR('',#2560);
#2488=FILL_AREA_STYLE_COLOUR('',#2560);
#2489=FILL_AREA_STYLE_COLOUR('',#2560);
#2490=FILL_AREA_STYLE_COLOUR('',#2560);
#2491=FILL_AREA_STYLE_COLOUR('',#2560);
#2492=FILL_AREA_STYLE_COLOUR('',#2560);
#2493=FILL_AREA_STYLE_COLOUR('',#2560);
#2494=FILL_AREA_STYLE_COLOUR('',#2561);
#2495=FILL_AREA_STYLE_COLOUR('',#2561);
#2496=FILL_AREA_STYLE_COLOUR('',#2561);
#2497=FILL_AREA_STYLE_COLOUR('',#2561);
#2498=FILL_AREA_STYLE_COLOUR('',#2561);
#2499=FILL_AREA_STYLE_COLOUR('',#2561);
#2500=FILL_AREA_STYLE_COLOUR('',#2561);
#2501=FILL_AREA_STYLE_COLOUR('',#2561);
#2502=FILL_AREA_STYLE_COLOUR('',#2561);
#2503=FILL_AREA_STYLE_COLOUR('',#2562);
#2504=FILL_AREA_STYLE_COLOUR('',#2561);
#2505=FILL_AREA_STYLE_COLOUR('',#2561);
#2506=FILL_AREA_STYLE_COLOUR('',#2561);
#2507=FILL_AREA_STYLE_COLOUR('',#2561);
#2508=FILL_AREA_STYLE_COLOUR('',#2561);
#2509=FILL_AREA_STYLE_COLOUR('',#2561);
#2510=FILL_AREA_STYLE_COLOUR('',#2561);
#2511=FILL_AREA_STYLE_COLOUR('',#2561);
#2512=FILL_AREA_STYLE_COLOUR('',#2561);
#2513=FILL_AREA_STYLE_COLOUR('',#2561);
#2514=FILL_AREA_STYLE_COLOUR('',#2561);
#2515=FILL_AREA_STYLE_COLOUR('',#2561);
#2516=FILL_AREA_STYLE_COLOUR('',#2561);
#2517=FILL_AREA_STYLE_COLOUR('',#2561);
#2518=FILL_AREA_STYLE_COLOUR('',#2561);
#2519=FILL_AREA_STYLE_COLOUR('',#2561);
#2520=FILL_AREA_STYLE_COLOUR('',#2561);
#2521=FILL_AREA_STYLE_COLOUR('',#2561);
#2522=FILL_AREA_STYLE_COLOUR('',#2561);
#2523=FILL_AREA_STYLE_COLOUR('',#2561);
#2524=FILL_AREA_STYLE_COLOUR('',#2561);
#2525=FILL_AREA_STYLE_COLOUR('',#2561);
#2526=FILL_AREA_STYLE_COLOUR('',#2561);
#2527=FILL_AREA_STYLE_COLOUR('',#2561);
#2528=FILL_AREA_STYLE_COLOUR('',#2561);
#2529=FILL_AREA_STYLE_COLOUR('',#2561);
#2530=FILL_AREA_STYLE_COLOUR('',#2561);
#2531=FILL_AREA_STYLE_COLOUR('',#2561);
#2532=FILL_AREA_STYLE_COLOUR('',#2561);
#2533=FILL_AREA_STYLE_COLOUR('',#2560);
#2534=FILL_AREA_STYLE_COLOUR('',#2560);
#2535=FILL_AREA_STYLE_COLOUR('',#2560);
#2536=FILL_AREA_STYLE_COLOUR('',#2560);
#2537=FILL_AREA_STYLE_COLOUR('',#2560);
#2538=FILL_AREA_STYLE_COLOUR('',#2560);
#2539=FILL_AREA_STYLE_COLOUR('',#2560);
#2540=FILL_AREA_STYLE_COLOUR('',#2561);
#2541=FILL_AREA_STYLE_COLOUR('',#2561);
#2542=FILL_AREA_STYLE_COLOUR('',#2561);
#2543=FILL_AREA_STYLE_COLOUR('',#2561);
#2544=FILL_AREA_STYLE_COLOUR('',#2560);
#2545=FILL_AREA_STYLE_COLOUR('',#2560);
#2546=FILL_AREA_STYLE_COLOUR('',#2560);
#2547=FILL_AREA_STYLE_COLOUR('',#2560);
#2548=FILL_AREA_STYLE_COLOUR('',#2561);
#2549=FILL_AREA_STYLE_COLOUR('',#2560);
#2550=FILL_AREA_STYLE_COLOUR('',#2560);
#2551=FILL_AREA_STYLE_COLOUR('',#2560);
#2552=FILL_AREA_STYLE_COLOUR('',#2560);
#2553=FILL_AREA_STYLE_COLOUR('',#2560);
#2554=FILL_AREA_STYLE_COLOUR('',#2560);
#2555=FILL_AREA_STYLE_COLOUR('',#2560);
#2556=FILL_AREA_STYLE_COLOUR('',#2560);
#2557=FILL_AREA_STYLE_COLOUR('',#2560);
#2558=FILL_AREA_STYLE_COLOUR('',#2560);
#2559=FILL_AREA_STYLE_COLOUR('',#2560);
#2560=COLOUR_RGB('',0.699999988079071,0.699999988079071,0.699999988079071);
#2561=COLOUR_RGB('',0.39215686917305,0.600000023841858,0.39215686917305);
#2562=COLOUR_RGB('',0.506983280181885,0.531564235687256,0.550000011920929);
#2563=ADVANCED_FACE('',(#1709),#1827,.F.);
#2564=ADVANCED_FACE('',(#1710),#20,.T.);
#2565=ADVANCED_FACE('',(#1711),#1828,.T.);
#2566=ADVANCED_FACE('',(#1712),#21,.T.);
#2567=ADVANCED_FACE('',(#1713),#1829,.F.);
#2568=ADVANCED_FACE('',(#1714),#22,.T.);
#2569=ADVANCED_FACE('',(#1715),#23,.T.);
#2570=ADVANCED_FACE('',(#1716),#1830,.F.);
#2571=ADVANCED_FACE('',(#1717),#24,.T.);
#2572=ADVANCED_FACE('',(#1718),#25,.T.);
#2573=ADVANCED_FACE('',(#1719),#1831,.T.);
#2574=ADVANCED_FACE('',(#1720),#26,.T.);
#2575=ADVANCED_FACE('',(#1721),#1832,.F.);
#2576=ADVANCED_FACE('',(#1722),#27,.T.);
#2577=ADVANCED_FACE('',(#1723),#28,.F.);
#2578=ADVANCED_FACE('',(#1724),#29,.F.);
#2579=ADVANCED_FACE('',(#1725),#30,.F.);
#2580=ADVANCED_FACE('',(#1726),#31,.F.);
#2581=ADVANCED_FACE('',(#1727),#32,.F.);
#2582=ADVANCED_FACE('',(#1728),#33,.F.);
#2583=ADVANCED_FACE('',(#1729),#34,.F.);
#2584=ADVANCED_FACE('',(#1730),#35,.F.);
#2585=ADVANCED_FACE('',(#1731),#36,.F.);
#2586=ADVANCED_FACE('',(#1732),#37,.F.);
#2587=ADVANCED_FACE('',(#1733),#38,.T.);
#2588=ADVANCED_FACE('',(#1734),#39,.F.);
#2589=ADVANCED_FACE('',(#1735),#40,.T.);
#2590=ADVANCED_FACE('',(#1736),#41,.T.);
#2591=ADVANCED_FACE('',(#1737),#42,.T.);
#2592=ADVANCED_FACE('',(#1738),#43,.T.);
#2593=ADVANCED_FACE('',(#1739),#44,.F.);
#2594=ADVANCED_FACE('',(#1740),#45,.T.);
#2595=ADVANCED_FACE('',(#1741),#46,.T.);
#2596=ADVANCED_FACE('',(#1742),#47,.T.);
#2597=ADVANCED_FACE('',(#1743,#1744),#1833,.T.);
#2598=ADVANCED_FACE('',(#1745,#1746),#1834,.T.);
#2599=ADVANCED_FACE('',(#1747),#48,.F.);
#2600=ADVANCED_FACE('',(#1748,#1749),#49,.F.);
#2601=ADVANCED_FACE('',(#1750),#50,.T.);
#2602=ADVANCED_FACE('',(#1751,#1752),#51,.F.);
#2603=ADVANCED_FACE('',(#1753),#52,.F.);
#2604=ADVANCED_FACE('',(#1754),#53,.F.);
#2605=ADVANCED_FACE('',(#1755),#54,.F.);
#2606=ADVANCED_FACE('',(#1756),#55,.F.);
#2607=ADVANCED_FACE('',(#1757,#1758),#56,.F.);
#2608=ADVANCED_FACE('',(#1759),#57,.T.);
#2609=ADVANCED_FACE('',(#1760,#1761),#58,.F.);
#2610=ADVANCED_FACE('',(#1762),#59,.F.);
#2611=ADVANCED_FACE('',(#1763,#1764),#60,.T.);
#2612=ADVANCED_FACE('',(#1765,#1766),#61,.T.);
#2613=ADVANCED_FACE('',(#1767),#62,.F.);
#2614=ADVANCED_FACE('',(#1768),#63,.F.);
#2615=ADVANCED_FACE('',(#1769),#64,.F.);
#2616=ADVANCED_FACE('',(#1770),#65,.T.);
#2617=ADVANCED_FACE('',(#1771),#66,.F.);
#2618=ADVANCED_FACE('',(#1772),#67,.T.);
#2619=ADVANCED_FACE('',(#1773),#68,.F.);
#2620=ADVANCED_FACE('',(#1774),#69,.F.);
#2621=ADVANCED_FACE('',(#1775,#1776),#1835,.F.);
#2622=ADVANCED_FACE('',(#1777,#1778),#1836,.F.);
#2623=ADVANCED_FACE('',(#1779),#70,.F.);
#2624=ADVANCED_FACE('',(#1780),#71,.F.);
#2625=ADVANCED_FACE('',(#1781),#72,.F.);
#2626=ADVANCED_FACE('',(#1782),#73,.T.);
#2627=ADVANCED_FACE('',(#1783),#74,.F.);
#2628=ADVANCED_FACE('',(#1784),#75,.T.);
#2629=ADVANCED_FACE('',(#1785),#76,.F.);
#2630=ADVANCED_FACE('',(#1786),#77,.F.);
#2631=ADVANCED_FACE('',(#1787),#1837,.T.);
#2632=ADVANCED_FACE('',(#1788),#78,.F.);
#2633=ADVANCED_FACE('',(#1789),#79,.F.);
#2634=ADVANCED_FACE('',(#1790,#1791,#1792),#80,.F.);
#2635=ADVANCED_FACE('',(#1793),#81,.F.);
#2636=ADVANCED_FACE('',(#1794),#82,.F.);
#2637=ADVANCED_FACE('',(#1795),#83,.F.);
#2638=ADVANCED_FACE('',(#1796),#1838,.T.);
#2639=ADVANCED_FACE('',(#1797),#84,.F.);
#2640=ADVANCED_FACE('',(#1798),#1839,.T.);
#2641=ADVANCED_FACE('',(#1799),#85,.F.);
#2642=ADVANCED_FACE('',(#1800),#1840,.T.);
#2643=ADVANCED_FACE('',(#1801),#86,.T.);
#2644=ADVANCED_FACE('',(#1802),#1841,.T.);
#2645=ADVANCED_FACE('',(#1803,#1804,#1805),#87,.F.);
#2646=ADVANCED_FACE('',(#1806),#88,.T.);
#2647=ADVANCED_FACE('',(#1807),#89,.F.);
#2648=ADVANCED_FACE('',(#1808),#90,.F.);
#2649=ADVANCED_FACE('',(#1809),#91,.F.);
#2650=ADVANCED_FACE('',(#1810),#92,.T.);
#2651=ADVANCED_FACE('',(#1811),#93,.F.);
#2652=ADVANCED_FACE('',(#1812),#94,.F.);
#2653=ADVANCED_FACE('',(#1813,#1814,#1815),#95,.F.);
#2654=ADVANCED_FACE('',(#1816),#1842,.T.);
#2655=ADVANCED_FACE('',(#1817),#1843,.T.);
#2656=ADVANCED_FACE('',(#1818),#1844,.T.);
#2657=ADVANCED_FACE('',(#1819),#1845,.T.);
#2658=ADVANCED_FACE('',(#1820),#96,.T.);
#2659=ADVANCED_FACE('',(#1821),#97,.F.);
#2660=ADVANCED_FACE('',(#1822),#98,.F.);
#2661=ADVANCED_FACE('',(#1823),#99,.F.);
#2662=ADVANCED_FACE('',(#1824),#100,.F.);
#2663=ADVANCED_FACE('',(#1825),#101,.F.);
#2664=ADVANCED_FACE('',(#1826),#102,.T.);
#2665=CLOSED_SHELL('',(#2563,#2564,#2565,#2566,#2567,#2568,#2569,#2570,
#2571,#2572,#2573,#2574,#2575,#2576,#2577,#2578,#2579,#2580,#2581,#2582,
#2583,#2584,#2585,#2586,#2587,#2588,#2589,#2590,#2591,#2592,#2593,#2594,
#2595,#2596,#2597,#2598,#2599,#2600,#2601,#2602,#2603,#2604,#2605,#2606,
#2607,#2608,#2609,#2610,#2611,#2612,#2613,#2614,#2615,#2616,#2617,#2618,
#2619,#2620,#2621,#2622,#2623,#2624,#2625,#2626,#2627,#2628,#2629,#2630,
#2631,#2632,#2633,#2634,#2635,#2636,#2637,#2638,#2639,#2640,#2641,#2642,
#2643,#2644,#2645,#2646,#2647,#2648,#2649,#2650,#2651,#2652,#2653,#2654,
#2655,#2656,#2657,#2658,#2659,#2660,#2661,#2662,#2663,#2664));
#2666=MANIFOLD_SOLID_BREP('',#2665);
#2667=SHAPE_DEFINITION_REPRESENTATION(#3897,#2668);
#2668=SHAPE_REPRESENTATION('OSTVN02A150',(#2669),#3892);
#2669=AXIS2_PLACEMENT_3D('',#3336,#2816,#2817);
#2670=AXIS2_PLACEMENT_3D('',#3337,#2818,#2819);
#2671=AXIS2_PLACEMENT_3D('',#3338,#2820,#2821);
#2672=AXIS2_PLACEMENT_3D('',#3343,#2823,#2824);
#2673=AXIS2_PLACEMENT_3D('',#3346,#2826,#2827);
#2674=AXIS2_PLACEMENT_3D('',#3352,#2831,#2832);
#2675=AXIS2_PLACEMENT_3D('',#3353,#2833,#2834);
#2676=AXIS2_PLACEMENT_3D('',#3358,#2836,#2837);
#2677=AXIS2_PLACEMENT_3D('',#3361,#2839,#2840);
#2678=AXIS2_PLACEMENT_3D('',#3367,#2844,#2845);
#2679=AXIS2_PLACEMENT_3D('',#3368,#2846,#2847);
#2680=AXIS2_PLACEMENT_3D('',#3370,#2848,#2849);
#2681=AXIS2_PLACEMENT_3D('',#3373,#2851,#2852);
#2682=AXIS2_PLACEMENT_3D('',#3376,#2855,#2856);
#2683=AXIS2_PLACEMENT_3D('',#3382,#2860,#2861);
#2684=AXIS2_PLACEMENT_3D('',#3383,#2862,#2863);
#2685=AXIS2_PLACEMENT_3D('',#3388,#2865,#2866);
#2686=AXIS2_PLACEMENT_3D('',#3391,#2868,#2869);
#2687=AXIS2_PLACEMENT_3D('',#3397,#2873,#2874);
#2688=AXIS2_PLACEMENT_3D('',#3403,#2878,#2879);
#2689=AXIS2_PLACEMENT_3D('',#3404,#2880,#2881);
#2690=AXIS2_PLACEMENT_3D('',#3409,#2883,#2884);
#2691=AXIS2_PLACEMENT_3D('',#3412,#2886,#2887);
#2692=AXIS2_PLACEMENT_3D('',#3418,#2891,#2892);
#2693=AXIS2_PLACEMENT_3D('',#3419,#2893,#2894);
#2694=AXIS2_PLACEMENT_3D('',#3421,#2895,#2896);
#2695=AXIS2_PLACEMENT_3D('',#3424,#2898,#2899);
#2696=AXIS2_PLACEMENT_3D('',#3427,#2902,#2903);
#2697=AXIS2_PLACEMENT_3D('',#3428,#2904,#2905);
#2698=AXIS2_PLACEMENT_3D('',#3432,#2907,#2908);
#2699=AXIS2_PLACEMENT_3D('',#3438,#2912,#2913);
#2700=AXIS2_PLACEMENT_3D('',#3439,#2914,#2915);
#2701=AXIS2_PLACEMENT_3D('',#3443,#2917,#2918);
#2702=AXIS2_PLACEMENT_3D('',#3444,#2919,#2920);
#2703=AXIS2_PLACEMENT_3D('',#3445,#2921,#2922);
#2704=AXIS2_PLACEMENT_3D('',#3449,#2924,#2925);
#2705=AXIS2_PLACEMENT_3D('',#3452,#2928,#2929);
#2706=AXIS2_PLACEMENT_3D('',#3453,#2930,#2931);
#2707=AXIS2_PLACEMENT_3D('',#3457,#2933,#2934);
#2708=AXIS2_PLACEMENT_3D('',#3463,#2938,#2939);
#2709=AXIS2_PLACEMENT_3D('',#3464,#2940,#2941);
#2710=AXIS2_PLACEMENT_3D('',#3468,#2943,#2944);
#2711=AXIS2_PLACEMENT_3D('',#3469,#2945,#2946);
#2712=AXIS2_PLACEMENT_3D('',#3470,#2947,#2948);
#2713=AXIS2_PLACEMENT_3D('',#3474,#2950,#2951);
#2714=AXIS2_PLACEMENT_3D('',#3477,#2954,#2955);
#2715=AXIS2_PLACEMENT_3D('',#3483,#2959,#2960);
#2716=AXIS2_PLACEMENT_3D('',#3491,#2965,#2966);
#2717=AXIS2_PLACEMENT_3D('',#3497,#2970,#2971);
#2718=AXIS2_PLACEMENT_3D('',#3502,#2975,#2976);
#2719=AXIS2_PLACEMENT_3D('',#3504,#2978,#2979);
#2720=AXIS2_PLACEMENT_3D('',#3510,#2983,#2984);
#2721=AXIS2_PLACEMENT_3D('',#3518,#2989,#2990);
#2722=AXIS2_PLACEMENT_3D('',#3522,#2993,#2994);
#2723=AXIS2_PLACEMENT_3D('',#3528,#2998,#2999);
#2724=AXIS2_PLACEMENT_3D('',#3531,#3002,#3003);
#2725=AXIS2_PLACEMENT_3D('',#3532,#3004,#3005);
#2726=AXIS2_PLACEMENT_3D('',#3534,#3006,#3007);
#2727=AXIS2_PLACEMENT_3D('',#3535,#3008,#3009);
#2728=AXIS2_PLACEMENT_3D('',#3537,#3010,#3011);
#2729=AXIS2_PLACEMENT_3D('',#3546,#3016,#3017);
#2730=AXIS2_PLACEMENT_3D('',#3552,#3021,#3022);
#2731=AXIS2_PLACEMENT_3D('',#3558,#3026,#3027);
#2732=AXIS2_PLACEMENT_3D('',#3564,#3031,#3032);
#2733=AXIS2_PLACEMENT_3D('',#3570,#3036,#3037);
#2734=AXIS2_PLACEMENT_3D('',#3576,#3041,#3042);
#2735=AXIS2_PLACEMENT_3D('',#3585,#3047,#3048);
#2736=AXIS2_PLACEMENT_3D('',#3591,#3052,#3053);
#2737=AXIS2_PLACEMENT_3D('',#3597,#3057,#3058);
#2738=AXIS2_PLACEMENT_3D('',#3603,#3062,#3063);
#2739=AXIS2_PLACEMENT_3D('',#3609,#3067,#3068);
#2740=AXIS2_PLACEMENT_3D('',#3615,#3072,#3073);
#2741=AXIS2_PLACEMENT_3D('',#3616,#3074,#3075);
#2742=AXIS2_PLACEMENT_3D('',#3618,#3076,#3077);
#2743=AXIS2_PLACEMENT_3D('',#3619,#3078,#3079);
#2744=AXIS2_PLACEMENT_3D('',#3621,#3080,#3081);
#2745=AXIS2_PLACEMENT_3D('',#3627,#3085,#3086);
#2746=AXIS2_PLACEMENT_3D('',#3635,#3091,#3092);
#2747=AXIS2_PLACEMENT_3D('',#3639,#3095,#3096);
#2748=AXIS2_PLACEMENT_3D('',#3645,#3100,#3101);
#2749=AXIS2_PLACEMENT_3D('',#3651,#3105,#3106);
#2750=AXIS2_PLACEMENT_3D('',#3659,#3111,#3112);
#2751=AXIS2_PLACEMENT_3D('',#3663,#3115,#3116);
#2752=AXIS2_PLACEMENT_3D('',#3669,#3120,#3121);
#2753=AXIS2_PLACEMENT_3D('',#3670,#3122,#3123);
#2754=AXIS2_PLACEMENT_3D('',#3672,#3124,#3125);
#2755=AXIS2_PLACEMENT_3D('',#3673,#3126,#3127);
#2756=AXIS2_PLACEMENT_3D('',#3675,#3128,#3129);
#2757=AXIS2_PLACEMENT_3D('',#3681,#3133,#3134);
#2758=AXIS2_PLACEMENT_3D('',#3685,#3137,#3138);
#2759=AXIS2_PLACEMENT_3D('',#3689,#3141,#3142);
#2760=AXIS2_PLACEMENT_3D('',#3691,#3144,#3145);
#2761=AXIS2_PLACEMENT_3D('',#3697,#3149,#3150);
#2762=AXIS2_PLACEMENT_3D('',#3701,#3153,#3154);
#2763=AXIS2_PLACEMENT_3D('',#3705,#3157,#3158);
#2764=AXIS2_PLACEMENT_3D('',#3707,#3160,#3161);
#2765=AXIS2_PLACEMENT_3D('',#3708,#3162,#3163);
#2766=AXIS2_PLACEMENT_3D('',#3713,#3165,#3166);
#2767=AXIS2_PLACEMENT_3D('',#3716,#3168,#3169);
#2768=AXIS2_PLACEMENT_3D('',#3722,#3173,#3174);
#2769=AXIS2_PLACEMENT_3D('',#3728,#3178,#3179);
#2770=AXIS2_PLACEMENT_3D('',#3734,#3183,#3184);
#2771=AXIS2_PLACEMENT_3D('',#3740,#3188,#3189);
#2772=AXIS2_PLACEMENT_3D('',#3746,#3193,#3194);
#2773=AXIS2_PLACEMENT_3D('',#3752,#3198,#3199);
#2774=AXIS2_PLACEMENT_3D('',#3753,#3200,#3201);
#2775=AXIS2_PLACEMENT_3D('',#3758,#3203,#3204);
#2776=AXIS2_PLACEMENT_3D('',#3761,#3206,#3207);
#2777=AXIS2_PLACEMENT_3D('',#3767,#3211,#3212);
#2778=AXIS2_PLACEMENT_3D('',#3768,#3213,#3214);
#2779=AXIS2_PLACEMENT_3D('',#3772,#3216,#3217);
#2780=AXIS2_PLACEMENT_3D('',#3773,#3218,#3219);
#2781=AXIS2_PLACEMENT_3D('',#3779,#3223,#3224);
#2782=AXIS2_PLACEMENT_3D('',#3780,#3225,#3226);
#2783=AXIS2_PLACEMENT_3D('',#3784,#3228,#3229);
#2784=AXIS2_PLACEMENT_3D('',#3785,#3230,#3231);
#2785=AXIS2_PLACEMENT_3D('',#3791,#3235,#3236);
#2786=AXIS2_PLACEMENT_3D('',#3792,#3237,#3238);
#2787=AXIS2_PLACEMENT_3D('',#3796,#3240,#3241);
#2788=AXIS2_PLACEMENT_3D('',#3797,#3242,#3243);
#2789=AXIS2_PLACEMENT_3D('',#3803,#3247,#3248);
#2790=AXIS2_PLACEMENT_3D('',#3807,#3251,#3252);
#2791=AXIS2_PLACEMENT_3D('',#3811,#3255,#3256);
#2792=AXIS2_PLACEMENT_3D('',#3813,#3258,#3259);
#2793=AXIS2_PLACEMENT_3D('',#3819,#3263,#3264);
#2794=AXIS2_PLACEMENT_3D('',#3823,#3267,#3268);
#2795=AXIS2_PLACEMENT_3D('',#3827,#3271,#3272);
#2796=AXIS2_PLACEMENT_3D('',#3829,#3274,#3275);
#2797=AXIS2_PLACEMENT_3D('',#3838,#3280,#3281);
#2798=AXIS2_PLACEMENT_3D('',#3839,#3282,#3283);
#2799=AXIS2_PLACEMENT_3D('',#3844,#3285,#3286);
#2800=AXIS2_PLACEMENT_3D('',#3847,#3288,#3289);
#2801=AXIS2_PLACEMENT_3D('',#3848,#3290,#3291);
#2802=AXIS2_PLACEMENT_3D('',#3853,#3293,#3294);
#2803=AXIS2_PLACEMENT_3D('',#3856,#3296,#3297);
#2804=AXIS2_PLACEMENT_3D('',#3857,#3298,#3299);
#2805=AXIS2_PLACEMENT_3D('',#3862,#3301,#3302);
#2806=AXIS2_PLACEMENT_3D('',#3865,#3304,#3305);
#2807=AXIS2_PLACEMENT_3D('',#3866,#3306,#3307);
#2808=AXIS2_PLACEMENT_3D('',#3871,#3309,#3310);
#2809=AXIS2_PLACEMENT_3D('',#3874,#3312,#3313);
#2810=AXIS2_PLACEMENT_3D('',#3877,#3316,#3317);
#2811=AXIS2_PLACEMENT_3D('',#3880,#3320,#3321);
#2812=AXIS2_PLACEMENT_3D('',#3884,#3325,#3326);
#2813=AXIS2_PLACEMENT_3D('',#3886,#3328,#3329);
#2814=AXIS2_PLACEMENT_3D('',#3889,#3332,#3333);
#2815=AXIS2_PLACEMENT_3D('',#3890,#3334,#3335);
#2816=DIRECTION('',(0.,0.,1.));
#2817=DIRECTION('',(1.,0.,0.));
#2818=DIRECTION('',(-1.,0.,0.));
#2819=DIRECTION('',(0.,0.,1.));
#2820=DIRECTION('',(1.,-6.12303176911189E-17,0.));
#2821=DIRECTION('',(6.12303176911189E-17,1.,0.));
#2822=DIRECTION('',(-1.,0.,0.));
#2823=DIRECTION('',(1.,-6.12303176911189E-17,0.));
#2824=DIRECTION('',(6.12303176911189E-17,1.,0.));
#2825=DIRECTION('',(-1.,0.,0.));
#2826=DIRECTION('',(0.,0.,-1.));
#2827=DIRECTION('',(-1.,0.,0.));
#2828=DIRECTION('',(-6.12303176911189E-17,-1.,0.));
#2829=DIRECTION('',(-6.12303176911189E-17,-1.,0.));
#2830=DIRECTION('',(-1.,0.,0.));
#2831=DIRECTION('',(-1.,0.,0.));
#2832=DIRECTION('',(0.,0.,1.));
#2833=DIRECTION('',(-1.,6.12303176911189E-17,0.));
#2834=DIRECTION('',(6.12303176911189E-17,1.,0.));
#2835=DIRECTION('',(-1.,0.,0.));
#2836=DIRECTION('',(-1.,6.12303176911189E-17,0.));
#2837=DIRECTION('',(6.12303176911189E-17,1.,0.));
#2838=DIRECTION('',(-1.,0.,0.));
#2839=DIRECTION('',(0.,1.84136635493125E-16,1.));
#2840=DIRECTION('',(0.,-1.,1.84136635493125E-16));
#2841=DIRECTION('',(6.12303176911189E-17,1.,-1.84136635493125E-16));
#2842=DIRECTION('',(6.12303176911189E-17,1.,-1.84136635493125E-16));
#2843=DIRECTION('',(-1.,0.,0.));
#2844=DIRECTION('',(-1.,0.,0.));
#2845=DIRECTION('',(0.,0.,1.));
#2846=DIRECTION('',(1.,-6.12303176911189E-17,0.));
#2847=DIRECTION('',(-6.12303176911189E-17,-1.,0.));
#2848=DIRECTION('',(1.,-6.12303176911189E-17,0.));
#2849=DIRECTION('',(-6.12303176911189E-17,-1.,0.));
#2850=DIRECTION('',(-1.,0.,0.));
#2851=DIRECTION('',(0.,-1.,0.));
#2852=DIRECTION('',(0.,0.,-1.));
#2853=DIRECTION('',(0.,0.,1.));
#2854=DIRECTION('',(0.,0.,1.));
#2855=DIRECTION('',(0.,-0.636744092002368,-0.77107519821356));
#2856=DIRECTION('',(0.,0.77107519821356,-0.636744092002368));
#2857=DIRECTION('',(-4.72131793503587E-17,-0.77107519821356,0.636744092002368));
#2858=DIRECTION('',(-4.72131793503587E-17,-0.77107519821356,0.636744092002368));
#2859=DIRECTION('',(-1.,0.,0.));
#2860=DIRECTION('',(-1.,0.,0.));
#2861=DIRECTION('',(0.,0.,1.));
#2862=DIRECTION('',(1.,-6.12303176911189E-17,0.));
#2863=DIRECTION('',(6.12303176911189E-17,1.,0.));
#2864=DIRECTION('',(-1.,0.,0.));
#2865=DIRECTION('',(1.,-6.12303176911189E-17,0.));
#2866=DIRECTION('',(6.12303176911189E-17,1.,0.));
#2867=DIRECTION('',(-1.,0.,0.));
#2868=DIRECTION('',(0.,0.,-1.));
#2869=DIRECTION('',(-1.,0.,0.));
#2870=DIRECTION('',(-6.12303176911189E-17,-1.,0.));
#2871=DIRECTION('',(-6.12303176911189E-17,-1.,0.));
#2872=DIRECTION('',(-1.,0.,0.));
#2873=DIRECTION('',(0.,-0.636744092002368,-0.77107519821356));
#2874=DIRECTION('',(0.,0.77107519821356,-0.636744092002368));
#2875=DIRECTION('',(-4.72131793503587E-17,-0.77107519821356,0.636744092002368));
#2876=DIRECTION('',(-4.72131793503587E-17,-0.77107519821356,0.636744092002368));
#2877=DIRECTION('',(-1.,0.,0.));
#2878=DIRECTION('',(-1.,0.,0.));
#2879=DIRECTION('',(0.,0.,1.));
#2880=DIRECTION('',(-1.,6.12303176911189E-17,0.));
#2881=DIRECTION('',(6.12303176911189E-17,1.,0.));
#2882=DIRECTION('',(-1.,0.,0.));
#2883=DIRECTION('',(-1.,6.12303176911189E-17,0.));
#2884=DIRECTION('',(6.12303176911189E-17,1.,0.));
#2885=DIRECTION('',(-1.,0.,0.));
#2886=DIRECTION('',(0.,1.84136635493125E-16,1.));
#2887=DIRECTION('',(0.,-1.,1.84136635493125E-16));
#2888=DIRECTION('',(6.12303176911189E-17,1.,-1.84136635493125E-16));
#2889=DIRECTION('',(6.12303176911189E-17,1.,-1.84136635493125E-16));
#2890=DIRECTION('',(-1.,0.,0.));
#2891=DIRECTION('',(-1.,0.,0.));
#2892=DIRECTION('',(0.,0.,1.));
#2893=DIRECTION('',(1.,-6.12303176911189E-17,0.));
#2894=DIRECTION('',(-6.12303176911189E-17,-1.,0.));
#2895=DIRECTION('',(1.,-6.12303176911189E-17,0.));
#2896=DIRECTION('',(-6.12303176911189E-17,-1.,0.));
#2897=DIRECTION('',(-1.,0.,0.));
#2898=DIRECTION('',(0.,-1.,0.));
#2899=DIRECTION('',(0.,0.,-1.));
#2900=DIRECTION('',(0.,0.,1.));
#2901=DIRECTION('',(0.,0.,1.));
#2902=DIRECTION('',(0.,0.,-1.));
#2903=DIRECTION('',(-1.,0.,0.));
#2904=DIRECTION('',(0.,0.,-1.));
#2905=DIRECTION('',(1.,0.,0.));
#2906=DIRECTION('',(-1.,0.,0.));
#2907=DIRECTION('',(0.,-1.,0.));
#2908=DIRECTION('',(0.,0.,-1.));
#2909=DIRECTION('',(0.,0.,-1.));
#2910=DIRECTION('',(0.,0.,-1.));
#2911=DIRECTION('',(-1.,0.,0.));
#2912=DIRECTION('',(0.,0.,-1.));
#2913=DIRECTION('',(-1.,0.,0.));
#2914=DIRECTION('',(0.,0.,-1.));
#2915=DIRECTION('',(-1.,0.,0.));
#2916=DIRECTION('',(-1.,0.,0.));
#2917=DIRECTION('',(0.,0.,-1.));
#2918=DIRECTION('',(-1.,0.,0.));
#2919=DIRECTION('',(0.,0.,-1.));
#2920=DIRECTION('',(-1.,0.,0.));
#2921=DIRECTION('',(0.,0.,-1.));
#2922=DIRECTION('',(1.,0.,0.));
#2923=DIRECTION('',(1.,0.,0.));
#2924=DIRECTION('',(0.,1.,0.));
#2925=DIRECTION('',(0.,0.,1.));
#2926=DIRECTION('',(0.,0.,-1.));
#2927=DIRECTION('',(0.,0.,-1.));
#2928=DIRECTION('',(0.,0.,-1.));
#2929=DIRECTION('',(-1.,0.,0.));
#2930=DIRECTION('',(0.,0.,-1.));
#2931=DIRECTION('',(1.,0.,0.));
#2932=DIRECTION('',(-1.,0.,0.));
#2933=DIRECTION('',(0.,-1.,0.));
#2934=DIRECTION('',(0.,0.,-1.));
#2935=DIRECTION('',(0.,0.,-1.));
#2936=DIRECTION('',(0.,0.,-1.));
#2937=DIRECTION('',(-1.,0.,0.));
#2938=DIRECTION('',(0.,0.,-1.));
#2939=DIRECTION('',(-1.,0.,0.));
#2940=DIRECTION('',(0.,0.,-1.));
#2941=DIRECTION('',(-1.,0.,0.));
#2942=DIRECTION('',(-1.,0.,0.));
#2943=DIRECTION('',(0.,0.,-1.));
#2944=DIRECTION('',(-1.,0.,0.));
#2945=DIRECTION('',(0.,0.,-1.));
#2946=DIRECTION('',(-1.,0.,0.));
#2947=DIRECTION('',(0.,0.,-1.));
#2948=DIRECTION('',(1.,0.,0.));
#2949=DIRECTION('',(1.,0.,0.));
#2950=DIRECTION('',(0.,1.,0.));
#2951=DIRECTION('',(0.,0.,1.));
#2952=DIRECTION('',(0.,0.,-1.));
#2953=DIRECTION('',(0.,0.,-1.));
#2954=DIRECTION('',(0.,-1.,0.));
#2955=DIRECTION('',(0.,0.,-1.));
#2956=DIRECTION('',(0.,0.,1.));
#2957=DIRECTION('',(-1.,0.,0.));
#2958=DIRECTION('',(0.,0.,1.));
#2959=DIRECTION('',(1.,-6.12303176911189E-17,0.));
#2960=DIRECTION('',(6.12303176911189E-17,1.,0.));
#2961=DIRECTION('',(0.,0.,1.));
#2962=DIRECTION('',(6.12303176911189E-17,1.,0.));
#2963=DIRECTION('',(0.,0.,-1.));
#2964=DIRECTION('',(-6.12303176911189E-17,-1.,-1.45499338398562E-16));
#2965=DIRECTION('',(0.,1.,0.));
#2966=DIRECTION('',(0.,0.,1.));
#2967=DIRECTION('',(-1.,0.,0.));
#2968=DIRECTION('',(0.,0.,-1.));
#2969=DIRECTION('',(-1.,0.,0.));
#2970=DIRECTION('',(1.,-6.12303176911189E-17,0.));
#2971=DIRECTION('',(6.12303176911189E-17,1.,0.));
#2972=DIRECTION('',(-6.12303176911189E-17,-1.,-1.45499338398562E-16));
#2973=DIRECTION('',(6.12303176911189E-17,1.,0.));
#2974=DIRECTION('',(0.,0.,1.));
#2975=DIRECTION('',(0.,-1.,0.));
#2976=DIRECTION('',(0.,0.,-1.));
#2977=DIRECTION('',(-1.,0.,0.));
#2978=DIRECTION('',(0.,-1.,0.));
#2979=DIRECTION('',(0.,0.,-1.));
#2980=DIRECTION('',(0.,0.,1.));
#2981=DIRECTION('',(0.,0.,1.));
#2982=DIRECTION('',(-1.,0.,0.));
#2983=DIRECTION('',(1.,-6.12303176911189E-17,0.));
#2984=DIRECTION('',(6.12303176911189E-17,1.,0.));
#2985=DIRECTION('',(6.12303176911189E-17,1.,0.));
#2986=DIRECTION('',(0.,0.,-1.));
#2987=DIRECTION('',(-6.12303176911189E-17,-1.,-1.45499338398562E-16));
#2988=DIRECTION('',(0.,0.,1.));
#2989=DIRECTION('',(0.,-1.,0.));
#2990=DIRECTION('',(0.,0.,-1.));
#2991=DIRECTION('',(-1.,0.,0.));
#2992=DIRECTION('',(0.,0.,1.));
#2993=DIRECTION('',(1.,-6.12303176911189E-17,0.));
#2994=DIRECTION('',(6.12303176911189E-17,1.,0.));
#2995=DIRECTION('',(-6.12303176911189E-17,-1.,-1.45499338398562E-16));
#2996=DIRECTION('',(0.,0.,-1.));
#2997=DIRECTION('',(6.12303176911189E-17,1.,0.));
#2998=DIRECTION('',(0.,1.,0.));
#2999=DIRECTION('',(0.,0.,1.));
#3000=DIRECTION('',(-1.,0.,0.));
#3001=DIRECTION('',(-1.,0.,0.));
#3002=DIRECTION('',(0.,0.,-1.));
#3003=DIRECTION('',(-1.,0.,0.));
#3004=DIRECTION('',(0.,0.,1.));
#3005=DIRECTION('',(1.,0.,0.));
#3006=DIRECTION('',(0.,0.,-1.));
#3007=DIRECTION('',(-1.,0.,0.));
#3008=DIRECTION('',(0.,0.,1.));
#3009=DIRECTION('',(1.,0.,0.));
#3010=DIRECTION('',(0.,-1.,0.));
#3011=DIRECTION('',(0.,0.,-1.));
#3012=DIRECTION('',(0.,0.,1.));
#3013=DIRECTION('',(-1.,0.,0.));
#3014=DIRECTION('',(0.,0.,1.));
#3015=DIRECTION('',(-1.,0.,0.));
#3016=DIRECTION('',(0.,1.16499554823849E-16,-1.));
#3017=DIRECTION('',(0.,1.,1.16499554823849E-16));
#3018=DIRECTION('',(-6.12303176911189E-17,-1.,-1.16499554823849E-16));
#3019=DIRECTION('',(-6.12303176911189E-17,-1.,-1.16499554823849E-16));
#3020=DIRECTION('',(1.,0.,0.));
#3021=DIRECTION('',(0.,-1.,0.));
#3022=DIRECTION('',(0.,0.,-1.));
#3023=DIRECTION('',(-1.,0.,0.));
#3024=DIRECTION('',(0.,0.,-1.));
#3025=DIRECTION('',(0.,0.,1.));
#3026=DIRECTION('',(0.,0.,1.));
#3027=DIRECTION('',(1.,0.,0.));
#3028=DIRECTION('',(6.12303176911189E-17,1.,0.));
#3029=DIRECTION('',(6.12303176911189E-17,1.,0.));
#3030=DIRECTION('',(-1.,0.,0.));
#3031=DIRECTION('',(0.,-1.,0.));
#3032=DIRECTION('',(0.,0.,-1.));
#3033=DIRECTION('',(0.,0.,1.));
#3034=DIRECTION('',(0.,0.,1.));
#3035=DIRECTION('',(-1.,0.,0.));
#3036=DIRECTION('',(0.,0.,1.));
#3037=DIRECTION('',(1.,0.,0.));
#3038=DIRECTION('',(6.12303176911189E-17,1.,0.));
#3039=DIRECTION('',(6.12303176911189E-17,1.,0.));
#3040=DIRECTION('',(-1.,0.,0.));
#3041=DIRECTION('',(0.,0.,1.));
#3042=DIRECTION('',(1.,0.,0.));
#3043=DIRECTION('',(6.12303176911189E-17,1.,0.));
#3044=DIRECTION('',(-1.,0.,0.));
#3045=DIRECTION('',(6.12303176911189E-17,1.,0.));
#3046=DIRECTION('',(-1.,0.,0.));
#3047=DIRECTION('',(0.,-1.,0.));
#3048=DIRECTION('',(0.,0.,-1.));
#3049=DIRECTION('',(0.,0.,1.));
#3050=DIRECTION('',(-1.,0.,0.));
#3051=DIRECTION('',(0.,0.,1.));
#3052=DIRECTION('',(0.,0.,1.));
#3053=DIRECTION('',(1.,0.,0.));
#3054=DIRECTION('',(6.12303176911189E-17,1.,0.));
#3055=DIRECTION('',(-1.,0.,0.));
#3056=DIRECTION('',(6.12303176911189E-17,1.,0.));
#3057=DIRECTION('',(0.,-1.,0.));
#3058=DIRECTION('',(0.,0.,-1.));
#3059=DIRECTION('',(0.,0.,-1.));
#3060=DIRECTION('',(1.,0.,0.));
#3061=DIRECTION('',(0.,0.,1.));
#3062=DIRECTION('',(0.,1.16499554823849E-16,-1.));
#3063=DIRECTION('',(0.,1.,1.16499554823849E-16));
#3064=DIRECTION('',(-6.12303176911189E-17,-1.,-1.16499554823849E-16));
#3065=DIRECTION('',(-1.,0.,0.));
#3066=DIRECTION('',(-6.12303176911189E-17,-1.,-1.16499554823849E-16));
#3067=DIRECTION('',(0.,-1.,0.));
#3068=DIRECTION('',(0.,0.,-1.));
#3069=DIRECTION('',(0.,0.,1.));
#3070=DIRECTION('',(-1.,0.,0.));
#3071=DIRECTION('',(0.,0.,1.));
#3072=DIRECTION('',(0.,0.,1.));
#3073=DIRECTION('',(1.,0.,0.));
#3074=DIRECTION('',(0.,0.,1.));
#3075=DIRECTION('',(1.,0.,0.));
#3076=DIRECTION('',(0.,0.,1.));
#3077=DIRECTION('',(1.,0.,0.));
#3078=DIRECTION('',(0.,0.,1.));
#3079=DIRECTION('',(1.,0.,0.));
#3080=DIRECTION('',(0.,0.947551442831602,0.319603290326851));
#3081=DIRECTION('',(0.,-0.319603290326851,0.947551442831602));
#3082=DIRECTION('',(1.956941100184E-17,0.319603290326851,-0.947551442831602));
#3083=DIRECTION('',(1.956941100184E-17,0.319603290326851,-0.947551442831602));
#3084=DIRECTION('',(-1.,0.,0.));
#3085=DIRECTION('',(-1.,6.12303176911189E-17,0.));
#3086=DIRECTION('',(-6.12303176911189E-17,-1.,0.));
#3087=DIRECTION('',(6.12303176911189E-17,1.,0.));
#3088=DIRECTION('',(0.,0.,-1.));
#3089=DIRECTION('',(-4.253596906179E-17,-0.694688034714535,-0.719311152717971));
#3090=DIRECTION('',(-6.12303176911189E-17,-1.,0.));
#3091=DIRECTION('',(0.,0.,-1.));
#3092=DIRECTION('',(-1.,0.,0.));
#3093=DIRECTION('',(-1.,0.,0.));
#3094=DIRECTION('',(-6.12303176911189E-17,-1.,0.));
#3095=DIRECTION('',(-1.,6.12303176911189E-17,0.));
#3096=DIRECTION('',(-6.12303176911189E-17,-1.,0.));
#3097=DIRECTION('',(-4.253596906179E-17,-0.694688034714535,-0.719311152717971));
#3098=DIRECTION('',(0.,0.,1.));
#3099=DIRECTION('',(6.12303176911189E-17,1.,0.));
#3100=DIRECTION('',(0.,0.,-1.));
#3101=DIRECTION('',(-1.,0.,0.));
#3102=DIRECTION('',(-6.12303176911189E-17,-1.,0.));
#3103=DIRECTION('',(-1.,0.,0.));
#3104=DIRECTION('',(-6.12303176911189E-17,-1.,0.));
#3105=DIRECTION('',(-1.,6.12303176911189E-17,0.));
#3106=DIRECTION('',(-6.12303176911189E-17,-1.,0.));
#3107=DIRECTION('',(-4.253596906179E-17,-0.694688034714535,-0.719311152717971));
#3108=DIRECTION('',(0.,0.,1.));
#3109=DIRECTION('',(6.12303176911189E-17,1.,0.));
#3110=DIRECTION('',(1.956941100184E-17,0.319603290326851,-0.947551442831602));
#3111=DIRECTION('',(0.,0.947551442831602,0.319603290326851));
#3112=DIRECTION('',(0.,-0.319603290326851,0.947551442831602));
#3113=DIRECTION('',(1.956941100184E-17,0.319603290326851,-0.947551442831602));
#3114=DIRECTION('',(-1.,0.,0.));
#3115=DIRECTION('',(-1.,6.12303176911189E-17,0.));
#3116=DIRECTION('',(-6.12303176911189E-17,-1.,0.));
#3117=DIRECTION('',(6.12303176911189E-17,1.,0.));
#3118=DIRECTION('',(0.,0.,-1.));
#3119=DIRECTION('',(-4.253596906179E-17,-0.694688034714535,-0.719311152717971));
#3120=DIRECTION('',(0.,0.,1.));
#3121=DIRECTION('',(1.,0.,0.));
#3122=DIRECTION('',(0.,0.,-1.));
#3123=DIRECTION('',(-1.,0.,0.));
#3124=DIRECTION('',(0.,0.,1.));
#3125=DIRECTION('',(1.,0.,0.));
#3126=DIRECTION('',(0.,0.,-1.));
#3127=DIRECTION('',(-1.,0.,0.));
#3128=DIRECTION('',(0.,0.,1.));
#3129=DIRECTION('',(1.,0.,0.));
#3130=DIRECTION('',(1.,0.,0.));
#3131=DIRECTION('',(-0.499999999999997,-0.86602540378444,0.));
#3132=DIRECTION('',(0.499999999999998,-0.86602540378444,0.));
#3133=DIRECTION('',(-0.86602540378444,0.499999999999997,0.));
#3134=DIRECTION('',(0.,0.,1.));
#3135=DIRECTION('',(0.372253297024852,0.644761623732077,0.667615107241068));
#3136=DIRECTION('',(0.,0.,1.));
#3137=DIRECTION('',(0.,0.719311152717971,-0.694688034714535));
#3138=DIRECTION('',(0.,0.694688034714535,0.719311152717971));
#3139=DIRECTION('',(-1.,0.,0.));
#3140=DIRECTION('',(-0.372253297024853,0.644761623732077,0.667615107241068));
#3141=DIRECTION('',(-0.86602540378444,-0.499999999999998,0.));
#3142=DIRECTION('',(0.,0.,-1.));
#3143=DIRECTION('',(0.,0.,1.));
#3144=DIRECTION('',(0.,0.719311152717971,-0.694688034714535));
#3145=DIRECTION('',(0.,0.694688034714535,0.719311152717971));
#3146=DIRECTION('',(0.372253297024852,0.644761623732077,0.667615107241068));
#3147=DIRECTION('',(-1.,0.,0.));
#3148=DIRECTION('',(-0.372253297024853,0.644761623732077,0.667615107241068));
#3149=DIRECTION('',(-0.86602540378444,-0.499999999999998,0.));
#3150=DIRECTION('',(0.,0.,-1.));
#3151=DIRECTION('',(0.,0.,1.));
#3152=DIRECTION('',(0.499999999999998,-0.86602540378444,0.));
#3153=DIRECTION('',(0.,0.,1.));
#3154=DIRECTION('',(1.,0.,0.));
#3155=DIRECTION('',(1.,0.,0.));
#3156=DIRECTION('',(-0.499999999999997,-0.86602540378444,0.));
#3157=DIRECTION('',(-0.86602540378444,0.499999999999997,0.));
#3158=DIRECTION('',(0.,0.,1.));
#3159=DIRECTION('',(0.,0.,1.));
#3160=DIRECTION('',(-1.,0.,0.));
#3161=DIRECTION('',(0.,0.,1.));
#3162=DIRECTION('',(1.,-6.12303176911189E-17,0.));
#3163=DIRECTION('',(-6.12303176911189E-17,-1.,0.));
#3164=DIRECTION('',(-1.,0.,0.));
#3165=DIRECTION('',(1.,-6.12303176911189E-17,0.));
#3166=DIRECTION('',(-6.12303176911189E-17,-1.,0.));
#3167=DIRECTION('',(-1.,0.,0.));
#3168=DIRECTION('',(0.,1.17445675600612E-15,-1.));
#3169=DIRECTION('',(0.,1.,1.17445675600612E-15));
#3170=DIRECTION('',(-6.12303176911189E-17,-1.,-1.17445675600612E-15));
#3171=DIRECTION('',(-1.,0.,0.));
#3172=DIRECTION('',(-6.12303176911189E-17,-1.,-1.17445675600612E-15));
#3173=DIRECTION('',(0.,-0.973194572143162,-0.229983314071017));
#3174=DIRECTION('',(0.,0.229983314071017,-0.973194572143162));
#3175=DIRECTION('',(-1.40819513842247E-17,-0.229983314071017,0.973194572143162));
#3176=DIRECTION('',(-1.,0.,0.));
#3177=DIRECTION('',(-1.40819513842247E-17,-0.229983314071017,0.973194572143162));
#3178=DIRECTION('',(0.,0.,-1.));
#3179=DIRECTION('',(-1.,0.,0.));
#3180=DIRECTION('',(-6.12303176911189E-17,-1.,0.));
#3181=DIRECTION('',(-1.,0.,0.));
#3182=DIRECTION('',(-6.12303176911189E-17,-1.,0.));
#3183=DIRECTION('',(0.,0.964324069227113,-0.264724554035439));
#3184=DIRECTION('',(0.,0.264724554035439,0.964324069227113));
#3185=DIRECTION('',(-1.62091685442297E-17,-0.264724554035439,-0.964324069227113));
#3186=DIRECTION('',(-1.,0.,0.));
#3187=DIRECTION('',(-1.62091685442297E-17,-0.264724554035439,-0.964324069227113));
#3188=DIRECTION('',(0.,0.,-1.));
#3189=DIRECTION('',(-1.,0.,0.));
#3190=DIRECTION('',(-6.12303176911189E-17,-1.,0.));
#3191=DIRECTION('',(-1.,0.,0.));
#3192=DIRECTION('',(-6.12303176911189E-17,-1.,0.));
#3193=DIRECTION('',(0.,0.589933671550652,-0.807451709497706));
#3194=DIRECTION('',(0.,0.807451709497706,0.589933671550652));
#3195=DIRECTION('',(-4.94405246927815E-17,-0.807451709497706,-0.589933671550652));
#3196=DIRECTION('',(-1.,0.,0.));
#3197=DIRECTION('',(-4.94405246927815E-17,-0.807451709497706,-0.589933671550652));
#3198=DIRECTION('',(-6.12303176911189E-17,-1.,-2.96826824467525E-16));
#3199=DIRECTION('',(0.,2.96826824467525E-16,-1.));
#3200=DIRECTION('',(0.,1.,1.2892279872701E-16));
#3201=DIRECTION('',(0.,-1.2892279872701E-16,1.));
#3202=DIRECTION('',(6.12303176911188E-17,1.,2.96826824467525E-16));
#3203=DIRECTION('',(0.,-1.,0.));
#3204=DIRECTION('',(0.,0.,-1.));
#3205=DIRECTION('',(6.12303176911189E-17,1.,2.96826824467525E-16));
#3206=DIRECTION('',(-0.93947978916113,-4.416950885814E-17,0.342604328282289));
#3207=DIRECTION('',(0.342604328282289,0.,0.93947978916113));
#3208=DIRECTION('',(-0.342604328282289,0.,-0.93947978916113));
#3209=DIRECTION('',(0.342604328282289,-1.21120363766114E-16,0.93947978916113));
#3210=DIRECTION('',(-4.70148579753689E-17,1.,-7.14041191648024E-35));
#3211=DIRECTION('',(-4.70148579753689E-17,1.,0.));
#3212=DIRECTION('',(-1.,-4.70148579753689E-17,0.));
#3213=DIRECTION('',(0.,1.,1.2892279872701E-16));
#3214=DIRECTION('',(0.,-1.2892279872701E-16,1.));
#3215=DIRECTION('',(-4.70148579753689E-17,1.,0.));
#3216=DIRECTION('',(0.,-1.,0.));
#3217=DIRECTION('',(0.,0.,-1.));
#3218=DIRECTION('',(0.,0.,1.));
#3219=DIRECTION('',(1.,0.,0.));
#3220=DIRECTION('',(-1.,0.,0.));
#3221=DIRECTION('',(4.70148579753689E-17,1.,0.));
#3222=DIRECTION('',(-1.,0.,0.));
#3223=DIRECTION('',(-4.70148579753689E-17,-1.,0.));
#3224=DIRECTION('',(1.,-4.70148579753689E-17,0.));
#3225=DIRECTION('',(0.,1.,1.2892279872701E-16));
#3226=DIRECTION('',(0.,-1.2892279872701E-16,1.));
#3227=DIRECTION('',(4.70148579753689E-17,1.,1.79221944247619E-33));
#3228=DIRECTION('',(0.,-1.,0.));
#3229=DIRECTION('',(0.,0.,-1.));
#3230=DIRECTION('',(-0.93947978916113,4.416950885814E-17,-0.342604328282289));
#3231=DIRECTION('',(-0.342604328282289,0.,0.93947978916113));
#3232=DIRECTION('',(-0.342604328282289,-1.21120363766114E-16,0.93947978916113));
#3233=DIRECTION('',(6.12303176911189E-17,1.,-3.89812270135051E-17));
#3234=DIRECTION('',(0.342604328282289,0.,-0.93947978916113));
#3235=DIRECTION('',(-6.12303176911189E-17,-1.,3.89812270135051E-17));
#3236=DIRECTION('',(1.,-6.12303176911189E-17,0.));
#3237=DIRECTION('',(0.,1.,1.2892279872701E-16));
#3238=DIRECTION('',(0.,-1.2892279872701E-16,1.));
#3239=DIRECTION('',(6.12303176911189E-17,1.,-3.89812270135051E-17));
#3240=DIRECTION('',(0.,-1.,0.));
#3241=DIRECTION('',(0.,0.,-1.));
#3242=DIRECTION('',(0.,1.,0.));
#3243=DIRECTION('',(0.,0.,1.));
#3244=DIRECTION('',(0.,0.,-1.));
#3245=DIRECTION('',(-1.,0.,0.));
#3246=DIRECTION('',(0.,0.,-1.));
#3247=DIRECTION('',(1.,-6.12303176911189E-17,0.));
#3248=DIRECTION('',(6.12303176911189E-17,1.,0.));
#3249=DIRECTION('',(6.12303176911189E-17,1.,0.));
#3250=DIRECTION('',(-1.16410612558622E-32,-1.90119236594304E-16,1.));
#3251=DIRECTION('',(0.,-1.,-1.90119236594304E-16));
#3252=DIRECTION('',(0.,1.90119236594304E-16,-1.));
#3253=DIRECTION('',(-1.16410612558622E-32,-1.90119236594304E-16,1.));
#3254=DIRECTION('',(-1.,0.,0.));
#3255=DIRECTION('',(1.,-6.12303176911189E-17,0.));
#3256=DIRECTION('',(6.12303176911189E-17,1.,0.));
#3257=DIRECTION('',(6.12303176911189E-17,1.,0.));
#3258=DIRECTION('',(0.,-1.,0.));
#3259=DIRECTION('',(0.,0.,-1.));
#3260=DIRECTION('',(0.,0.,1.));
#3261=DIRECTION('',(1.,0.,0.));
#3262=DIRECTION('',(0.,0.,1.));
#3263=DIRECTION('',(1.,-6.12303176911189E-17,0.));
#3264=DIRECTION('',(6.12303176911189E-17,1.,0.));
#3265=DIRECTION('',(7.89398392368299E-33,1.2892279872701E-16,-1.));
#3266=DIRECTION('',(6.12303176911189E-17,1.,0.));
#3267=DIRECTION('',(0.,1.,1.2892279872701E-16));
#3268=DIRECTION('',(0.,-1.2892279872701E-16,1.));
#3269=DIRECTION('',(7.89398392368299E-33,1.2892279872701E-16,-1.));
#3270=DIRECTION('',(-1.,0.,0.));
#3271=DIRECTION('',(1.,-6.12303176911189E-17,0.));
#3272=DIRECTION('',(6.12303176911189E-17,1.,0.));
#3273=DIRECTION('',(6.12303176911189E-17,1.,0.));
#3274=DIRECTION('',(0.,0.,1.));
#3275=DIRECTION('',(1.,0.,0.));
#3276=DIRECTION('',(6.12303176911189E-17,1.,0.));
#3277=DIRECTION('',(-1.,0.,0.));
#3278=DIRECTION('',(6.12303176911189E-17,1.,0.));
#3279=DIRECTION('',(1.,0.,0.));
#3280=DIRECTION('',(-6.12303176911189E-17,-1.,3.89812270135051E-17));
#3281=DIRECTION('',(1.,-6.12303176911189E-17,0.));
#3282=DIRECTION('',(0.,1.,1.2892279872701E-16));
#3283=DIRECTION('',(0.,-1.2892279872701E-16,1.));
#3284=DIRECTION('',(6.12303176911189E-17,1.,-3.89812270135051E-17));
#3285=DIRECTION('',(0.,-1.,0.));
#3286=DIRECTION('',(0.,0.,-1.));
#3287=DIRECTION('',(6.12303176911189E-17,1.,-3.89812270135051E-17));
#3288=DIRECTION('',(-6.12303176911189E-17,-1.,-2.96826824467525E-16));
#3289=DIRECTION('',(0.,2.96826824467525E-16,-1.));
#3290=DIRECTION('',(0.,1.,1.2892279872701E-16));
#3291=DIRECTION('',(0.,-1.2892279872701E-16,1.));
#3292=DIRECTION('',(6.12303176911188E-17,1.,2.96826824467525E-16));
#3293=DIRECTION('',(0.,-1.,0.));
#3294=DIRECTION('',(0.,0.,-1.));
#3295=DIRECTION('',(6.12303176911189E-17,1.,2.96826824467525E-16));
#3296=DIRECTION('',(-4.70148579753689E-17,-1.,0.));
#3297=DIRECTION('',(1.,-4.70148579753689E-17,0.));
#3298=DIRECTION('',(0.,1.,1.2892279872701E-16));
#3299=DIRECTION('',(0.,-1.2892279872701E-16,1.));
#3300=DIRECTION('',(4.70148579753689E-17,1.,1.79221944247619E-33));
#3301=DIRECTION('',(0.,-1.,0.));
#3302=DIRECTION('',(0.,0.,-1.));
#3303=DIRECTION('',(4.70148579753689E-17,1.,0.));
#3304=DIRECTION('',(-4.70148579753689E-17,1.,0.));
#3305=DIRECTION('',(-1.,-4.70148579753689E-17,0.));
#3306=DIRECTION('',(0.,1.,1.2892279872701E-16));
#3307=DIRECTION('',(0.,-1.2892279872701E-16,1.));
#3308=DIRECTION('',(-4.70148579753689E-17,1.,0.));
#3309=DIRECTION('',(0.,-1.,0.));
#3310=DIRECTION('',(0.,0.,-1.));
#3311=DIRECTION('',(-4.70148579753689E-17,1.,-7.14041191648024E-35));
#3312=DIRECTION('',(-0.93947978916113,4.416950885814E-17,-0.342604328282289));
#3313=DIRECTION('',(-0.342604328282289,0.,0.93947978916113));
#3314=DIRECTION('',(-0.342604328282289,-1.21120363766114E-16,0.93947978916113));
#3315=DIRECTION('',(0.342604328282289,0.,-0.93947978916113));
#3316=DIRECTION('',(-0.93947978916113,-4.416950885814E-17,0.342604328282289));
#3317=DIRECTION('',(0.342604328282289,0.,0.93947978916113));
#3318=DIRECTION('',(-0.342604328282289,0.,-0.93947978916113));
#3319=DIRECTION('',(0.342604328282289,-1.21120363766114E-16,0.93947978916113));
#3320=DIRECTION('',(0.,1.,1.2892279872701E-16));
#3321=DIRECTION('',(0.,-1.2892279872701E-16,1.));
#3322=DIRECTION('',(7.89398392368299E-33,1.2892279872701E-16,-1.));
#3323=DIRECTION('',(-1.,0.,0.));
#3324=DIRECTION('',(7.89398392368299E-33,1.2892279872701E-16,-1.));
#3325=DIRECTION('',(0.,0.,1.));
#3326=DIRECTION('',(1.,0.,0.));
#3327=DIRECTION('',(-1.,0.,0.));
#3328=DIRECTION('',(0.,-1.,0.));
#3329=DIRECTION('',(0.,0.,-1.));
#3330=DIRECTION('',(0.,0.,1.));
#3331=DIRECTION('',(0.,0.,1.));
#3332=DIRECTION('',(1.,-6.12303176911189E-17,0.));
#3333=DIRECTION('',(6.12303176911189E-17,1.,0.));
#3334=DIRECTION('',(1.,-6.12303176911189E-17,0.));
#3335=DIRECTION('',(6.12303176911189E-17,1.,0.));
#3336=CARTESIAN_POINT('',(0.,0.,0.));
#3337=CARTESIAN_POINT('',(1.92433892084874,1.41647257222044,2.81710525906527));
#3338=CARTESIAN_POINT('',(0.615661079151259,1.41647257222044,2.81710525906527));
#3339=CARTESIAN_POINT('',(0.615661079151259,1.71087802540396,2.81710525906527));
#3340=CARTESIAN_POINT('',(0.615661079151259,1.41647257222044,3.11151071224879));
#3341=CARTESIAN_POINT('',(1.92433892084874,1.71087802540396,2.81710525906527));
#3342=CARTESIAN_POINT('',(1.92433892084874,1.71087802540396,2.81710525906527));
#3343=CARTESIAN_POINT('',(1.92433892084874,1.41647257222044,2.81710525906527));
#3344=CARTESIAN_POINT('',(1.92433892084874,1.41647257222044,3.11151071224879));
#3345=CARTESIAN_POINT('',(1.92433892084874,1.41647257222044,3.11151071224879));
#3346=CARTESIAN_POINT('',(1.92433892084874,-1.39114703209785,3.11151071224879));
#3347=CARTESIAN_POINT('',(0.615661079151259,-1.39114703209785,3.11151071224879));
#3348=CARTESIAN_POINT('',(0.615661079151259,-1.39114703209785,3.11151071224879));
#3349=CARTESIAN_POINT('',(1.92433892084874,-1.39114703209785,3.11151071224879));
#3350=CARTESIAN_POINT('',(1.92433892084874,-1.39114703209785,3.11151071224879));
#3351=CARTESIAN_POINT('',(1.92433892084874,-1.39114703209785,3.11151071224879));
#3352=CARTESIAN_POINT('',(1.92433892084874,0.252817933287011,0.872813868355336));
#3353=CARTESIAN_POINT('',(0.615661079151259,0.252817933287011,0.872813868355336));
#3354=CARTESIAN_POINT('',(0.615661079151259,0.,0.872813868355336));
#3355=CARTESIAN_POINT('',(0.615661079151259,0.252817933287011,1.12563180164235));
#3356=CARTESIAN_POINT('',(1.92433892084874,0.,0.872813868355336));
#3357=CARTESIAN_POINT('',(1.92433892084874,0.,0.872813868355336));
#3358=CARTESIAN_POINT('',(1.92433892084874,0.252817933287011,0.872813868355336));
#3359=CARTESIAN_POINT('',(1.92433892084874,0.252817933287011,1.12563180164235));
#3360=CARTESIAN_POINT('',(1.92433892084874,0.252817933287011,1.12563180164235));
#3361=CARTESIAN_POINT('',(1.92433892084874,1.43042408383057,1.12563180164235));
#3362=CARTESIAN_POINT('',(0.615661079151259,1.43042408383057,1.12563180164235));
#3363=CARTESIAN_POINT('',(0.615661079151259,1.43042408383057,1.12563180164235));
#3364=CARTESIAN_POINT('',(1.92433892084874,1.43042408383057,1.12563180164235));
#3365=CARTESIAN_POINT('',(1.92433892084874,1.43042408383057,1.12563180164235));
#3366=CARTESIAN_POINT('',(1.92433892084874,1.43042408383057,1.12563180164235));
#3367=CARTESIAN_POINT('',(1.92433892084874,1.43042408383057,1.40608574321574));
#3368=CARTESIAN_POINT('',(0.615661079151259,1.43042408383057,1.40608574321574));
#3369=CARTESIAN_POINT('',(0.615661079151259,1.71087802540396,1.40608574321574));
#3370=CARTESIAN_POINT('',(1.92433892084874,1.43042408383057,1.40608574321574));
#3371=CARTESIAN_POINT('',(1.92433892084874,1.71087802540396,1.40608574321574));
#3372=CARTESIAN_POINT('',(1.92433892084874,1.71087802540396,1.40608574321574));
#3373=CARTESIAN_POINT('',(1.92433892084874,1.71087802540396,2.81710525906527));
#3374=CARTESIAN_POINT('',(0.615661079151259,1.71087802540396,2.81710525906527));
#3375=CARTESIAN_POINT('',(1.92433892084874,1.71087802540396,2.81710525906527));
#3376=CARTESIAN_POINT('',(1.92433892084874,-1.63762120735666,3.31504595147164));
#3377=CARTESIAN_POINT('',(0.615661079151259,-1.63762120735666,3.31504595147164));
#3378=CARTESIAN_POINT('',(0.615661079151259,-1.63762120735666,3.31504595147164));
#3379=CARTESIAN_POINT('',(1.92433892084874,-1.63762120735666,3.31504595147164));
#3380=CARTESIAN_POINT('',(1.92433892084874,-1.63762120735666,3.31504595147164));
#3381=CARTESIAN_POINT('',(1.92433892084874,-1.63762120735666,3.31504595147164));
#3382=CARTESIAN_POINT('',(-0.615661079151259,1.41647257222044,2.81710525906527));
#3383=CARTESIAN_POINT('',(-1.92433892084874,1.41647257222044,2.81710525906527));
#3384=CARTESIAN_POINT('',(-1.92433892084874,1.71087802540396,2.81710525906527));
#3385=CARTESIAN_POINT('',(-1.92433892084874,1.41647257222044,3.11151071224879));
#3386=CARTESIAN_POINT('',(-0.615661079151259,1.71087802540396,2.81710525906527));
#3387=CARTESIAN_POINT('',(-0.615661079151259,1.71087802540396,2.81710525906527));
#3388=CARTESIAN_POINT('',(-0.615661079151259,1.41647257222044,2.81710525906527));
#3389=CARTESIAN_POINT('',(-0.615661079151259,1.41647257222044,3.11151071224879));
#3390=CARTESIAN_POINT('',(-0.615661079151259,1.41647257222044,3.11151071224879));
#3391=CARTESIAN_POINT('',(-0.615661079151259,-1.39114703209785,3.11151071224879));
#3392=CARTESIAN_POINT('',(-1.92433892084874,-1.39114703209785,3.11151071224879));
#3393=CARTESIAN_POINT('',(-1.92433892084874,-1.39114703209785,3.11151071224879));
#3394=CARTESIAN_POINT('',(-0.615661079151259,-1.39114703209785,3.11151071224879));
#3395=CARTESIAN_POINT('',(-0.615661079151259,-1.39114703209785,3.11151071224879));
#3396=CARTESIAN_POINT('',(-0.615661079151259,-1.39114703209785,3.11151071224879));
#3397=CARTESIAN_POINT('',(-0.615661079151259,-1.63762120735666,3.31504595147164));
#3398=CARTESIAN_POINT('',(-1.92433892084874,-1.63762120735666,3.31504595147164));
#3399=CARTESIAN_POINT('',(-1.92433892084874,-1.63762120735666,3.31504595147164));
#3400=CARTESIAN_POINT('',(-0.615661079151259,-1.63762120735666,3.31504595147164));
#3401=CARTESIAN_POINT('',(-0.615661079151259,-1.63762120735666,3.31504595147164));
#3402=CARTESIAN_POINT('',(-0.615661079151259,-1.63762120735666,3.31504595147164));
#3403=CARTESIAN_POINT('',(-0.615661079151259,0.252817933287011,0.872813868355336));
#3404=CARTESIAN_POINT('',(-1.92433892084874,0.252817933287011,0.872813868355336));
#3405=CARTESIAN_POINT('',(-1.92433892084874,0.,0.872813868355336));
#3406=CARTESIAN_POINT('',(-1.92433892084874,0.252817933287011,1.12563180164235));
#3407=CARTESIAN_POINT('',(-0.615661079151259,0.,0.872813868355336));
#3408=CARTESIAN_POINT('',(-0.615661079151259,0.,0.872813868355336));
#3409=CARTESIAN_POINT('',(-0.615661079151259,0.252817933287011,0.872813868355336));
#3410=CARTESIAN_POINT('',(-0.615661079151259,0.252817933287011,1.12563180164235));
#3411=CARTESIAN_POINT('',(-0.615661079151259,0.252817933287011,1.12563180164235));
#3412=CARTESIAN_POINT('',(-0.615661079151259,1.43042408383057,1.12563180164235));
#3413=CARTESIAN_POINT('',(-1.92433892084874,1.43042408383057,1.12563180164235));
#3414=CARTESIAN_POINT('',(-1.92433892084874,1.43042408383057,1.12563180164235));
#3415=CARTESIAN_POINT('',(-0.615661079151259,1.43042408383057,1.12563180164235));
#3416=CARTESIAN_POINT('',(-0.615661079151259,1.43042408383057,1.12563180164235));
#3417=CARTESIAN_POINT('',(-0.615661079151259,1.43042408383057,1.12563180164235));
#3418=CARTESIAN_POINT('',(-0.615661079151259,1.43042408383057,1.40608574321574));
#3419=CARTESIAN_POINT('',(-1.92433892084874,1.43042408383057,1.40608574321574));
#3420=CARTESIAN_POINT('',(-1.92433892084874,1.71087802540396,1.40608574321574));
#3421=CARTESIAN_POINT('',(-0.615661079151259,1.43042408383057,1.40608574321574));
#3422=CARTESIAN_POINT('',(-0.615661079151259,1.71087802540396,1.40608574321574));
#3423=CARTESIAN_POINT('',(-0.615661079151259,1.71087802540396,1.40608574321574));
#3424=CARTESIAN_POINT('',(-0.615661079151259,1.71087802540396,2.81710525906527));
#3425=CARTESIAN_POINT('',(-1.92433892084874,1.71087802540396,2.81710525906527));
#3426=CARTESIAN_POINT('',(-0.615661079151259,1.71087802540396,2.81710525906527));
#3427=CARTESIAN_POINT('',(-1.27,-0.230886176112541,7.75079608924477));
#3428=CARTESIAN_POINT('',(-1.27,-0.230886176112541,7.75079608924477));
#3429=CARTESIAN_POINT('',(-0.366530948526144,-0.461772352225082,7.75079608924477));
#3430=CARTESIAN_POINT('',(-2.17346905147386,-0.461772352225082,7.75079608924477));
#3431=CARTESIAN_POINT('',(-1.27,-0.461772352225082,7.75079608924477));
#3432=CARTESIAN_POINT('',(-0.281715981295209,-0.461772352225082,7.22110017159551));
#3433=CARTESIAN_POINT('',(-2.17346905147386,-0.461772352225082,7.75079608924477));
#3434=CARTESIAN_POINT('',(-2.17346905147386,-0.461772352225082,7.22110017159551));
#3435=CARTESIAN_POINT('',(-0.366530948526144,-0.461772352225082,7.75079608924477));
#3436=CARTESIAN_POINT('',(-0.366530948526144,-0.461772352225082,7.22110017159551));
#3437=CARTESIAN_POINT('',(-0.281715981295209,-0.461772352225082,7.22110017159551));
#3438=CARTESIAN_POINT('',(-0.281715981295209,0.,7.22110017159551));
#3439=CARTESIAN_POINT('',(-1.27,-0.230886176112541,7.22110017159551));
#3440=CARTESIAN_POINT('',(-0.366530948526144,0.,7.22110017159551));
#3441=CARTESIAN_POINT('',(-0.281715981295209,0.,7.22110017159551));
#3442=CARTESIAN_POINT('',(-2.17346905147386,0.,7.22110017159551));
#3443=CARTESIAN_POINT('',(-1.27,-0.230886176112541,7.22110017159551));
#3444=CARTESIAN_POINT('',(-1.27,-0.230886176112541,7.75079608924477));
#3445=CARTESIAN_POINT('',(-1.27,-0.230886176112541,7.75079608924477));
#3446=CARTESIAN_POINT('',(-2.17346905147386,0.,7.75079608924477));
#3447=CARTESIAN_POINT('',(-0.366530948526144,0.,7.75079608924477));
#3448=CARTESIAN_POINT('',(-1.27,0.,7.75079608924477));
#3449=CARTESIAN_POINT('',(-0.281715981295209,0.,8.28049200689403));
#3450=CARTESIAN_POINT('',(-0.366530948526144,0.,7.75079608924477));
#3451=CARTESIAN_POINT('',(-2.17346905147386,0.,7.75079608924477));
#3452=CARTESIAN_POINT('',(1.27,-0.230886176112541,7.75079608924477));
#3453=CARTESIAN_POINT('',(1.27,-0.230886176112541,7.75079608924477));
#3454=CARTESIAN_POINT('',(2.17346905147386,-0.461772352225082,7.75079608924477));
#3455=CARTESIAN_POINT('',(0.366530948526144,-0.461772352225082,7.75079608924477));
#3456=CARTESIAN_POINT('',(1.27,-0.461772352225082,7.75079608924477));
#3457=CARTESIAN_POINT('',(2.25828401870479,-0.461772352225082,7.22110017159551));
#3458=CARTESIAN_POINT('',(0.366530948526144,-0.461772352225082,7.75079608924477));
#3459=CARTESIAN_POINT('',(0.366530948526144,-0.461772352225082,7.22110017159551));
#3460=CARTESIAN_POINT('',(2.17346905147386,-0.461772352225082,7.75079608924477));
#3461=CARTESIAN_POINT('',(2.17346905147386,-0.461772352225082,7.22110017159551));
#3462=CARTESIAN_POINT('',(2.25828401870479,-0.461772352225082,7.22110017159551));
#3463=CARTESIAN_POINT('',(2.25828401870479,0.,7.22110017159551));
#3464=CARTESIAN_POINT('',(1.27,-0.230886176112541,7.22110017159551));
#3465=CARTESIAN_POINT('',(2.17346905147386,0.,7.22110017159551));
#3466=CARTESIAN_POINT('',(2.25828401870479,0.,7.22110017159551));
#3467=CARTESIAN_POINT('',(0.366530948526144,0.,7.22110017159551));
#3468=CARTESIAN_POINT('',(1.27,-0.230886176112541,7.22110017159551));
#3469=CARTESIAN_POINT('',(1.27,-0.230886176112541,7.75079608924477));
#3470=CARTESIAN_POINT('',(1.27,-0.230886176112541,7.75079608924477));
#3471=CARTESIAN_POINT('',(0.366530948526144,0.,7.75079608924477));
#3472=CARTESIAN_POINT('',(2.17346905147386,0.,7.75079608924477));
#3473=CARTESIAN_POINT('',(1.27,0.,7.75079608924477));
#3474=CARTESIAN_POINT('',(2.25828401870479,0.,8.28049200689403));
#3475=CARTESIAN_POINT('',(2.17346905147386,0.,7.75079608924477));
#3476=CARTESIAN_POINT('',(0.366530948526144,0.,7.75079608924477));
#3477=CARTESIAN_POINT('',(1.92433892084874,0.,0.872813868355336));
#3478=CARTESIAN_POINT('',(0.615661079151259,0.,0.872813868355336));
#3479=CARTESIAN_POINT('',(0.615661079151259,0.,0.807045237397923));
#3480=CARTESIAN_POINT('',(1.92433892084874,0.,0.807045237397923));
#3481=CARTESIAN_POINT('',(1.92433892084874,0.,0.807045237397923));
#3482=CARTESIAN_POINT('',(1.92433892084874,0.,0.872813868355336));
#3483=CARTESIAN_POINT('',(0.615661079151259,1.41647257222044,2.81710525906527));
#3484=CARTESIAN_POINT('',(0.615661079151259,-1.63762120735666,3.47507308810615));
#3485=CARTESIAN_POINT('',(0.615661079151259,-1.63762120735666,3.47507308810615));
#3486=CARTESIAN_POINT('',(0.615661079151259,-1.63762120735666,3.47507308810615));
#3487=CARTESIAN_POINT('',(0.615661079151259,2.23547856179713,3.47507308810615));
#3488=CARTESIAN_POINT('',(0.615661079151259,2.23547856179713,3.47507308810615));
#3489=CARTESIAN_POINT('',(0.615661079151259,2.23547856179713,0.807045237397923));
#3490=CARTESIAN_POINT('',(0.615661079151259,2.23547856179713,0.807045237397924));
#3491=CARTESIAN_POINT('',(1.92433892084874,2.23547856179713,3.47507308810615));
#3492=CARTESIAN_POINT('',(1.92433892084874,2.23547856179713,3.47507308810615));
#3493=CARTESIAN_POINT('',(1.92433892084874,2.23547856179713,3.47507308810615));
#3494=CARTESIAN_POINT('',(1.92433892084874,2.23547856179713,3.47507308810615));
#3495=CARTESIAN_POINT('',(1.92433892084874,2.23547856179713,0.807045237397923));
#3496=CARTESIAN_POINT('',(1.92433892084874,2.23547856179713,0.807045237397924));
#3497=CARTESIAN_POINT('',(1.92433892084874,1.41647257222044,2.81710525906527));
#3498=CARTESIAN_POINT('',(1.92433892084874,2.23547856179713,0.807045237397924));
#3499=CARTESIAN_POINT('',(1.92433892084874,-1.63762120735666,3.47507308810615));
#3500=CARTESIAN_POINT('',(1.92433892084874,-1.63762120735666,3.47507308810615));
#3501=CARTESIAN_POINT('',(1.92433892084874,-1.63762120735666,3.47507308810615));
#3502=CARTESIAN_POINT('',(1.92433892084874,-1.63762120735666,3.47507308810615));
#3503=CARTESIAN_POINT('',(1.92433892084874,-1.63762120735666,3.47507308810615));
#3504=CARTESIAN_POINT('',(-0.615661079151259,-1.63762120735666,3.47507308810615));
#3505=CARTESIAN_POINT('',(-1.92433892084874,-1.63762120735666,3.47507308810615));
#3506=CARTESIAN_POINT('',(-1.92433892084874,-1.63762120735666,3.47507308810615));
#3507=CARTESIAN_POINT('',(-0.615661079151259,-1.63762120735666,3.47507308810615));
#3508=CARTESIAN_POINT('',(-0.615661079151259,-1.63762120735666,3.47507308810615));
#3509=CARTESIAN_POINT('',(-0.615661079151259,-1.63762120735666,3.47507308810615));
#3510=CARTESIAN_POINT('',(-1.92433892084874,1.41647257222044,2.81710525906527));
#3511=CARTESIAN_POINT('',(-1.92433892084874,-1.63762120735666,3.47507308810615));
#3512=CARTESIAN_POINT('',(-1.92433892084874,2.23547856179713,3.47507308810615));
#3513=CARTESIAN_POINT('',(-1.92433892084874,2.23547856179713,3.47507308810615));
#3514=CARTESIAN_POINT('',(-1.92433892084874,2.23547856179713,0.807045237397923));
#3515=CARTESIAN_POINT('',(-1.92433892084874,2.23547856179713,0.807045237397924));
#3516=CARTESIAN_POINT('',(-1.92433892084874,0.,0.807045237397923));
#3517=CARTESIAN_POINT('',(-1.92433892084874,0.,0.872813868355336));
#3518=CARTESIAN_POINT('',(-0.615661079151259,0.,0.872813868355336));
#3519=CARTESIAN_POINT('',(-0.615661079151259,0.,0.807045237397923));
#3520=CARTESIAN_POINT('',(-0.615661079151259,0.,0.807045237397923));
#3521=CARTESIAN_POINT('',(-0.615661079151259,0.,0.872813868355336));
#3522=CARTESIAN_POINT('',(-0.615661079151259,1.41647257222044,2.81710525906527));
#3523=CARTESIAN_POINT('',(-0.615661079151259,2.23547856179713,0.807045237397924));
#3524=CARTESIAN_POINT('',(-0.615661079151259,2.23547856179713,0.807045237397923));
#3525=CARTESIAN_POINT('',(-0.615661079151259,2.23547856179713,3.47507308810615));
#3526=CARTESIAN_POINT('',(-0.615661079151259,2.23547856179713,3.47507308810615));
#3527=CARTESIAN_POINT('',(-0.615661079151259,-1.63762120735666,3.47507308810615));
#3528=CARTESIAN_POINT('',(-0.615661079151259,2.23547856179713,3.47507308810615));
#3529=CARTESIAN_POINT('',(-0.615661079151259,2.23547856179713,3.47507308810615));
#3530=CARTESIAN_POINT('',(-0.615661079151259,2.23547856179713,0.807045237397924));
#3531=CARTESIAN_POINT('',(-1.27,-0.230886176112541,7.75079608924477));
#3532=CARTESIAN_POINT('',(-1.27,-0.230886176112541,6.52103378094672));
#3533=CARTESIAN_POINT('',(-0.337495440605816,-0.230886176112541,6.52103378094672));
#3534=CARTESIAN_POINT('',(1.27,-0.230886176112541,7.75079608924477));
#3535=CARTESIAN_POINT('',(1.27,-0.230886176112541,6.52103378094672));
#3536=CARTESIAN_POINT('',(2.20250455939418,-0.230886176112541,6.52103378094672));
#3537=CARTESIAN_POINT('',(1.97818680253217,-1.86129839573182,0.807045237397923));
#3538=CARTESIAN_POINT('',(0.561813197467828,-1.86129839573182,0.807045237397923));
#3539=CARTESIAN_POINT('',(0.561813197467828,-1.86129839573182,0.807045237397923));
#3540=CARTESIAN_POINT('',(0.561813197467828,-1.86129839573182,1.65221370697678));
#3541=CARTESIAN_POINT('',(1.97818680253217,-1.86129839573182,1.65221370697678));
#3542=CARTESIAN_POINT('',(1.97818680253217,-1.86129839573182,1.65221370697678));
#3543=CARTESIAN_POINT('',(1.97818680253217,-1.86129839573182,0.807045237397923));
#3544=CARTESIAN_POINT('',(1.97818680253217,-1.86129839573182,0.807045237397923));
#3545=CARTESIAN_POINT('',(1.97818680253217,-1.86129839573182,0.807045237397923));
#3546=CARTESIAN_POINT('',(1.97818680253217,0.,0.807045237397923));
#3547=CARTESIAN_POINT('',(0.561813197467828,0.,0.807045237397923));
#3548=CARTESIAN_POINT('',(0.561813197467828,2.39245536877167,0.807045237397923));
#3549=CARTESIAN_POINT('',(1.97818680253217,0.,0.807045237397923));
#3550=CARTESIAN_POINT('',(1.97818680253217,2.39245536877167,0.807045237397923));
#3551=CARTESIAN_POINT('',(1.97818680253217,2.39245536877167,0.807045237397923));
#3552=CARTESIAN_POINT('',(1.27,2.39245536877167,0.));
#3553=CARTESIAN_POINT('',(1.97818680253217,2.39245536877167,3.47507308810615));
#3554=CARTESIAN_POINT('',(1.97818680253217,2.39245536877167,3.47507308810615));
#3555=CARTESIAN_POINT('',(0.561813197467828,2.39245536877167,3.47507308810615));
#3556=CARTESIAN_POINT('',(0.561813197467828,2.39245536877167,3.47507308810615));
#3557=CARTESIAN_POINT('',(1.97818680253217,2.39245536877167,3.47507308810615));
#3558=CARTESIAN_POINT('',(1.97818680253217,-1.86129839573182,3.47507308810615));
#3559=CARTESIAN_POINT('',(0.561813197467828,-1.86129839573182,3.47507308810615));
#3560=CARTESIAN_POINT('',(0.561813197467828,-1.86129839573182,3.47507308810615));
#3561=CARTESIAN_POINT('',(1.97818680253217,-1.86129839573182,3.47507308810615));
#3562=CARTESIAN_POINT('',(1.97818680253217,-1.86129839573182,3.47507308810615));
#3563=CARTESIAN_POINT('',(1.97818680253217,-1.86129839573182,3.47507308810615));
#3564=CARTESIAN_POINT('',(1.97818680253217,-1.86129839573182,3.09629270248941));
#3565=CARTESIAN_POINT('',(0.561813197467828,-1.86129839573182,3.09629270248941));
#3566=CARTESIAN_POINT('',(0.561813197467828,-1.86129839573182,3.09629270248941));
#3567=CARTESIAN_POINT('',(1.97818680253217,-1.86129839573182,3.09629270248941));
#3568=CARTESIAN_POINT('',(1.97818680253217,-1.86129839573182,3.09629270248941));
#3569=CARTESIAN_POINT('',(1.97818680253217,-1.86129839573182,3.09629270248941));
#3570=CARTESIAN_POINT('',(1.97818680253217,-2.14005072202188,3.09629270248941));
#3571=CARTESIAN_POINT('',(0.561813197467828,-2.14005072202188,3.09629270248941));
#3572=CARTESIAN_POINT('',(0.561813197467828,-2.14005072202188,3.09629270248941));
#3573=CARTESIAN_POINT('',(1.97818680253217,-2.14005072202188,3.09629270248941));
#3574=CARTESIAN_POINT('',(1.97818680253217,-2.14005072202188,3.09629270248941));
#3575=CARTESIAN_POINT('',(1.97818680253217,-2.14005072202188,3.09629270248941));
#3576=CARTESIAN_POINT('',(-0.561813197467828,-2.14005072202188,3.09629270248941));
#3577=CARTESIAN_POINT('',(-1.97818680253217,-2.14005072202188,3.09629270248941));
#3578=CARTESIAN_POINT('',(-1.97818680253217,-2.14005072202188,3.09629270248941));
#3579=CARTESIAN_POINT('',(-1.97818680253217,-1.86129839573182,3.09629270248941));
#3580=CARTESIAN_POINT('',(-0.561813197467828,-1.86129839573182,3.09629270248941));
#3581=CARTESIAN_POINT('',(-0.561813197467828,-1.86129839573182,3.09629270248941));
#3582=CARTESIAN_POINT('',(-0.561813197467828,-2.14005072202188,3.09629270248941));
#3583=CARTESIAN_POINT('',(-0.561813197467828,-2.14005072202188,3.09629270248941));
#3584=CARTESIAN_POINT('',(-0.561813197467828,-2.14005072202188,3.09629270248941));
#3585=CARTESIAN_POINT('',(-0.561813197467828,-1.86129839573182,3.09629270248941));
#3586=CARTESIAN_POINT('',(-1.97818680253217,-1.86129839573182,3.09629270248941));
#3587=CARTESIAN_POINT('',(-1.97818680253217,-1.86129839573182,3.47507308810615));
#3588=CARTESIAN_POINT('',(-0.561813197467828,-1.86129839573182,3.47507308810615));
#3589=CARTESIAN_POINT('',(-0.561813197467828,-1.86129839573182,3.47507308810615));
#3590=CARTESIAN_POINT('',(-0.561813197467828,-1.86129839573182,3.09629270248941));
#3591=CARTESIAN_POINT('',(-0.561813197467828,-1.86129839573182,3.47507308810615));
#3592=CARTESIAN_POINT('',(-1.97818680253217,-1.86129839573182,3.47507308810615));
#3593=CARTESIAN_POINT('',(-1.97818680253217,2.39245536877167,3.47507308810615));
#3594=CARTESIAN_POINT('',(-0.561813197467828,2.39245536877167,3.47507308810615));
#3595=CARTESIAN_POINT('',(-0.561813197467828,2.39245536877167,3.47507308810615));
#3596=CARTESIAN_POINT('',(-0.561813197467828,-1.86129839573182,3.47507308810615));
#3597=CARTESIAN_POINT('',(-1.27,2.39245536877167,0.));
#3598=CARTESIAN_POINT('',(-1.97818680253217,2.39245536877167,3.47507308810615));
#3599=CARTESIAN_POINT('',(-1.97818680253217,2.39245536877167,0.807045237397923));
#3600=CARTESIAN_POINT('',(-0.561813197467828,2.39245536877167,0.807045237397923));
#3601=CARTESIAN_POINT('',(-0.561813197467828,2.39245536877167,0.807045237397923));
#3602=CARTESIAN_POINT('',(-0.561813197467828,2.39245536877167,3.47507308810615));
#3603=CARTESIAN_POINT('',(-0.561813197467828,0.,0.807045237397923));
#3604=CARTESIAN_POINT('',(-1.97818680253217,0.,0.807045237397923));
#3605=CARTESIAN_POINT('',(-1.97818680253217,-1.86129839573182,0.807045237397923));
#3606=CARTESIAN_POINT('',(-0.561813197467828,-1.86129839573182,0.807045237397923));
#3607=CARTESIAN_POINT('',(-0.561813197467828,-1.86129839573182,0.807045237397923));
#3608=CARTESIAN_POINT('',(-0.561813197467828,0.,0.807045237397923));
#3609=CARTESIAN_POINT('',(-0.561813197467828,-1.86129839573182,0.807045237397923));
#3610=CARTESIAN_POINT('',(-1.97818680253217,-1.86129839573182,0.807045237397923));
#3611=CARTESIAN_POINT('',(-1.97818680253217,-1.86129839573182,1.65221370697678));
#3612=CARTESIAN_POINT('',(-0.561813197467828,-1.86129839573182,1.65221370697678));
#3613=CARTESIAN_POINT('',(-0.561813197467828,-1.86129839573182,1.65221370697678));
#3614=CARTESIAN_POINT('',(-0.561813197467828,-1.86129839573182,0.807045237397923));
#3615=CARTESIAN_POINT('',(-1.27,-0.230886176112541,6.52103378094672));
#3616=CARTESIAN_POINT('',(-1.27,-0.230886176112541,6.52103378094672));
#3617=CARTESIAN_POINT('',(-0.281715981295209,-0.230886176112541,6.52103378094672));
#3618=CARTESIAN_POINT('',(1.27,-0.230886176112541,6.52103378094672));
#3619=CARTESIAN_POINT('',(1.27,-0.230886176112541,6.52103378094672));
#3620=CARTESIAN_POINT('',(2.25828401870479,-0.230886176112541,6.52103378094672));
#3621=CARTESIAN_POINT('',(1.97818680253217,-2.45627450129844,4.03382465970028));
#3622=CARTESIAN_POINT('',(0.561813197467828,-2.45627450129844,4.03382465970028));
#3623=CARTESIAN_POINT('',(0.561813197467828,-2.45627450129844,4.03382465970028));
#3624=CARTESIAN_POINT('',(1.97818680253217,-2.45627450129844,4.03382465970028));
#3625=CARTESIAN_POINT('',(1.97818680253217,-2.45627450129844,4.03382465970028));
#3626=CARTESIAN_POINT('',(1.97818680253217,-2.45627450129844,4.03382465970028));
#3627=CARTESIAN_POINT('',(0.561813197467828,0.,0.));
#3628=CARTESIAN_POINT('',(0.561813197467828,-3.41241552109377,4.03382465970028));
#3629=CARTESIAN_POINT('',(0.561813197467828,-2.65666358187821,4.03382465970028));
#3630=CARTESIAN_POINT('',(0.561813197467828,-2.65666358187821,0.));
#3631=CARTESIAN_POINT('',(0.561813197467828,-2.65666358187821,1.11728957821316));
#3632=CARTESIAN_POINT('',(0.561813197467828,-2.14005072202188,1.65221370697678));
#3633=CARTESIAN_POINT('',(0.561813197467828,-2.14005072202188,1.65221370697678));
#3634=CARTESIAN_POINT('',(0.561813197467828,-1.86129839573182,1.65221370697678));
#3635=CARTESIAN_POINT('',(1.97818680253217,-1.86129839573182,1.65221370697678));
#3636=CARTESIAN_POINT('',(1.97818680253217,-2.14005072202188,1.65221370697678));
#3637=CARTESIAN_POINT('',(1.97818680253217,-2.14005072202188,1.65221370697678));
#3638=CARTESIAN_POINT('',(1.97818680253217,-1.86129839573182,1.65221370697678));
#3639=CARTESIAN_POINT('',(1.97818680253217,0.,0.));
#3640=CARTESIAN_POINT('',(1.97818680253217,-2.14005072202188,1.65221370697678));
#3641=CARTESIAN_POINT('',(1.97818680253217,-2.65666358187821,1.11728957821316));
#3642=CARTESIAN_POINT('',(1.97818680253217,-2.65666358187821,4.03382465970028));
#3643=CARTESIAN_POINT('',(1.97818680253217,-2.65666358187821,4.03382465970028));
#3644=CARTESIAN_POINT('',(1.97818680253217,-3.41241552109377,4.03382465970028));
#3645=CARTESIAN_POINT('',(-0.561813197467828,-1.86129839573182,1.65221370697678));
#3646=CARTESIAN_POINT('',(-1.97818680253217,-1.86129839573182,1.65221370697678));
#3647=CARTESIAN_POINT('',(-1.97818680253217,-2.14005072202188,1.65221370697678));
#3648=CARTESIAN_POINT('',(-0.561813197467828,-2.14005072202188,1.65221370697678));
#3649=CARTESIAN_POINT('',(-0.561813197467828,-2.14005072202188,1.65221370697678));
#3650=CARTESIAN_POINT('',(-0.561813197467828,-1.86129839573182,1.65221370697678));
#3651=CARTESIAN_POINT('',(-0.561813197467828,0.,0.));
#3652=CARTESIAN_POINT('',(-0.561813197467828,-2.14005072202188,1.65221370697678));
#3653=CARTESIAN_POINT('',(-0.561813197467828,-2.65666358187821,1.11728957821316));
#3654=CARTESIAN_POINT('',(-0.561813197467828,-2.65666358187821,4.03382465970028));
#3655=CARTESIAN_POINT('',(-0.561813197467828,-2.65666358187821,4.03382465970028));
#3656=CARTESIAN_POINT('',(-0.561813197467828,-3.41241552109377,4.03382465970028));
#3657=CARTESIAN_POINT('',(-0.561813197467828,-2.45627450129844,4.03382465970028));
#3658=CARTESIAN_POINT('',(-0.561813197467828,-2.45627450129844,4.03382465970028));
#3659=CARTESIAN_POINT('',(-0.561813197467828,-2.45627450129844,4.03382465970028));
#3660=CARTESIAN_POINT('',(-1.97818680253217,-2.45627450129844,4.03382465970028));
#3661=CARTESIAN_POINT('',(-1.97818680253217,-2.45627450129844,4.03382465970028));
#3662=CARTESIAN_POINT('',(-0.561813197467828,-2.45627450129844,4.03382465970028));
#3663=CARTESIAN_POINT('',(-1.97818680253217,0.,0.));
#3664=CARTESIAN_POINT('',(-1.97818680253217,-3.41241552109377,4.03382465970028));
#3665=CARTESIAN_POINT('',(-1.97818680253217,-2.65666358187821,4.03382465970028));
#3666=CARTESIAN_POINT('',(-1.97818680253217,-2.65666358187821,0.));
#3667=CARTESIAN_POINT('',(-1.97818680253217,-2.65666358187821,1.11728957821316));
#3668=CARTESIAN_POINT('',(-1.97818680253217,-2.14005072202188,1.65221370697678));
#3669=CARTESIAN_POINT('',(-1.27,-0.230886176112541,8.79666496270826));
#3670=CARTESIAN_POINT('',(-1.27,-0.230886176112541,8.5));
#3671=CARTESIAN_POINT('',(-2.25828401870479,-0.230886176112541,8.5));
#3672=CARTESIAN_POINT('',(1.27,-0.230886176112541,8.79666496270826));
#3673=CARTESIAN_POINT('',(1.27,-0.230886176112541,8.5));
#3674=CARTESIAN_POINT('',(0.281715981295209,-0.230886176112541,8.5));
#3675=CARTESIAN_POINT('',(1.97818680253217,-3.41241552109377,4.03382465970028));
#3676=CARTESIAN_POINT('',(2.74,-3.25,4.03382465970028));
#3677=CARTESIAN_POINT('',(0.219250256745206,-3.25,4.03382465970028));
#3678=CARTESIAN_POINT('',(2.32074974325479,-3.25,4.03382465970028));
#3679=CARTESIAN_POINT('',(0.588656409573898,-2.61016977467215,4.03382465970028));
#3680=CARTESIAN_POINT('',(2.30543699169219,-3.22347753628988,4.03382465970028));
#3681=CARTESIAN_POINT('',(0.219250256745207,-3.25,0.));
#3682=CARTESIAN_POINT('',(1.01501867694668,-1.87168866515222,1.9300878185584));
#3683=CARTESIAN_POINT('',(0.219250256745206,-3.25,0.502922435637975));
#3684=CARTESIAN_POINT('',(0.219250256745206,-3.25,0.));
#3685=CARTESIAN_POINT('',(1.97818680253217,-2.14005072202188,1.65221370697678));
#3686=CARTESIAN_POINT('',(2.74,-3.25,0.502922435637975));
#3687=CARTESIAN_POINT('',(2.32074974325479,-3.25,0.502922435637975));
#3688=CARTESIAN_POINT('',(1.72125177872606,-2.2116390664021,1.57808792397194));
#3689=CARTESIAN_POINT('',(1.97818680253217,-2.65666358187821,0.));
#3690=CARTESIAN_POINT('',(2.32074974325479,-3.25,0.));
#3691=CARTESIAN_POINT('',(-0.561813197467828,-2.14005072202188,1.65221370697678));
#3692=CARTESIAN_POINT('',(-1.52498132305332,-1.87168866515222,1.9300878185584));
#3693=CARTESIAN_POINT('',(-2.32074974325479,-3.25,0.502922435637975));
#3694=CARTESIAN_POINT('',(2.74,-3.25,0.502922435637975));
#3695=CARTESIAN_POINT('',(-0.219250256745207,-3.25,0.502922435637975));
#3696=CARTESIAN_POINT('',(-0.818748221273941,-2.2116390664021,1.57808792397194));
#3697=CARTESIAN_POINT('',(-0.561813197467828,-2.65666358187821,0.));
#3698=CARTESIAN_POINT('',(-0.219250256745207,-3.25,0.));
#3699=CARTESIAN_POINT('',(-0.219250256745207,-3.25,4.03382465970028));
#3700=CARTESIAN_POINT('',(-0.234563008307815,-3.22347753628988,4.03382465970028));
#3701=CARTESIAN_POINT('',(-0.561813197467828,-3.41241552109377,4.03382465970028));
#3702=CARTESIAN_POINT('',(2.74,-3.25,4.03382465970028));
#3703=CARTESIAN_POINT('',(-2.32074974325479,-3.25,4.03382465970028));
#3704=CARTESIAN_POINT('',(-1.9513435904261,-2.61016977467215,4.03382465970028));
#3705=CARTESIAN_POINT('',(-2.32074974325479,-3.25,0.));
#3706=CARTESIAN_POINT('',(-2.32074974325479,-3.25,0.));
#3707=CARTESIAN_POINT('',(2.74,2.93843835582966,4.56219872079157));
#3708=CARTESIAN_POINT('',(-2.74,2.93843835582966,4.56219872079157));
#3709=CARTESIAN_POINT('',(-2.74,3.25,4.56219872079157));
#3710=CARTESIAN_POINT('',(-2.74,2.93843835582966,4.87376036496191));
#3711=CARTESIAN_POINT('',(2.74,2.93843835582966,4.87376036496191));
#3712=CARTESIAN_POINT('',(2.74,2.93843835582966,4.87376036496191));
#3713=CARTESIAN_POINT('',(2.74,2.93843835582966,4.56219872079157));
#3714=CARTESIAN_POINT('',(2.74,3.25,4.56219872079157));
#3715=CARTESIAN_POINT('',(2.74,3.25,4.56219872079157));
#3716=CARTESIAN_POINT('',(2.74,2.19991670864874,4.87376036496191));
#3717=CARTESIAN_POINT('',(-2.74,2.19991670864874,4.87376036496191));
#3718=CARTESIAN_POINT('',(-2.74,2.19991670864874,4.87376036496191));
#3719=CARTESIAN_POINT('',(2.74,2.19991670864874,4.87376036496191));
#3720=CARTESIAN_POINT('',(2.74,2.19991670864874,4.87376036496191));
#3721=CARTESIAN_POINT('',(2.74,2.19991670864874,4.87376036496191));
#3722=CARTESIAN_POINT('',(2.74,1.34297131175327,8.5));
#3723=CARTESIAN_POINT('',(-2.74,1.34297131175327,8.5));
#3724=CARTESIAN_POINT('',(-2.74,1.34297131175327,8.5));
#3725=CARTESIAN_POINT('',(2.74,1.34297131175327,8.5));
#3726=CARTESIAN_POINT('',(2.74,1.34297131175327,8.5));
#3727=CARTESIAN_POINT('',(2.74,1.34297131175327,8.5));
#3728=CARTESIAN_POINT('',(2.74,-1.80474366397836,8.5));
#3729=CARTESIAN_POINT('',(-2.74,-1.80474366397836,8.5));
#3730=CARTESIAN_POINT('',(-2.74,-1.80474366397836,8.5));
#3731=CARTESIAN_POINT('',(2.74,-1.80474366397836,8.5));
#3732=CARTESIAN_POINT('',(2.74,-1.80474366397836,8.5));
#3733=CARTESIAN_POINT('',(2.74,0.,8.5));
#3734=CARTESIAN_POINT('',(2.74,-2.88938757006961,4.54891873745763));
#3735=CARTESIAN_POINT('',(-2.74,-2.88938757006961,4.54891873745763));
#3736=CARTESIAN_POINT('',(-2.74,-2.88938757006961,4.54891873745763));
#3737=CARTESIAN_POINT('',(2.74,-2.88938757006961,4.54891873745763));
#3738=CARTESIAN_POINT('',(2.74,-2.88938757006961,4.54891873745763));
#3739=CARTESIAN_POINT('',(2.74,-2.88938757006961,4.54891873745763));
#3740=CARTESIAN_POINT('',(2.74,-3.03362669816968,4.54891873745763));
#3741=CARTESIAN_POINT('',(-2.74,-3.03362669816968,4.54891873745763));
#3742=CARTESIAN_POINT('',(-2.74,-3.03362669816968,4.54891873745763));
#3743=CARTESIAN_POINT('',(2.74,-3.03362669816968,4.54891873745763));
#3744=CARTESIAN_POINT('',(2.74,-3.03362669816968,4.54891873745763));
#3745=CARTESIAN_POINT('',(2.74,-3.03362669816968,4.54891873745763));
#3746=CARTESIAN_POINT('',(2.74,-3.25,4.39083387012395));
#3747=CARTESIAN_POINT('',(-2.74,-3.25,4.39083387012395));
#3748=CARTESIAN_POINT('',(-2.74,-3.25,4.39083387012395));
#3749=CARTESIAN_POINT('',(2.74,-3.25,4.39083387012395));
#3750=CARTESIAN_POINT('',(2.74,-3.25,4.39083387012395));
#3751=CARTESIAN_POINT('',(2.74,-3.25,4.39083387012395));
#3752=CARTESIAN_POINT('',(-0.989751444371796,7.7376226587196E-16,-2.57176329118485));
#3753=CARTESIAN_POINT('',(-0.989751444371796,-0.25,-2.57176329118485));
#3754=CARTESIAN_POINT('',(-0.830273393203584,-0.25,-2.6299208707588));
#3755=CARTESIAN_POINT('',(-0.82,-0.25,-2.57176329118485));
#3756=CARTESIAN_POINT('',(-0.830273393203584,-0.25,-2.6299208707588));
#3757=CARTESIAN_POINT('',(-0.830273393203584,0.15,-2.62992087075879));
#3758=CARTESIAN_POINT('',(-0.989751444371796,0.15,-2.57176329118485));
#3759=CARTESIAN_POINT('',(-0.82,0.15,-2.57176329118485));
#3760=CARTESIAN_POINT('',(-0.82,0.15,-2.57176329118485));
#3761=CARTESIAN_POINT('',(-1.12936218874671,-0.860860271148709,-3.45007361076092));
#3762=CARTESIAN_POINT('',(-1.09304995859617,0.15,-3.35049925191721));
#3763=CARTESIAN_POINT('',(-1.0886667511965,0.15,-3.33847974596308));
#3764=CARTESIAN_POINT('',(0.125023132267759,-0.25,-0.0103340639140909));
#3765=CARTESIAN_POINT('',(-1.0886667511965,-0.25,-3.33847974596308));
#3766=CARTESIAN_POINT('',(-1.0886667511965,-0.860860271148709,-3.33847974596308));
#3767=CARTESIAN_POINT('',(-1.24814480236471,-0.860860271148709,-3.28032216638913));
#3768=CARTESIAN_POINT('',(-1.24814480236471,-0.25,-3.28032216638913));
#3769=CARTESIAN_POINT('',(-1.24814480236471,-0.25,-3.45007361076092));
#3770=CARTESIAN_POINT('',(-1.24814480236471,-0.25,-3.45007361076092));
#3771=CARTESIAN_POINT('',(-1.24814480236471,0.15,-3.45007361076092));
#3772=CARTESIAN_POINT('',(-1.24814480236471,0.15,-3.28032216638913));
#3773=CARTESIAN_POINT('',(-0.82,-0.25,-3.45007361076092));
#3774=CARTESIAN_POINT('',(-0.82,-0.25,-3.45007361076092));
#3775=CARTESIAN_POINT('',(-1.29185519763529,-0.25,-3.45007361076092));
#3776=CARTESIAN_POINT('',(-1.29185519763529,0.15,-3.45007361076092));
#3777=CARTESIAN_POINT('',(-1.29185519763529,0.15,-3.45007361076092));
#3778=CARTESIAN_POINT('',(-0.82,0.15,-3.45007361076092));
#3779=CARTESIAN_POINT('',(-1.29185519763529,-0.25,-3.28032216638913));
#3780=CARTESIAN_POINT('',(-1.29185519763529,-0.25,-3.28032216638913));
#3781=CARTESIAN_POINT('',(-1.4513332488035,-0.25,-3.33847974596308));
#3782=CARTESIAN_POINT('',(-1.45133324880351,-0.25,-3.33847974596308));
#3783=CARTESIAN_POINT('',(-1.45133324880351,0.15,-3.33847974596308));
#3784=CARTESIAN_POINT('',(-1.29185519763529,0.15,-3.28032216638913));
#3785=CARTESIAN_POINT('',(-1.4106378112533,-0.860860271148709,-3.45007361076092));
#3786=CARTESIAN_POINT('',(-2.55938317908578,-0.25,-0.300016921804393));
#3787=CARTESIAN_POINT('',(-1.70972660679642,-0.25,-2.6299208707588));
#3788=CARTESIAN_POINT('',(-1.70972660679642,0.15,-2.6299208707588));
#3789=CARTESIAN_POINT('',(-1.70972660679642,0.15,-2.6299208707588));
#3790=CARTESIAN_POINT('',(-1.34131008822184,0.15,-3.64018210980751));
#3791=CARTESIAN_POINT('',(-1.5502485556282,-0.860860271148709,-2.57176329118485));
#3792=CARTESIAN_POINT('',(-1.5502485556282,-0.25,-2.57176329118485));
#3793=CARTESIAN_POINT('',(-1.72,-0.25,-2.57176329118485));
#3794=CARTESIAN_POINT('',(-1.72,-0.25,-2.57176329118485));
#3795=CARTESIAN_POINT('',(-1.72,0.15,-2.57176329118485));
#3796=CARTESIAN_POINT('',(-1.5502485556282,0.15,-2.57176329118485));
#3797=CARTESIAN_POINT('',(2.74,-3.25,0.));
#3798=CARTESIAN_POINT('',(-2.74,-3.25,0.));
#3799=CARTESIAN_POINT('',(-2.74,-3.25,0.));
#3800=CARTESIAN_POINT('',(2.74,-3.25,0.));
#3801=CARTESIAN_POINT('',(2.74,-3.25,0.));
#3802=CARTESIAN_POINT('',(2.74,-3.25,0.));
#3803=CARTESIAN_POINT('',(2.74,2.93843835582966,4.56219872079157));
#3804=CARTESIAN_POINT('',(2.74,-3.25,0.));
#3805=CARTESIAN_POINT('',(2.74,3.25,0.));
#3806=CARTESIAN_POINT('',(2.74,3.25,4.56219872079157));
#3807=CARTESIAN_POINT('',(2.74,3.25,4.56219872079157));
#3808=CARTESIAN_POINT('',(-2.74,3.25,4.56219872079157));
#3809=CARTESIAN_POINT('',(-2.74,3.25,0.));
#3810=CARTESIAN_POINT('',(2.74,3.25,0.));
#3811=CARTESIAN_POINT('',(-2.74,2.93843835582966,4.56219872079157));
#3812=CARTESIAN_POINT('',(-2.74,0.,0.));
#3813=CARTESIAN_POINT('',(-0.82,0.15,-3.45007361076092));
#3814=CARTESIAN_POINT('',(-1.72,0.15,-3.45007361076092));
#3815=CARTESIAN_POINT('',(-1.72,0.15,0.));
#3816=CARTESIAN_POINT('',(2.74,0.15,0.));
#3817=CARTESIAN_POINT('',(-0.82,0.15,0.));
#3818=CARTESIAN_POINT('',(-0.82,0.15,-3.45007361076092));
#3819=CARTESIAN_POINT('',(-0.82,0.,0.));
#3820=CARTESIAN_POINT('',(-0.82,-0.25,0.334291780278808));
#3821=CARTESIAN_POINT('',(-0.82,-0.25,0.));
#3822=CARTESIAN_POINT('',(-0.82,2.17979930980383E-16,0.));
#3823=CARTESIAN_POINT('',(-0.82,-0.25,0.334291780278808));
#3824=CARTESIAN_POINT('',(-1.72,-0.25,0.334291780278808));
#3825=CARTESIAN_POINT('',(-1.72,-0.25,0.));
#3826=CARTESIAN_POINT('',(2.74,-0.25,0.));
#3827=CARTESIAN_POINT('',(-1.72,0.,0.));
#3828=CARTESIAN_POINT('',(-1.72,2.7308721690239E-16,0.));
#3829=CARTESIAN_POINT('',(2.74,0.,0.));
#3830=CARTESIAN_POINT('',(0.82,2.7308721690239E-16,0.));
#3831=CARTESIAN_POINT('',(0.82,-0.25,0.));
#3832=CARTESIAN_POINT('',(0.82,0.15,0.));
#3833=CARTESIAN_POINT('',(2.74,-0.25,0.));
#3834=CARTESIAN_POINT('',(1.72,-0.25,0.));
#3835=CARTESIAN_POINT('',(1.72,6.24549240449412E-17,0.));
#3836=CARTESIAN_POINT('',(1.72,0.15,0.));
#3837=CARTESIAN_POINT('',(2.74,0.15,0.));
#3838=CARTESIAN_POINT('',(0.989751444371796,-0.860860271148709,-2.57176329118485));
#3839=CARTESIAN_POINT('',(0.989751444371796,-0.25,-2.57176329118485));
#3840=CARTESIAN_POINT('',(0.82,-0.25,-2.57176329118485));
#3841=CARTESIAN_POINT('',(0.830273393203585,-0.25,-2.6299208707588));
#3842=CARTESIAN_POINT('',(0.82,-0.25,-2.57176329118485));
#3843=CARTESIAN_POINT('',(0.82,0.15,-2.57176329118485));
#3844=CARTESIAN_POINT('',(0.989751444371796,0.15,-2.57176329118485));
#3845=CARTESIAN_POINT('',(0.830273393203584,0.15,-2.6299208707588));
#3846=CARTESIAN_POINT('',(0.830273393203584,0.15,-2.6299208707588));
#3847=CARTESIAN_POINT('',(1.55024855562821,7.7376226587196E-16,-2.57176329118485));
#3848=CARTESIAN_POINT('',(1.55024855562821,-0.25,-2.57176329118485));
#3849=CARTESIAN_POINT('',(1.70972660679642,-0.25,-2.6299208707588));
#3850=CARTESIAN_POINT('',(1.72,-0.25,-2.57176329118485));
#3851=CARTESIAN_POINT('',(1.70972660679642,-0.25,-2.6299208707588));
#3852=CARTESIAN_POINT('',(1.70972660679642,0.15,-2.62992087075879));
#3853=CARTESIAN_POINT('',(1.55024855562821,0.15,-2.57176329118485));
#3854=CARTESIAN_POINT('',(1.72,0.15,-2.57176329118485));
#3855=CARTESIAN_POINT('',(1.72,0.15,-2.57176329118485));
#3856=CARTESIAN_POINT('',(1.24814480236471,-0.25,-3.28032216638913));
#3857=CARTESIAN_POINT('',(1.24814480236471,-0.25,-3.28032216638913));
#3858=CARTESIAN_POINT('',(1.0886667511965,-0.25,-3.33847974596308));
#3859=CARTESIAN_POINT('',(1.24814480236471,-0.25,-3.45007361076092));
#3860=CARTESIAN_POINT('',(1.0886667511965,-0.25,-3.33847974596308));
#3861=CARTESIAN_POINT('',(1.0886667511965,0.15,-3.33847974596308));
#3862=CARTESIAN_POINT('',(1.24814480236471,0.15,-3.28032216638913));
#3863=CARTESIAN_POINT('',(1.24814480236471,0.15,-3.45007361076092));
#3864=CARTESIAN_POINT('',(1.24814480236471,0.15,-3.45007361076092));
#3865=CARTESIAN_POINT('',(1.29185519763529,-0.860860271148709,-3.28032216638913));
#3866=CARTESIAN_POINT('',(1.29185519763529,-0.25,-3.28032216638913));
#3867=CARTESIAN_POINT('',(1.29185519763529,-0.25,-3.45007361076092));
#3868=CARTESIAN_POINT('',(1.4513332488035,-0.25,-3.33847974596308));
#3869=CARTESIAN_POINT('',(1.29185519763529,-0.25,-3.45007361076092));
#3870=CARTESIAN_POINT('',(1.29185519763529,0.15,-3.45007361076092));
#3871=CARTESIAN_POINT('',(1.29185519763529,0.15,-3.28032216638913));
#3872=CARTESIAN_POINT('',(1.45133324880351,0.15,-3.33847974596308));
#3873=CARTESIAN_POINT('',(1.45133324880351,-0.860860271148709,-3.33847974596308));
#3874=CARTESIAN_POINT('',(1.12936218874671,-0.860860271148709,-3.45007361076092));
#3875=CARTESIAN_POINT('',(-0.0193831790857761,-0.25,-0.300016921804393));
#3876=CARTESIAN_POINT('',(1.19868991177816,0.15,-3.64018210980751));
#3877=CARTESIAN_POINT('',(1.41063781125329,-0.860860271148709,-3.45007361076092));
#3878=CARTESIAN_POINT('',(1.44695004140383,0.15,-3.35049925191721));
#3879=CARTESIAN_POINT('',(2.66502313226776,-0.25,-0.0103340639140909));
#3880=CARTESIAN_POINT('',(1.72,-0.25,0.334291780278808));
#3881=CARTESIAN_POINT('',(0.82,-0.25,0.334291780278808));
#3882=CARTESIAN_POINT('',(1.72,-0.25,-3.45007361076092));
#3883=CARTESIAN_POINT('',(1.72,-0.25,0.334291780278808));
#3884=CARTESIAN_POINT('',(1.72,-0.25,-3.45007361076092));
#3885=CARTESIAN_POINT('',(1.72,0.15,-3.45007361076092));
#3886=CARTESIAN_POINT('',(1.72,0.15,-3.45007361076092));
#3887=CARTESIAN_POINT('',(0.82,0.15,-3.45007361076092));
#3888=CARTESIAN_POINT('',(1.72,0.15,-3.45007361076092));
#3889=CARTESIAN_POINT('',(0.82,0.,0.));
#3890=CARTESIAN_POINT('',(1.72,0.,0.));
#3891=MECHANICAL_DESIGN_GEOMETRIC_PRESENTATION_REPRESENTATION('',(#1846,
#1847,#1848,#1849,#1850,#1851,#1852,#1853,#1854,#1855,#1856,#1857,#1858,
#1859,#1860,#1861,#1862,#1863,#1864,#1865,#1866,#1867,#1868,#1869,#1870,
#1871,#1872,#1873,#1874,#1875,#1876,#1877,#1878,#1879,#1880,#1881,#1882,
#1883,#1884,#1885,#1886,#1887,#1888,#1889,#1890,#1891,#1892,#1893,#1894,
#1895,#1896,#1897,#1898,#1899,#1900,#1901,#1902,#1903,#1904,#1905,#1906,
#1907,#1908,#1909,#1910,#1911,#1912,#1913,#1914,#1915,#1916,#1917,#1918,
#1919,#1920,#1921,#1922,#1923,#1924,#1925,#1926,#1927,#1928,#1929,#1930,
#1931,#1932,#1933,#1934,#1935,#1936,#1937,#1938,#1939,#1940,#1941,#1942,
#1943,#1944,#1945,#1946,#1947),#3892);
#3892=(
GEOMETRIC_REPRESENTATION_CONTEXT(3)
GLOBAL_UNCERTAINTY_ASSIGNED_CONTEXT((#3893))
GLOBAL_UNIT_ASSIGNED_CONTEXT((#3896,#3895,#3894))
REPRESENTATION_CONTEXT('OSTVN02A150','TOP_LEVEL_ASSEMBLY_PART')
);
#3893=UNCERTAINTY_MEASURE_WITH_UNIT(LENGTH_MEASURE(0.005),#3896,
'DISTANCE_ACCURACY_VALUE','Maximum Tolerance applied to model');
#3894=(
NAMED_UNIT(*)
SI_UNIT($,.STERADIAN.)
SOLID_ANGLE_UNIT()
);
#3895=(
NAMED_UNIT(*)
PLANE_ANGLE_UNIT()
SI_UNIT($,.RADIAN.)
);
#3896=(
LENGTH_UNIT()
NAMED_UNIT(*)
SI_UNIT(.MILLI.,.METRE.)
);
#3897=PRODUCT_DEFINITION_SHAPE('','',#3898);
#3898=PRODUCT_DEFINITION('','',#3900,#3899);
#3899=PRODUCT_DEFINITION_CONTEXT('',#3906,'design');
#3900=PRODUCT_DEFINITION_FORMATION_WITH_SPECIFIED_SOURCE('','',#3902,
 .NOT_KNOWN.);
#3901=PRODUCT_RELATED_PRODUCT_CATEGORY('','',(#3902));
#3902=PRODUCT('OSTVN02A150','OSTVN02A150','OSTVN02A150',(#3904));
#3903=PRODUCT_CATEGORY('','');
#3904=PRODUCT_CONTEXT('',#3906,'mechanical');
#3905=APPLICATION_PROTOCOL_DEFINITION('international standard',
'automotive_design',2010,#3906);
#3906=APPLICATION_CONTEXT(
'core data for automotive mechanical design processes');
ENDSEC;
END-ISO-10303-21;
