"Reference","Qty","Value","DNP","Exclude from BOM","Exclude from Board","Footprint","Datasheet","DIGIKEY_PART_NUMBER","MANUFACTURER","MANUFACTURER_PART_NUMBER","Description"
"C1","1","4.7nF","","","","1812 (4532 Metric)","https://yageogroup.com/content/datasheet/asset/file/KEM_C1076_X7R_HV_AUTO_SMD","399-16791-1-ND","KEMET","C1812C472KGRACAUTO","CAP CER 1812 4.7NF 2000V X7R 10%"
"C2","1","0.022uF","","","","0402 (1005 Metric)","https://yageogroup.com/content/datasheet/asset/file/KEM_C1023_X7R_AUTO_SMD","399-C0402C223J5RACAUTOCT-ND","KEMET","C0402C223J5RACAUTO","CAP CER 0.022UF 50V X7R 0402"
"C3","1","1nF","","","","0402 (1005 Metric)","https://yageogroup.com/content/datasheet/asset/file/KEM_C1091_C0G_ESD","399-C0402C102J5GECAUTOCT-ND","KEMET","C0402C102J5GECAUTO","CAP CER 0402 1NF 50V C0G 5%"
"C4","1","0.1uF","","","","0402 (1005 Metric)","https://search.murata.co.jp/Ceramy/image/img/A01X/G101/ENG/GCM155R71C104KA55-01.pdf","490-4759-1-ND","Murata","GCM155R71C104KA55D","CAP CER 0.1UF 16V X7R 0402"
"C5","1","0.1uF","","","","0402 (1005 Metric)","https://search.murata.co.jp/Ceramy/image/img/A01X/G101/ENG/GCM155R71C104KA55-01.pdf","490-4759-1-ND","Murata","GCM155R71C104KA55D","CAP CER 0.1UF 16V X7R 0402"
"C6","1","1nF","","","","0402 (1005 Metric)","https://yageogroup.com/content/datasheet/asset/file/KEM_C1091_C0G_ESD","399-17168-1-ND","KEMET","C0402C102K1GECAUTO","CAP CER 0402 1NF 100V C0G 10%"
"C7","1","1uF","","","","0805 (2012 Metric)","https://datasheets.kyocera-avx.com/AutoMLCC.pdf","478-KAM21KR72A105KUCT-ND","KYOCERA AVX","08051C105K4T2A","CAP CER 1UF 100V X7R 0805"
"C8","1","0.1uF","","","","0603 (1608 Metric)","https://www.murata.com/en-sg/api/pdfdownloadapi?cate=luCeramicCapacitorsSMD&partno=GCJ188R72A104KA01%23","490-13420-1-ND","Murata","GCJ188R72A104KA01D","CAP CER 0.1UF 100V X7R 0603"
"C9","1","1uF","","","","0805 (2012 Metric)","https://datasheets.kyocera-avx.com/AutoMLCC.pdf","478-KAM21KR72A105KUCT-ND","KYOCERA AVX","08051C105K4T2A","CAP CER 1UF 100V X7R 0805"
"C10","1","10uF","","","","SMD, J-Lead","https://pim.murata.com/asset/pim4/ceramicCapacitorSMD/KCM55_E-EN_PDF_CERAMICCAPACITORSMD","490-KCM55QR72A106KH01LCT-ND","Murata Electronics","KCM55QR72A106KH01L","CAP CER 10UF 100V X7R SMD"
"C11","1","47pF","","","","0402 (1005 Metric)","https://www.vishay.com/docs/45230/ga31gautomlccsold.pdf","720-GA0402A470JXBAP31GCT-ND","Vishay Vitramon","GA0402A470JXBAP31G","CAP CER 47PF 100V C0G/NP0 0402"
"C12","1","0.1uF","","","","0402 (1005 Metric)","https://search.murata.co.jp/Ceramy/image/img/A01X/G101/ENG/GCM155R71C104KA55-01.pdf","490-4759-1-ND","Murata","GCM155R71C104KA55D","CAP CER 0.1UF 16V X7R 0402"
"C13","1","4.7uF","","","","0805 (2012 Metric)","https://search.murata.co.jp/Ceramy/image/img/A01X/G101/ENG/GRT21BR71C475KE13-01.pdf","490-GRT21BR71C475KE13KCT-ND","Murata Electronics","GRT21BR71C475KE13K","CAP CER 4.7UF 16V X7R 0805"
"C14","1","27pF","","","","0402 (1005 Metric)","https://pim.murata.com/asset/pim4/ceramicCapacitorSMD/GCM1555C1HR50BA16-01A-EN_PDF_CERAMICCAPACITORSMD","490-12651-1-ND","Murata Electronics","GCM1555C1H270JA16D","CAP CER 27PF 50V C0G/NP0 0402"
"C15","1","0.1uF","","","","0402 (1005 Metric)","https://search.murata.co.jp/Ceramy/image/img/A01X/G101/ENG/GCM155R71C104KA55-01.pdf","490-4759-1-ND","Murata","GCM155R71C104KA55D","CAP CER 0.1UF 16V X7R 0402"
"C16","1","27pF","","","","0402 (1005 Metric)","https://pim.murata.com/asset/pim4/ceramicCapacitorSMD/GCM1555C1HR50BA16-01A-EN_PDF_CERAMICCAPACITORSMD","490-12651-1-ND","Murata Electronics","GCM1555C1H270JA16D","CAP CER 27PF 50V C0G/NP0 0402"
"C17","1","470pF","","","","0402 (1005 Metric)","https://pim.murata.com/asset/pim4/ceramicCapacitorSMD/GCM1555C1HR50BA16-01A-EN_PDF_CERAMICCAPACITORSMD","490-GCM1555C1H471FA16DCT-ND","Murata Electronics","GCM1555C1H471FA16D","CAP CER 470PF 50V C0G/NP0 0402"
"C18","1","1uF","","","","0603 (1608 Metric)","https://yageogroup.com/content/datasheet/asset/file/KEM_C1023_X7R_AUTO_SMD","399-17704-1-ND","KEMET","C0603C105K4RACAUTO","CAP CER 1UF 16V X7R 0603"
"C19","1","0.1uF","","","","0402 (1005 Metric)","https://search.murata.co.jp/Ceramy/image/img/A01X/G101/ENG/GCM155R71C104KA55-01.pdf","490-4759-1-ND","Murata","GCM155R71C104KA55D","CAP CER 0.1UF 16V X7R 0402"
"C20","1","0.1uF","","","","0402 (1005 Metric)","https://search.murata.co.jp/Ceramy/image/img/A01X/G101/ENG/GCM155R71C104KA55-01.pdf","490-4759-1-ND","Murata","GCM155R71C104KA55D","CAP CER 0.1UF 16V X7R 0402"
"C21","1","0.1uF","","","","0402 (1005 Metric)","https://search.murata.co.jp/Ceramy/image/img/A01X/G101/ENG/GCM155R71C104KA55-01.pdf","490-4759-1-ND","Murata","GCM155R71C104KA55D","CAP CER 0.1UF 16V X7R 0402"
"C22","1","0.1uF","","","","0402 (1005 Metric)","https://search.murata.co.jp/Ceramy/image/img/A01X/G101/ENG/GCM155R71C104KA55-01.pdf","490-4759-1-ND","Murata","GCM155R71C104KA55D","CAP CER 0.1UF 16V X7R 0402"
"C23","1","0.1uF","","","","0402 (1005 Metric)","https://search.murata.co.jp/Ceramy/image/img/A01X/G101/ENG/GCM155R71C104KA55-01.pdf","490-4759-1-ND","Murata","GCM155R71C104KA55D","CAP CER 0.1UF 16V X7R 0402"
"C24","1","0.1uF","","","","0402 (1005 Metric)","https://search.murata.co.jp/Ceramy/image/img/A01X/G101/ENG/GCM155R71C104KA55-01.pdf","490-4759-1-ND","Murata","GCM155R71C104KA55D","CAP CER 0.1UF 16V X7R 0402"
"C25","1","0.1uF","","","","0402 (1005 Metric)","https://search.murata.co.jp/Ceramy/image/img/A01X/G101/ENG/GCM155R71C104KA55-01.pdf","490-4759-1-ND","Murata","GCM155R71C104KA55D","CAP CER 0.1UF 16V X7R 0402"
"C26","1","0.1uF","","","","0402 (1005 Metric)","https://search.murata.co.jp/Ceramy/image/img/A01X/G101/ENG/GCM155R71C104KA55-01.pdf","490-4759-1-ND","Murata","GCM155R71C104KA55D","CAP CER 0.1UF 16V X7R 0402"
"C27","1","4.7uF","","","","0805 (2012 Metric)","https://search.murata.co.jp/Ceramy/image/img/A01X/G101/ENG/GRT21BR71C475KE13-01.pdf","490-GRT21BR71C475KE13KCT-ND","Murata Electronics","GRT21BR71C475KE13K","CAP CER 4.7UF 16V X7R 0805"
"C28","1","1uF","","","","0603 (1608 Metric)","https://yageogroup.com/content/datasheet/asset/file/KEM_C1023_X7R_AUTO_SMD","399-17704-1-ND","KEMET","C0603C105K4RACAUTO","CAP CER 1UF 16V X7R 0603"
"C29","1","12pF","","","","0402 (1005 Metric)","https://pim.murata.com/asset/pim4/ceramicCapacitorSMD/GCM1555C1HR50BA16-01A-EN_PDF_CERAMICCAPACITORSMD","490-16460-1-ND","Murata Electronics","GCM1555C1H120FA16D","CAP CER 12PF 50V C0G/NP0 0402"
"C30","1","4.7uF","","","","0805 (2012 Metric)","https://search.murata.co.jp/Ceramy/image/img/A01X/G101/ENG/GRT21BR71C475KE13-01.pdf","490-GRT21BR71C475KE13KCT-ND","Murata Electronics","GRT21BR71C475KE13K","CAP CER 4.7UF 16V X7R 0805"
"C31","1","12pF","","","","0402 (1005 Metric)","https://pim.murata.com/asset/pim4/ceramicCapacitorSMD/GCM1555C1HR50BA16-01A-EN_PDF_CERAMICCAPACITORSMD","490-16460-1-ND","Murata Electronics","GCM1555C1H120FA16D","CAP CER 12PF 50V C0G/NP0 0402"
"C32","1","10uF","","","","1206 (3216 Metric)","https://weblib.samsungsem.com/mlcc/mlcc-ec-data-sheet.do?partNumber=CL31B106KOHVPN","1276-6797-1-ND","Samsung Electro-Mechanics","CL31B106KOHVPNE","CAP CER 10UF 16V X7R 1206"
"C33","1","4.7uF","","","","0805 (2012 Metric)","https://search.murata.co.jp/Ceramy/image/img/A01X/G101/ENG/GRT21BR71C475KE13-01.pdf","490-GRT21BR71C475KE13KCT-ND","Murata Electronics","GRT21BR71C475KE13K","CAP CER 4.7UF 16V X7R 0805"
"C34","1","2.2uF","","","","0805 (2012 Metric)","https://search.murata.co.jp/Ceramy/image/img/A01X/G101/ENG/GRT21BR71C225KE01-01.pdf","490-GRT21BR71C225KE01LCT-ND","Murata Electronics","GRT21BR71C225KE01L","CAP CER 2.2UF 16V X7R 0805"
"C35","1","0.1uF","","","","0402 (1005 Metric)","https://search.murata.co.jp/Ceramy/image/img/A01X/G101/ENG/GCM155R71C104KA55-01.pdf","490-4759-1-ND","Murata","GCM155R71C104KA55D","CAP CER 0.1UF 16V X7R 0402"
"C36","1","2.2uF","","","","0805 (2012 Metric)","https://search.murata.co.jp/Ceramy/image/img/A01X/G101/ENG/GRT21BR71C225KE01-01.pdf","490-GRT21BR71C225KE01LCT-ND","Murata Electronics","GRT21BR71C225KE01L","CAP CER 2.2UF 16V X7R 0805"
"C37","1","0.1uF","","","","1210 (3225 Metric)","https://yageogroup.com/content/datasheet/asset/file/KEM_C1022_C0G_AUTO_SMD","399-15804-1-ND","KEMET","C1210C104J5GACAUTO","CAP CER 0.1UF 50V C0G/NP0 1210"
"C38","1","2.2uF","","","","0805 (2012 Metric)","https://search.murata.co.jp/Ceramy/image/img/A01X/G101/ENG/GRT21BR71C225KE01-01.pdf","490-GRT21BR71C225KE01LCT-ND","Murata Electronics","GRT21BR71C225KE01L","CAP CER 2.2UF 16V X7R 0805"
"C39","1","2.2uF","","","","0805 (2012 Metric)","https://search.murata.co.jp/Ceramy/image/img/A01X/G101/ENG/GRT21BR71C225KE01-01.pdf","490-GRT21BR71C225KE01LCT-ND","Murata Electronics","GRT21BR71C225KE01L","CAP CER 2.2UF 16V X7R 0805"
"C40","1","1uF","","","","0603 (1608 Metric)","https://yageogroup.com/content/datasheet/asset/file/KEM_C1023_X7R_AUTO_SMD","399-17704-1-ND","KEMET","C0603C105K4RACAUTO","CAP CER 1UF 16V X7R 0603"
"C41","1","0.1uF","","","","0402 (1005 Metric)","https://search.murata.co.jp/Ceramy/image/img/A01X/G101/ENG/GCM155R71C104KA55-01.pdf","490-4759-1-ND","Murata","GCM155R71C104KA55D","CAP CER 0.1UF 16V X7R 0402"
"C42","1","4.7nF","","","","1812 (4532 Metric)","https://yageogroup.com/content/datasheet/asset/file/KEM_C1076_X7R_HV_AUTO_SMD","399-16791-1-ND","KEMET","C1812C472KGRACAUTO","CAP CER 1812 4.7NF 2000V X7R 10%"
"C43","1","0.1uF","","","","0402 (1005 Metric)","https://search.murata.co.jp/Ceramy/image/img/A01X/G101/ENG/GCM155R71C104KA55-01.pdf","490-4759-1-ND","Murata","GCM155R71C104KA55D","CAP CER 0.1UF 16V X7R 0402"
"C45","1","1uF","","","","0603 (1608 Metric)","https://yageogroup.com/content/datasheet/asset/file/KEM_C1023_X7R_AUTO_SMD","399-17704-1-ND","KEMET","C0603C105K4RACAUTO","CAP CER 1UF 16V X7R 0603"
"C46","1","4.7uF","","","","0805 (2012 Metric)","https://search.murata.co.jp/Ceramy/image/img/A01X/G101/ENG/GRT21BR71C475KE13-01.pdf","490-GRT21BR71C475KE13KCT-ND","Murata Electronics","GRT21BR71C475KE13K","CAP CER 4.7UF 16V X7R 0805"
"C47","1","1uF","","","","0603 (1608 Metric)","https://yageogroup.com/content/datasheet/asset/file/KEM_C1023_X7R_AUTO_SMD","399-17704-1-ND","KEMET","C0603C105K4RACAUTO","CAP CER 1UF 16V X7R 0603"
"C48","1","0.1uF","","","","0402 (1005 Metric)","https://search.murata.co.jp/Ceramy/image/img/A01X/G101/ENG/GCM155R71C104KA55-01.pdf","490-4759-1-ND","Murata","GCM155R71C104KA55D","CAP CER 0.1UF 16V X7R 0402"
"C49","1","0.47uF","","","","0603 (1608 Metric)","https://search.murata.co.jp/Ceramy/image/img/A01X/G101/ENG/GRT188R71C474KE01-01.pdf","490-GRT188R71C474KE01DCT-ND","Murata Electronics","GRT188R71C474KE01D","CAP CER 0.47UF 16V X7R 0603"
"C50","1","10uF","","","","1206 (3216 Metric)","https://weblib.samsungsem.com/mlcc/mlcc-ec-data-sheet.do?partNumber=CL31B106KOHVPN","1276-6797-1-ND","Samsung Electro-Mechanics","CL31B106KOHVPNE","CAP CER 10UF 16V X7R 1206"
"C51","1","0.1uF","","","","0402 (1005 Metric)","https://search.murata.co.jp/Ceramy/image/img/A01X/G101/ENG/GCM155R71C104KA55-01.pdf","490-4759-1-ND","Murata","GCM155R71C104KA55D","CAP CER 0.1UF 16V X7R 0402"
"C52","1","1uF","","","","0603 (1608 Metric)","https://yageogroup.com/content/datasheet/asset/file/KEM_C1023_X7R_AUTO_SMD","399-17704-1-ND","KEMET","C0603C105K4RACAUTO","CAP CER 1UF 16V X7R 0603"
"C53","1","0.1uF","","","","0402 (1005 Metric)","https://search.murata.co.jp/Ceramy/image/img/A01X/G101/ENG/GCM155R71C104KA55-01.pdf","490-4759-1-ND","Murata","GCM155R71C104KA55D","CAP CER 0.1UF 16V X7R 0402"
"C54","1","0.1uF","","","","0402 (1005 Metric)","https://search.murata.co.jp/Ceramy/image/img/A01X/G101/ENG/GCM155R71C104KA55-01.pdf","490-4759-1-ND","Murata","GCM155R71C104KA55D","CAP CER 0.1UF 16V X7R 0402"
"C55","1","0.1uF","","","","0402 (1005 Metric)","https://search.murata.co.jp/Ceramy/image/img/A01X/G101/ENG/GCM155R71C104KA55-01.pdf","490-4759-1-ND","Murata","GCM155R71C104KA55D","CAP CER 0.1UF 16V X7R 0402"
"C56","1","0.1uF","","","","0402 (1005 Metric)","https://search.murata.co.jp/Ceramy/image/img/A01X/G101/ENG/GCM155R71C104KA55-01.pdf","490-4759-1-ND","Murata","GCM155R71C104KA55D","CAP CER 0.1UF 16V X7R 0402"
"C57","1","1uF","","","","0603 (1608 Metric)","https://yageogroup.com/content/datasheet/asset/file/KEM_C1023_X7R_AUTO_SMD","399-17704-1-ND","KEMET","C0603C105K4RACAUTO","CAP CER 1UF 16V X7R 0603"
"C58","1","0.1uF","","","","0402 (1005 Metric)","https://search.murata.co.jp/Ceramy/image/img/A01X/G101/ENG/GCM155R71C104KA55-01.pdf","490-4759-1-ND","Murata","GCM155R71C104KA55D","CAP CER 0.1UF 16V X7R 0402"
"C59","1","10uF","","","","1206 (3216 Metric)","https://weblib.samsungsem.com/mlcc/mlcc-ec-data-sheet.do?partNumber=CL31B106KOHVPN","1276-6797-1-ND","Samsung Electro-Mechanics","CL31B106KOHVPNE","CAP CER 10UF 16V X7R 1206"
"C60","1","0.1uF","","","","0402 (1005 Metric)","https://search.murata.co.jp/Ceramy/image/img/A01X/G101/ENG/GCM155R71C104KA55-01.pdf","490-4759-1-ND","Murata","GCM155R71C104KA55D","CAP CER 0.1UF 16V X7R 0402"
"C61","1","0.1uF","","","","0402 (1005 Metric)","https://search.murata.co.jp/Ceramy/image/img/A01X/G101/ENG/GCM155R71C104KA55-01.pdf","490-4759-1-ND","Murata","GCM155R71C104KA55D","CAP CER 0.1UF 16V X7R 0402"
"C62","1","1nF","","","","0402 (1005 Metric)","https://yageogroup.com/content/datasheet/asset/file/KEM_C1091_C0G_ESD","399-C0402C102J5GECAUTOCT-ND","KEMET","C0402C102J5GECAUTO","CAP CER 0402 1NF 50V C0G 5%"
"C63","1","10nF","","","","0402 (1005 Metric)","https://search.murata.co.jp/Ceramy/image/img/A01X/G101/ENG/GRT155R71C103KE01-01.pdf","490-GRT155R71C103KE01JCT-ND","Murata Electronics","GRT155R71C103KE01J","CAP CER 10000PF 16V X7R 0402"
"C64","1","10uF","","","","1206 (3216 Metric)","https://weblib.samsungsem.com/mlcc/mlcc-ec-data-sheet.do?partNumber=CL31B106KOHVPN","1276-6797-1-ND","Samsung Electro-Mechanics","CL31B106KOHVPNE","CAP CER 10UF 16V X7R 1206"
"C65","1","10uF","","","","1206 (3216 Metric)","https://weblib.samsungsem.com/mlcc/mlcc-ec-data-sheet.do?partNumber=CL31B106KOHVPN","1276-6797-1-ND","Samsung Electro-Mechanics","CL31B106KOHVPNE","CAP CER 10UF 16V X7R 1206"
"C66","1","10uF","","","","1206 (3216 Metric)","https://weblib.samsungsem.com/mlcc/mlcc-ec-data-sheet.do?partNumber=CL31B106KOHVPN","1276-6797-1-ND","Samsung Electro-Mechanics","CL31B106KOHVPNE","CAP CER 10UF 16V X7R 1206"
"C67","1","0.1uF","","","","0402 (1005 Metric)","https://search.murata.co.jp/Ceramy/image/img/A01X/G101/ENG/GCM155R71C104KA55-01.pdf","490-4759-1-ND","Murata","GCM155R71C104KA55D","CAP CER 0.1UF 16V X7R 0402"
"C68","1","0.1uF","","","","0402 (1005 Metric)","https://search.murata.co.jp/Ceramy/image/img/A01X/G101/ENG/GCM155R71C104KA55-01.pdf","490-4759-1-ND","Murata","GCM155R71C104KA55D","CAP CER 0.1UF 16V X7R 0402"
"C69","1","4.7nF","","","","0402 (1005 Metric)","https://yageogroup.com/content/datasheet/asset/file/KEM_C1090_X7R_ESD","399-17875-1-ND","KEMET","C0402C472K4RECAUTO","CAP CER 0402 4.7NF 16V X7R 10%"
"C70","1","4.7nF","","","","0402 (1005 Metric)","https://yageogroup.com/content/datasheet/asset/file/KEM_C1090_X7R_ESD","399-17875-1-ND","KEMET","C0402C472K4RECAUTO","CAP CER 0402 4.7NF 16V X7R 10%"
"C71","1","47uF","","","","1210 (3225 Metric)","https://search.murata.co.jp/Ceramy/image/img/A01X/G101/ENG/GRT32EC81C476KE13-01.pdf","490-12494-1-ND","Murata Electronics","GRT32EC81C476KE13L","CAP CER 47UF 16V X6S 1210"
"C72","1","47uF","","","","1210 (3225 Metric)","https://search.murata.co.jp/Ceramy/image/img/A01X/G101/ENG/GRT32EC81C476KE13-01.pdf","490-12494-1-ND","Murata Electronics","GRT32EC81C476KE13L","CAP CER 47UF 16V X6S 1210"
"C73","1","10uF","","","","1206 (3216 Metric)","https://weblib.samsungsem.com/mlcc/mlcc-ec-data-sheet.do?partNumber=CL31B106KOHVPN","1276-6797-1-ND","Samsung Electro-Mechanics","CL31B106KOHVPNE","CAP CER 10UF 16V X7R 1206"
"C74","1","10uF","","","","1206 (3216 Metric)","https://weblib.samsungsem.com/mlcc/mlcc-ec-data-sheet.do?partNumber=CL31B106KOHVPN","1276-6797-1-ND","Samsung Electro-Mechanics","CL31B106KOHVPNE","CAP CER 10UF 16V X7R 1206"
"C75","1","2.2uF","","","","2220 (5750 Metric)","https://product.tdk.com/system/files/dam/doc/product/capacitor/ceramic/mlcc/catalog/mlcc_automotive_midvoltage_en.pdf","445-7950-1-ND","TDK","CGA9P3X7T2E225K250KA","CAP CER 2.2UF 250V X7T 2220"
"C76","1","10uF","","","","1206 (3216 Metric)","https://weblib.samsungsem.com/mlcc/mlcc-ec-data-sheet.do?partNumber=CL31B106KOHVPN","1276-6797-1-ND","Samsung Electro-Mechanics","CL31B106KOHVPNE","CAP CER 10UF 16V X7R 1206"
"C77","1","2.2uF","","","","2220 (5750 Metric)","https://product.tdk.com/system/files/dam/doc/product/capacitor/ceramic/mlcc/catalog/mlcc_automotive_midvoltage_en.pdf","445-7950-1-ND","TDK","CGA9P3X7T2E225K250KA","CAP CER 2.2UF 250V X7T 2220"
"C78","1","10uF","","","","1206 (3216 Metric)","https://weblib.samsungsem.com/mlcc/mlcc-ec-data-sheet.do?partNumber=CL31B106KOHVPN","1276-6797-1-ND","Samsung Electro-Mechanics","CL31B106KOHVPNE","CAP CER 10UF 16V X7R 1206"
"C79","1","1uF","","","","0805 (2012 Metric)","https://datasheets.kyocera-avx.com/AutoMLCC.pdf","478-KAM21KR72A105KUCT-ND","KYOCERA AVX","08051C105K4T2A","CAP CER 1UF 100V X7R 0805"
"C80","1","2.2uF","","","","2220 (5750 Metric)","https://product.tdk.com/system/files/dam/doc/product/capacitor/ceramic/mlcc/catalog/mlcc_automotive_midvoltage_en.pdf","445-7950-1-ND","TDK","CGA9P3X7T2E225K250KA","CAP CER 2.2UF 250V X7T 2220"
"C81","1","4.7uF","","","","0805 (2012 Metric)","https://search.murata.co.jp/Ceramy/image/img/A01X/G101/ENG/GRT21BR71C475KE13-01.pdf","490-GRT21BR71C475KE13KCT-ND","Murata Electronics","GRT21BR71C475KE13K","CAP CER 4.7UF 16V X7R 0805"
"C82","1","2.2uF","","","","0805 (2012 Metric)","https://search.murata.co.jp/Ceramy/image/img/A01X/G101/ENG/GRT21BR71C225KE01-01.pdf","490-GRT21BR71C225KE01LCT-ND","Murata Electronics","GRT21BR71C225KE01L","CAP CER 2.2UF 16V X7R 0805"
"C83","1","0.1uF","","","","0402 (1005 Metric)","https://search.murata.co.jp/Ceramy/image/img/A01X/G101/ENG/GCM155R71C104KA55-01.pdf","490-4759-1-ND","Murata","GCM155R71C104KA55D","CAP CER 0.1UF 16V X7R 0402"
"C84","1","1uF","","","","0603 (1608 Metric)","https://yageogroup.com/content/datasheet/asset/file/KEM_C1023_X7R_AUTO_SMD","399-17704-1-ND","KEMET","C0603C105K4RACAUTO","CAP CER 1UF 16V X7R 0603"
"C85","1","1uF","","","","0603 (1608 Metric)","https://yageogroup.com/content/datasheet/asset/file/KEM_C1023_X7R_AUTO_SMD","399-17704-1-ND","KEMET","C0603C105K4RACAUTO","CAP CER 1UF 16V X7R 0603"
"C86","1","0.1uF","","","","0402 (1005 Metric)","https://search.murata.co.jp/Ceramy/image/img/A01X/G101/ENG/GCM155R71C104KA55-01.pdf","490-4759-1-ND","Murata","GCM155R71C104KA55D","CAP CER 0.1UF 16V X7R 0402"
"C87","1","0.1uF","","","","0402 (1005 Metric)","https://search.murata.co.jp/Ceramy/image/img/A01X/G101/ENG/GCM155R71C104KA55-01.pdf","490-4759-1-ND","Murata","GCM155R71C104KA55D","CAP CER 0.1UF 16V X7R 0402"
"C88","1","10uF","","","","1206 (3216 Metric)","https://weblib.samsungsem.com/mlcc/mlcc-ec-data-sheet.do?partNumber=CL31B106KOHVPN","1276-6797-1-ND","Samsung Electro-Mechanics","CL31B106KOHVPNE","CAP CER 10UF 16V X7R 1206"
"C89","1","10uF","","","","1206 (3216 Metric)","https://weblib.samsungsem.com/mlcc/mlcc-ec-data-sheet.do?partNumber=CL31B106KOHVPN","1276-6797-1-ND","Samsung Electro-Mechanics","CL31B106KOHVPNE","CAP CER 10UF 16V X7R 1206"
"C90","1","3F","","","","Radial","https://www.cde.com/resources/catalogs/DSF.pdf","338-DSF305Q3R0-ND","Cornell Dubilier","DSF305Q3R0","CAP CER 3F 3V EDLC Radial"
"C91","1","3F","","","","Radial","https://www.cde.com/resources/catalogs/DSF.pdf","338-DSF305Q3R0-ND","Cornell Dubilier","DSF305Q3R0","CAP CER 3F 3V EDLC Radial"
"C92","1","22uF","","","","0805 (2012 Metric)","https://search.murata.co.jp/Ceramy/image/img/A01X/G101/ENG/GRT21BR61C226ME13-01.pdf","490-GRT21BR61C226ME13KCT-ND","Murata Electronics","GRT21BR61C226ME13K","CAP CER 22UF 16V X5R 0805"
"C93","1","22uF","","","","0805 (2012 Metric)","https://search.murata.co.jp/Ceramy/image/img/A01X/G101/ENG/GRT21BR61C226ME13-01.pdf","490-GRT21BR61C226ME13KCT-ND","Murata Electronics","GRT21BR61C226ME13K","CAP CER 22UF 16V X5R 0805"
"C94","1","22uF","","","","0805 (2012 Metric)","https://search.murata.co.jp/Ceramy/image/img/A01X/G101/ENG/GRT21BR61C226ME13-01.pdf","490-GRT21BR61C226ME13KCT-ND","Murata Electronics","GRT21BR61C226ME13K","CAP CER 22UF 16V X5R 0805"
"C95","1","22uF","","","","0805 (2012 Metric)","https://search.murata.co.jp/Ceramy/image/img/A01X/G101/ENG/GRT21BR61C226ME13-01.pdf","490-GRT21BR61C226ME13KCT-ND","Murata Electronics","GRT21BR61C226ME13K","CAP CER 22UF 16V X5R 0805"
"C96","1","22uF","","","","0805 (2012 Metric)","https://search.murata.co.jp/Ceramy/image/img/A01X/G101/ENG/GRT21BR61C226ME13-01.pdf","490-GRT21BR61C226ME13KCT-ND","Murata Electronics","GRT21BR61C226ME13K","CAP CER 22UF 16V X5R 0805"
"C97","1","22uF","","","","0805 (2012 Metric)","https://search.murata.co.jp/Ceramy/image/img/A01X/G101/ENG/GRT21BR61C226ME13-01.pdf","490-GRT21BR61C226ME13KCT-ND","Murata Electronics","GRT21BR61C226ME13K","CAP CER 22UF 16V X5R 0805"
"C98","1","0.1uF","","","","1210 (3225 Metric)","https://yageogroup.com/content/datasheet/asset/file/KEM_C1022_C0G_AUTO_SMD","399-15804-1-ND","KEMET","C1210C104J5GACAUTO","CAP CER 0.1UF 50V C0G/NP0 1210"
"C99","1","0.1uF","","","","1210 (3225 Metric)","https://yageogroup.com/content/datasheet/asset/file/KEM_C1022_C0G_AUTO_SMD","399-15804-1-ND","KEMET","C1210C104J5GACAUTO","CAP CER 0.1UF 50V C0G/NP0 1210"
"C100","1","0.1uF","","","","0402 (1005 Metric)","https://search.murata.co.jp/Ceramy/image/img/A01X/G101/ENG/GCM155R71C104KA55-01.pdf","490-4759-1-ND","Murata","GCM155R71C104KA55D","CAP CER 0.1UF 16V X7R 0402"
"C101","1","0.1uF","","","","1210 (3225 Metric)","https://yageogroup.com/content/datasheet/asset/file/KEM_C1022_C0G_AUTO_SMD","399-15804-1-ND","KEMET","C1210C104J5GACAUTO","CAP CER 0.1UF 50V C0G/NP0 1210"
"C102","1","10uF","","","","1206 (3216 Metric)","https://weblib.samsungsem.com/mlcc/mlcc-ec-data-sheet.do?partNumber=CL31B106KOHVPN","1276-6797-1-ND","Samsung Electro-Mechanics","CL31B106KOHVPNE","CAP CER 10UF 16V X7R 1206"
"C103","1","10uF","","","","1206 (3216 Metric)","https://weblib.samsungsem.com/mlcc/mlcc-ec-data-sheet.do?partNumber=CL31B106KOHVPN","1276-6797-1-ND","Samsung Electro-Mechanics","CL31B106KOHVPNE","CAP CER 10UF 16V X7R 1206"
"C104","1","10uF","","","","1206 (3216 Metric)","https://weblib.samsungsem.com/mlcc/mlcc-ec-data-sheet.do?partNumber=CL31B106KOHVPN","1276-6797-1-ND","Samsung Electro-Mechanics","CL31B106KOHVPNE","CAP CER 10UF 16V X7R 1206"
"C105","1","10uF","","","","1206 (3216 Metric)","https://weblib.samsungsem.com/mlcc/mlcc-ec-data-sheet.do?partNumber=CL31B106KOHVPN","1276-6797-1-ND","Samsung Electro-Mechanics","CL31B106KOHVPNE","CAP CER 10UF 16V X7R 1206"
"C106","1","10nF","","","","0402 (1005 Metric)","https://search.murata.co.jp/Ceramy/image/img/A01X/G101/ENG/GRT155R71C103KE01-01.pdf","490-GRT155R71C103KE01JCT-ND","Murata Electronics","GRT155R71C103KE01J","CAP CER 10000PF 16V X7R 0402"
"C107","1","0.1uF","","","","0402 (1005 Metric)","https://search.murata.co.jp/Ceramy/image/img/A01X/G101/ENG/GCM155R71C104KA55-01.pdf","490-4759-1-ND","Murata","GCM155R71C104KA55D","CAP CER 0.1UF 16V X7R 0402"
"C108","1","4.7nF","","","","0402 (1005 Metric)","https://yageogroup.com/content/datasheet/asset/file/KEM_C1090_X7R_ESD","399-17875-1-ND","KEMET","C0402C472K4RECAUTO","CAP CER 0402 4.7NF 16V X7R 10%"
"C109","1","22uF","","","","0805 (2012 Metric)","https://search.murata.co.jp/Ceramy/image/img/A01X/G101/ENG/GRT21BR61C226ME13-01.pdf","490-GRT21BR61C226ME13KCT-ND","Murata Electronics","GRT21BR61C226ME13K","CAP CER 22UF 16V X5R 0805"
"C110","1","10nF","","","","0402 (1005 Metric)","https://search.murata.co.jp/Ceramy/image/img/A01X/G101/ENG/GRT155R71C103KE01-01.pdf","490-GRT155R71C103KE01JCT-ND","Murata Electronics","GRT155R71C103KE01J","CAP CER 10000PF 16V X7R 0402"
"C111","1","10uF","","","","1206 (3216 Metric)","https://weblib.samsungsem.com/mlcc/mlcc-ec-data-sheet.do?partNumber=CL31B106KOHVPN","1276-6797-1-ND","Samsung Electro-Mechanics","CL31B106KOHVPNE","CAP CER 10UF 16V X7R 1206"
"C112","1","10uF","","","","1206 (3216 Metric)","https://weblib.samsungsem.com/mlcc/mlcc-ec-data-sheet.do?partNumber=CL31B106KOHVPN","1276-6797-1-ND","Samsung Electro-Mechanics","CL31B106KOHVPNE","CAP CER 10UF 16V X7R 1206"
"C113","1","10uF","","","","1206 (3216 Metric)","https://weblib.samsungsem.com/mlcc/mlcc-ec-data-sheet.do?partNumber=CL31B106KOHVPN","1276-6797-1-ND","Samsung Electro-Mechanics","CL31B106KOHVPNE","CAP CER 10UF 16V X7R 1206"
"C114","1","10uF","","","","1206 (3216 Metric)","https://weblib.samsungsem.com/mlcc/mlcc-ec-data-sheet.do?partNumber=CL31B106KOHVPN","1276-6797-1-ND","Samsung Electro-Mechanics","CL31B106KOHVPNE","CAP CER 10UF 16V X7R 1206"
"C115","1","10uF","","","","1206 (3216 Metric)","https://weblib.samsungsem.com/mlcc/mlcc-ec-data-sheet.do?partNumber=CL31B106KOHVPN","1276-6797-1-ND","Samsung Electro-Mechanics","CL31B106KOHVPNE","CAP CER 10UF 16V X7R 1206"
"C116","1","10nF","","","","0402 (1005 Metric)","https://search.murata.co.jp/Ceramy/image/img/A01X/G101/ENG/GRT155R71C103KE01-01.pdf","490-GRT155R71C103KE01JCT-ND","Murata Electronics","GRT155R71C103KE01J","CAP CER 10000PF 16V X7R 0402"
"C117","1","22uF","","","","0805 (2012 Metric)","https://search.murata.co.jp/Ceramy/image/img/A01X/G101/ENG/GRT21BR61C226ME13-01.pdf","490-GRT21BR61C226ME13KCT-ND","Murata Electronics","GRT21BR61C226ME13K","CAP CER 22UF 16V X5R 0805"
"C118","1","0.1uF","","","","0402 (1005 Metric)","https://search.murata.co.jp/Ceramy/image/img/A01X/G101/ENG/GCM155R71C104KA55-01.pdf","490-4759-1-ND","Murata","GCM155R71C104KA55D","CAP CER 0.1UF 16V X7R 0402"
"C119","1","10nF","","","","0402 (1005 Metric)","https://search.murata.co.jp/Ceramy/image/img/A01X/G101/ENG/GRT155R71C103KE01-01.pdf","490-GRT155R71C103KE01JCT-ND","Murata Electronics","GRT155R71C103KE01J","CAP CER 10000PF 16V X7R 0402"
"C120","1","0.1uF","","","","0402 (1005 Metric)","https://search.murata.co.jp/Ceramy/image/img/A01X/G101/ENG/GCM155R71C104KA55-01.pdf","490-4759-1-ND","Murata","GCM155R71C104KA55D","CAP CER 0.1UF 16V X7R 0402"
"C121","1","0.1uF","","","","0402 (1005 Metric)","https://search.murata.co.jp/Ceramy/image/img/A01X/G101/ENG/GCM155R71C104KA55-01.pdf","490-4759-1-ND","Murata","GCM155R71C104KA55D","CAP CER 0.1UF 16V X7R 0402"
"C122","1","0.1uF","","","","0402 (1005 Metric)","https://search.murata.co.jp/Ceramy/image/img/A01X/G101/ENG/GCM155R71C104KA55-01.pdf","490-4759-1-ND","Murata","GCM155R71C104KA55D","CAP CER 0.1UF 16V X7R 0402"
"C123","1","0.1uF","","","","0402 (1005 Metric)","https://search.murata.co.jp/Ceramy/image/img/A01X/G101/ENG/GCM155R71C104KA55-01.pdf","490-4759-1-ND","Murata","GCM155R71C104KA55D","CAP CER 0.1UF 16V X7R 0402"
"C124","1","0.1uF","","","","0402 (1005 Metric)","https://search.murata.co.jp/Ceramy/image/img/A01X/G101/ENG/GCM155R71C104KA55-01.pdf","490-4759-1-ND","Murata","GCM155R71C104KA55D","CAP CER 0.1UF 16V X7R 0402"
"C125","1","47nF","","","","0402 (1005 Metric)","https://search.murata.co.jp/Ceramy/image/img/A01X/G101/ENG/GCM155R71H473KE02-01.pdf","490-14515-1-ND","Murata Electronics","GCM155R71H473KE02J","CAP CER 0.047UF 50V X7R 0402"
"C126","1","47uF","","","","Stacked SMD, 2 J-Lead","https://pim.murata.com/asset/pim4/ceramicCapacitorSMD/KCM55_E-EN_PDF_CERAMICCAPACITORSMD","490-KCM55WR71H476MH13LCT-ND","Murata Electronics","KCM55WR71H476MH13L","47 µF ±20% 50V Ceramic Capacitor X7R Stacked SMD, 2 J-Lead"
"C127","1","47uF","","","","Stacked SMD, 2 J-Lead","https://pim.murata.com/asset/pim4/ceramicCapacitorSMD/KCM55_E-EN_PDF_CERAMICCAPACITORSMD","490-KCM55WR71H476MH13LCT-ND","Murata Electronics","KCM55WR71H476MH13L","47 µF ±20% 50V Ceramic Capacitor X7R Stacked SMD, 2 J-Lead"
"C128","1","47uF","","","","Stacked SMD, 2 J-Lead","https://pim.murata.com/asset/pim4/ceramicCapacitorSMD/KCM55_E-EN_PDF_CERAMICCAPACITORSMD","490-KCM55WR71H476MH13LCT-ND","Murata Electronics","KCM55WR71H476MH13L","47 µF ±20% 50V Ceramic Capacitor X7R Stacked SMD, 2 J-Lead"
"C129","1","2.2uF","","","","0805 (2012 Metric)","https://search.murata.co.jp/Ceramy/image/img/A01X/G101/ENG/GRT21BR71C225KE01-01.pdf","490-GRT21BR71C225KE01LCT-ND","Murata Electronics","GRT21BR71C225KE01L","CAP CER 2.2UF 16V X7R 0805"
"C130","1","1uF","","","","0603 (1608 Metric)","https://yageogroup.com/content/datasheet/asset/file/KEM_C1023_X7R_AUTO_SMD","399-17704-1-ND","KEMET","C0603C105K4RACAUTO","CAP CER 1UF 16V X7R 0603"
"C131","1","0.1uF","","","","0402 (1005 Metric)","https://search.murata.co.jp/Ceramy/image/img/A01X/G101/ENG/GCM155R71C104KA55-01.pdf","490-4759-1-ND","Murata","GCM155R71C104KA55D","CAP CER 0.1UF 16V X7R 0402"
"C132","1","0.1uF","","","","0402 (1005 Metric)","https://search.murata.co.jp/Ceramy/image/img/A01X/G101/ENG/GCM155R71C104KA55-01.pdf","490-4759-1-ND","Murata","GCM155R71C104KA55D","CAP CER 0.1UF 16V X7R 0402"
"C133","1","2.2uF","","","","2220 (5750 Metric)","https://product.tdk.com/system/files/dam/doc/product/capacitor/ceramic/mlcc/catalog/mlcc_automotive_midvoltage_en.pdf","445-7950-1-ND","TDK","CGA9P3X7T2E225K250KA","CAP CER 2.2UF 250V X7T 2220"
"C134","1","2.2uF","","","","2220 (5750 Metric)","https://product.tdk.com/system/files/dam/doc/product/capacitor/ceramic/mlcc/catalog/mlcc_automotive_midvoltage_en.pdf","445-7950-1-ND","TDK","CGA9P3X7T2E225K250KA","CAP CER 2.2UF 250V X7T 2220"
"C135","1","1uF","","","","0805 (2012 Metric)","https://datasheets.kyocera-avx.com/AutoMLCC.pdf","478-KAM21KR72A105KUCT-ND","KYOCERA AVX","08051C105K4T2A","CAP CER 1UF 100V X7R 0805"
"C136","1","2.2uF","","","","2220 (5750 Metric)","https://product.tdk.com/system/files/dam/doc/product/capacitor/ceramic/mlcc/catalog/mlcc_automotive_midvoltage_en.pdf","445-7950-1-ND","TDK","CGA9P3X7T2E225K250KA","CAP CER 2.2UF 250V X7T 2220"
"C137","1","4.7uF","","","","0805 (2012 Metric)","https://search.murata.co.jp/Ceramy/image/img/A01X/G101/ENG/GRT21BR71C475KE13-01.pdf","490-GRT21BR71C475KE13KCT-ND","Murata Electronics","GRT21BR71C475KE13K","CAP CER 4.7UF 16V X7R 0805"
"C138","1","2.2uF","","","","0805 (2012 Metric)","https://search.murata.co.jp/Ceramy/image/img/A01X/G101/ENG/GRT21BR71C225KE01-01.pdf","490-GRT21BR71C225KE01LCT-ND","Murata Electronics","GRT21BR71C225KE01L","CAP CER 2.2UF 16V X7R 0805"
"C139","1","0.1uF","","","","0402 (1005 Metric)","https://search.murata.co.jp/Ceramy/image/img/A01X/G101/ENG/GCM155R71C104KA55-01.pdf","490-4759-1-ND","Murata","GCM155R71C104KA55D","CAP CER 0.1UF 16V X7R 0402"
"C140","1","0.1uF","","","","0402 (1005 Metric)","https://search.murata.co.jp/Ceramy/image/img/A01X/G101/ENG/GCM155R71C104KA55-01.pdf","490-4759-1-ND","Murata","GCM155R71C104KA55D","CAP CER 0.1UF 16V X7R 0402"
"C141","1","47pF","","","","0402 (1005 Metric)","https://pim.murata.com/asset/pim4/ceramicCapacitorSMD/GCM1555C1HR50BA16-01A-EN_PDF_CERAMICCAPACITORSMD","490-16445-1-ND","Murata Electronics","GCM1555C1H470FA16D","CAP CER 47PF 50V C0G/NP0 0402"
"C142","1","47pF","","","","0402 (1005 Metric)","https://pim.murata.com/asset/pim4/ceramicCapacitorSMD/GCM1555C1HR50BA16-01A-EN_PDF_CERAMICCAPACITORSMD","490-16445-1-ND","Murata Electronics","GCM1555C1H470FA16D","CAP CER 47PF 50V C0G/NP0 0402"
"C143","1","1uF","","","","0603 (1608 Metric)","https://yageogroup.com/content/datasheet/asset/file/KEM_C1023_X7R_AUTO_SMD","399-17704-1-ND","KEMET","C0603C105K4RACAUTO","CAP CER 1UF 16V X7R 0603"
"C144","1","0.1uF","","","","0402 (1005 Metric)","https://search.murata.co.jp/Ceramy/image/img/A01X/G101/ENG/GCM155R71C104KA55-01.pdf","490-4759-1-ND","Murata","GCM155R71C104KA55D","CAP CER 0.1UF 16V X7R 0402"
"C145","1","0.1uF","","","","0402 (1005 Metric)","https://search.murata.co.jp/Ceramy/image/img/A01X/G101/ENG/GCM155R71C104KA55-01.pdf","490-4759-1-ND","Murata","GCM155R71C104KA55D","CAP CER 0.1UF 16V X7R 0402"
"C146","1","47pF","","","","0402 (1005 Metric)","https://pim.murata.com/asset/pim4/ceramicCapacitorSMD/GCM1555C1HR50BA16-01A-EN_PDF_CERAMICCAPACITORSMD","490-16445-1-ND","Murata Electronics","GCM1555C1H470FA16D","CAP CER 47PF 50V C0G/NP0 0402"
"C147","1","47pF","","","","0402 (1005 Metric)","https://pim.murata.com/asset/pim4/ceramicCapacitorSMD/GCM1555C1HR50BA16-01A-EN_PDF_CERAMICCAPACITORSMD","490-16445-1-ND","Murata Electronics","GCM1555C1H470FA16D","CAP CER 47PF 50V C0G/NP0 0402"
"C148","1","10nF","","","","0402 (1005 Metric)","https://search.murata.co.jp/Ceramy/image/img/A01X/G101/ENG/GRT155R71C103KE01-01.pdf","490-GRT155R71C103KE01JCT-ND","Murata Electronics","GRT155R71C103KE01J","CAP CER 10000PF 16V X7R 0402"
"C149","1","0.1uF","","","","0402 (1005 Metric)","https://search.murata.co.jp/Ceramy/image/img/A01X/G101/ENG/GCM155R71C104KA55-01.pdf","490-4759-1-ND","Murata","GCM155R71C104KA55D","CAP CER 0.1UF 16V X7R 0402"
"C150","1","0.1uF","","","","0402 (1005 Metric)","https://search.murata.co.jp/Ceramy/image/img/A01X/G101/ENG/GCM155R71C104KA55-01.pdf","490-4759-1-ND","Murata","GCM155R71C104KA55D","CAP CER 0.1UF 16V X7R 0402"
"C151","1","10nF","","","","0402 (1005 Metric)","https://search.murata.co.jp/Ceramy/image/img/A01X/G101/ENG/GRT155R71C103KE01-01.pdf","490-GRT155R71C103KE01JCT-ND","Murata Electronics","GRT155R71C103KE01J","CAP CER 10000PF 16V X7R 0402"
"C152","1","1uF","","","","0603 (1608 Metric)","https://yageogroup.com/content/datasheet/asset/file/KEM_C1023_X7R_AUTO_SMD","399-17704-1-ND","KEMET","C0603C105K4RACAUTO","CAP CER 1UF 16V X7R 0603"
"C153","1","0.1uF","","","","0402 (1005 Metric)","https://search.murata.co.jp/Ceramy/image/img/A01X/G101/ENG/GCM155R71C104KA55-01.pdf","490-4759-1-ND","Murata","GCM155R71C104KA55D","CAP CER 0.1UF 16V X7R 0402"
"C154","1","10uF","","","","1206 (3216 Metric)","https://weblib.samsungsem.com/mlcc/mlcc-ec-data-sheet.do?partNumber=CL31B106KOHVPN","1276-6797-1-ND","Samsung Electro-Mechanics","CL31B106KOHVPNE","CAP CER 10UF 16V X7R 1206"
"C155","1","10nF","","","","0402 (1005 Metric)","https://search.murata.co.jp/Ceramy/image/img/A01X/G101/ENG/GRT155R71C103KE01-01.pdf","490-GRT155R71C103KE01JCT-ND","Murata Electronics","GRT155R71C103KE01J","CAP CER 10000PF 16V X7R 0402"
"C156","1","10uF","","","","1206 (3216 Metric)","https://weblib.samsungsem.com/mlcc/mlcc-ec-data-sheet.do?partNumber=CL31B106KOHVPN","1276-6797-1-ND","Samsung Electro-Mechanics","CL31B106KOHVPNE","CAP CER 10UF 16V X7R 1206"
"C157","1","1uF","","","","0603 (1608 Metric)","https://yageogroup.com/content/datasheet/asset/file/KEM_C1023_X7R_AUTO_SMD","399-17704-1-ND","KEMET","C0603C105K4RACAUTO","CAP CER 1UF 16V X7R 0603"
"C158","1","0.1uF","","","","0402 (1005 Metric)","https://search.murata.co.jp/Ceramy/image/img/A01X/G101/ENG/GCM155R71C104KA55-01.pdf","490-4759-1-ND","Murata","GCM155R71C104KA55D","CAP CER 0.1UF 16V X7R 0402"
"C159","1","0.1uF","","","","0402 (1005 Metric)","https://search.murata.co.jp/Ceramy/image/img/A01X/G101/ENG/GCM155R71C104KA55-01.pdf","490-4759-1-ND","Murata","GCM155R71C104KA55D","CAP CER 0.1UF 16V X7R 0402"
"C160","1","0.1uF","","","","0402 (1005 Metric)","https://search.murata.co.jp/Ceramy/image/img/A01X/G101/ENG/GCM155R71C104KA55-01.pdf","490-4759-1-ND","Murata","GCM155R71C104KA55D","CAP CER 0.1UF 16V X7R 0402"
"C161","1","0.1uF","","","","0402 (1005 Metric)","https://search.murata.co.jp/Ceramy/image/img/A01X/G101/ENG/GCM155R71C104KA55-01.pdf","490-4759-1-ND","Murata","GCM155R71C104KA55D","CAP CER 0.1UF 16V X7R 0402"
"C162","1","0.1uF","","","","0402 (1005 Metric)","https://search.murata.co.jp/Ceramy/image/img/A01X/G101/ENG/GCM155R71C104KA55-01.pdf","490-4759-1-ND","Murata","GCM155R71C104KA55D","CAP CER 0.1UF 16V X7R 0402"
"C163","1","0.1uF","","","","0402 (1005 Metric)","https://search.murata.co.jp/Ceramy/image/img/A01X/G101/ENG/GCM155R71C104KA55-01.pdf","490-4759-1-ND","Murata","GCM155R71C104KA55D","CAP CER 0.1UF 16V X7R 0402"
"C164","1","0.1uF","","","","0402 (1005 Metric)","https://search.murata.co.jp/Ceramy/image/img/A01X/G101/ENG/GCM155R71C104KA55-01.pdf","490-4759-1-ND","Murata","GCM155R71C104KA55D","CAP CER 0.1UF 16V X7R 0402"
"C165","1","0.1uF","","","","0402 (1005 Metric)","https://search.murata.co.jp/Ceramy/image/img/A01X/G101/ENG/GCM155R71C104KA55-01.pdf","490-4759-1-ND","Murata","GCM155R71C104KA55D","CAP CER 0.1UF 16V X7R 0402"
"C166","1","0.1uF","","","","0402 (1005 Metric)","https://search.murata.co.jp/Ceramy/image/img/A01X/G101/ENG/GCM155R71C104KA55-01.pdf","490-4759-1-ND","Murata","GCM155R71C104KA55D","CAP CER 0.1UF 16V X7R 0402"
"C167","1","0.1uF","","","","0402 (1005 Metric)","https://search.murata.co.jp/Ceramy/image/img/A01X/G101/ENG/GCM155R71C104KA55-01.pdf","490-4759-1-ND","Murata","GCM155R71C104KA55D","CAP CER 0.1UF 16V X7R 0402"
"C168","1","10uF","","","","1206 (3216 Metric)","https://weblib.samsungsem.com/mlcc/mlcc-ec-data-sheet.do?partNumber=CL31B106KOHVPN","1276-6797-1-ND","Samsung Electro-Mechanics","CL31B106KOHVPNE","CAP CER 10UF 16V X7R 1206"
"C169","1","0.1uF","","","","0402 (1005 Metric)","https://search.murata.co.jp/Ceramy/image/img/A01X/G101/ENG/GCM155R71C104KA55-01.pdf","490-4759-1-ND","Murata","GCM155R71C104KA55D","CAP CER 0.1UF 16V X7R 0402"
"C170","1","0.1uF","","","","0402 (1005 Metric)","https://search.murata.co.jp/Ceramy/image/img/A01X/G101/ENG/GCM155R71C104KA55-01.pdf","490-4759-1-ND","Murata","GCM155R71C104KA55D","CAP CER 0.1UF 16V X7R 0402"
"C171","1","0.1uF","","","","0402 (1005 Metric)","https://search.murata.co.jp/Ceramy/image/img/A01X/G101/ENG/GCM155R71C104KA55-01.pdf","490-4759-1-ND","Murata","GCM155R71C104KA55D","CAP CER 0.1UF 16V X7R 0402"
"C172","1","0.1uF","","","","0402 (1005 Metric)","https://search.murata.co.jp/Ceramy/image/img/A01X/G101/ENG/GCM155R71C104KA55-01.pdf","490-4759-1-ND","Murata","GCM155R71C104KA55D","CAP CER 0.1UF 16V X7R 0402"
"C173","1","0.1uF","","","","0402 (1005 Metric)","https://search.murata.co.jp/Ceramy/image/img/A01X/G101/ENG/GCM155R71C104KA55-01.pdf","490-4759-1-ND","Murata","GCM155R71C104KA55D","CAP CER 0.1UF 16V X7R 0402"
"C174","1","0.1uF","","","","0402 (1005 Metric)","https://search.murata.co.jp/Ceramy/image/img/A01X/G101/ENG/GCM155R71C104KA55-01.pdf","490-4759-1-ND","Murata","GCM155R71C104KA55D","CAP CER 0.1UF 16V X7R 0402"
"C175","1","0.1uF","","","","0402 (1005 Metric)","https://search.murata.co.jp/Ceramy/image/img/A01X/G101/ENG/GCM155R71C104KA55-01.pdf","490-4759-1-ND","Murata","GCM155R71C104KA55D","CAP CER 0.1UF 16V X7R 0402"
"C176","1","220nF","","","","0402 (1005 Metric)","https://search.murata.co.jp/Ceramy/image/img/A01X/G101/ENG/GCM155R71C224KE02-01A.pdf","490-GCM155R71C224KE02JCT-ND","Murata","GCM155R71C224KE02J","CAP CER 0.22UF 16V X7R 0402"
"C177","1","0.1uF","","","","0402 (1005 Metric)","https://search.murata.co.jp/Ceramy/image/img/A01X/G101/ENG/GCM155R71C104KA55-01.pdf","490-4759-1-ND","Murata","GCM155R71C104KA55D","CAP CER 0.1UF 16V X7R 0402"
"C178","1","0.1uF","","","","0402 (1005 Metric)","https://search.murata.co.jp/Ceramy/image/img/A01X/G101/ENG/GCM155R71C104KA55-01.pdf","490-4759-1-ND","Murata","GCM155R71C104KA55D","CAP CER 0.1UF 16V X7R 0402"
"C179","1","0.1uF","","","","0402 (1005 Metric)","https://search.murata.co.jp/Ceramy/image/img/A01X/G101/ENG/GCM155R71C104KA55-01.pdf","490-4759-1-ND","Murata","GCM155R71C104KA55D","CAP CER 0.1UF 16V X7R 0402"
"C180","1","0.1uF","","","","0402 (1005 Metric)","https://search.murata.co.jp/Ceramy/image/img/A01X/G101/ENG/GCM155R71C104KA55-01.pdf","490-4759-1-ND","Murata","GCM155R71C104KA55D","CAP CER 0.1UF 16V X7R 0402"
"C181","1","0.1uF","","","","0402 (1005 Metric)","https://search.murata.co.jp/Ceramy/image/img/A01X/G101/ENG/GCM155R71C104KA55-01.pdf","490-4759-1-ND","Murata","GCM155R71C104KA55D","CAP CER 0.1UF 16V X7R 0402"
"C182","1","1uF","","","","0603 (1608 Metric)","https://yageogroup.com/content/datasheet/asset/file/KEM_C1023_X7R_AUTO_SMD","399-17704-1-ND","KEMET","C0603C105K4RACAUTO","CAP CER 1UF 16V X7R 0603"
"C183","1","0.1uF","","","","0402 (1005 Metric)","https://search.murata.co.jp/Ceramy/image/img/A01X/G101/ENG/GCM155R71C104KA55-01.pdf","490-4759-1-ND","Murata","GCM155R71C104KA55D","CAP CER 0.1UF 16V X7R 0402"
"C184","1","0.1uF","","","","0402 (1005 Metric)","https://search.murata.co.jp/Ceramy/image/img/A01X/G101/ENG/GCM155R71C104KA55-01.pdf","490-4759-1-ND","Murata","GCM155R71C104KA55D","CAP CER 0.1UF 16V X7R 0402"
"C185","1","0.1uF","","","","0402 (1005 Metric)","https://search.murata.co.jp/Ceramy/image/img/A01X/G101/ENG/GCM155R71C104KA55-01.pdf","490-4759-1-ND","Murata","GCM155R71C104KA55D","CAP CER 0.1UF 16V X7R 0402"
"C186","1","4.7nF","","","","1812 (4532 Metric)","https://yageogroup.com/content/datasheet/asset/file/KEM_C1076_X7R_HV_AUTO_SMD","399-16791-1-ND","KEMET","C1812C472KGRACAUTO","CAP CER 1812 4.7NF 2000V X7R 10%"
"C187","1","0.1uF","","","","0402 (1005 Metric)","https://search.murata.co.jp/Ceramy/image/img/A01X/G101/ENG/GCM155R71C104KA55-01.pdf","490-4759-1-ND","Murata","GCM155R71C104KA55D","CAP CER 0.1UF 16V X7R 0402"
"C188","1","0.1uF","","","","0402 (1005 Metric)","https://search.murata.co.jp/Ceramy/image/img/A01X/G101/ENG/GCM155R71C104KA55-01.pdf","490-4759-1-ND","Murata","GCM155R71C104KA55D","CAP CER 0.1UF 16V X7R 0402"
"C189","1","0.1uF","","","","0402 (1005 Metric)","https://search.murata.co.jp/Ceramy/image/img/A01X/G101/ENG/GCM155R71C104KA55-01.pdf","490-4759-1-ND","Murata","GCM155R71C104KA55D","CAP CER 0.1UF 16V X7R 0402"
"C190","1","10nF","","","","0402 (1005 Metric)","https://search.murata.co.jp/Ceramy/image/img/A01X/G101/ENG/GCM155R71H103KA55-01.pdf","490-4762-1-ND","Murata Electronics","GCM155R71H103KA55D","CAP CER 10000PF 50V X7R 0402"
"C191","1","1uF","","","","0603 (1608 Metric)","https://yageogroup.com/content/datasheet/asset/file/KEM_C1023_X7R_AUTO_SMD","399-17704-1-ND","KEMET","C0603C105K4RACAUTO","CAP CER 1UF 16V X7R 0603"
"C192","1","10nF","","","","0402 (1005 Metric)","https://search.murata.co.jp/Ceramy/image/img/A01X/G101/ENG/GCM155R71H103KA55-01.pdf","490-4762-1-ND","Murata Electronics","GCM155R71H103KA55D","CAP CER 10000PF 50V X7R 0402"
"C193","1","0.1uF","","","","0402 (1005 Metric)","https://search.murata.co.jp/Ceramy/image/img/A01X/G101/ENG/GCM155R71C104KA55-01.pdf","490-4759-1-ND","Murata","GCM155R71C104KA55D","CAP CER 0.1UF 16V X7R 0402"
"C194","1","0.1uF","","","","0402 (1005 Metric)","https://search.murata.co.jp/Ceramy/image/img/A01X/G101/ENG/GCM155R71C104KA55-01.pdf","490-4759-1-ND","Murata","GCM155R71C104KA55D","CAP CER 0.1UF 16V X7R 0402"
"C195","1","0.1uF","","","","0402 (1005 Metric)","https://search.murata.co.jp/Ceramy/image/img/A01X/G101/ENG/GCM155R71C104KA55-01.pdf","490-4759-1-ND","Murata","GCM155R71C104KA55D","CAP CER 0.1UF 16V X7R 0402"
"C196","1","0.1uF","","","","0402 (1005 Metric)","https://search.murata.co.jp/Ceramy/image/img/A01X/G101/ENG/GCM155R71C104KA55-01.pdf","490-4759-1-ND","Murata","GCM155R71C104KA55D","CAP CER 0.1UF 16V X7R 0402"
"C197","1","0.1uF","","","","0402 (1005 Metric)","https://search.murata.co.jp/Ceramy/image/img/A01X/G101/ENG/GCM155R71C104KA55-01.pdf","490-4759-1-ND","Murata","GCM155R71C104KA55D","CAP CER 0.1UF 16V X7R 0402"
"C198","1","0.1uF","","","","0402 (1005 Metric)","https://search.murata.co.jp/Ceramy/image/img/A01X/G101/ENG/GCM155R71C104KA55-01.pdf","490-4759-1-ND","Murata","GCM155R71C104KA55D","CAP CER 0.1UF 16V X7R 0402"
"C199","1","0.1uF","","","","0402 (1005 Metric)","https://search.murata.co.jp/Ceramy/image/img/A01X/G101/ENG/GCM155R71C104KA55-01.pdf","490-4759-1-ND","Murata","GCM155R71C104KA55D","CAP CER 0.1UF 16V X7R 0402"
"C200","1","1nF","","","","0402 (1005 Metric)","https://yageogroup.com/content/datasheet/asset/file/KEM_C1091_C0G_ESD","399-C0402C102J5GECAUTOCT-ND","KEMET","C0402C102J5GECAUTO","CAP CER 0402 1NF 50V C0G 5%"
"C201","1","1nF","","","","0402 (1005 Metric)","https://yageogroup.com/content/datasheet/asset/file/KEM_C1091_C0G_ESD","399-C0402C102J5GECAUTOCT-ND","KEMET","C0402C102J5GECAUTO","CAP CER 0402 1NF 50V C0G 5%"
"C202","1","0.1uF","","","","0402 (1005 Metric)","https://search.murata.co.jp/Ceramy/image/img/A01X/G101/ENG/GCM155R71C104KA55-01.pdf","490-4759-1-ND","Murata","GCM155R71C104KA55D","CAP CER 0.1UF 16V X7R 0402"
"C203","1","0.1uF","","","","0402 (1005 Metric)","https://search.murata.co.jp/Ceramy/image/img/A01X/G101/ENG/GCM155R71C104KA55-01.pdf","490-4759-1-ND","Murata","GCM155R71C104KA55D","CAP CER 0.1UF 16V X7R 0402"
"C205","1","0.1uF","","","","0402 (1005 Metric)","https://search.murata.co.jp/Ceramy/image/img/A01X/G101/ENG/GCM155R71C104KA55-01.pdf","490-4759-1-ND","Murata","GCM155R71C104KA55D","CAP CER 0.1UF 16V X7R 0402"
"C206","1","10nF","","","","0402 (1005 Metric)","https://search.murata.co.jp/Ceramy/image/img/A01X/G101/ENG/GRT155R71C103KE01-01.pdf","490-GRT155R71C103KE01JCT-ND","Murata Electronics","GRT155R71C103KE01J","CAP CER 10000PF 16V X7R 0402"
"CR1","1","SMCJ58A","","","","sts1000:DO214AC_LTF","SMCJ58A","SMCJ58ALFCT-ND","Littelfuse","SMCJ58A","TVS 58Vwm 1500W unidir"
"D1","1","BAV70LT1G","","","","SOT-23-3","https://www.onsemi.com/pdf/datasheet/bav70lt1-d.pdf","BAV70LT1GOSTR-ND","onsemi","BAV70LT1G","Dual switching diode 100V 200mA"
"D2","1","DF6A6.8FUT1G","","","","Package_TO_SOT_SMD:SOT-363_SC-70-6","https://www.onsemi.com/pdf/datasheet/df6a6.8fut1-d.pdf","DF6A6.8FUT1GOSCT-ND","onsemi","DF6A6.8FUT1G","TVS array 5Vwm SC70-6"
"D3","1","DF6A6.8FUT1G","","","","Package_TO_SOT_SMD:SOT-363_SC-70-6","https://www.onsemi.com/pdf/datasheet/df6a6.8fut1-d.pdf","DF6A6.8FUT1GOSCT-ND","onsemi","DF6A6.8FUT1G","TVS array 5Vwm SC70-6"
"D4","1","BZX84C12","","","","SOT-23-3 (TO-236)","https://www.onsemi.com/pdf/datasheet/bzx84c2v4lt1-d.pdf","BZX84C12LT1GOSCT-ND","onsemi","BZX84C12LT1G","DIODE ZENER 12V 250MW SOT23-3"
"D5","1","IN-P55TATRGB","","","","Library:LED_IN-P55TATRGB","https://www.inolux-corp.com/datasheet/SMDLED/RGB%20Top%20View/IN-P55TATRGB.pdf","1830-1098-1-ND","Inolux","IN-P55TATRGB","RGB LED clear 6-PLCC"
"D6","1","SMF5V0A","","","","DO-219AB (SMF)","https://www.vishay.com/docs/85881/smf5v0atosmf58a.pdf","112-SMF5V0A-HE3_A08CT-ND","Vishay","SMF5V0A-HE3_A08","TVS DIODE 5VWM 9.2VC DO219AB"
"D7","1","1.5SMCJ28A","","","","DO-214AB (SMC)","https://diotec.com/request/datasheet/15smcj65.pdf","4878-1.5SMCJ28ACT-ND","Diotec Semiconductor","1.5SMCJ28A","TVS DIODE 28VWM 45.4VC DO214AB"
"D8","1","SZESD7410MXWT5G","","","","2-XDFN","https://www.onsemi.com/download/data-sheet/pdf/esd7410-d.pdf","488-SZESD7410MXWT5GCT-ND","onsemi","SZESD7410MXWT5G","TVS DIODE 8VWM 20VC 2X2DFNW"
"D9","1","SZESD7410MXWT5G","","","","2-XDFN","https://www.onsemi.com/download/data-sheet/pdf/esd7410-d.pdf","488-SZESD7410MXWT5GCT-ND","onsemi","SZESD7410MXWT5G","TVS DIODE 8VWM 20VC 2X2DFNW"
"D10","1","BAT54J","","","","SOD-323F","https://assets.nexperia.com/documents/data-sheet/BAT54J-Q.pdf","1727-BAT54J-QXCT-ND","Nexperia USA Inc.","BAT54J-QX","DIODE SCHOTTKY 30V 200MA SOD323F"
"D11","1","BAS16W","","","","SOD-123","https://www.mccsemi.com/pdf/Products/BAS16WHE3(SOD-123).pdf","353-BAS16WHE3-TPCT-ND","MCC (Micro Commercial Components)","BAS16WHE3-TP","DIODE STANDARD 75V 100MA SOD123"
"D12","1","BAT54S","","","","SOT-23-3 (TO-236)","https://diotec.com/request/datasheet/bat54.pdf","4878-BAT54SCT-ND","Diotec Semiconductor","BAT54S","DIODE ARR SCHOTT 30V 200MA SOT23"
"D13","1","SMAJ15CA","","","","DO-214AC","https://www.we-online.com/catalog/datasheet/824501151.pdf","732-SMAJ15CATR-ND","Würth Elektronik","SMAJ15CA","TVS DIODE 15VWM 24.4VC DO214AC"
"D14","1","SMAJ15CA","","","","DO-214AC","https://www.we-online.com/catalog/datasheet/824501151.pdf","732-SMAJ15CATR-ND","Würth Elektronik","SMAJ15CA","TVS DIODE 15VWM 24.4VC DO214AC"
"D15","1","BAT54J","","","","SOD-323F","https://assets.nexperia.com/documents/data-sheet/BAT54J-Q.pdf","1727-BAT54J-QXCT-ND","Nexperia USA Inc.","BAT54J-QX","DIODE SCHOTTKY 30V 200MA SOD323F"
"D16","1","3V3","","","","SOT-23-3 (TO-236)","https://www.onsemi.com/pdf/datasheet/bzx84c2v4lt1-d.pdf","BZX84C3V3LT1GOSCT-ND","onsemi","BZX84C3V3LT1G","DIODE ZENER 3.3V 250MW SOT23-3"
"D17","1","BAT54J","","","","SOD-323F","https://assets.nexperia.com/documents/data-sheet/BAT54J-Q.pdf","1727-BAT54J-QXCT-ND","Nexperia USA Inc.","BAT54J-QX","DIODE SCHOTTKY 30V 200MA SOD323F"
"D18","1","BAT54S","","","","SOT-23-3 (TO-236)","https://diotec.com/request/datasheet/bat54.pdf","4878-BAT54SCT-ND","Diotec Semiconductor","BAT54S","DIODE ARR SCHOTT 30V 200MA SOT23"
"D19","1","BAT54S","","","","SOT-23-3 (TO-236)","https://diotec.com/request/datasheet/bat54.pdf","4878-BAT54SCT-ND","Diotec Semiconductor","BAT54S","DIODE ARR SCHOTT 30V 200MA SOT23"
"D20","1","3V3","","","","SOT-23-3 (TO-236)","https://www.onsemi.com/pdf/datasheet/bzx84c2v4lt1-d.pdf","BZX84C3V3LT1GOSCT-ND","onsemi","BZX84C3V3LT1G","DIODE ZENER 3.3V 250MW SOT23-3"
"D21","1","3V3","","","","SOT-23-3 (TO-236)","https://www.onsemi.com/pdf/datasheet/bzx84c2v4lt1-d.pdf","BZX84C3V3LT1GOSCT-ND","onsemi","BZX84C3V3LT1G","DIODE ZENER 3.3V 250MW SOT23-3"
"D22","1","SMF5V0A","","","","DO-219AB (SMF)","https://www.vishay.com/docs/85881/smf5v0atosmf58a.pdf","112-SMF5V0A-HE3_A08CT-ND","Vishay","SMF5V0A-HE3_A08","TVS DIODE 5VWM 9.2VC DO219AB"
"D23","1","SZESD7410MXWT5G","","","","2-XDFN","https://www.onsemi.com/download/data-sheet/pdf/esd7410-d.pdf","488-SZESD7410MXWT5GCT-ND","onsemi","SZESD7410MXWT5G","TVS DIODE 8VWM 20VC 2X2DFNW"
"D24","1","BAT54J","","","","SOD-323F","https://assets.nexperia.com/documents/data-sheet/BAT54J-Q.pdf","1727-BAT54J-QXCT-ND","Nexperia USA Inc.","BAT54J-QX","DIODE SCHOTTKY 30V 200MA SOD323F"
"D25","1","BZX84C12","","","","SOT-23-3 (TO-236)","https://www.onsemi.com/pdf/datasheet/bzx84c2v4lt1-d.pdf","BZX84C12LT1GOSCT-ND","onsemi","BZX84C12LT1G","DIODE ZENER 12V 250MW SOT23-3"
"D26","1","SMAJ15CA","","","","DO-214AC","https://www.we-online.com/catalog/datasheet/824501151.pdf","732-SMAJ15CATR-ND","Würth Elektronik","SMAJ15CA","TVS DIODE 15VWM 24.4VC DO214AC"
"FB1","1","600","","","","1206 (3216 Metric)","https://www.murata.com/en-us/products/productdata/8801529331742/ENFA0091.pdf","490-16533-1-ND","Murata","BLM31PG601SN1L","FERRITE BEAD 600ohm 1206"
"FB2","1","600","","","","1206 (3216 Metric)","https://www.murata.com/en-us/products/productdata/8801529331742/ENFA0091.pdf","490-16533-1-ND","Murata","BLM31PG601SN1L","FERRITE BEAD 600ohm 1206"
"FB3","1","600","","","","1206 (3216 Metric)","https://www.murata.com/en-us/products/productdata/8801529331742/ENFA0091.pdf","490-16533-1-ND","Murata","BLM31PG601SN1L","FERRITE BEAD 600ohm 1206"
"FB4","1","120","","","","0402 (1005 Metric)","https://www.murata.com/en-us/products/productdata/8796742189086/QNFA9111.pdf","490-15018-1-ND","Murata","BLM15HD121SN1D","FERRITE BEAD 120ohm 0402"
"FB5","1","600","","","","1206 (3216 Metric)","https://www.murata.com/en-us/products/productdata/8801529331742/ENFA0091.pdf","490-16533-1-ND","Murata","BLM31PG601SN1L","FERRITE BEAD 600ohm 1206"
"FB6","1","600","","","","1206 (3216 Metric)","https://www.murata.com/en-us/products/productdata/8801529331742/ENFA0091.pdf","490-16533-1-ND","Murata","BLM31PG601SN1L","FERRITE BEAD 600ohm 1206"
"FB7","1","600","","","","1206 (3216 Metric)","https://www.murata.com/en-us/products/productdata/8801529331742/ENFA0091.pdf","490-16533-1-ND","Murata","BLM31PG601SN1L","FERRITE BEAD 600ohm 1206"
"FB8","1","600","","","","1206 (3216 Metric)","https://www.murata.com/en-us/products/productdata/8801529331742/ENFA0091.pdf","490-16533-1-ND","Murata","BLM31PG601SN1L","FERRITE BEAD 600ohm 1206"
"FB9","1","600","","","","1206 (3216 Metric)","https://www.murata.com/en-us/products/productdata/8801529331742/ENFA0091.pdf","490-16533-1-ND","Murata","BLM31PG601SN1L","FERRITE BEAD 600ohm 1206"
"FB10","1","600","","","","1206 (3216 Metric)","https://www.murata.com/en-us/products/productdata/8801529331742/ENFA0091.pdf","490-16533-1-ND","Murata","BLM31PG601SN1L","FERRITE BEAD 600ohm 1206"
"FB11","1","600","","","","1206 (3216 Metric)","https://www.murata.com/en-us/products/productdata/8801529331742/ENFA0091.pdf","490-16533-1-ND","Murata","BLM31PG601SN1L","FERRITE BEAD 600ohm 1206"
"FB12","1","600","","","","1206 (3216 Metric)","https://www.murata.com/en-us/products/productdata/8801529331742/ENFA0091.pdf","490-16533-1-ND","Murata","BLM31PG601SN1L","FERRITE BEAD 600ohm 1206"
"J1","1","0826-1X1T-HS-F","","","","","https://www.belfuse.com/resources/brochures/magneticsolutions/br-mag-1g_2gbase-t-100w-poe-icms.pdf","507-2168-ND","Bel/Stewart","0826-1X1T-HS-F","RJ45 magjack 1000BASE-T"
"J2","1","OSTVN04A150","","","","","https://mm.digikey.com/Volume0/opasdata/d220001/medias/docus/1123/OSTVNXXA150.pdf","ED10563-ND","On Shore Technology Inc.","OSTVN04A150","TERM BLK 4P SIDE ENT 2.54MM PCB"
"J3","1","BG055-06A-1-0450-0530-0350-L-D","","","","Library:GCT_BG055-06A-1-0450-0530-0350-L-D","https://gct.co/files/specs/2.54mm-header-spec.pdf","2073-BG055-06A-1-0450-0530-0350-L-D-ND","GCT","BG055-06A-1-0450-0530-0350-L-D","1x6 2.54mm header"
"J5","1","USB4120-03-C","","","","USB4120-03-C_REVA6:GCT_USB4120-03-C_REVA6","https://gct.co/files/specs/usb4120-spec.pdf","2073-USB4120-03-CCT-ND","GCT","USB4120-03-C","CONN RCPT USB2.0 TYP C 16POS SMD"
"J6","1","622-009-260-033","","","","","https://files.edac.net/edac/content/series/og/English/EDAC%20621%20622%20Series%20D-sub%20Connectors%20English%20Ordering%20Guide.pdf","151-622-009-260-033-ND","EDAC Inc.","622-009-260-033","DE-9 socket (RS-232) - assign PN"
"J7","1","SMA-J-P-H-RA-TH1","","","","","https://mm.digikey.com/Volume0/opasdata/d220001/medias/docus/6129/sma-j-p-x-ra-th1-mkt.pdf","SAM8856-ND","Samtec Inc.","SMA-J-P-H-RA-TH1","SMA coax connector - assign PN"
"J8","1","SMA-J-P-H-RA-TH1","","","","","https://mm.digikey.com/Volume0/opasdata/d220001/medias/docus/6129/sma-j-p-x-ra-th1-mkt.pdf","SAM8856-ND","Samtec Inc.","SMA-J-P-H-RA-TH1","SMA coax connector - assign PN"
"J9","1","SMA-J-P-H-RA-TH1","","","","","https://mm.digikey.com/Volume0/opasdata/d220001/medias/docus/6129/sma-j-p-x-ra-th1-mkt.pdf","SAM8856-ND","Samtec Inc.","SMA-J-P-H-RA-TH1","SMA coax connector - assign PN"
"J10","1","OSTVN02A150","","","","","https://mm.digikey.com/Volume0/opasdata/d220001/medias/docus/1123/OSTVNXXA150.pdf","ED10561-ND","On Shore Technology Inc.","OSTVN02A150","TERM BLK 2P SIDE ENT 2.54MM PCB"
"J15","1","SMA-J-P-H-RA-TH1","","","","","https://mm.digikey.com/Volume0/opasdata/d220001/medias/docus/6129/sma-j-p-x-ra-th1-mkt.pdf","SAM8856-ND","Samtec Inc.","SMA-J-P-H-RA-TH1","SMA coax connector - assign PN"
"J16","1","OSTVN06A150","","","","","https://mm.digikey.com/Volume0/opasdata/d220001/medias/docus/1123/OSTVNXXA150.pdf","ED10565-ND","On Shore Technology Inc.","OSTVN06A150","TERM BLK 6P SIDE ENT 2.54MM PCB"
"J17","1","1787179","","","","","https://mm.digikey.com/Volume0/opasdata/d220001/medias/docus/573/1787179.pdf","277-8750-ND","Phoenix Contact","1787179","TERM BLOCK HDR 36POS 3.50MM"
"K1","1","G6K-2F-Y DC3","","","","","https://mm.digikey.com/Volume0/opasdata/d220001/medias/docus/8931/G6K-T1_Datasheet_EN.pdf","39-G6K-2F-YDC3-ND","Aratas America LLC","G6K-2F-Y DC3","RELAY TELECOM DPDT 1A 3V"
"K2","1","G6K-2F-Y DC3","","","","","https://mm.digikey.com/Volume0/opasdata/d220001/medias/docus/8931/G6K-T1_Datasheet_EN.pdf","39-G6K-2F-YDC3-ND","Aratas America LLC","G6K-2F-Y DC3","RELAY TELECOM DPDT 1A 3V"
"L1","1","47nH","","","","0402 (1005 Metric)","https://search.murata.co.jp/Ceramy/image/img/P02/JELF243B-0010.pdf","490-2631-1-ND","Murata","LQG15HS47NJ02D","FIXED IND 47NH 300MA 720 MOHM"
"L2","1","6.8uH","","","","","https://www.bourns.com/docs/Product-Datasheets/SRP1265A.pdf","SRP1265A-6R8MTR-ND","Bourns Inc.","SRP1265A-6R8M","IND 6.8uH 11.5A"
"L3","1","2.2uH","","","","","https://www.eaton.com/content/dam/eaton/products/electronic-components/resources/data-sheet/eaton-dr-high-power-density-high-efficiency-shielded-drum-core-power-inductors-data-sheet.pdf","283-DR73-2R2-RTR-ND","Eaton - Electronics Division","DR73-2R2-R","IND 2.2uH 4.15A"
"L4","1","2.2uH","","","","","https://www.eaton.com/content/dam/eaton/products/electronic-components/resources/data-sheet/eaton-dr-high-power-density-high-efficiency-shielded-drum-core-power-inductors-data-sheet.pdf","283-DR73-2R2-RTR-ND","Eaton - Electronics Division","DR73-2R2-R","IND 2.2uH 4.15A"
"L5","1","2.2uH","","","","","https://www.eaton.com/content/dam/eaton/products/electronic-components/resources/data-sheet/eaton-dr-high-power-density-high-efficiency-shielded-drum-core-power-inductors-data-sheet.pdf","283-DR73-2R2-RTR-ND","Eaton - Electronics Division","DR73-2R2-R","IND 2.2uH 4.15A"
"L6","1","2.2uH","","","","","https://www.eaton.com/content/dam/eaton/products/electronic-components/resources/data-sheet/eaton-dr-high-power-density-high-efficiency-shielded-drum-core-power-inductors-data-sheet.pdf","283-DR73-2R2-RTR-ND","Eaton - Electronics Division","DR73-2R2-R","IND 2.2uH 4.15A"
"L7","1","39uH","","","","","https://www.we-online.com/components/products/datasheet/7447709390.pdf","732-7447709390CT-ND","Würth Elektronik","7447709390","FIXED IND 39UH 4.1A 56 MOHM SMD"
"L8","1","600 100MHz","","","","0805 (2012 Metric)","https://www.fair-rite.com/wp-content/themes/fair-rite/print_product.php?pid=19181","1934-1487-2-ND","Fair-Rite Products Corp.","2508056017Y2","FERRITE BEAD 600 OHM 0805 3LN"
"L9","1","600 100MHz","","","","0805 (2012 Metric)","https://www.fair-rite.com/wp-content/themes/fair-rite/print_product.php?pid=19181","1934-1487-2-ND","Fair-Rite Products Corp.","2508056017Y2","FERRITE BEAD 600 OHM 0805 3LN"
"L10","1","PGB1010603MR","","","","0603 (1608 Metric)","https://www.littelfuse.com/assetdocs/pulseguard-esd-suppressors-pgb1-datasheet?assetguid=8a337998-d54d-466b-be4e-dc5bcd1f9321","F2594CT-ND","Littelfuse","PGB1010603MR","TVS DIODE 24VWM 150VC 603"
"Q1","1","BC847W","","","","SOT-323","https://assets.nexperia.com/documents/data-sheet/BC847XW_SER.pdf","1727-BC847W,135CT-ND","Nexperia USA Inc.","BC847W,135","TRANS NPN 45V 0.1A SOT-323"
"Q2","1","FDMC8622","","","","8-PowerWDFN","https://www.onsemi.com/pdf/datasheet/fdmc8622-d.pdf","FDMC8622CT-ND","onsemi","FDMC8622","MOSFET N-CH 100V 4A/16A 8MLP"
"Q3","1","BC857W","","","","SOT-323","https://assets.nexperia.com/documents/data-sheet/BC856W_BC857W_BC858W.pdf","1727-BC857W,135CT-ND","Nexperia USA Inc.","BC857W,135","TRANS PNP 45V 0.1A SOT-323"
"Q4","1","BC847W","","","","SOT-323","https://assets.nexperia.com/documents/data-sheet/BC847XW_SER.pdf","1727-BC847W,135CT-ND","Nexperia USA Inc.","BC847W,135","TRANS NPN 45V 0.1A SOT-323"
"Q5","1","BC847W","","","","SOT-323","https://assets.nexperia.com/documents/data-sheet/BC847XW_SER.pdf","1727-BC847W,135CT-ND","Nexperia USA Inc.","BC847W,135","TRANS NPN 45V 0.1A SOT-323"
"Q6","1","BC847W","","","","SOT-323","https://assets.nexperia.com/documents/data-sheet/BC847XW_SER.pdf","1727-BC847W,135CT-ND","Nexperia USA Inc.","BC847W,135","TRANS NPN 45V 0.1A SOT-323"
"Q7","1","BC847W","","","","SOT-323","https://assets.nexperia.com/documents/data-sheet/BC847XW_SER.pdf","1727-BC847W,135CT-ND","Nexperia USA Inc.","BC847W,135","TRANS NPN 45V 0.1A SOT-323"
"Q8","1","BC847W","","","","SOT-323","https://assets.nexperia.com/documents/data-sheet/BC847XW_SER.pdf","1727-BC847W,135CT-ND","Nexperia USA Inc.","BC847W,135","TRANS NPN 45V 0.1A SOT-323"
"Q9","1","BC847W","","","","SOT-323","https://assets.nexperia.com/documents/data-sheet/BC847XW_SER.pdf","1727-BC847W,135CT-ND","Nexperia USA Inc.","BC847W,135","TRANS NPN 45V 0.1A SOT-323"
"Q10","1","BC847W","","","","SOT-323","https://assets.nexperia.com/documents/data-sheet/BC847XW_SER.pdf","1727-BC847W,135CT-ND","Nexperia USA Inc.","BC847W,135","TRANS NPN 45V 0.1A SOT-323"
"Q11","1","NSS40300MZ4T1G","","","","SOT-223 (TO-261)","https://www.onsemi.com/pdf/datasheet/nss40300mz4-d.pdf","NSS40300MZ4T1GOSCT-ND","onsemi","NSS40300MZ4T1G","TRANS PNP 40V 3A SOT223"
"Q12","1","BC857W","","","","SOT-323","https://assets.nexperia.com/documents/data-sheet/BC856W_BC857W_BC858W.pdf","1727-BC857W,135CT-ND","Nexperia USA Inc.","BC857W,135","TRANS PNP 45V 0.1A SOT-323"
"Q13","1","BC857W","","","","SOT-323","https://assets.nexperia.com/documents/data-sheet/BC856W_BC857W_BC858W.pdf","1727-BC857W,135CT-ND","Nexperia USA Inc.","BC857W,135","TRANS PNP 45V 0.1A SOT-323"
"Q14","1","BC847W","","","","SOT-323","https://assets.nexperia.com/documents/data-sheet/BC847XW_SER.pdf","1727-BC847W,135CT-ND","Nexperia USA Inc.","BC847W,135","TRANS NPN 45V 0.1A SOT-323"
"Q15","1","BC847W","","","","SOT-323","https://assets.nexperia.com/documents/data-sheet/BC847XW_SER.pdf","1727-BC847W,135CT-ND","Nexperia USA Inc.","BC847W,135","TRANS NPN 45V 0.1A SOT-323"
"Q16","1","BC847W","","","","SOT-323","https://assets.nexperia.com/documents/data-sheet/BC847XW_SER.pdf","1727-BC847W,135CT-ND","Nexperia USA Inc.","BC847W,135","TRANS NPN 45V 0.1A SOT-323"
"Q17","1","BC857W","","","","SOT-323","https://assets.nexperia.com/documents/data-sheet/BC856W_BC857W_BC858W.pdf","1727-BC857W,135CT-ND","Nexperia USA Inc.","BC857W,135","TRANS PNP 45V 0.1A SOT-323"
"Q18","1","BC847W","","","","SOT-323","https://assets.nexperia.com/documents/data-sheet/BC847XW_SER.pdf","1727-BC847W,135CT-ND","Nexperia USA Inc.","BC847W,135","TRANS NPN 45V 0.1A SOT-323"
"Q19","1","BC847W","","","","SOT-323","https://assets.nexperia.com/documents/data-sheet/BC847XW_SER.pdf","1727-BC847W,135CT-ND","Nexperia USA Inc.","BC847W,135","TRANS NPN 45V 0.1A SOT-323"
"Q20","1","BC847W","","","","SOT-323","https://assets.nexperia.com/documents/data-sheet/BC847XW_SER.pdf","1727-BC847W,135CT-ND","Nexperia USA Inc.","BC847W,135","TRANS NPN 45V 0.1A SOT-323"
"Q21","1","BC847W","","","","SOT-323","https://assets.nexperia.com/documents/data-sheet/BC847XW_SER.pdf","1727-BC847W,135CT-ND","Nexperia USA Inc.","BC847W,135","TRANS NPN 45V 0.1A SOT-323"
"Q22","1","NSS40300MZ4T1G","","","","SOT-223 (TO-261)","https://www.onsemi.com/pdf/datasheet/nss40300mz4-d.pdf","NSS40300MZ4T1GOSCT-ND","onsemi","NSS40300MZ4T1G","TRANS PNP 40V 3A SOT223"
"Q23","1","BC847W","","","","SOT-323","https://assets.nexperia.com/documents/data-sheet/BC847XW_SER.pdf","1727-BC847W,135CT-ND","Nexperia USA Inc.","BC847W,135","TRANS NPN 45V 0.1A SOT-323"
"Q24","1","BC847W","","","","SOT-323","https://assets.nexperia.com/documents/data-sheet/BC847XW_SER.pdf","1727-BC847W,135CT-ND","Nexperia USA Inc.","BC847W,135","TRANS NPN 45V 0.1A SOT-323"
"Q25","1","SI7469DP-T1-E3","","","","PowerPAK® SO-8","https://www.vishay.com/docs/73438/si7469dp.pdf","SI7469DP-T1-E3CT-ND","Vishay","SI7469DP-T1-E3","MOSFET P-CH 80V 28A PPAK SO-8"
"Q26","1","BC847W","","","","SOT-323","https://assets.nexperia.com/documents/data-sheet/BC847XW_SER.pdf","1727-BC847W,135CT-ND","Nexperia USA Inc.","BC847W,135","TRANS NPN 45V 0.1A SOT-323"
"R1","1","1M","","","","0402 (1005 Metric)","https://industrial.panasonic.com/cdbs/www-data/pdf/RDA0000/AOA0000C304.pdf","P1.00MLCT-ND","Panasonic Industry","ERJ-2RKF1004X","RES SMD 1M OHM 1% 1/10W 0402"
"R2","1","1.2M","","","","1206 (3216 Metric)","https://industrial.panasonic.com/cdbs/www-data/pdf/RDA0000/AOA0000C304.pdf","P1.20MFCT-ND","Panasonic Industry","ERJ-8ENF1204V","RES SMD 1.2M OHM 1% 1/4W 1206"
"R3","1","39.2k","","","","0402 (1005 Metric)","https://industrial.panasonic.com/cdbs/www-data/pdf/RDA0000/AOA0000C304.pdf","P39.2KLCT-ND","Panasonic Industry","ERJ-2RKF3922X","RES SMD 39.2K OHM 1% 1/10W 0402"
"R4","1","174k","","","","0402 (1005 Metric)","https://industrial.panasonic.com/cdbs/www-data/pdf/RDA0000/AOA0000C304.pdf","P174KLCT-ND","Panasonic Industry","ERJ-2RKF1743X","RES SMD 174K OHM 1% 1/10W 0402"
"R5","1","100k","","","","0402 (1005 Metric)","https://industrial.panasonic.com/cdbs/www-data/pdf/RDA0000/AOA0000C304.pdf","P100KLCT-ND","Panasonic Industry","ERJ-2RKF1003X","RES 100K OHM 1% 1/10W 0402"
"R6","1","2M","","","","0402 (1005 Metric)","https://industrial.panasonic.com/cdbs/www-data/pdf/RDM0000/DMM0000COL9.pdf","10-ERJ-U02F2004XCT-ND","Panasonic Industry","ERJ-U02F2004X","RES 2M OHM 1% 1/10W 0402"
"R7","1","1k","","","","0402 (1005 Metric)","https://industrial.panasonic.com/cdbs/www-data/pdf/RDA0000/AOA0000C304.pdf","P1.00KLCT-ND","Panasonic Industry","ERJ-2RKF1001X","RES SMD 1K OHM 1% 1/10W 0402"
"R8","1","100k","","","","0402 (1005 Metric)","https://industrial.panasonic.com/cdbs/www-data/pdf/RDA0000/AOA0000C304.pdf","P100KLCT-ND","Panasonic Industry","ERJ-2RKF1003X","RES 100K OHM 1% 1/10W 0402"
"R9","1","1.5M","","","","0402 (1005 Metric)","https://industrial.panasonic.com/cdbs/www-data/pdf/RDA0000/AOA0000C301.pdf","P1.5MJCT-ND","Panasonic Industry","ERJ-2GEJ155X","RES SMD 1.5M OHM 5% 1/10W 0402"
"R10","1","1.5M","","","","0402 (1005 Metric)","https://industrial.panasonic.com/cdbs/www-data/pdf/RDA0000/AOA0000C301.pdf","P1.5MJCT-ND","Panasonic Industry","ERJ-2GEJ155X","RES SMD 1.5M OHM 5% 1/10W 0402"
"R11","1","1.5M","","","","0402 (1005 Metric)","https://industrial.panasonic.com/cdbs/www-data/pdf/RDA0000/AOA0000C301.pdf","P1.5MJCT-ND","Panasonic Industry","ERJ-2GEJ155X","RES SMD 1.5M OHM 5% 1/10W 0402"
"R12","1","1.5M","","","","0402 (1005 Metric)","https://industrial.panasonic.com/cdbs/www-data/pdf/RDA0000/AOA0000C301.pdf","P1.5MJCT-ND","Panasonic Industry","ERJ-2GEJ155X","RES SMD 1.5M OHM 5% 1/10W 0402"
"R13","1","232","","","","0402 (1005 Metric)","https://industrial.panasonic.com/cdbs/www-data/pdf/RDA0000/AOA0000C304.pdf","P232LCT-ND","Panasonic Industry","ERJ-2RKF2320X","RES SMD 232 OHM 1% 1/10W 0402"
"R14","1","909","","","","0402 (1005 Metric)","https://industrial.panasonic.com/cdbs/www-data/pdf/RDA0000/AOA0000C304.pdf","P909LCT-ND","Panasonic Industry","ERJ-2RKF9090X","RES SMD 909 OHM 1% 1/10W 0402"
"R15","1","26.1k","","","","0402 (1005 Metric)","https://industrial.panasonic.com/cdbs/www-data/pdf/RDA0000/AOA0000C304.pdf","P26.1KLCT-ND","Panasonic Industry","ERJ-2RKF2612X","RES SMD 26.1K OHM 1% 1/10W 0402"
"R16","1","25m","","","","1206 (3216 Metric)","https://www.ohmite.com/assets/images/res-mcs.pdf","273-MCS1632R025DERCT-ND","Ohmite","MCS1632R025DER","1W 0.025 OHM METAL ALLOY CS 1% C"
"R17","1","10k","","","","0402 (1005 Metric)","https://industrial.panasonic.com/cdbs/www-data/pdf/RDA0000/AOA0000C304.pdf","P10.0KLCT-ND","Panasonic Industry","ERJ-2RKF1002X","RES SMD 10K OHM 1% 1/10W 0402"
"R18","1","24.9k","","","","0402 (1005 Metric)","https://industrial.panasonic.com/cdbs/www-data/pdf/RDA0000/AOA0000C304.pdf","P24.9KLCT-ND","Panasonic Industry","ERJ-2RKF2492X","RES SMD 24.9K OHM 1% 1/10W 0402"
"R19","1","100k","","","","0402 (1005 Metric)","https://industrial.panasonic.com/cdbs/www-data/pdf/RDA0000/AOA0000C304.pdf","P100KLCT-ND","Panasonic Industry","ERJ-2RKF1003X","RES 100K OHM 1% 1/10W 0402"
"R20","1","10k","","","","1210 (3225 Metric)","https://industrial.panasonic.com/cdbs/www-data/pdf/RDA0000/AOA0000C304.pdf","P10.0KAACT-ND","Panasonic Industry","ERJ-14NF1002U","RES SMD 10K OHM 1% 1/2W 1210"
"R21","1","100k","","","","0402 (1005 Metric)","https://industrial.panasonic.com/cdbs/www-data/pdf/RDA0000/AOA0000C304.pdf","P100KLCT-ND","Panasonic Industry","ERJ-2RKF1003X","RES 100K OHM 1% 1/10W 0402"
"R22","1","10k","","","","0402 (1005 Metric)","https://industrial.panasonic.com/cdbs/www-data/pdf/RDA0000/AOA0000C304.pdf","P10.0KLCT-ND","Panasonic Industry","ERJ-2RKF1002X","RES SMD 10K OHM 1% 1/10W 0402"
"R23","1","10k","","","","0402 (1005 Metric)","https://industrial.panasonic.com/cdbs/www-data/pdf/RDA0000/AOA0000C304.pdf","P10.0KLCT-ND","Panasonic Industry","ERJ-2RKF1002X","RES SMD 10K OHM 1% 1/10W 0402"
"R24","1","10k","","","","0402 (1005 Metric)","https://industrial.panasonic.com/cdbs/www-data/pdf/RDA0000/AOA0000C304.pdf","P10.0KLCT-ND","Panasonic Industry","ERJ-2RKF1002X","RES SMD 10K OHM 1% 1/10W 0402"
"R25","1","180k","","","","0402 (1005 Metric)","https://industrial.panasonic.com/cdbs/www-data/pdf/RDA0000/AOA0000C304.pdf","P180KLCT-ND","Panasonic Industry","ERJ-2RKF1803X","RES SMD 180K OHM 1% 1/10W 0402"
"R26","1","10k","","","","0402 (1005 Metric)","https://industrial.panasonic.com/cdbs/www-data/pdf/RDA0000/AOA0000C304.pdf","P10.0KLCT-ND","Panasonic Industry","ERJ-2RKF1002X","RES SMD 10K OHM 1% 1/10W 0402"
"R27","1","10k","","","","0402 (1005 Metric)","https://industrial.panasonic.com/cdbs/www-data/pdf/RDA0000/AOA0000C304.pdf","P10.0KLCT-ND","Panasonic Industry","ERJ-2RKF1002X","RES SMD 10K OHM 1% 1/10W 0402"
"R28","1","10k","","","","0402 (1005 Metric)","https://industrial.panasonic.com/cdbs/www-data/pdf/RDA0000/AOA0000C304.pdf","P10.0KLCT-ND","Panasonic Industry","ERJ-2RKF1002X","RES SMD 10K OHM 1% 1/10W 0402"
"R29","1","100k","","","","0402 (1005 Metric)","https://industrial.panasonic.com/cdbs/www-data/pdf/RDA0000/AOA0000C304.pdf","P100KLCT-ND","Panasonic Industry","ERJ-2RKF1003X","RES 100K OHM 1% 1/10W 0402"
"R30","1","25m","","","","1206 (3216 Metric)","https://www.vishay.com/docs/30100/wsl.pdf","WSLC-.025CT-ND","Vishay Dale","WSL1206R0250FEA","RES 0.025 OHM 1% 1/4W 1206"
"R31","1","100","","","","0402 (1005 Metric)","https://industrial.panasonic.com/cdbs/www-data/pdf/RDA0000/AOA0000C304.pdf","P100LCT-ND","Panasonic Industry","ERJ-2RKF1000X","RES SMD 100 OHM 1% 1/10W 0402"
"R32","1","100","","","","0402 (1005 Metric)","https://industrial.panasonic.com/cdbs/www-data/pdf/RDA0000/AOA0000C304.pdf","P100LCT-ND","Panasonic Industry","ERJ-2RKF1000X","RES SMD 100 OHM 1% 1/10W 0402"
"R33","1","100","","","","0402 (1005 Metric)","https://industrial.panasonic.com/cdbs/www-data/pdf/RDA0000/AOA0000C304.pdf","P100LCT-ND","Panasonic Industry","ERJ-2RKF1000X","RES SMD 100 OHM 1% 1/10W 0402"
"R34","1","100","","","","0402 (1005 Metric)","https://industrial.panasonic.com/cdbs/www-data/pdf/RDA0000/AOA0000C304.pdf","P100LCT-ND","Panasonic Industry","ERJ-2RKF1000X","RES SMD 100 OHM 1% 1/10W 0402"
"R35","1","10k","","","","0402 (1005 Metric)","https://industrial.panasonic.com/cdbs/www-data/pdf/RDA0000/AOA0000C304.pdf","P10.0KLCT-ND","Panasonic Industry","ERJ-2RKF1002X","RES SMD 10K OHM 1% 1/10W 0402"
"R36","1","1.5k","","","","0402 (1005 Metric)","https://industrial.panasonic.com/cdbs/www-data/pdf/RDA0000/AOA0000C304.pdf","P1.50KLCT-ND","Panasonic Industry","ERJ-2RKF1501X","RES SMD 1.5K OHM 1% 1/10W 0402"
"R37","1","12.1k","","","","0402 (1005 Metric)","https://industrial.panasonic.com/cdbs/www-data/pdf/RDA0000/AOA0000C304.pdf","P12.1KLCT-ND","Panasonic Industry","ERJ-2RKF1212X","RES SMD 12.1K OHM 1% 1/10W 0402"
"R38","1","330","","","","0402 (1005 Metric)","https://industrial.panasonic.com/cdbs/www-data/pdf/RDA0000/AOA0000C304.pdf","P330LCT-ND","Panasonic Industry","ERJ-2RKF3300X","RES SMD 330 OHM 1% 1/10W 0402"
"R39","1","330","","","","0402 (1005 Metric)","https://industrial.panasonic.com/cdbs/www-data/pdf/RDA0000/AOA0000C304.pdf","P330LCT-ND","Panasonic Industry","ERJ-2RKF3300X","RES SMD 330 OHM 1% 1/10W 0402"
"R40","1","4.75k","","","","0402 (1005 Metric)","https://www.koaspeer.com/pdfs/RK73-RT.pdf","2019-RK73H1ERTTP4751FCT-ND","KOA Speer Electronics, Inc.","RK73H1ERTTP4751F","RES 4.75K OHM 1% 1/10W 0402"
"R41","1","4.75k","","","","0402 (1005 Metric)","https://www.koaspeer.com/pdfs/RK73-RT.pdf","2019-RK73H1ERTTP4751FCT-ND","KOA Speer Electronics, Inc.","RK73H1ERTTP4751F","RES 4.75K OHM 1% 1/10W 0402"
"R42","1","49.9","","","","0402 (1005 Metric)","https://industrial.panasonic.com/cdbs/www-data/pdf/RDA0000/AOA0000C304.pdf","P49.9LCT-ND","Panasonic Industry","ERJ-2RKF49R9X","RES SMD 49.9 OHM 1% 1/10W 0402"
"R43","1","49.9","","","","0402 (1005 Metric)","https://industrial.panasonic.com/cdbs/www-data/pdf/RDA0000/AOA0000C304.pdf","P49.9LCT-ND","Panasonic Industry","ERJ-2RKF49R9X","RES SMD 49.9 OHM 1% 1/10W 0402"
"R44","1","49.9","","","","0402 (1005 Metric)","https://industrial.panasonic.com/cdbs/www-data/pdf/RDA0000/AOA0000C304.pdf","P49.9LCT-ND","Panasonic Industry","ERJ-2RKF49R9X","RES SMD 49.9 OHM 1% 1/10W 0402"
"R45","1","49.9","","","","0402 (1005 Metric)","https://industrial.panasonic.com/cdbs/www-data/pdf/RDA0000/AOA0000C304.pdf","P49.9LCT-ND","Panasonic Industry","ERJ-2RKF49R9X","RES SMD 49.9 OHM 1% 1/10W 0402"
"R46","1","1.5k","","","","0402 (1005 Metric)","https://industrial.panasonic.com/cdbs/www-data/pdf/RDA0000/AOA0000C304.pdf","P1.50KLCT-ND","Panasonic Industry","ERJ-2RKF1501X","RES SMD 1.5K OHM 1% 1/10W 0402"
"R47","1","33.2k","","","","0402 (1005 Metric)","https://industrial.panasonic.com/cdbs/www-data/pdf/RDA0000/AOA0000C304.pdf","P33.2KLCT-ND","Panasonic Industry","ERJ-2RKF3322X","RES SMD 33.2K OHM 1% 1/10W 0402"
"R48","1","50","","","","0603 (1608 Metric)","https://www.vishay.com/docs/20035/dcrcwe3.pdf","541-3318-1-ND","Vishay Dale","CRCW060350R0FKEA","RES SMD 50 OHM 1% 1/8W 0603"
"R49","1","4.99k","","","","0402 (1005 Metric)","https://industrial.panasonic.com/cdbs/www-data/pdf/RDA0000/AOA0000C304.pdf","P4.99KLCT-ND","Panasonic Industry","ERJ-2RKF4991X","RES SMD 4.99K OHM 1% 1/10W 0402"
"R50","1","10k","","","","0402 (1005 Metric)","https://industrial.panasonic.com/cdbs/www-data/pdf/RDA0000/AOA0000C304.pdf","P10.0KLCT-ND","Panasonic Industry","ERJ-2RKF1002X","RES SMD 10K OHM 1% 1/10W 0402"
"R51","1","10k","","","","0402 (1005 Metric)","https://industrial.panasonic.com/cdbs/www-data/pdf/RDA0000/AOA0000C304.pdf","P10.0KLCT-ND","Panasonic Industry","ERJ-2RKF1002X","RES SMD 10K OHM 1% 1/10W 0402"
"R52","1","10k","","","","0402 (1005 Metric)","https://industrial.panasonic.com/cdbs/www-data/pdf/RDA0000/AOA0000C304.pdf","P10.0KLCT-ND","Panasonic Industry","ERJ-2RKF1002X","RES SMD 10K OHM 1% 1/10W 0402"
"R53","1","10k","","","","0402 (1005 Metric)","https://industrial.panasonic.com/cdbs/www-data/pdf/RDA0000/AOA0000C304.pdf","P10.0KLCT-ND","Panasonic Industry","ERJ-2RKF1002X","RES SMD 10K OHM 1% 1/10W 0402"
"R54","1","10k","","","","0402 (1005 Metric)","https://industrial.panasonic.com/cdbs/www-data/pdf/RDA0000/AOA0000C304.pdf","P10.0KLCT-ND","Panasonic Industry","ERJ-2RKF1002X","RES SMD 10K OHM 1% 1/10W 0402"
"R55","1","1k","","","","0402 (1005 Metric)","https://industrial.panasonic.com/cdbs/www-data/pdf/RDA0000/AOA0000C304.pdf","P1.00KLCT-ND","Panasonic Industry","ERJ-2RKF1001X","RES SMD 1K OHM 1% 1/10W 0402"
"R56","1","10k","","","","0402 (1005 Metric)","https://industrial.panasonic.com/cdbs/www-data/pdf/RDA0000/AOA0000C304.pdf","P10.0KLCT-ND","Panasonic Industry","ERJ-2RKF1002X","RES SMD 10K OHM 1% 1/10W 0402"
"R57","1","1.5k","","","","0402 (1005 Metric)","https://industrial.panasonic.com/cdbs/www-data/pdf/RDA0000/AOA0000C304.pdf","P1.50KLCT-ND","Panasonic Industry","ERJ-2RKF1501X","RES SMD 1.5K OHM 1% 1/10W 0402"
"R58","1","10k","","","","0402 (1005 Metric)","https://industrial.panasonic.com/cdbs/www-data/pdf/RDA0000/AOA0000C304.pdf","P10.0KLCT-ND","Panasonic Industry","ERJ-2RKF1002X","RES SMD 10K OHM 1% 1/10W 0402"
"R59","1","60.4","","","","0402 (1005 Metric)","https://www.koaspeer.com/pdfs/RK73H.pdf","2019-RK73H1ETTP60R4FCT-ND","KOA Speer Electronics, Inc.","RK73H1ETTP60R4F","RES 60.4 OHM 1% 1/10W 0402"
"R60","1","174","","","","0402 (1005 Metric)","https://industrial.panasonic.com/cdbs/www-data/pdf/RDA0000/AOA0000C304.pdf","P174LCT-ND","Panasonic Industry","ERJ-2RKF1740X","RES SMD 174 OHM 1% 1/10W 0402"
"R61","1","221","","","","0402 (1005 Metric)","https://www.koaspeer.com/pdfs/RK73H.pdf","2019-RK73H1ETTP2210FCT-ND","KOA Speer Electronics, Inc.","RK73H1ETTP2210F","RES 221 OHM 1% 1/10W 0402"
"R62","1","3.01k","","","","0402 (1005 Metric)","https://www.koaspeer.com/pdfs/RK73H.pdf","2019-RK73H1ETTP3011FCT-ND","KOA Speer Electronics, Inc.","RK73H1ETTP3011F","RES 3.01K OHM 1% 1/10W 0402"
"R63","1","10k","","","","0402 (1005 Metric)","https://industrial.panasonic.com/cdbs/www-data/pdf/RDA0000/AOA0000C304.pdf","P10.0KLCT-ND","Panasonic Industry","ERJ-2RKF1002X","RES SMD 10K OHM 1% 1/10W 0402"
"R64","1","5.1k","","","","0402 (1005 Metric)","https://industrial.panasonic.com/cdbs/www-data/pdf/RDA0000/AOA0000C304.pdf","P5.10KLCT-ND","Panasonic Industry","ERJ-2RKF5101X","RES SMD 5.1K OHM 1% 1/10W 0402"
"R65","1","1M","","","","0402 (1005 Metric)","https://industrial.panasonic.com/cdbs/www-data/pdf/RDA0000/AOA0000C304.pdf","P1.00MLCT-ND","Panasonic Industry","ERJ-2RKF1004X","RES SMD 1M OHM 1% 1/10W 0402"
"R66","1","5.1k","","","","0402 (1005 Metric)","https://industrial.panasonic.com/cdbs/www-data/pdf/RDA0000/AOA0000C304.pdf","P5.10KLCT-ND","Panasonic Industry","ERJ-2RKF5101X","RES SMD 5.1K OHM 1% 1/10W 0402"
"R67","1","121k","","","","0402 (1005 Metric)","https://industrial.panasonic.com/cdbs/www-data/pdf/RDA0000/AOA0000C304.pdf","P121KLCT-ND","Panasonic Industry","ERJ-2RKF1213X","RES SMD 121K OHM 1% 1/10W 0402"
"R68","1","100k","","","","0402 (1005 Metric)","https://industrial.panasonic.com/cdbs/www-data/pdf/RDA0000/AOA0000C304.pdf","P100KLCT-ND","Panasonic Industry","ERJ-2RKF1003X","RES 100K OHM 1% 1/10W 0402"
"R69","1","100k","","","","0402 (1005 Metric)","https://industrial.panasonic.com/cdbs/www-data/pdf/RDA0000/AOA0000C304.pdf","P100KLCT-ND","Panasonic Industry","ERJ-2RKF1003X","RES 100K OHM 1% 1/10W 0402"
"R70","1","374","","","","0402 (1005 Metric)","https://industrial.panasonic.com/cdbs/www-data/pdf/RDA0000/AOA0000C304.pdf","P374LCT-ND","Panasonic Industry","ERJ-2RKF3740X","RES SMD 374 OHM 1% 1/10W 0402"
"R71","1","33.2k","","","","0402 (1005 Metric)","https://industrial.panasonic.com/cdbs/www-data/pdf/RDA0000/AOA0000C304.pdf","P33.2KLCT-ND","Panasonic Industry","ERJ-2RKF3322X","RES SMD 33.2K OHM 1% 1/10W 0402"
"R72","1","75m","","","","1206 (3216 Metric)","https://www.vishay.com/docs/30100/wsl.pdf","541-10064-1-ND","Vishay Dale","WSL1206R0750FEA","RES 0.075 OHM 1% 1/4W 1206"
"R73","1","2.2k","","","","0402 (1005 Metric)","https://industrial.panasonic.com/cdbs/www-data/pdf/RDA0000/AOA0000C304.pdf","P2.20KLCT-ND","Panasonic Industry","ERJ-2RKF2201X","RES SMD 2.2K OHM 1% 1/10W 0402"
"R74","1","10k","","","","0402 (1005 Metric)","https://industrial.panasonic.com/cdbs/www-data/pdf/RDA0000/AOA0000C304.pdf","P10.0KLCT-ND","Panasonic Industry","ERJ-2RKF1002X","RES SMD 10K OHM 1% 1/10W 0402"
"R75","1","4.7k","","","","0402 (1005 Metric)","https://industrial.panasonic.com/cdbs/www-data/pdf/RDA0000/AOA0000C304.pdf","P4.70KLCT-ND","Panasonic Industry","ERJ-2RKF4701X","RES SMD 4.7K OHM 1% 1/10W 0402"
"R76","1","220","","","","0402 (1005 Metric)","https://industrial.panasonic.com/cdbs/www-data/pdf/RDA0000/AOA0000C304.pdf","P220LCT-ND","Panasonic Industry","ERJ-2RKF2200X","RES SMD 220 OHM 1% 1/10W 0402"
"R77","1","3.3","","","","1206 (3216 Metric)","https://www.seielect.com/catalog/SEI-RMCF_RMCP.pdf","738-RMCF1206FT3R30CT-ND","Stackpole Electronics Inc","RMCF1206FT3R30","RES 3.3 OHM 1% 1/4W 1206"
"R78","1","100k","","","","0402 (1005 Metric)","https://industrial.panasonic.com/cdbs/www-data/pdf/RDA0000/AOA0000C304.pdf","P100KLCT-ND","Panasonic Industry","ERJ-2RKF1003X","RES 100K OHM 1% 1/10W 0402"
"R79","1","10k","","","","0402 (1005 Metric)","https://industrial.panasonic.com/cdbs/www-data/pdf/RDA0000/AOA0000C304.pdf","P10.0KLCT-ND","Panasonic Industry","ERJ-2RKF1002X","RES SMD 10K OHM 1% 1/10W 0402"
"R80","1","100k","","","","0402 (1005 Metric)","https://industrial.panasonic.com/cdbs/www-data/pdf/RDA0000/AOA0000C304.pdf","P100KLCT-ND","Panasonic Industry","ERJ-2RKF1003X","RES 100K OHM 1% 1/10W 0402"
"R81","1","100k","","","","0402 (1005 Metric)","https://industrial.panasonic.com/cdbs/www-data/pdf/RDA0000/AOA0000C304.pdf","P100KLCT-ND","Panasonic Industry","ERJ-2RKF1003X","RES 100K OHM 1% 1/10W 0402"
"R82","1","100k","","","","0402 (1005 Metric)","https://industrial.panasonic.com/cdbs/www-data/pdf/RDA0000/AOA0000C304.pdf","P100KLCT-ND","Panasonic Industry","ERJ-2RKF1003X","RES 100K OHM 1% 1/10W 0402"
"R83","1","30k","","","","0402 (1005 Metric)","https://www.koaspeer.com/pdfs/RK73H.pdf","2019-RK73H1ETTP3002FCT-ND","KOA Speer Electronics, Inc.","RK73H1ETTP3002F","RES 30K OHM 1% 1/10W 0402"
"R84","1","10k","","","","0402 (1005 Metric)","https://industrial.panasonic.com/cdbs/www-data/pdf/RDA0000/AOA0000C304.pdf","P10.0KLCT-ND","Panasonic Industry","ERJ-2RKF1002X","RES SMD 10K OHM 1% 1/10W 0402"
"R85","1","100k","","","","0402 (1005 Metric)","https://industrial.panasonic.com/cdbs/www-data/pdf/RDA0000/AOA0000C304.pdf","P100KLCT-ND","Panasonic Industry","ERJ-2RKF1003X","RES 100K OHM 1% 1/10W 0402"
"R86","1","11k","","","","0402 (1005 Metric)","https://industrial.panasonic.com/cdbs/www-data/pdf/RDA0000/AOA0000C304.pdf","P11.0KLCT-ND","Panasonic Industry","ERJ-2RKF1102X","RES SMD 11K OHM 1% 1/10W 0402"
"R87","1","10k","","","","0402 (1005 Metric)","https://industrial.panasonic.com/cdbs/www-data/pdf/RDA0000/AOA0000C304.pdf","P10.0KLCT-ND","Panasonic Industry","ERJ-2RKF1002X","RES SMD 10K OHM 1% 1/10W 0402"
"R88","1","10k","","","","0402 (1005 Metric)","https://industrial.panasonic.com/cdbs/www-data/pdf/RDA0000/AOA0000C304.pdf","P10.0KLCT-ND","Panasonic Industry","ERJ-2RKF1002X","RES SMD 10K OHM 1% 1/10W 0402"
"R89","1","150m","","","","1206 (3216 Metric)","https://www.vishay.com/docs/30100/wsl.pdf","WSLC-.15CT-ND","Vishay Dale","WSL1206R1500FEA","RES 0.15 OHM 1% 1/4W 1206"
"R90","1","200k","","","","0402 (1005 Metric)","https://industrial.panasonic.com/cdbs/www-data/pdf/RDA0000/AOA0000C304.pdf","P200KLCT-ND","Panasonic Industry","ERJ-2RKF2003X","RES SMD 200K OHM 1% 1/10W 0402"
"R91","1","100k","","","","0402 (1005 Metric)","https://industrial.panasonic.com/cdbs/www-data/pdf/RDA0000/AOA0000C304.pdf","P100KLCT-ND","Panasonic Industry","ERJ-2RKF1003X","RES 100K OHM 1% 1/10W 0402"
"R92","1","10k","","","","0402 (1005 Metric)","https://industrial.panasonic.com/cdbs/www-data/pdf/RDA0000/AOA0000C304.pdf","P10.0KLCT-ND","Panasonic Industry","ERJ-2RKF1002X","RES SMD 10K OHM 1% 1/10W 0402"
"R93","1","2.21k","","","","0402 (1005 Metric)","https://industrial.panasonic.com/cdbs/www-data/pdf/RDA0000/AOA0000C304.pdf","P2.21KLCT-ND","Panasonic Industry","ERJ-2RKF2211X","RES SMD 2.21K OHM 1% 1/10W 0402"
"R94","1","6.81k","","","","0402 (1005 Metric)","https://industrial.panasonic.com/cdbs/www-data/pdf/RDA0000/AOA0000C304.pdf","P6.81KLTR-ND","Panasonic Industry","ERJ-2RKF6811X","RES SMD 6.81K OHM 1% 1/10W 0402"
"R95","1","10k","","","","0402 (1005 Metric)","https://industrial.panasonic.com/cdbs/www-data/pdf/RDA0000/AOA0000C304.pdf","P10.0KLCT-ND","Panasonic Industry","ERJ-2RKF1002X","RES SMD 10K OHM 1% 1/10W 0402"
"R96","1","24.9k","","","","0402 (1005 Metric)","https://industrial.panasonic.com/cdbs/www-data/pdf/RDA0000/AOA0000C304.pdf","P24.9KLCT-ND","Panasonic Industry","ERJ-2RKF2492X","RES SMD 24.9K OHM 1% 1/10W 0402"
"R97","1","15k","","","","0402 (1005 Metric)","https://www.koaspeer.com/pdfs/RK73H.pdf","2019-RK73H1ETTP1502FCT-ND","KOA Speer Electronics, Inc.","RK73H1ETTP1502F","RES 15K OHM 1% 1/10W 0402"
"R98","1","2.05k","","","","0402 (1005 Metric)","https://industrial.panasonic.com/cdbs/www-data/pdf/RDA0000/AOA0000C304.pdf","P2.05KLTR-ND","Panasonic Industry","ERJ-2RKF2051X","RES SMD 2.05K OHM 1% 1/10W 0402"
"R99","1","10k","","","","0402 (1005 Metric)","https://industrial.panasonic.com/cdbs/www-data/pdf/RDA0000/AOA0000C304.pdf","P10.0KLCT-ND","Panasonic Industry","ERJ-2RKF1002X","RES SMD 10K OHM 1% 1/10W 0402"
"R100","1","2.2k","","","","0402 (1005 Metric)","https://industrial.panasonic.com/cdbs/www-data/pdf/RDA0000/AOA0000C304.pdf","P2.20KLCT-ND","Panasonic Industry","ERJ-2RKF2201X","RES SMD 2.2K OHM 1% 1/10W 0402"
"R101","1","2.2","","","","0402 (1005 Metric)","https://industrial.panasonic.com/cdbs/www-data/pdf/RDP0000/AOA0000C334.pdf","10-ERJ-U02F2R20XTR-ND","Panasonic Industry","ERJ-U02F2R20X","RES 2.2 OHM 1% 1/10W 0402"
"R102","1","50m","","","","1206 (3216 Metric)","https://www.vishay.com/docs/30100/wsl.pdf","WSLC-.05CT-ND","Vishay Dale","WSL1206R0500FEA","RES 0.05 OHM 1% 1/4W 1206"
"R103","1","2.2","","","","0402 (1005 Metric)","https://industrial.panasonic.com/cdbs/www-data/pdf/RDP0000/AOA0000C334.pdf","10-ERJ-U02F2R20XTR-ND","Panasonic Industry","ERJ-U02F2R20X","RES 2.2 OHM 1% 1/10W 0402"
"R104","1","10k","","","","0402 (1005 Metric)","https://industrial.panasonic.com/cdbs/www-data/pdf/RDA0000/AOA0000C304.pdf","P10.0KLCT-ND","Panasonic Industry","ERJ-2RKF1002X","RES SMD 10K OHM 1% 1/10W 0402"
"R105","1","10k","","","","0402 (1005 Metric)","https://industrial.panasonic.com/cdbs/www-data/pdf/RDA0000/AOA0000C304.pdf","P10.0KLCT-ND","Panasonic Industry","ERJ-2RKF1002X","RES SMD 10K OHM 1% 1/10W 0402"
"R106","1","100m","","","","1206 (3216 Metric)","https://www.vishay.com/docs/30100/wsl.pdf","WSLC-.10CT-ND","Vishay Dale","WSL1206R1000FEA","RES 0.1 OHM 1% 1/4W 1206"
"R107","1","100m","","","","1206 (3216 Metric)","https://www.vishay.com/docs/30100/wsl.pdf","WSLC-.10CT-ND","Vishay Dale","WSL1206R1000FEA","RES 0.1 OHM 1% 1/4W 1206"
"R108","1","100k","","","","0402 (1005 Metric)","https://industrial.panasonic.com/cdbs/www-data/pdf/RDA0000/AOA0000C304.pdf","P100KLCT-ND","Panasonic Industry","ERJ-2RKF1003X","RES 100K OHM 1% 1/10W 0402"
"R109","1","100k","","","","0402 (1005 Metric)","https://industrial.panasonic.com/cdbs/www-data/pdf/RDA0000/AOA0000C304.pdf","P100KLCT-ND","Panasonic Industry","ERJ-2RKF1003X","RES 100K OHM 1% 1/10W 0402"
"R110","1","100k","","","","0402 (1005 Metric)","https://industrial.panasonic.com/cdbs/www-data/pdf/RDA0000/AOA0000C304.pdf","P100KLCT-ND","Panasonic Industry","ERJ-2RKF1003X","RES 100K OHM 1% 1/10W 0402"
"R111","1","100k","","","","0402 (1005 Metric)","https://industrial.panasonic.com/cdbs/www-data/pdf/RDA0000/AOA0000C304.pdf","P100KLCT-ND","Panasonic Industry","ERJ-2RKF1003X","RES 100K OHM 1% 1/10W 0402"
"R112","1","13.0k","","","","0402 (1005 Metric)","https://industrial.panasonic.com/cdbs/www-data/pdf/RDA0000/AOA0000C304.pdf","P13.0KLCT-ND","Panasonic Industry","ERJ-2RKF1302X","RES SMD 13K OHM 1% 1/10W 0402"
"R113","1","13.0k","","","","0402 (1005 Metric)","https://industrial.panasonic.com/cdbs/www-data/pdf/RDA0000/AOA0000C304.pdf","P13.0KLCT-ND","Panasonic Industry","ERJ-2RKF1302X","RES SMD 13K OHM 1% 1/10W 0402"
"R114","1","9.53k","","","","0402 (1005 Metric)","https://industrial.panasonic.com/cdbs/www-data/pdf/RDA0000/AOA0000C304.pdf","P9.53KLCT-ND","Panasonic Industry","ERJ-2RKF9531X","RES SMD 9.53K OHM 1% 1/10W 0402"
"R115","1","9.53k","","","","0402 (1005 Metric)","https://industrial.panasonic.com/cdbs/www-data/pdf/RDA0000/AOA0000C304.pdf","P9.53KLCT-ND","Panasonic Industry","ERJ-2RKF9531X","RES SMD 9.53K OHM 1% 1/10W 0402"
"R116","1","3.09k","","","","0402 (1005 Metric)","https://industrial.panasonic.com/cdbs/www-data/pdf/RDA0000/AOA0000C304.pdf","P3.09KLCT-ND","Panasonic Industry","ERJ-2RKF3091X","RES SMD 3.09K OHM 1% 1/10W 0402"
"R117","1","3.09k","","","","0402 (1005 Metric)","https://industrial.panasonic.com/cdbs/www-data/pdf/RDA0000/AOA0000C304.pdf","P3.09KLCT-ND","Panasonic Industry","ERJ-2RKF3091X","RES SMD 3.09K OHM 1% 1/10W 0402"
"R118","1","100k","","","","0402 (1005 Metric)","https://industrial.panasonic.com/cdbs/www-data/pdf/RDA0000/AOA0000C304.pdf","P100KLCT-ND","Panasonic Industry","ERJ-2RKF1003X","RES 100K OHM 1% 1/10W 0402"
"R119","1","100k","","","","0402 (1005 Metric)","https://industrial.panasonic.com/cdbs/www-data/pdf/RDA0000/AOA0000C304.pdf","P100KLCT-ND","Panasonic Industry","ERJ-2RKF1003X","RES 100K OHM 1% 1/10W 0402"
"R120","1","100k","","","","0402 (1005 Metric)","https://industrial.panasonic.com/cdbs/www-data/pdf/RDA0000/AOA0000C304.pdf","P100KLCT-ND","Panasonic Industry","ERJ-2RKF1003X","RES 100K OHM 1% 1/10W 0402"
"R121","1","10M","","","","0402 (1005 Metric)","https://www.koaspeer.com/pdfs/RK73H.pdf","2019-RK73H1ETTP1005FCT-ND","KOA Speer Electronics, Inc.","RK73H1ETTP1005F","RES 10M OHM 1% 1/10W 0402"
"R122","1","1k","","","","0402 (1005 Metric)","https://industrial.panasonic.com/cdbs/www-data/pdf/RDA0000/AOA0000C304.pdf","P1.00KLCT-ND","Panasonic Industry","ERJ-2RKF1001X","RES SMD 1K OHM 1% 1/10W 0402"
"R123","1","22","","","","0402 (1005 Metric)","https://industrial.panasonic.com/cdbs/www-data/pdf/RDA0000/AOA0000C304.pdf","P22.0LCT-ND","Panasonic Industry","ERJ-2RKF22R0X","RES SMD 22 OHM 1% 1/10W 0402"
"R124","1","10k","","","","0402 (1005 Metric)","https://industrial.panasonic.com/cdbs/www-data/pdf/RDA0000/AOA0000C304.pdf","P10.0KLCT-ND","Panasonic Industry","ERJ-2RKF1002X","RES SMD 10K OHM 1% 1/10W 0402"
"R125","1","3.57k","","","","0402 (1005 Metric)","https://industrial.panasonic.com/cdbs/www-data/pdf/RDA0000/AOA0000C304.pdf","P3.57KLCT-ND","Panasonic Industry","ERJ-2RKF3571X","RES SMD 3.57K OHM 1% 1/10W 0402"
"R126","1","25m","","","","1206 (3216 Metric)","https://www.vishay.com/docs/30100/wsl.pdf","WSLC-.025CT-ND","Vishay Dale","WSL1206R0250FEA","RES 0.025 OHM 1% 1/4W 1206"
"R127","1","12.4k","","","","0402 (1005 Metric)","https://industrial.panasonic.com/cdbs/www-data/pdf/RDA0000/AOA0000C304.pdf","P12.4KLCT-ND","Panasonic Industry","ERJ-2RKF1242X","RES SMD 12.4K OHM 1% 1/10W 0402"
"R128","1","2.4k","","","","0402 (1005 Metric)","https://industrial.panasonic.com/cdbs/www-data/pdf/RDA0000/AOA0000C304.pdf","P12.4KLCT-ND","Panasonic Industry","ERJ-2RKF2401X","RES 2.4k 1% 1/10W 0402"
"R129","1","12.1k","","","","0603 (1608 Metric)","https://www.te.com/commerce/DocumentDelivery/DDEController?Action=srchrtrv&DocNm=1773270-2&DocType=Data%20Sheet&DocLang=English&DocFormat=pdf&PartCntxt=9-2176390-1","A140146CT-ND","TE Connectivity","RQ73C1J12K1BTD","RES 12.1k 0.1% 0.15W 0603"
"R130","1","3.83k","","","","0603 (1608 Metric)","https://www.te.com/commerce/DocumentDelivery/DDEController?Action=srchrtrv&DocNm=1773270-2&DocType=Data%20Sheet&DocLang=English&DocFormat=pdf&PartCntxt=9-2176390-1","A140873CT-ND","TE Connectivity","RQ73C1J3K83BTD","RES 3.83k 0.1% 0.15W 0603"
"R131","1","10k","","","","0402 (1005 Metric)","https://industrial.panasonic.com/cdbs/www-data/pdf/RDA0000/AOA0000C304.pdf","P10.0KLCT-ND","Panasonic Industry","ERJ-2RKF1002X","RES SMD 10K OHM 1% 1/10W 0402"
"R132","1","200k","","","","0402 (1005 Metric)","https://industrial.panasonic.com/cdbs/www-data/pdf/RDA0000/AOA0000C304.pdf","P200KLCT-ND","Panasonic Industry","ERJ-2RKF2003X","RES SMD 200K OHM 1% 1/10W 0402"
"R133","1","100k","","","","0402 (1005 Metric)","https://industrial.panasonic.com/cdbs/www-data/pdf/RDA0000/AOA0000C304.pdf","P100KLCT-ND","Panasonic Industry","ERJ-2RKF1003X","RES 100K OHM 1% 1/10W 0402"
"R134","1","3.01k","","","","0402 (1005 Metric)","https://www.koaspeer.com/pdfs/RK73H.pdf","2019-RK73H1ETTP3011FCT-ND","KOA Speer Electronics, Inc.","RK73H1ETTP3011F","RES 3.01K OHM 1% 1/10W 0402"
"R135","1","10k","","","","0402 (1005 Metric)","https://industrial.panasonic.com/cdbs/www-data/pdf/RDA0000/AOA0000C304.pdf","P10.0KLCT-ND","Panasonic Industry","ERJ-2RKF1002X","RES SMD 10K OHM 1% 1/10W 0402"
"R136","1","4.99k","","","","0402 (1005 Metric)","https://industrial.panasonic.com/cdbs/www-data/pdf/RDA0000/AOA0000C304.pdf","P4.99KLCT-ND","Panasonic Industry","ERJ-2RKF4991X","RES SMD 4.99K OHM 1% 1/10W 0402"
"R137","1","10k","","","","0402 (1005 Metric)","https://industrial.panasonic.com/cdbs/www-data/pdf/RDA0000/AOA0000C304.pdf","P10.0KLCT-ND","Panasonic Industry","ERJ-2RKF1002X","RES SMD 10K OHM 1% 1/10W 0402"
"R138","1","120k","","","","0402 (1005 Metric)","https://industrial.panasonic.com/cdbs/www-data/pdf/RDA0000/AOA0000C304.pdf","P120KLCT-ND","Panasonic Industry","ERJ-2RKF1203X","RES SMD 120K OHM 1% 1/10W 0402"
"R139","1","10k","","","","0402 (1005 Metric)","https://industrial.panasonic.com/cdbs/www-data/pdf/RDA0000/AOA0000C304.pdf","P10.0KLCT-ND","Panasonic Industry","ERJ-2RKF1002X","RES SMD 10K OHM 1% 1/10W 0402"
"R140","1","2.21k","","","","0402 (1005 Metric)","https://industrial.panasonic.com/cdbs/www-data/pdf/RDA0000/AOA0000C304.pdf","P2.21KLCT-ND","Panasonic Industry","ERJ-2RKF2211X","RES SMD 2.21K OHM 1% 1/10W 0402"
"R141","1","1M","","","","0402 (1005 Metric)","https://industrial.panasonic.com/cdbs/www-data/pdf/RDA0000/AOA0000C304.pdf","P1.00MLCT-ND","Panasonic Industry","ERJ-2RKF1004X","RES SMD 1M OHM 1% 1/10W 0402"
"R142","1","47k","","","","0402 (1005 Metric)","https://industrial.panasonic.com/cdbs/www-data/pdf/RDA0000/AOA0000C304.pdf","P47.0KLCT-ND","Panasonic Industry","ERJ-2RKF4702X","RES SMD 47K OHM 1% 1/10W 0402"
"R143","1","10k","","","","0402 (1005 Metric)","https://industrial.panasonic.com/cdbs/www-data/pdf/RDA0000/AOA0000C304.pdf","P10.0KLCT-ND","Panasonic Industry","ERJ-2RKF1002X","RES SMD 10K OHM 1% 1/10W 0402"
"R144","1","10.7k","","","","0402 (1005 Metric)","https://industrial.panasonic.com/cdbs/www-data/pdf/RDA0000/AOA0000C304.pdf","P10.7KLCT-ND","Panasonic Industry","ERJ-2RKF1072X","RES SMD 10.7K OHM 1% 1/10W 0402"
"R145","1","10k","","","","0402 (1005 Metric)","https://industrial.panasonic.com/cdbs/www-data/pdf/RDA0000/AOA0000C304.pdf","P10.0KLCT-ND","Panasonic Industry","ERJ-2RKF1002X","RES SMD 10K OHM 1% 1/10W 0402"
"R146","1","100k","","","","0402 (1005 Metric)","https://industrial.panasonic.com/cdbs/www-data/pdf/RDA0000/AOA0000C304.pdf","P100KLCT-ND","Panasonic Industry","ERJ-2RKF1003X","RES 100K OHM 1% 1/10W 0402"
"R147","1","20k","","","","0402 (1005 Metric)","https://industrial.panasonic.com/cdbs/www-data/pdf/RDQ0000/ast-ind-151033.pdf","10-ERJ-H2RD2002XCT-ND","Panasonic Industry","ERJ-H2RD2002X","RES 20K OHM 0.5% 1/10W 0402"
"R148","1","604","","","","0402 (1005 Metric)","https://industrial.panasonic.com/cdbs/www-data/pdf/RDA0000/AOA0000C304.pdf","P604LCT-ND","Panasonic Industry","ERJ-2RKF6040X","RES SMD 604 OHM 1% 1/10W 0402"
"R149","1","10k","","","","0402 (1005 Metric)","https://industrial.panasonic.com/cdbs/www-data/pdf/RDA0000/AOA0000C304.pdf","P10.0KLCT-ND","Panasonic Industry","ERJ-2RKF1002X","RES SMD 10K OHM 1% 1/10W 0402"
"R150","1","10k","","","","0402 (1005 Metric)","https://industrial.panasonic.com/cdbs/www-data/pdf/RDA0000/AOA0000C304.pdf","P10.0KLCT-ND","Panasonic Industry","ERJ-2RKF1002X","RES SMD 10K OHM 1% 1/10W 0402"
"R151","1","4.7k","","","","0402 (1005 Metric)","https://industrial.panasonic.com/cdbs/www-data/pdf/RDA0000/AOA0000C304.pdf","P4.70KLCT-ND","Panasonic Industry","ERJ-2RKF4701X","RES SMD 4.7K OHM 1% 1/10W 0402"
"R152","1","100k","","","","0402 (1005 Metric)","https://industrial.panasonic.com/cdbs/www-data/pdf/RDA0000/AOA0000C304.pdf","P100KLCT-ND","Panasonic Industry","ERJ-2RKF1003X","RES 100K OHM 1% 1/10W 0402"
"R153","1","18k","","","","0402 (1005 Metric)","https://industrial.panasonic.com/cdbs/www-data/pdf/RDA0000/AOA0000C304.pdf","P18.0KLCT-ND","Panasonic Industry","ERJ-2RKF1802X","RES SMD 18K OHM 1% 1/10W 0402"
"R154","1","33k","","","","0402 (1005 Metric)","https://industrial.panasonic.com/cdbs/www-data/pdf/RDA0000/AOA0000C304.pdf","P33.0KLCT-ND","Panasonic Industry","ERJ-2RKF3302X","RES SMD 33K OHM 1% 1/10W 0402"
"R155","1","10k","","","","0402 (1005 Metric)","https://industrial.panasonic.com/cdbs/www-data/pdf/RDA0000/AOA0000C304.pdf","P10.0KLCT-ND","Panasonic Industry","ERJ-2RKF1002X","RES SMD 10K OHM 1% 1/10W 0402"
"R156","1","4.7k","","","","0402 (1005 Metric)","https://industrial.panasonic.com/cdbs/www-data/pdf/RDA0000/AOA0000C304.pdf","P4.70KLCT-ND","Panasonic Industry","ERJ-2RKF4701X","RES SMD 4.7K OHM 1% 1/10W 0402"
"R157","1","10k","","","","0402 (1005 Metric)","https://industrial.panasonic.com/cdbs/www-data/pdf/RDA0000/AOA0000C304.pdf","P10.0KLCT-ND","Panasonic Industry","ERJ-2RKF1002X","RES SMD 10K OHM 1% 1/10W 0402"
"R158","1","10k","","","","0402 (1005 Metric)","https://industrial.panasonic.com/cdbs/www-data/pdf/RDA0000/AOA0000C304.pdf","P10.0KLCT-ND","Panasonic Industry","ERJ-2RKF1002X","RES SMD 10K OHM 1% 1/10W 0402"
"R159","1","7m","","","","2512 (6332 Metric)","https://www.vishay.com/docs/30100/wsl.pdf","WSLG-.007CT-ND","Vishay Dale","WSL25127L000FEA","RES 0.007 OHM 1% 1W 2512"
"R160","1","10k","","","","0402 (1005 Metric)","https://industrial.panasonic.com/cdbs/www-data/pdf/RDA0000/AOA0000C304.pdf","P10.0KLCT-ND","Panasonic Industry","ERJ-2RKF1002X","RES SMD 10K OHM 1% 1/10W 0402"
"R161","1","10k","","","","0402 (1005 Metric)","https://industrial.panasonic.com/cdbs/www-data/pdf/RDA0000/AOA0000C304.pdf","P10.0KLCT-ND","Panasonic Industry","ERJ-2RKF1002X","RES SMD 10K OHM 1% 1/10W 0402"
"R162","1","2.2","","","","0402 (1005 Metric)","https://industrial.panasonic.com/cdbs/www-data/pdf/RDP0000/AOA0000C334.pdf","10-ERJ-U02F2R20XTR-ND","Panasonic Industry","ERJ-U02F2R20X","RES 2.2 OHM 1% 1/10W 0402"
"R163","1","2.2","","","","0402 (1005 Metric)","https://industrial.panasonic.com/cdbs/www-data/pdf/RDP0000/AOA0000C334.pdf","10-ERJ-U02F2R20XTR-ND","Panasonic Industry","ERJ-U02F2R20X","RES 2.2 OHM 1% 1/10W 0402"
"R164","1","100k","","","","0402 (1005 Metric)","https://industrial.panasonic.com/cdbs/www-data/pdf/RDA0000/AOA0000C304.pdf","P100KLCT-ND","Panasonic Industry","ERJ-2RKF1003X","RES 100K OHM 1% 1/10W 0402"
"R165","1","51","","","","0402 (1005 Metric)","https://industrial.panasonic.com/cdbs/www-data/pdf/RDA0000/AOA0000C304.pdf","P51.0LCT-ND","Panasonic Industry","ERJ-2RKF51R0X","RES SMD 51 OHM 1% 1/10W 0402"
"R166","1","51","","","","0402 (1005 Metric)","https://industrial.panasonic.com/cdbs/www-data/pdf/RDA0000/AOA0000C304.pdf","P51.0LCT-ND","Panasonic Industry","ERJ-2RKF51R0X","RES SMD 51 OHM 1% 1/10W 0402"
"R167","1","220","","","","0402 (1005 Metric)","https://industrial.panasonic.com/cdbs/www-data/pdf/RDA0000/AOA0000C304.pdf","P220LCT-ND","Panasonic Industry","ERJ-2RKF2200X","RES SMD 220 OHM 1% 1/10W 0402"
"R168","1","10k","","","","0402 (1005 Metric)","https://industrial.panasonic.com/cdbs/www-data/pdf/RDA0000/AOA0000C304.pdf","P10.0KLCT-ND","Panasonic Industry","ERJ-2RKF1002X","RES SMD 10K OHM 1% 1/10W 0402"
"R169","1","10k","","","","0402 (1005 Metric)","https://industrial.panasonic.com/cdbs/www-data/pdf/RDA0000/AOA0000C304.pdf","P10.0KLCT-ND","Panasonic Industry","ERJ-2RKF1002X","RES SMD 10K OHM 1% 1/10W 0402"
"R170","1","470","","","","0402 (1005 Metric)","https://industrial.panasonic.com/cdbs/www-data/pdf/RDA0000/AOA0000C304.pdf","P470LCT-ND","Panasonic Industry","ERJ-2RKF4700X","RES SMD 470 OHM 1% 1/10W 0402"
"R171","1","4.7k","","","","0402 (1005 Metric)","https://industrial.panasonic.com/cdbs/www-data/pdf/RDA0000/AOA0000C304.pdf","P4.70KLCT-ND","Panasonic Industry","ERJ-2RKF4701X","RES SMD 4.7K OHM 1% 1/10W 0402"
"R172","1","470","","","","0402 (1005 Metric)","https://industrial.panasonic.com/cdbs/www-data/pdf/RDA0000/AOA0000C304.pdf","P470LCT-ND","Panasonic Industry","ERJ-2RKF4700X","RES SMD 470 OHM 1% 1/10W 0402"
"R173","1","22k","","","","0402 (1005 Metric)","https://industrial.panasonic.com/cdbs/www-data/pdf/RDA0000/AOA0000C304.pdf","P22.0KLCT-ND","Panasonic Industry","ERJ-2RKF2202X","RES SMD 22K OHM 1% 1/10W 0402"
"R174","1","47k","","","","0402 (1005 Metric)","https://industrial.panasonic.com/cdbs/www-data/pdf/RDA0000/AOA0000C304.pdf","P47.0KLCT-ND","Panasonic Industry","ERJ-2RKF4702X","RES SMD 47K OHM 1% 1/10W 0402"
"R175","1","47k","","","","0402 (1005 Metric)","https://industrial.panasonic.com/cdbs/www-data/pdf/RDA0000/AOA0000C304.pdf","P47.0KLCT-ND","Panasonic Industry","ERJ-2RKF4702X","RES SMD 47K OHM 1% 1/10W 0402"
"R176","1","100k","","","","0402 (1005 Metric)","https://industrial.panasonic.com/cdbs/www-data/pdf/RDA0000/AOA0000C304.pdf","P100KLCT-ND","Panasonic Industry","ERJ-2RKF1003X","RES 100K OHM 1% 1/10W 0402"
"R177","1","49.9","","","","0402 (1005 Metric)","https://industrial.panasonic.com/cdbs/www-data/pdf/RDA0000/AOA0000C304.pdf","P49.9LCT-ND","Panasonic Industry","ERJ-2RKF49R9X","RES SMD 49.9 OHM 1% 1/10W 0402"
"R178","1","100","","","","0402 (1005 Metric)","https://industrial.panasonic.com/cdbs/www-data/pdf/RDA0000/AOA0000C304.pdf","P100LCT-ND","Panasonic Industry","ERJ-2RKF1000X","RES SMD 100 OHM 1% 1/10W 0402"
"R179","1","10k","","","","0402 (1005 Metric)","https://industrial.panasonic.com/cdbs/www-data/pdf/RDA0000/AOA0000C304.pdf","P10.0KLCT-ND","Panasonic Industry","ERJ-2RKF1002X","RES SMD 10K OHM 1% 1/10W 0402"
"R180","1","10k","","","","0402 (1005 Metric)","https://industrial.panasonic.com/cdbs/www-data/pdf/RDA0000/AOA0000C304.pdf","P10.0KLCT-ND","Panasonic Industry","ERJ-2RKF1002X","RES SMD 10K OHM 1% 1/10W 0402"
"R181","1","1k","","","","0402 (1005 Metric)","https://industrial.panasonic.com/cdbs/www-data/pdf/RDA0000/AOA0000C304.pdf","P1.00KLCT-ND","Panasonic Industry","ERJ-2RKF1001X","RES SMD 1K OHM 1% 1/10W 0402"
"R182","1","100k","","","","0402 (1005 Metric)","https://industrial.panasonic.com/cdbs/www-data/pdf/RDA0000/AOA0000C304.pdf","P100KLCT-ND","Panasonic Industry","ERJ-2RKF1003X","RES 100K OHM 1% 1/10W 0402"
"R183","1","33","","","","0402 (1005 Metric)","https://industrial.panasonic.com/cdbs/www-data/pdf/RDA0000/AOA0000C304.pdf","P33.0LCT-ND","Panasonic Industry","ERJ-2RKF33R0X","RES SMD 33 OHM 1% 1/10W 0402"
"R184","1","33","","","","0402 (1005 Metric)","https://industrial.panasonic.com/cdbs/www-data/pdf/RDA0000/AOA0000C304.pdf","P33.0LCT-ND","Panasonic Industry","ERJ-2RKF33R0X","RES SMD 33 OHM 1% 1/10W 0402"
"R185","1","1.5k","","","","0402 (1005 Metric)","https://industrial.panasonic.com/cdbs/www-data/pdf/RDA0000/AOA0000C304.pdf","P1.50KLCT-ND","Panasonic Industry","ERJ-2RKF1501X","RES SMD 1.5K OHM 1% 1/10W 0402"
"R186","1","30.1k","","","","0402 (1005 Metric)","https://industrial.panasonic.com/cdbs/www-data/pdf/RDA0000/AOA0000C304.pdf","P30.1KLCT-ND","Panasonic Industry","ERJ-2RKF3012X","RES SMD 30.1K OHM 1% 1/10W 0402"
"R187","1","22","","","","0402 (1005 Metric)","https://industrial.panasonic.com/cdbs/www-data/pdf/RDA0000/AOA0000C304.pdf","P22.0LCT-ND","Panasonic Industry","ERJ-2RKF22R0X","RES SMD 22 OHM 1% 1/10W 0402"
"R188","1","100k","","","","0402 (1005 Metric)","https://industrial.panasonic.com/cdbs/www-data/pdf/RDA0000/AOA0000C304.pdf","P100KLCT-ND","Panasonic Industry","ERJ-2RKF1003X","RES 100K OHM 1% 1/10W 0402"
"R189","1","22","","","","0402 (1005 Metric)","https://industrial.panasonic.com/cdbs/www-data/pdf/RDA0000/AOA0000C304.pdf","P22.0LCT-ND","Panasonic Industry","ERJ-2RKF22R0X","RES SMD 22 OHM 1% 1/10W 0402"
"R190","1","10k","","","","0402 (1005 Metric)","https://industrial.panasonic.com/cdbs/www-data/pdf/RDA0000/AOA0000C304.pdf","P10.0KLCT-ND","Panasonic Industry","ERJ-2RKF1002X","RES SMD 10K OHM 1% 1/10W 0402"
"R191","1","10k","","","","0402 (1005 Metric)","https://industrial.panasonic.com/cdbs/www-data/pdf/RDA0000/AOA0000C304.pdf","P10.0KLCT-ND","Panasonic Industry","ERJ-2RKF1002X","RES SMD 10K OHM 1% 1/10W 0402"
"R192","1","10k","","","","0402 (1005 Metric)","https://industrial.panasonic.com/cdbs/www-data/pdf/RDA0000/AOA0000C304.pdf","P10.0KLCT-ND","Panasonic Industry","ERJ-2RKF1002X","RES SMD 10K OHM 1% 1/10W 0402"
"R193","1","10k","","","","0402 (1005 Metric)","https://industrial.panasonic.com/cdbs/www-data/pdf/RDA0000/AOA0000C304.pdf","P10.0KLCT-ND","Panasonic Industry","ERJ-2RKF1002X","RES SMD 10K OHM 1% 1/10W 0402"
"R194","1","10k","","","","0402 (1005 Metric)","https://industrial.panasonic.com/cdbs/www-data/pdf/RDA0000/AOA0000C304.pdf","P10.0KLCT-ND","Panasonic Industry","ERJ-2RKF1002X","RES SMD 10K OHM 1% 1/10W 0402"
"R195","1","10k","","","","0402 (1005 Metric)","https://industrial.panasonic.com/cdbs/www-data/pdf/RDA0000/AOA0000C304.pdf","P10.0KLCT-ND","Panasonic Industry","ERJ-2RKF1002X","RES SMD 10K OHM 1% 1/10W 0402"
"R196","1","10k","","","","0402 (1005 Metric)","https://industrial.panasonic.com/cdbs/www-data/pdf/RDA0000/AOA0000C304.pdf","P10.0KLCT-ND","Panasonic Industry","ERJ-2RKF1002X","RES SMD 10K OHM 1% 1/10W 0402"
"R197","1","453k","","","","0402 (1005 Metric)","https://industrial.panasonic.com/cdbs/www-data/pdf/RDA0000/AOA0000C304.pdf","P453KLCT-ND","Panasonic Industry","ERJ-2RKF4533X","RES SMD 453K OHM 1% 1/10W 0402"
"R198","1","10k","","","","0402 (1005 Metric)","https://industrial.panasonic.com/cdbs/www-data/pdf/RDA0000/AOA0000C304.pdf","P10.0KLCT-ND","Panasonic Industry","ERJ-2RKF1002X","RES SMD 10K OHM 1% 1/10W 0402"
"R199","1","150m","","","","1206 (3216 Metric)","https://www.vishay.com/docs/30100/wsl.pdf","WSLC-.15CT-ND","Vishay Dale","WSL1206R1500FEA","RES 0.15 OHM 1% 1/4W 1206"
"R200","1","10k","","","","0402 (1005 Metric)","https://industrial.panasonic.com/cdbs/www-data/pdf/RDA0000/AOA0000C304.pdf","P10.0KLCT-ND","Panasonic Industry","ERJ-2RKF1002X","RES SMD 10K OHM 1% 1/10W 0402"
"R201","1","10k","","","","0402 (1005 Metric)","https://industrial.panasonic.com/cdbs/www-data/pdf/RDA0000/AOA0000C304.pdf","P10.0KLCT-ND","Panasonic Industry","ERJ-2RKF1002X","RES SMD 10K OHM 1% 1/10W 0402"
"R202","1","4.7k","","","","0402 (1005 Metric)","https://industrial.panasonic.com/cdbs/www-data/pdf/RDA0000/AOA0000C304.pdf","P4.70KLCT-ND","Panasonic Industry","ERJ-2RKF4701X","RES SMD 4.7K OHM 1% 1/10W 0402"
"R203","1","4.7k","","","","0402 (1005 Metric)","https://industrial.panasonic.com/cdbs/www-data/pdf/RDA0000/AOA0000C304.pdf","P4.70KLCT-ND","Panasonic Industry","ERJ-2RKF4701X","RES SMD 4.7K OHM 1% 1/10W 0402"
"R204","1","10k","","","","0402 (1005 Metric)","https://industrial.panasonic.com/cdbs/www-data/pdf/RDA0000/AOA0000C304.pdf","P10.0KLCT-ND","Panasonic Industry","ERJ-2RKF1002X","RES SMD 10K OHM 1% 1/10W 0402"
"R205","1","10k","","","","0402 (1005 Metric)","https://industrial.panasonic.com/cdbs/www-data/pdf/RDA0000/AOA0000C304.pdf","P10.0KLCT-ND","Panasonic Industry","ERJ-2RKF1002X","RES SMD 10K OHM 1% 1/10W 0402"
"R206","1","10k","","","","0402 (1005 Metric)","https://industrial.panasonic.com/cdbs/www-data/pdf/RDA0000/AOA0000C304.pdf","P10.0KLCT-ND","Panasonic Industry","ERJ-2RKF1002X","RES SMD 10K OHM 1% 1/10W 0402"
"R207","1","10k","","","","0402 (1005 Metric)","https://industrial.panasonic.com/cdbs/www-data/pdf/RDA0000/AOA0000C304.pdf","P10.0KLCT-ND","Panasonic Industry","ERJ-2RKF1002X","RES SMD 10K OHM 1% 1/10W 0402"
"R208","1","10k","","","","0402 (1005 Metric)","https://industrial.panasonic.com/cdbs/www-data/pdf/RDA0000/AOA0000C304.pdf","P10.0KLCT-ND","Panasonic Industry","ERJ-2RKF1002X","RES SMD 10K OHM 1% 1/10W 0402"
"R209","1","10k","","","","0402 (1005 Metric)","https://industrial.panasonic.com/cdbs/www-data/pdf/RDA0000/AOA0000C304.pdf","P10.0KLCT-ND","Panasonic Industry","ERJ-2RKF1002X","RES SMD 10K OHM 1% 1/10W 0402"
"R210","1","22","","","","0402 (1005 Metric)","https://industrial.panasonic.com/cdbs/www-data/pdf/RDA0000/AOA0000C304.pdf","P22.0LCT-ND","Panasonic Industry","ERJ-2RKF22R0X","RES SMD 22 OHM 1% 1/10W 0402"
"R211","1","22","","","","0402 (1005 Metric)","https://industrial.panasonic.com/cdbs/www-data/pdf/RDA0000/AOA0000C304.pdf","P22.0LCT-ND","Panasonic Industry","ERJ-2RKF22R0X","RES SMD 22 OHM 1% 1/10W 0402"
"R212","1","10k","","","","0402 (1005 Metric)","https://industrial.panasonic.com/cdbs/www-data/pdf/RDA0000/AOA0000C304.pdf","P10.0KLCT-ND","Panasonic Industry","ERJ-2RKF1002X","RES SMD 10K OHM 1% 1/10W 0402"
"R213","1","100k","","","","0402 (1005 Metric)","https://industrial.panasonic.com/cdbs/www-data/pdf/RDA0000/AOA0000C304.pdf","P100KLCT-ND","Panasonic Industry","ERJ-2RKF1003X","RES 100K OHM 1% 1/10W 0402"
"R214","1","49.9k","","","","0402 (1005 Metric)","https://industrial.panasonic.com/cdbs/www-data/pdf/RDA0000/AOA0000C304.pdf","P49.9KLCT-ND","Panasonic Industry","ERJ-2RKF4992X","RES SMD 49.9K OHM 1% 1/10W 0402"
"R215","1","10k","","","","0402 (1005 Metric)","https://industrial.panasonic.com/cdbs/www-data/pdf/RDA0000/AOA0000C304.pdf","P10.0KLCT-ND","Panasonic Industry","ERJ-2RKF1002X","RES SMD 10K OHM 1% 1/10W 0402"
"R216","1","4.7k","","","","0805 (2012 Metric)","https://industrial.panasonic.com/cdbs/www-data/pdf/RDA0000/AOA0000C304.pdf","P4.70KCCT-ND","Panasonic Industry","ERJ-6ENF4701V","RES SMD 4.7K OHM 1% 1/8W 0805"
"R217","1","820","","","","0805 (2012 Metric)","https://industrial.panasonic.com/cdbs/www-data/pdf/RDA0000/AOA0000C304.pdf","P820CCT-ND","Panasonic Industry","ERJ-6ENF8200V","RES SMD 820 OHM 1% 1/8W 0805"
"R218","1","49.9k","","","","0402 (1005 Metric)","https://industrial.panasonic.com/cdbs/www-data/pdf/RDA0000/AOA0000C304.pdf","P49.9KLCT-ND","Panasonic Industry","ERJ-2RKF4992X","RES SMD 49.9K OHM 1% 1/10W 0402"
"R219","1","402k","","","","0402 (1005 Metric)","https://industrial.panasonic.com/cdbs/www-data/pdf/RDA0000/AOA0000C304.pdf","P402KLCT-ND","Panasonic Industry","ERJ-2RKF4023X","RES SMD 402K OHM 1% 1/10W 0402"
"R220","1","10k","","","","0402 (1005 Metric)","https://industrial.panasonic.com/cdbs/www-data/pdf/RDA0000/AOA0000C304.pdf","P10.0KLCT-ND","Panasonic Industry","ERJ-2RKF1002X","RES SMD 10K OHM 1% 1/10W 0402"
"R221","1","10k","","","","0402 (1005 Metric)","https://industrial.panasonic.com/cdbs/www-data/pdf/RDA0000/AOA0000C304.pdf","P10.0KLCT-ND","Panasonic Industry","ERJ-2RKF1002X","RES SMD 10K OHM 1% 1/10W 0402"
"R222","1","10k","","","","0402 (1005 Metric)","https://industrial.panasonic.com/cdbs/www-data/pdf/RDA0000/AOA0000C304.pdf","P10.0KLCT-ND","Panasonic Industry","ERJ-2RKF1002X","RES SMD 10K OHM 1% 1/10W 0402"
"R223","1","10k","","","","0402 (1005 Metric)","https://industrial.panasonic.com/cdbs/www-data/pdf/RDA0000/AOA0000C304.pdf","P10.0KLCT-ND","Panasonic Industry","ERJ-2RKF1002X","RES SMD 10K OHM 1% 1/10W 0402"
"R224","1","10k","","","","0402 (1005 Metric)","https://industrial.panasonic.com/cdbs/www-data/pdf/RDA0000/AOA0000C304.pdf","P10.0KLCT-ND","Panasonic Industry","ERJ-2RKF1002X","RES SMD 10K OHM 1% 1/10W 0402"
"R225","1","10k","","","","0402 (1005 Metric)","https://industrial.panasonic.com/cdbs/www-data/pdf/RDA0000/AOA0000C304.pdf","P10.0KLCT-ND","Panasonic Industry","ERJ-2RKF1002X","RES SMD 10K OHM 1% 1/10W 0402"
"R226","1","10k","","","","0402 (1005 Metric)","https://industrial.panasonic.com/cdbs/www-data/pdf/RDA0000/AOA0000C304.pdf","P10.0KLCT-ND","Panasonic Industry","ERJ-2RKF1002X","RES SMD 10K OHM 1% 1/10W 0402"
"R227","1","10k","","","","0402 (1005 Metric)","https://industrial.panasonic.com/cdbs/www-data/pdf/RDA0000/AOA0000C304.pdf","P10.0KLCT-ND","Panasonic Industry","ERJ-2RKF1002X","RES SMD 10K OHM 1% 1/10W 0402"
"R228","1","4.99k","","","","0402 (1005 Metric)","https://industrial.panasonic.com/cdbs/www-data/pdf/RDA0000/AOA0000C304.pdf","P4.99KLCT-ND","Panasonic Industry","ERJ-2RKF4991X","RES SMD 4.99K OHM 1% 1/10W 0402"
"R229","1","4.99k","","","","0402 (1005 Metric)","https://industrial.panasonic.com/cdbs/www-data/pdf/RDA0000/AOA0000C304.pdf","P4.99KLCT-ND","Panasonic Industry","ERJ-2RKF4991X","RES SMD 4.99K OHM 1% 1/10W 0402"
"R230","1","4.99k","","","","0402 (1005 Metric)","https://industrial.panasonic.com/cdbs/www-data/pdf/RDA0000/AOA0000C304.pdf","P4.99KLCT-ND","Panasonic Industry","ERJ-2RKF4991X","RES SMD 4.99K OHM 1% 1/10W 0402"
"R231","1","1M","","","","0402 (1005 Metric)","https://industrial.panasonic.com/cdbs/www-data/pdf/RDA0000/AOA0000C304.pdf","P1.00MLCT-ND","Panasonic Industry","ERJ-2RKF1004X","RES SMD 1M OHM 1% 1/10W 0402"
"R232","1","1.21k","","","","0402 (1005 Metric)","https://industrial.panasonic.com/cdbs/www-data/pdf/RDA0000/AOA0000C304.pdf","P1.21KLCT-ND","Panasonic Industry","ERJ-2RKF1211X","RES SMD 1.21K OHM 1% 1/10W 0402"
"R233","1","10k","","","","0402 (1005 Metric)","https://industrial.panasonic.com/cdbs/www-data/pdf/RDA0000/AOA0000C304.pdf","P10.0KLCT-ND","Panasonic Industry","ERJ-2RKF1002X","RES SMD 10K OHM 1% 1/10W 0402"
"R234","1","4.7k","","","","0402 (1005 Metric)","https://industrial.panasonic.com/cdbs/www-data/pdf/RDA0000/AOA0000C304.pdf","P4.70KLCT-ND","Panasonic Industry","ERJ-2RKF4701X","RES SMD 4.7K OHM 1% 1/10W 0402"
"R235","1","10k","","","","0402 (1005 Metric)","https://industrial.panasonic.com/cdbs/www-data/pdf/RDA0000/AOA0000C304.pdf","P10.0KLCT-ND","Panasonic Industry","ERJ-2RKF1002X","RES SMD 10K OHM 1% 1/10W 0402"
"R236","1","10k","","","","0402 (1005 Metric)","https://industrial.panasonic.com/cdbs/www-data/pdf/RDA0000/AOA0000C304.pdf","P10.0KLCT-ND","Panasonic Industry","ERJ-2RKF1002X","RES SMD 10K OHM 1% 1/10W 0402"
"R237","1","100k","","","","0402 (1005 Metric)","https://industrial.panasonic.com/cdbs/www-data/pdf/RDA0000/AOA0000C304.pdf","P100KLCT-ND","Panasonic Industry","ERJ-2RKF1003X","RES 100K OHM 1% 1/10W 0402"
"R238","1","2M","","","","0402 (1005 Metric)","https://industrial.panasonic.com/cdbs/www-data/pdf/RDM0000/DMM0000COL9.pdf","10-ERJ-U02F2004XCT-ND","Panasonic Industry","ERJ-U02F2004X","RES 2M OHM 1% 1/10W 0402"
"R239","1","110k","","","","0402 (1005 Metric)","https://industrial.panasonic.com/cdbs/www-data/pdf/RDA0000/AOA0000C304.pdf","P110KLCT-ND","Panasonic Industry","ERJ-2RKF1103X","RES SMD 110K OHM 1% 1/10W 0402"
"R240","1","150k","","","","0402 (1005 Metric)","https://industrial.panasonic.com/cdbs/www-data/pdf/RDA0000/AOA0000C304.pdf","P150KLCT-ND","Panasonic Industry","ERJ-2RKF1503X","RES SMD 150K OHM 1% 1/10W 0402"
"R241","1","10k","","","","0402 (1005 Metric)","https://industrial.panasonic.com/cdbs/www-data/pdf/RDA0000/AOA0000C304.pdf","P10.0KLCT-ND","Panasonic Industry","ERJ-2RKF1002X","RES SMD 10K OHM 1% 1/10W 0402"
"R242","1","110k","","","","0402 (1005 Metric)","https://industrial.panasonic.com/cdbs/www-data/pdf/RDA0000/AOA0000C304.pdf","P110KLCT-ND","Panasonic Industry","ERJ-2RKF1103X","RES SMD 110K OHM 1% 1/10W 0402"
"R243","1","150k","","","","0402 (1005 Metric)","https://industrial.panasonic.com/cdbs/www-data/pdf/RDA0000/AOA0000C304.pdf","P150KLCT-ND","Panasonic Industry","ERJ-2RKF1503X","RES SMD 150K OHM 1% 1/10W 0402"
"R244","1","100k","","","","0402 (1005 Metric)","https://industrial.panasonic.com/cdbs/www-data/pdf/RDA0000/AOA0000C304.pdf","P100KLCT-ND","Panasonic Industry","ERJ-2RKF1003X","RES 100K OHM 1% 1/10W 0402"
"R245","1","2M","","","","0402 (1005 Metric)","https://industrial.panasonic.com/cdbs/www-data/pdf/RDM0000/DMM0000COL9.pdf","10-ERJ-U02F2004XCT-ND","Panasonic Industry","ERJ-U02F2004X","RES 2M OHM 1% 1/10W 0402"
"R246","1","10k","","","","0402 (1005 Metric)","https://industrial.panasonic.com/cdbs/www-data/pdf/RDA0000/AOA0000C304.pdf","P10.0KLCT-ND","Panasonic Industry","ERJ-2RKF1002X","RES SMD 10K OHM 1% 1/10W 0402"
"R247","1","91","","","","0805 (2012 Metric)","https://industrial.panasonic.com/cdbs/www-data/pdf/RDA0000/AOA0000C304.pdf","P91.0CCT-ND","Panasonic Industry","ERJ-6ENF91R0V","RES SMD 91 OHM 1% 1/8W 0805"
"R248","1","91","","","","0805 (2012 Metric)","https://industrial.panasonic.com/cdbs/www-data/pdf/RDA0000/AOA0000C304.pdf","P91.0CCT-ND","Panasonic Industry","ERJ-6ENF91R0V","RES SMD 91 OHM 1% 1/8W 0805"
"R249","1","91","","","","0805 (2012 Metric)","https://industrial.panasonic.com/cdbs/www-data/pdf/RDA0000/AOA0000C304.pdf","P91.0CCT-ND","Panasonic Industry","ERJ-6ENF91R0V","RES SMD 91 OHM 1% 1/8W 0805"
"R250","1","91","","","","0805 (2012 Metric)","https://industrial.panasonic.com/cdbs/www-data/pdf/RDA0000/AOA0000C304.pdf","P91.0CCT-ND","Panasonic Industry","ERJ-6ENF91R0V","RES SMD 91 OHM 1% 1/8W 0805"
"R251","1","91","","","","0805 (2012 Metric)","https://industrial.panasonic.com/cdbs/www-data/pdf/RDA0000/AOA0000C304.pdf","P91.0CCT-ND","Panasonic Industry","ERJ-6ENF91R0V","RES SMD 91 OHM 1% 1/8W 0805"
"R252","1","91","","","","0805 (2012 Metric)","https://industrial.panasonic.com/cdbs/www-data/pdf/RDA0000/AOA0000C304.pdf","P91.0CCT-ND","Panasonic Industry","ERJ-6ENF91R0V","RES SMD 91 OHM 1% 1/8W 0805"
"R253","1","150","","","","0805 (2012 Metric)","https://industrial.panasonic.com/cdbs/www-data/pdf/RDA0000/AOA0000C304.pdf","P150CCT-ND","Panasonic Industry","ERJ-6ENF1500V","RES SMD 150 OHM 1% 1/8W 0805"
"R254","1","10k","","","","0402 (1005 Metric)","https://industrial.panasonic.com/cdbs/www-data/pdf/RDA0000/AOA0000C304.pdf","P10.0KLCT-ND","Panasonic Industry","ERJ-2RKF1002X","RES SMD 10K OHM 1% 1/10W 0402"
"R255","1","33","","","","0402 (1005 Metric)","https://industrial.panasonic.com/cdbs/www-data/pdf/RDA0000/AOA0000C304.pdf","P33.0LCT-ND","Panasonic Industry","ERJ-2RKF33R0X","RES SMD 33 OHM 1% 1/10W 0402"
"R256","1","33","","","","0402 (1005 Metric)","https://industrial.panasonic.com/cdbs/www-data/pdf/RDA0000/AOA0000C304.pdf","P33.0LCT-ND","Panasonic Industry","ERJ-2RKF33R0X","RES SMD 33 OHM 1% 1/10W 0402"
"R257","1","100k","","","","0402 (1005 Metric)","https://industrial.panasonic.com/cdbs/www-data/pdf/RDA0000/AOA0000C304.pdf","P100KLCT-ND","Panasonic Industry","ERJ-2RKF1003X","RES 100K OHM 1% 1/10W 0402"
"R258","1","10k","","","","0402 (1005 Metric)","https://industrial.panasonic.com/cdbs/www-data/pdf/RDA0000/AOA0000C304.pdf","P10.0KLCT-ND","Panasonic Industry","ERJ-2RKF1002X","RES SMD 10K OHM 1% 1/10W 0402"
"R259","1","10k","","","","0402 (1005 Metric)","https://industrial.panasonic.com/cdbs/www-data/pdf/RDA0000/AOA0000C304.pdf","P10.0KLCT-ND","Panasonic Industry","ERJ-2RKF1002X","RES SMD 10K OHM 1% 1/10W 0402"
"R260","1","470","","","","0402 (1005 Metric)","https://industrial.panasonic.com/cdbs/www-data/pdf/RDA0000/AOA0000C304.pdf","P470LCT-ND","Panasonic Industry","ERJ-2RKF4700X","RES SMD 470 OHM 1% 1/10W 0402"
"R261","1","10k","","","","0402 (1005 Metric)","https://industrial.panasonic.com/cdbs/www-data/pdf/RDA0000/AOA0000C304.pdf","P10.0KLCT-ND","Panasonic Industry","ERJ-2RKF1002X","RES SMD 10K OHM 1% 1/10W 0402"
"R262","1","10k","","","","0402 (1005 Metric)","https://industrial.panasonic.com/cdbs/www-data/pdf/RDA0000/AOA0000C304.pdf","P10.0KLCT-ND","Panasonic Industry","ERJ-2RKF1002X","RES SMD 10K OHM 1% 1/10W 0402"
"R263","1","10k","","","","0402 (1005 Metric)","https://industrial.panasonic.com/cdbs/www-data/pdf/RDA0000/AOA0000C304.pdf","P10.0KLCT-ND","Panasonic Industry","ERJ-2RKF1002X","RES SMD 10K OHM 1% 1/10W 0402"
"R264","1","162k","","","","1206 (3216 Metric)","https://industrial.panasonic.com/cdbs/www-data/pdf/RDA0000/AOA0000C304.pdf","P162KFCT-ND","Panasonic Industry","ERJ-8ENF1623V","RES SMD 162K OHM 1% 1/4W 1206"
"R265","1","10k","","","","0402 (1005 Metric)","https://industrial.panasonic.com/cdbs/www-data/pdf/RDA0000/AOA0000C304.pdf","P10.0KLCT-ND","Panasonic Industry","ERJ-2RKF1002X","RES SMD 10K OHM 1% 1/10W 0402"
"R266","1","10k","","","","0402 (1005 Metric)","https://industrial.panasonic.com/cdbs/www-data/pdf/RDA0000/AOA0000C304.pdf","P10.0KLCT-ND","Panasonic Industry","ERJ-2RKF1002X","RES SMD 10K OHM 1% 1/10W 0402"
"U1","1","TPD4EUSB30","","","","10-USON","https://www.ti.com/general/docs/suppproductinfo.tsp?distId=10&gotoUrl=https%3A%2F%2Fwww.ti.com%2Flit%2Fgpn%2Ftpd4eusb30","296-28063-1-ND","Texas Instruments","TPD4EUSB30DQAR","USB ESD array"
"U2","1","LMV393","","","","8-VSSOP","https://www.ti.com/general/docs/suppproductinfo.tsp?distId=10&gotoUrl=https%3A%2F%2Fwww.ti.com%2Flit%2Fgpn%2Flmv393","296-13993-1-ND","Texas Instruments","LMV393IDGKR","IC COMPARATOR 2CH 8-VSSOP"
"U3","1","BC846BPDW1T1G","","","","SOT-363","https://www.onsemi.com/pdf/datasheet/bc846bpdw1t1-d.pdf","BC846BPDW1T1GOSTR-ND","onsemi","BC846BPDW1T1G","TRANS NPN/PNP 65V 0.1A SC88/SC70"
"U4","1","BC846BPDW1T1G","","","","SOT-363","https://www.onsemi.com/pdf/datasheet/bc846bpdw1t1-d.pdf","BC846BPDW1T1GOSTR-ND","onsemi","BC846BPDW1T1G","TRANS NPN/PNP 65V 0.1A SC88/SC70"
"U5","1","BC846BPDW1T1G","","","","SOT-363","https://www.onsemi.com/pdf/datasheet/bc846bpdw1t1-d.pdf","BC846BPDW1T1GOSTR-ND","onsemi","BC846BPDW1T1G","TRANS NPN/PNP 65V 0.1A SC88/SC70"
"U6","1","BC846BPDW1T1G","","","","SOT-363","https://www.onsemi.com/pdf/datasheet/bc846bpdw1t1-d.pdf","BC846BPDW1T1GOSTR-ND","onsemi","BC846BPDW1T1G","TRANS NPN/PNP 65V 0.1A SC88/SC70"
"U7","1","FDMQ8205A","","","","12-MLP","https://www.onsemi.com/pdf/datasheet/fdmq8205a-d.pdf","FDMQ8205AOSTR-ND","onsemi","FDMQ8205A","GREENBRIDGETM 2 SERIES OF HIGH-E"
"U8","1","FDMQ8205A","","","","12-MLP","https://www.onsemi.com/pdf/datasheet/fdmq8205a-d.pdf","FDMQ8205AOSTR-ND","onsemi","FDMQ8205A","GREENBRIDGETM 2 SERIES OF HIGH-E"
"U9","1","NCP1095DBR2","","","","16-TSSOP","https://www.onsemi.com/pdf/datasheet/ncp1095-d.pdf","NCP1095DBR2OSTR-ND","onsemi","NCP1095DBR2","IC POE CNTRL 1 CHANNEL 16TSSOP"
"U10","1","INA228AQDGSRQ1","","","","sts1000:VSSOP10_DGS_TEX","https://www.ti.com/lit/ds/symlink/ina228-q1.pdf","296-INA228AQDGSRQ1CT-ND","Texas Instruments","INA228AQDGSRQ1","IC PWR MONITOR 10VSSOP"
"U11","1","LAN8742AI-CZ-TR","","","","LAN8742AI-CZ-TR:QFN50P400X400X100-25N","https://ww1.microchip.com/downloads/en/DeviceDoc/DS_LAN8742_00001989A.pdf","LAN8742AI-CZ-CT-ND","Microchip","LAN8742AI-CZ-TR","IC TRANSCEIVER FULL 1/1 24SQFN"
"U12","1","STM32H563ZIT6","","","","STM32H563ZIT6:QFP50P2200X2200X160-144N","https://www.st.com/resource/en/datasheet/stm32h562ag.pdf","497-STM32H563ZIT6-ND","STMicroelectronics","STM32H563ZIT6","IC MCU 32BIT 2MB FLASH 144LQFP"
"U13","1","LT3045xDD","","","","Package_DFN_QFN:DFN-10-1EP_3x3mm_P0.5mm_EP1.65x2.38mm","https://www.analog.com/media/en/technical-documentation/data-sheets/3045fa.pdf","505-LT3045EDD#TRPBFCT-ND","Analog Devices","LT3045EDD#TRPBF","IC REG LIN POS ADJ 500MA 10DFN"
"U14","1","MCP1502T-33E/CHY","","","","SOT-23-6","https://ww1.microchip.com/downloads/aemDocuments/documents/MSLD/ProductDocuments/DataSheets/MCP1502-Data-Sheet-20006593B.pdf","150-MCP1502T-33E/CHYCT-ND","Microchip","MCP1502T-33E/CHY","IC VREF SERIES 3.3V SOT23-6"
"U15","1","TPD4E02B04DQAR","","","","10-USON","https://www.ti.com/lit/gpn/tpd4e02b04","296-43875-1-ND","Texas Instruments","TPD4E02B04DQAR","TVS DIODE 3.6VWM 8.8VC 10USON"
"U16","1","TPD4E02B04DQAR","","","","10-USON","https://www.ti.com/lit/gpn/tpd4e02b04","296-43875-1-ND","Texas Instruments","TPD4E02B04DQAR","TVS DIODE 3.6VWM 8.8VC 10USON"
"U17","1","TPD4E05U06DQAR","","","","10-USON","https://www.ti.com/lit/gpn/tpd4e05u06","296-35765-1-ND","Texas Instruments","TPD4E05U06DQAR","TVS DIODE 5.5VWM 14VC 10USON"
"U18","1","TPD4E05U06DQAR","","","","10-USON","https://www.ti.com/lit/gpn/tpd4e05u06","296-35765-1-ND","Texas Instruments","TPD4E05U06DQAR","TVS DIODE 5.5VWM 14VC 10USON"
"U19","1","TPD4E02B04DQAR","","","","10-USON","https://www.ti.com/lit/gpn/tpd4e02b04","296-43875-1-ND","Texas Instruments","TPD4E02B04DQAR","TVS DIODE 3.6VWM 8.8VC 10USON"
"U20","1","TPD4E02B04DQAR","","","","10-USON","https://www.ti.com/lit/gpn/tpd4e02b04","296-43875-1-ND","Texas Instruments","TPD4E02B04DQAR","TVS DIODE 3.6VWM 8.8VC 10USON"
"U21","1","ZED-F9T-00B","","","","ZED-F9T-00B:MODULE_ZED-F9T-00B","https://www.u-blox.com/en/docs/UBX-18053713","672-1197-1-ND","u-blox","ZED-F9T-00B","RF RECEIVER GNSS/GPS 54LGA"
"U22","1","LT3045xDD","","","","Package_DFN_QFN:DFN-10-1EP_3x3mm_P0.5mm_EP1.65x2.38mm","https://www.analog.com/media/en/technical-documentation/data-sheets/3045fa.pdf","505-LT3045EDD#TRPBFCT-ND","Analog Devices","LT3045EDD#TRPBF","IC REG LIN POS ADJ 500MA 10DFN"
"U23","1","INA228AQDGSRQ1","","","","sts1000:VSSOP10_DGS_TEX","https://www.ti.com/lit/ds/symlink/ina228-q1.pdf","296-INA228AQDGSRQ1CT-ND","Texas Instruments","INA228AQDGSRQ1","IC PWR MONITOR 10VSSOP"
"U24","1","INA181A1IDBVR","","","","SOT-23-6","https://www.ti.com/lit/gpn/ina181","296-47656-1-ND","Texas Instruments","INA181A1IDBVR","Current Sense Amplifier 1 Circuit Rail-to-Rail SOT-23-6"
"U25","1","LMV393","","","","8-VSSOP","https://www.ti.com/general/docs/suppproductinfo.tsp?distId=10&gotoUrl=https%3A%2F%2Fwww.ti.com%2Flit%2Fgpn%2Flmv393","296-13993-1-ND","Texas Instruments","LMV393IDGKR","IC COMPARATOR 2CH 8-VSSOP"
"U26","1","INA228AQDGSRQ1","","","","sts1000:VSSOP10_DGS_TEX","https://www.ti.com/lit/ds/symlink/ina228-q1.pdf","296-INA228AQDGSRQ1CT-ND","Texas Instruments","INA228AQDGSRQ1","IC PWR MONITOR 10VSSOP"
"U27","1","RT9742VGJ5","","","","TSOT-23-5","https://www.richtek.com/SaveDownload.aspx?specid=RT9742","1028-RT9742VGJ5TR-ND","Richtek","RT9742VGJ5","Load switch w/ current-limit TSOT-23-5"
"U28","1","MIC28516T-E/PHA","","","","32-PowerVQFN","https://ww1.microchip.com/downloads/aemDocuments/documents/APID/ProductDocuments/DataSheets/MIC28516-Data-Sheet-DS20006315.pdf","150-MIC28516T-E/PHATR-ND","Microchip","MIC28516T-E/PHA","Buck regulator 8A 32-VQFN"
"U29","1","AP3441SHE-7B","","","","8-UFDFN (Exposed Pad)","https://www.diodes.com/assets/Datasheets/AP3441-L.pdf","AP3441SHE-7BDITR-ND","Diodes Inc","AP3441SHE-7B","Buck regulator 3A UDFN"
"U30","1","INA228AQDGSRQ1","","","","sts1000:VSSOP10_DGS_TEX","https://www.ti.com/lit/ds/symlink/ina228-q1.pdf","296-INA228AQDGSRQ1CT-ND","Texas Instruments","INA228AQDGSRQ1","IC PWR MONITOR 10VSSOP"
"U31","1","INA228AQDGSRQ1","","","","sts1000:VSSOP10_DGS_TEX","https://www.ti.com/lit/ds/symlink/ina228-q1.pdf","296-INA228AQDGSRQ1CT-ND","Texas Instruments","INA228AQDGSRQ1","IC PWR MONITOR 10VSSOP"
"U32","1","INA228AQDGSRQ1","","","","sts1000:VSSOP10_DGS_TEX","https://www.ti.com/lit/ds/symlink/ina228-q1.pdf","296-INA228AQDGSRQ1CT-ND","Texas Instruments","INA228AQDGSRQ1","IC PWR MONITOR 10VSSOP"
"U33","1","RT9742VGJ5","","","","TSOT-23-5","https://www.richtek.com/SaveDownload.aspx?specid=RT9742","1028-RT9742VGJ5TR-ND","Richtek","RT9742VGJ5","Load switch w/ current-limit TSOT-23-5"
"U34","1","TPS61094DSSR","","","","TPS61094DSSR:SON50P300X200X80-13N","https://www.ti.com/general/docs/suppproductinfo.tsp?distId=10&gotoUrl=http%3A%2F%2Fwww.ti.com%2Flit%2Fgpn%2Ftps61094","296-TPS61094DSSRCT-ND","Texas Instruments","TPS61094DSSR","Bidir buck-boost supercap backup SON-13"
"U35","1","TPS61094DSSR","","","","TPS61094DSSR:SON50P300X200X80-13N","https://www.ti.com/general/docs/suppproductinfo.tsp?distId=10&gotoUrl=http%3A%2F%2Fwww.ti.com%2Flit%2Fgpn%2Ftps61094","296-TPS61094DSSRCT-ND","Texas Instruments","TPS61094DSSR","Bidir buck-boost supercap backup SON-13"
"U36","1","OPA320AIDBVT","","","","OPA320AIDBVT:SOT95P280X145-5N","https://www.ti.com/general/docs/suppproductinfo.tsp?distId=10&gotoUrl=https%3A%2F%2Fwww.ti.com%2Flit%2Fgpn%2Fopa320","296-29510-1-ND","Texas Instruments","OPA320AIDBVT","Precision op-amp RRIO SOT-23-5"
"U37","1","INA228AQDGSRQ1","","","","sts1000:VSSOP10_DGS_TEX","https://www.ti.com/lit/ds/symlink/ina228-q1.pdf","296-INA228AQDGSRQ1CT-ND","Texas Instruments","INA228AQDGSRQ1","IC PWR MONITOR 10VSSOP"
"U38","1","AP3441SHE-7B","","","","8-UFDFN (Exposed Pad)","https://www.diodes.com/assets/Datasheets/AP3441-L.pdf","AP3441SHE-7BDITR-ND","Diodes Inc","AP3441SHE-7B","Buck regulator 3A UDFN"
"U39","1","TPS7A5201QRGRRQ1","","","","sts1000:RGR20_2P05X2P05_TEX","https://www.ti.com/general/docs/suppproductinfo.tsp?distId=10&gotoUrl=https%3A%2F%2Fwww.ti.com%2Flit%2Fgpn%2Ftps7a52-q1","296-50505-1-ND","Texas Instruments","TPS7A5201QRGRRQ1","LDO 2A low-noise VQFN-20"
"U40","1","MIC28516T-E/PHA","","","","32-PowerVQFN","https://ww1.microchip.com/downloads/aemDocuments/documents/APID/ProductDocuments/DataSheets/MIC28516-Data-Sheet-DS20006315.pdf","150-MIC28516T-E/PHATR-ND","Microchip","MIC28516T-E/PHA","Buck regulator 8A 32-VQFN"
"U41","1","LMV393","","","","8-VSSOP","https://www.ti.com/general/docs/suppproductinfo.tsp?distId=10&gotoUrl=https%3A%2F%2Fwww.ti.com%2Flit%2Fgpn%2Flmv393","296-13993-1-ND","Texas Instruments","LMV393IDGKR","IC COMPARATOR 2CH 8-VSSOP"
"U42","1","OPA320AIDBVT","","","","OPA320AIDBVT:SOT95P280X145-5N","https://www.ti.com/general/docs/suppproductinfo.tsp?distId=10&gotoUrl=https%3A%2F%2Fwww.ti.com%2Flit%2Fgpn%2Fopa320","296-29510-1-ND","Texas Instruments","OPA320AIDBVT","Precision op-amp RRIO SOT-23-5"
"U43","1","MCP41U83T-503E/ST","","","","Package_SO:TSSOP-14_4.4x5mm_P0.65mm","https://ww1.microchip.com/downloads/aemDocuments/documents/MSLD/ProductDocuments/MCP41U83-Data-Sheet-DS20007000.pdf","150-MCP41U83T-503E/STCT-ND","Microchip","MCP41U83T-503E/ST","Digital pot 50k I2C/SPI MTP TSSOP-14"
"U44","1","INA228AQDGSRQ1","","","","sts1000:VSSOP10_DGS_TEX","https://www.ti.com/lit/ds/symlink/ina228-q1.pdf","296-INA228AQDGSRQ1CT-ND","Texas Instruments","INA228AQDGSRQ1","IC PWR MONITOR 10VSSOP"
"U45","1","MCP1502T-30E/CHY","","","","SOT-23-6","https://ww1.microchip.com/downloads/aemDocuments/documents/MSLD/ProductDocuments/DataSheets/MCP1502-Data-Sheet-20006593B.pdf","150-MCP1502T-30E/CHYCT-ND","Microchip","MCP1502T-30E/CHY","Voltage ref 3.0V SOT-23-6"
"U46","1","SN65C3221EPWR","","","","SN65C3221EPWR:SOP65P640X120-16N","https://www.ti.com/lit/ds/symlink/sn65c3221e.pdf","296-20992-1-ND","Texas Instruments","SN65C3221EPWR","RS-232 transceiver TSSOP-16"
"U47","1","PESD15VL2BT","","","","TO-236AB","https://assets.nexperia.com/documents/data-sheet/PESD15VL2BT.pdf","1727-3813-1-ND","Nexperia","PESD15VL2BT,215","ESD/TVS 15Vwm SOT-23"
"U48","1","APC-817C1","","","","4-SMD","https://www.americanbrightled.com/pdffiles/ir-uv/ir/APC-817.pdf","2007-APC-817C1-SLCT-ND","American Bright","APC-817C1-SL","Optoisolator 5kV transistor 4-SMD"
"U49","1","TMUX1101DCK","","","","Package_TO_SOT_SMD:SOT-353_SC-70-5","https://www.ti.com/lit/ds/symlink/tmux1101.pdf","296-TMUX1101DCKRCT-ND","Texas Instruments","TMUX1101DCK","SPST analog switch SC-70-5"
"U50","1","LTC6752xS5","","","","Package_TO_SOT_SMD:TSOT-23-5","https://www.analog.com/media/en/technical-documentation/data-sheets/6752fc.pdf","505-LTC6752IS5#TRMPBFCT-ND","Analog Devices","LTC6752IS5#TRMPBF","280MHz comparator TSOT-23-5; confirm speed grade (x)"
"U51","1","LT3045xDD","","","","Package_DFN_QFN:DFN-10-1EP_3x3mm_P0.5mm_EP1.65x2.38mm","https://www.analog.com/media/en/technical-documentation/data-sheets/3045fa.pdf","505-LT3045EDD#TRPBFCT-ND","Analog Devices","LT3045EDD#TRPBF","IC REG LIN POS ADJ 500MA 10DFN"
"U52","1","74LVC1G157GW-Q100H","","","","sts1000:SC-74_TSOP6_SOT457_NEX","74LVC1G157GW-Q100H","1727-74LVC1G157GW-Q100HCT-ND","Nexperia","74LVC1G157GW-Q100H","2:1 mux single AEC-Q100 SOT-457"
"U53","1","74LVC1G34","","","","","https://www.ti.com/lit/ds/symlink/sn74lvc1g34.pdf","1727-6074-1-ND","Nexperia","74LVC1G34GW,125","Single buffer gate SOT-353"
"U54","1","INA228AQDGSRQ1","","","","sts1000:VSSOP10_DGS_TEX","https://www.ti.com/lit/ds/symlink/ina228-q1.pdf","296-INA228AQDGSRQ1CT-ND","Texas Instruments","INA228AQDGSRQ1","IC PWR MONITOR 10VSSOP"
"U55","1","RT9742VGJ5","","","","TSOT-23-5","https://www.richtek.com/SaveDownload.aspx?specid=RT9742","1028-RT9742VGJ5TR-ND","Richtek","RT9742VGJ5","Load switch w/ current-limit TSOT-23-5"
"U56","1","LTC4311ISC6-TRPBF","","","","sts1000:SOT-6_SC_LIT","https://www.analog.com/media/en/technical-documentation/data-sheets/4311fa.pdf","LTC4311ISC6#TRPBFCT-ND","Analog Devices","LTC4311ISC6#TRPBF","I2C rise-time accelerator SC-70-6"
"U57","1","TMP117xxDRV","","","","Package_SON:WSON-6-1EP_2x2mm_P0.65mm_EP1x1.6mm","https://www.ti.com/lit/ds/symlink/tmp117.pdf","296-51834-1-ND","Texas Instruments","TMP117AIDRVR","Digital temp sensor +/-0.3C WSON-6"
"U58","1","TMP117xxDRV","","","","Package_SON:WSON-6-1EP_2x2mm_P0.65mm_EP1x1.6mm","https://www.ti.com/lit/ds/symlink/tmp117.pdf","296-51834-1-ND","Texas Instruments","TMP117AIDRVR","Digital temp sensor +/-0.3C WSON-6"
"U59","1","LIS2DH12TR","","","","sts1000:LGA-12_STM","https://www.st.com/resource/en/datasheet/lis2dh12.pdf","497-14851-1-ND","STMicroelectronics","LIS2DH12TR","3-axis accelerometer LGA-12"
"U60","1","ATECC608B-SSHDA","","","","Package_SO:SOIC-8_3.9x4.9mm_P1.27mm","https://ww1.microchip.com/downloads/aemDocuments/documents/SCBU/ProductDocuments/DataSheets/ATECC608B-CryptoAuthentication-Device-Summary-Data-Sheet-DS40002239B.pdf","150-ATECC608B-SSHDA-TCT-ND","Microchip","ATECC608B-SSHDA","Secure crypto element SOIC-8"
"U61","1","IIS2MDCTR","","","","sts1000:LGA-12_2X2X0P7_STM","https://www.st.com/resource/en/datasheet/iis2mdc.pdf","497-17728-1-ND","STMicroelectronics","IIS2MDCTR","3-axis magnetometer LGA-12"
"U62","1","MX25L25645GM2I-08G","","","","8-SOIC","https://www.mxic.com.tw/Lists/Datasheet/Attachments/8906/MX25L25645G,%203V,%20256Mb,%20v2.0.pdf","1092-1234-ND","Macronix","MX25L25645GM2I-08G","256Mb SPI-NOR flash (TW-origin, policy OK)"
"U63","1","PCA9306DCTT","","","","sts1000:DCT8","https://www.ti.com/lit/gpn/pca9306","296-32200-1-ND","Texas Instruments","PCA9306DCTT","I2C/SMBus level translator SC-70-8"
"U64","1","TPS3430WDRC","","","","Package_SON:VSON-10-1EP_3x3mm_P0.5mm_EP1.65x2.4mm","https://www.ti.com/lit/gpn/TPS3430","296-51907-1-ND","Texas Instruments","TPS3430WDRC","Window watchdog timer VSON-10"
"U65","1","TPD4E05U06DQAR","","","","10-USON","https://www.ti.com/lit/gpn/tpd4e05u06","296-35765-1-ND","Texas Instruments","TPD4E05U06DQAR","TVS DIODE 5.5VWM 14VC 10USON"
"U66","1","TPD4E05U06DQAR","","","","10-USON","https://www.ti.com/lit/gpn/tpd4e05u06","296-35765-1-ND","Texas Instruments","TPD4E05U06DQAR","TVS DIODE 5.5VWM 14VC 10USON"
"U67","1","LMV393","","","","8-VSSOP","https://www.ti.com/general/docs/suppproductinfo.tsp?distId=10&gotoUrl=https%3A%2F%2Fwww.ti.com%2Flit%2Fgpn%2Flmv393","296-13993-1-ND","Texas Instruments","LMV393IDGKR","IC COMPARATOR 2CH 8-VSSOP"
"U68","1","74LVC2G17","","","","6-TSSOP","https://assets.nexperia.com/documents/data-sheet/74LVC2G17.pdf","1727-4218-1-ND","Nexperia","74LVC2G17GW,125","Dual Schmitt buffer SOT-363"
"U69","1","TPD4E05U06DQAR","","","","10-USON","https://www.ti.com/lit/gpn/tpd4e05u06","296-35765-1-ND","Texas Instruments","TPD4E05U06DQAR","TVS DIODE 5.5VWM 14VC 10USON"
"U70","1","TPD4E05U06DQAR","","","","10-USON","https://www.ti.com/lit/gpn/tpd4e05u06","296-35765-1-ND","Texas Instruments","TPD4E05U06DQAR","TVS DIODE 5.5VWM 14VC 10USON"
"U71","1","74LVC1G34","","","","","https://www.ti.com/lit/ds/symlink/sn74lvc1g34.pdf","1727-6074-1-ND","Nexperia","74LVC1G34GW,125","Single buffer gate SOT-353"
"U72","1","SHT45-AD1B-R2","","","","Sensor_Humidity:Sensirion_DFN-4_1.5x1.5mm_P0.8mm_SHT4x_NoCentralPad","https://sensirion.com/media/documents/33FD6951/624C4357/Datasheet_SHT4x.pdf","1649-SHT45-AD1B-R2CT-ND","Sensirion","SHT45-AD1B-R2","Humidity/temp sensor DFN-4"
"Y1","1","25MHz","","","","","https://mm.digikey.com/Volume0/opasdata/d220001/medias/docus/6710/445I23D25M00000.pdf","110-445I23E25M00000CT-ND","CTS","445I23E25M00000","Crystal 25MHz 20pF SMD"
"Y2","1","32.768kHz","","","","","https://abracon.com/Resonators/ABS07.pdf","535-9542-1-ND","Abracon","ABS07-32.768KHZ-T","Crystal 32.768kHz 12.5pF"
"Y3","1","OH300","","","","Oscillator:Oscillator_SMD_OCXO_ConnorWinfield_OH300","http://www.conwin.com/datasheets/cx/cx210.pdf","CW752CT-ND","Panasonic Industry","OH300-61003CV-010.0M","VC-OCXO 10MHz CMOS"
